topic,word,pronunciation,word_type,meaning,example_en,example_vi,image_url,audio_url
151,abroad,/əˈbrɔːd/,adv,(ở) nước ngoài,For a holiday abroad you need a valid passport.,Cho một kỳ nghỉ ở nước ngoài bạn cần một hộ chiếu hợp lệ.,https://audio.tudienkala.com/data/cache/images/300x225/a/b/abroad2.jpg,https://audio.tudienkala.com/audio/a/b/abroad.mp3
151,advertise,/ˈædvərtaɪz/,v,"quảng cáo, đăng tin (tuyển dụng...)",Companies are not allowed to advertise cigarettes on television any more.,Các công ty không được phép quảng cáo thuốc lá trên truyền hình nữa.,https://audio.tudienkala.com/data/cache/images/300x225/a/d/advertise2.jpg,https://audio.tudienkala.com/audio/a/d/advertise.mp3
151,alive,/əˈlaɪv/,adj,"sống, còn sống","While you are alive, try to achieve great things.","Trong khi bạn còn sống, hãy cố gắng để đạt được những điều tuyệt vời.",https://audio.tudienkala.com/data/cache/images/300x225/a/l/alive2.jpg,https://audio.tudienkala.com/audio/a/l/alive.mp3
151,allow,/ə'lau/,v,"cho phép, chấp nhận",My insurance does not allow choosing my own hospital.,Hợp đồng bảo hiểm của tôi không cho lựa chọn bệnh viện theo ý riêng của tôi.,https://audio.tudienkala.com/data/cache/images/300x225/a/l/allow1.jpg,https://audio.tudienkala.com/audio/a/l/allow.mp3
151,amateur,/ˈæmətər/,n,nghiệp dư,He does not want to be an amateur and is training hard to become a professional.,Anh ấy không muốn là một người nghiệp dư và đang tập luyện chăm chỉ để trở thành một người chuyên nghiệp.,https://audio.tudienkala.com/data/cache/images/300x225/a/m/amateur1.jpg,https://audio.tudienkala.com/audio/a/m/amateur.mp3
151,argue,/ˈɑːɡjuː/,v,tranh cãi,We're always arguing with each other about money.,Chúng tôi luôn tranh cãi với nhau về tiền bạc.,https://audio.tudienkala.com/data/images_example/300x225/w/e/were_alway_ex2_587727fb7f8b9a0d308b463e.jpg,https://audio.tudienkala.com/audio/a/r/argue.mp3
151,arrange,/əˈreɪndʒ/,v,"sắp xếp, sắp đặt, thu xếp",Have you arranged to meet him?,Bạn đã sắp xếp để gặp anh ta chưa?,https://audio.tudienkala.com/data/images_example/300x225/h/a/have_you_a_ex1_56248cf97f8b9afa0cb17b48.jpg,https://audio.tudienkala.com/audio/a/r/arrange.mp3
151,article,/ɑːtɪk(ə)l/,n,bài báo,This article was written by a famous journalist.,Bài này được viết bởi một nhà báo nổi tiếng.,https://audio.tudienkala.com/data/cache/images/300x225/a/r/article1.png,https://audio.tudienkala.com/audio/a/r/article.mp3
151,attach,/əˈtætʃ/,v,"đính kèm, kèm theo",They have attached a number of conditions to the agreement (= said that the conditions must be part of the agreement),Họ có kèm theo một số điều kiện để thỏa thuận (= nói rằng các điều kiện phải là một phần của thỏa thuận),https://audio.tudienkala.com/data/cache/images/300x225/a/t/attach2.jpg,https://audio.tudienkala.com/audio/a/t/attach.mp3
151,attack,/əˈtæk/,v,tấn công,A woman was attacked and robbed by a gang of youths.,Một phụ nữ bị tấn công và bị cướp bởi nhóm thanh niên.,https://audio.tudienkala.com/data/cache/images/300x225/a/t/attack2.jpg,https://audio.tudienkala.com/audio/a/t/attack.mp3
151,attract,/ə'trækt/,v,"hấp dẫn, lôi cuốn, thu hút",The display attracted a number of people at the convention.,Việc trưng bày đã thu hút được một số người tại hội nghị.,https://audio.tudienkala.com/data/cache/images/300x225/a/t/attract1.png,https://audio.tudienkala.com/audio/a/t/attract.mp3
151,award,/əˈwɔːd/,v,"thưởng, tặng",She was awarded a scholarship for her excellent study results.,Cô đã được trao học bổng cho kết quả học tập xuất sắc của mình.,https://audio.tudienkala.com/data/cache/images/300x225/a/w/award1.jpg,https://audio.tudienkala.com/audio/a/w/award.mp3
151,aware,/ə'weə/,adj,"biết, nhận thức",My dentist made me aware that I should have an appointment twice a year.,Nha sĩ của tôi làm cho tôi biết rằng tôi nên hẹn gặp 2 lần mỗi năm.,https://audio.tudienkala.com/data/images_example/300x225/m/y/my_dentist_ex1_56248d167f8b9a040dc66260.jpg,https://audio.tudienkala.com/audio/a/w/aware.mp3
151,balance,/'bæləns/,v,quyết toán,It took him over an hour to balance his checkbook.,Nó lấy mất của anh hơn một tiếng đồng hồ để quyết toán tập chi phiếu.,https://audio.tudienkala.com/data/cache/images/300x225/b/a/balance1.png,https://audio.tudienkala.com/audio/b/a/balance.mp3
151,beauty,/ˈbjuːti/,n,sắc đẹp,The sheer beauty of the scenery took my breath away,Vẻ đẹp tuyệt của phong cảnh làm tôi kinh ngạc.,https://audio.tudienkala.com/data/images_example/300x225/t/h/the_sheer__ex2_58253fd17f8b9aa1078b45bc.jpg,https://audio.tudienkala.com/audio/b/e/beauty.mp3
151,behave,/bɪˈheɪv/,v,ứng xử,Everyone should behave well at Tet.,Mọi người đều nên ứng xử đúng mực trong dịp Tết.,https://audio.tudienkala.com/data/images_example/300x225/e/v/everyone_s_ex1_56248d027f8b9afc0c2983c1.jpg,https://audio.tudienkala.com/audio/b/e/behave.mp3
151,behaviour,/bi'heivjə/,n,"thái độ, hành vi, cách cư xử, cách đối xử, cách ăn ở",Suspicious behaviour in a department store will draw the attention of the security guards.,Thái độ khả nghi ở trong cửa hàng bách hóa sẽ thu hút sự chú ý của nhân viên an ninh.,https://audio.tudienkala.com/data/images_example/300x225/s/u/suspicious_ex1_580de4657f8b9a84688b4597.png,https://audio.tudienkala.com/audio/b/e/behaviour.mp3
151,benefit,/'benifit/,n,lợi ích,The discovery of oil brought many benefits to the country.,Việc phát hiện ra dầu hỏa mang đến nhiều lợi ích cho đất nước đó.,https://audio.tudienkala.com/data/images_example/300x225/t/h/the_discov_ex1_56248d157f8b9a040dc65ecc.jpg,https://audio.tudienkala.com/audio/b/e/benefit.mp3
151,blame,/bleɪm/,v,"than trách, đổ lỗi",She doesn't blame anyone for her father's death.,Cô ấy không đổ lỗi cho bất kì ai về cái chết của bố cô ấy.,https://audio.tudienkala.com/data/cache/images/300x225/b/l/blame1.jpg,https://audio.tudienkala.com/audio/b/l/blame.mp3
151,break,/breɪk/,n,giờ giải lao,We'll take another break at 3.30.,Chúng ta sẽ giải lao tiếp lúc 3h30.,https://audio.tudienkala.com/data/cache/images/300x225/b/r/break1.jpg,https://audio.tudienkala.com/audio/b/r/break.mp3
151,brief,/briːf/,adj,kéo dài trong một thời gian ngắn; ngắn,Mozart's life was brief.,Cuộc sống của Mozart ngắn ngủi.,https://audio.tudienkala.com/data/cache/images/300x225/b/r/brief2.jpg,https://audio.tudienkala.com/audio/b/r/brief.mp3
151,broad,/brɔːd/,adj,"to, rộng","He is tall, broad and muscular.","Anh ta cao, to và cơ bắp.",https://audio.tudienkala.com/data/images_example/300x225/h/e/he_is_tall_ex2_5877287f7f8b9a41308b458b.jpg,https://audio.tudienkala.com/audio/b/r/broad.mp3
151,bury,/ˈberi/,v,"chôn cất, mai táng",His father is buried in the cemetery on the hill.,Cha anh ấy được mai táng ở nghĩa trang trên đồi.,https://audio.tudienkala.com/data/cache/images/300x225/b/u/bury1.png,https://audio.tudienkala.com/audio/b/u/bury.mp3
151,campaign,/kæmˈpeɪn/,n,chiến dịch,"In October, we decided to start a “Special Christmas Gifts” campaign.","Vào tháng 10, chúng tôi quyết định khởi động chiến dịch “Món quà Giáng sinh đặc biệt”.",https://audio.tudienkala.com/data/cache/images/300x225/c/a/campaign1.jpg,https://audio.tudienkala.com/audio/c/a/campaign.mp3
151,capital,/'kæpɪtl/,n,thủ đô,Paris is the capital of France.,Paris là thủ đô của Pháp.,https://audio.tudienkala.com/data/cache/images/300x225/c/a/capital1.jpeg,https://audio.tudienkala.com/audio/c/a/capital.mp3
151,careless,/ˈkeələs/,adj,bất cẩn,He is a careless taxi driver.,Anh ta là người lái taxi bất cẩn.,https://audio.tudienkala.com/data/cache/images/300x225/c/a/careless1.png,https://audio.tudienkala.com/audio/c/a/careless.mp3
151,category,/ˈkætəɡɔːri/,n,"loại, hạng",We have various categories of goods here.,Chúng tôi có nhiều loại hàng hóa khác nhau ở đây.,https://audio.tudienkala.com/data/images_example/300x225/w/e/we_have_va_ex1_56248d017f8b9afc0c2982b5.jpg,https://audio.tudienkala.com/audio/c/a/category.mp3
151,cause,/kɔːz/,v,gây ra,I hope the children haven't caused you too much trouble.,Tôi hy vọng các em đã không gây ra cho bạn quá nhiều rắc rối.,https://audio.tudienkala.com/data/images_example/300x225/i/_/i_hope_the_ex1_587728e67f8b9a5f308b460c.jpg,https://audio.tudienkala.com/audio/c/a/cause.mp3
151,certificate,/səˈtɪfɪkət/,n,giấy chứng nhận; chứng chỉ,Please keep this certificate.,Xin giữ giấy chứng nhận này.,https://audio.tudienkala.com/data/cache/images/300x225/c/e/certificate2.jpg,https://audio.tudienkala.com/audio/c/e/certificate.mp3
151,charge,/tʃɑːdʒ/,v,tính phí,What did they charge for the repairs?,Họ đã tính phí gì cho việc sửa chữa?,https://audio.tudienkala.com/data/cache/images/300x225/c/h/charge1.png,https://audio.tudienkala.com/audio/c/h/charge.mp3
151,charity,/ˈtʃærəti/,n,"hội từ thiện, việc từ thiện","At our last meeting, we decided to organize a football match to raise money for charity.","Tại cuộc họp lần cuối, chúng tôi đã quyết định tổ chức một trận đấu bóng đá để quyên tiền từ thiện.",https://audio.tudienkala.com/data/cache/images/300x225/c/h/charity1.png,https://audio.tudienkala.com/audio/c/h/charity.mp3
151,cheerful,/ˈtʃɪəfəl/,adj,"vui vẻ, vui tươi",You're in a cheerful mood.,Bạn đang ở trong một tâm trạng vui vẻ.,https://audio.tudienkala.com/data/cache/images/300x225/c/h/cheerful2.jpg,https://audio.tudienkala.com/audio/c/h/cheerful.mp3
151,claim,/kleɪm/,v,"đòi, đòi quyền, nhận là, tự cho là",I don't claim to be an expert.,Tôi không tự cho là một chuyên gia.,https://audio.tudienkala.com/data/images_example/300x225/_/i/_i_dont_cl_ex1_56248d027f8b9afc0c29844d.png,https://audio.tudienkala.com/audio/c/l/claim.mp3
151,clap,/klæp/,v,"vỗ, vỗ tay","After each performance, we clapped our hands.","Sau mỗi tiết mục, chúng tôi đều vỗ tay.",https://audio.tudienkala.com/data/cache/images/300x225/c/l/clap1.jpg,https://audio.tudienkala.com/audio/c/l/clap.mp3
151,close,/kləʊz/,v,đóng lại,These shops close at 10 o'clock every evening.,Những cửa hàng này đóng cửa lúc 10 giờ mỗi tối.,https://audio.tudienkala.com/data/cache/images/300x225/c/l/close-l61.jpg,https://audio.tudienkala.com/audio/c/l/close.mp3
151,colleague,/ˈkɒliːɡ/,n,đồng nghiệp,We were friends and colleagues for more.,Chúng tôi là bạn bè và hơn nữa là đồng nghiệp.,https://audio.tudienkala.com/data/cache/images/300x225/c/o/colleague1.jpg,https://audio.tudienkala.com/audio/c/o/colleague.mp3
151,comfortable,/ˈkʌmftəbl/,adj,thoải mái,A sofa is more comfortable than a chair.,Ghế sofa thì thoải mái hơn ghế thường.,https://audio.tudienkala.com/data/cache/images/300x225/c/o/comfortable1.jpg,https://audio.tudienkala.com/audio/c/o/comfortable.mp3
151,competition,"/,kɔmpi'tiʃn/",n,cuộc thi,Which team do you think will win that tug of war competition?,Bạn nghĩ đội nào sẽ thắng cuộc thi kéo co đó?,https://audio.tudienkala.com/data/cache/images/300x225/c/o/competition.jpg,https://audio.tudienkala.com/audio/c/o/competition.mp3
151,concentrate,/'kɔnsentreit/,v,tập trung,I can’t concentrate because it’s very noisy.,Tớ không thể tập trung được vì quá ồn.,https://audio.tudienkala.com/data/cache/images/300x225/c/o/concentrate2.png,https://audio.tudienkala.com/audio/c/o/concentrate.mp3
151,confident,/ˈkɒnfɪdənt /,adj,"tự tin, tin tưởng",They are more confident than I thought.,Họ tự tin hơn tôi tưởng.,https://audio.tudienkala.com/data/cache/images/300x225/c/o/confident1.png,https://audio.tudienkala.com/audio/c/o/confident.mp3
151,congratulation,/kənˌɡrætʃuˈleɪʃn/,n,sự chúc mừng,Congratulations! I hear you won the match yesterday.,Chúc mừng! Tớ nghe nói cậu chiến thắng trận đấu ngày hôm qua.,https://audio.tudienkala.com/data/cache/images/300x225/c/o/congratulation1.jpg,https://audio.tudienkala.com/audio/c/o/congratulation.mp3
151,contract,/kənˈtrakt/,n,hợp đồng,Are you going to break the contract?,Bạn đang định phá vỡ hợp đồng phải không?,https://audio.tudienkala.com/data/cache/images/300x225/c/o/contracts1.jpg,https://audio.tudienkala.com/audio/c/o/contract.mp3
151,convenient,/kənˈviːniənt/,adj,thuận tiện,Living here is so convenient – everything I need is just 5 minutes away.,Sống ở đây thật thuận tiện – mọi thứ mình cần chỉ cách 5 phút.,https://audio.tudienkala.com/data/cache/images/300x225/c/o/convenient1.jpg,https://audio.tudienkala.com/audio/c/o/convenient.mp3
151,conversation,/ˌkɒnvəˈseɪʃən/,n,cuộc hội thoại,I've just had a conversation with a journalist.,Tôi vừa có cuộc hội thoại với một nhà báo.,https://audio.tudienkala.com/data/cache/images/300x225/c/o/conversation2.jpg,https://audio.tudienkala.com/audio/c/o/conversation.mp3
151,cooperate,/koʊˈɑːpəreɪt/,v,hợp tác,The two groups agreed to cooperate with each other.,Hai nhóm đã đồng ý hợp tác với nhau.,https://audio.tudienkala.com/data/cache/images/300x225/c/o/cooperate1.jpg,https://audio.tudienkala.com/audio/c/o/cooperate.mp3
151,corporation,/ˌkɔːpərˈeɪʃən/,n,"tập đoàn, công ty lớn",There are many things you can learn if you work in a corporation.,Có rất nhiều điều bạn có thể học nếu bạn làm việc trong một công ty lớn.,https://audio.tudienkala.com/data/cache/images/300x225/c/o/corporation1.jpg,https://audio.tudienkala.com/audio/c/o/corporation.mp3
151,correct,/kə'rekt/,v,"sửa, điều chỉnh",Can you correct my essay?,Bạn có thể sửa bài viết của tôi không?,https://audio.tudienkala.com/data/cache/images/300x225/c/o/correct1.jpg,https://audio.tudienkala.com/audio/c/o/correct.mp3
151,costume,/ˈkɒstjuːm/,n,"trang phục, y phục",There are many interesting costumes in this festival.,Có rất nhiều trang phục thú vị trong lễ hội này.,https://audio.tudienkala.com/data/cache/images/300x225/c/o/costume1.jpg,https://audio.tudienkala.com/audio/c/o/costume.mp3
151,crowd,/kraʊd/,n,đám đông,Crowds of people poured into the street,Đám đông người dân đổ ra đường,https://audio.tudienkala.com/data/cache/images/300x225/c/r/crowd1.png,https://audio.tudienkala.com/audio/c/r/crowd.mp3
152,cruel,/ˈkruəl/,adj,"độc ác, tàn nhẫn",She was often cruel to her sister.,Cô ấy thường tàn nhẫn với em gái mình.,https://audio.tudienkala.com/data/cache/images/300x225/c/r/cruel1.jpg,https://audio.tudienkala.com/audio/c/r/cruel.mp3
152,debt,/det/,n,"nợ, món nợ",The banks are worried about your increasing debt.,Các ngân hàng lo lắng về khoản nợ đang gia tăng của anh.,https://audio.tudienkala.com/data/cache/images/300x225/d/e/debt1.jpg,https://audio.tudienkala.com/audio/d/e/debt.mp3
152,decorate,/ˈdekəreɪt/,v,trang trí,You should clean and decorate your house for Tet.,Bạn nên dọn sạch và trang trí nhà cửa để đón Tết.,https://audio.tudienkala.com/data/cache/images/300x225/d/e/decorate1.png,https://audio.tudienkala.com/audio/d/e/decorate.mp3
152,definition,/ˌdefɪˈnɪʃən/,n,định nghĩa,This word has more than one definition.,Từ này có hơn một ý nghĩa.,https://audio.tudienkala.com/data/cache/images/300x225/d/e/definition2.jpg,https://audio.tudienkala.com/audio/d/e/definition.mp3
152,delay,/di'lei/,v,"trì hoãn, hoãn lại","He delayed telling her the news, waiting for the right moment.","Anh trì hoãn nói cho cô ấy tin, chờ đợi đúng thời điểm.",https://audio.tudienkala.com/data/cache/images/300x225/d/e/delay1.jpg,https://audio.tudienkala.com/audio/d/e/delay.mp3
152,demand,/dɪˈmɑːnd/,n,nhu cầu,Higher prices reduce demand.,Giá cao hơn làm giảm nhu cầu.,https://audio.tudienkala.com/data/cache/images/300x225/d/e/demand1.jpg,https://audio.tudienkala.com/audio/d/e/demand.mp3
152,describe,/dɪˈskraɪb/,v,miêu tả,Can you describe your house?,Bạn có thể mô tả ngôi nhà của bạn không?,https://audio.tudienkala.com/data/cache/images/300x225/d/e/describe1.jpg,https://audio.tudienkala.com/audio/d/e/describe.mp3
152,despite,/dɪˈspaɪt/,prep,mặc dù,She went to work yesterday despite her illness.,Cô ta đã đi làm ngày hôm qua bất chấp bệnh tật của mình.,https://audio.tudienkala.com/data/cache/images/300x225/d/e/despite1.jpg,https://audio.tudienkala.com/audio/d/e/despite.mp3
152,detail,/'di:teil/,v,"chi tiết, tỉ mỉ",Give me more details of the plan.,Hãy cho tôi biết thêm chi tiết của kế hoạch.,https://audio.tudienkala.com/data/cache/images/300x225/d/e/detail2.png,https://audio.tudienkala.com/audio/d/e/detail.mp3
152,develop,/di'veləp/,v,phát triển,This job can give you an opportunity to develop new skills.,Công việc này có thể cho bạn cơ hội phát triển các kỹ năng mới.,https://audio.tudienkala.com/data/cache/images/300x225/d/e/develop1.jpg,https://audio.tudienkala.com/audio/d/e/develop.mp3
152,device,/dɪˈvaɪs/,n,thiết bị,Our lives have been made easier thanks to modern devices.,Cuộc sống của chúng ta trở nên dễ dàng hơn nhờ có các thiết bị hiện đại.,https://audio.tudienkala.com/data/cache/images/300x225/d/e/device1.jpg,https://audio.tudienkala.com/audio/d/e/device.mp3
152,disadvantage,/ˌdɪsədˈvɑːntɪdʒ/,n,bất lợi,The fact that he didn't speak a foreign language put him at a distinct disadvantage.,Thực tế là anh ta đã không nói tiếng nước ngoài khiến anh ta vào thế bất lợi rõ rệt.,https://audio.tudienkala.com/data/cache/images/300x225/d/i/disadvantage2.jpg,https://audio.tudienkala.com/audio/d/i/disadvantage.mp3
152,discipline,/ˈdɪsəplɪn/,n,kỷ luật,Discipline is necessary in any school.,Kỷ luật là cần thiết trong bất kỳ trường học nào.,https://audio.tudienkala.com/data/cache/images/300x225/d/i/discipline1.jpg,https://audio.tudienkala.com/audio/d/i/discipline.mp3
152,discover,/dɪˈskʌvə(r)/,v,khám phá,The programme helps us discover strange facts about the animal life.,Chương trình giúp chúng ta khám phá những điều kỳ lạ về cuộc sống của các loài động vật.,https://audio.tudienkala.com/data/cache/images/300x225/d/i/discover1.jpg,https://audio.tudienkala.com/audio/d/i/discover.mp3
152,display,/dis'plei/,v,"hiển thị, trình bày",The accounting program displays a current balance when opened.,Chương trình kế toán hiển thị một con số cân bằng thu chi khi mở (chương trình đó) ra.,https://audio.tudienkala.com/data/cache/images/300x225/d/i/display1.jpg,https://audio.tudienkala.com/audio/d/i/display.mp3
152,divide,/dɪˈvaɪd/,v,"chia ra, chia",The English Channel divides England from France.,Kênh Anh chia nước Anh khỏi Pháp.,https://audio.tudienkala.com/data/cache/images/300x225/d/i/divide2.png,https://audio.tudienkala.com/audio/d/i/divide.mp3
152,drag,/dræɡ/,v,kéo lê,The sack is too heavy to lift—you'll have to drag it.,Bao tải là quá nặng để nhấc vì thế bạn sẽ phải kéo lê nó.,https://audio.tudienkala.com/data/images_example/300x225/t/h/the_sack_i_ex2_587728fa7f8b9a5f308b4688.jpg,https://audio.tudienkala.com/audio/d/r/drag.mp3
152,earn,/ɜːrn/,v,kiếm được (tiền...),He earns about $40000 a year.,Ông kiếm được khoảng $ 40.000 một năm.,https://audio.tudienkala.com/data/cache/images/300x225/e/a/earn1.jpg,https://audio.tudienkala.com/audio/e/a/earn.mp3
152,edit,/ˈedɪt/,v,"sửa chữa, biên tập, hiệu chỉnh",The script needs to be edited.,Kịch bản cần được chỉnh sửa.,https://audio.tudienkala.com/data/cache/images/300x225/e/d/edit1.png,https://audio.tudienkala.com/audio/e/d/edit.mp3
152,emotion,/ɪˈməʊʃən/,n,"tình cảm, cảm xúc","Like a lot of men, he finds it hard to express his emotions.","Giống như rất nhiều đàn ông khác, anh ta cảm thấy rất khó để có thể bộc lộ tình cảm của mình.",https://audio.tudienkala.com/data/cache/images/300x225/e/m/emotion1.jpg,https://audio.tudienkala.com/audio/e/m/emotion.mp3
152,enemy,/ˈenəmi/,n,"kẻ thù, kẻ địch",He has a lot of enemies in the company,Ông ta có rất nhiều kẻ thù trong công ty,https://audio.tudienkala.com/data/cache/images/300x225/e/n/enemy2.jpg,https://audio.tudienkala.com/audio/e/n/enemy.mp3
152,enjoyable,/ɪnˈdʒɔɪəbl ̩/,adj,"thích thú, thú vị",Thank you for a very enjoyable evening.,Cảm ơn các bạn vì một buổi tối thú vị.,https://audio.tudienkala.com/data/images_example/300x225/t/h/thank_you__ex1_56248d0c7f8b9a000de3d155.jpg,https://audio.tudienkala.com/audio/e/n/enjoyable.mp3
152,ensure,/ɪnˈʃʊr/,v,bảo đảm,Please ensure (that) all lights are switched off.,Hãy đảm bảo (rằng) tất cả các đèn đều tắt.,https://audio.tudienkala.com/data/images_example/300x225/p/l/please_ens_ex1_5877265a7f8b9acf2f8b4581.jpg,https://audio.tudienkala.com/audio/e/n/ensure.mp3
152,equipment,/ɪˈkwɪpmənt/,n,thiết bị,"The company is in need of new office equipment such as computers, printers and photocopiers.","Công ty đang cần các thiết bị văn phòng mới như máy tính, máy in và máy photocopy.",https://audio.tudienkala.com/data/cache/images/300x225/e/q/equipment1.png,https://audio.tudienkala.com/audio/e/q/equipment.mp3
152,exact,/ig'zækt/,adj,"chính xác, đúng dắn",We will need an exact head count by noon tomorrow.,Chúng tôi cần biết tổng số đầu người chính xác trước trưa ngày mai.,https://audio.tudienkala.com/data/cache/images/300x225/e/x/exact1.png,https://audio.tudienkala.com/audio/e/x/exact.mp3
152,examine,/ig'zæmin/,v,"Khảo sát, nghiên cứu",These ideas will be examined in more detail in Chapter 10.,Những ý tưởng này sẽ được xem xét chi tiết hơn trong Chương 10.,https://audio.tudienkala.com/data/cache/images/300x225/e/x/examine2.png,https://audio.tudienkala.com/audio/e/x/examine.mp3
152,exist,/ɪgˈzɪst/,v,"tồn tại, sống",How am I going to exist without you?,Làm thế nào tôi sống nếu thiếu bạn?,https://audio.tudienkala.com/data/cache/images/300x225/e/x/exist1.jpg,https://audio.tudienkala.com/audio/e/x/exist.mp3
152,experience,/ɪkˈspɪriəns/,n,kinh nghiệm,Do you have any experience in teaching children?,Bạn có kinh nghiệm dạy trẻ con không?,https://audio.tudienkala.com/data/cache/images/300x225/e/x/experience1.jpg,https://audio.tudienkala.com/audio/e/x/experience.mp3
152,explode,/ɪkˈspləʊd/,v,nổ; làm nổ,Bomb disposal experts exploded the device under controlled conditions.,Chuyên gia xử lý bom đã phát nổ các thiết bị trong điều kiện kiểm soát.,https://audio.tudienkala.com/data/cache/images/300x225/e/x/explode2.jpg,https://audio.tudienkala.com/audio/e/x/explode.mp3
152,export,/ɪkˈspɔːt/,v,xuất khẩu,The islands export sugar and fruit.,Các đảo xuất khẩu đường và hoa quả.,https://audio.tudienkala.com/data/cache/images/300x225/e/x/export1.jpg,https://audio.tudienkala.com/audio/e/x/export.mp3
152,extract,/ɪkˈstrækt/,v,"chiết xuất, lấy",Essential oils can be extracted from aromatic plants.,Tinh dầu có thể được chiết xuất từ cây thơm.,https://audio.tudienkala.com/data/cache/images/300x225/e/x/extract1.jpg,https://audio.tudienkala.com/audio/e/x/extract.mp3
152,failure,/'feiljə/,n,"trượt, thất bại",The success or failure of the plan depends on you.,Kế hoạch thành công hay thất bại là phụ thuộc vào bạn.,https://audio.tudienkala.com/data/cache/images/300x225/f/a/failure1.png,https://audio.tudienkala.com/audio/f/a/failure.mp3
152,favourite,/ˈfeɪv(ə)rɪt/,adj,ưa thích,My favourite country in the world is Indonesia.,Quốc gia yêu thích của tôi trên thế giới là Indonesia.,https://audio.tudienkala.com/data/cache/images/300x225/f/a/favourite1.png,https://audio.tudienkala.com/audio/f/a/favourite.mp3
152,fine,/faɪn/,adj,"mạnh, khỏe, tốt",I am fine.,Tôi khỏe.,https://audio.tudienkala.com/data/cache/images/300x225/f/i/fine-l61.jpg,https://audio.tudienkala.com/audio/f/i/fine-l6.mp3
152,finish,/'fɪnɪʃ/,v,"hoàn thành, kết thúc",My class finishes studying at 11 o'clock.,Lớp học của tôi kết thúc lúc 11 giờ.,https://audio.tudienkala.com/data/cache/images/300x225/f/i/finish-l61.jpg,https://audio.tudienkala.com/audio/f/i/finish-l6.mp3
152,focus,/ˈfəʊkəs/,n,"lấy nét, tâm điểm",His comments provided a focus for debate.,Bình luận của anh ấy cung cấp tâm điểm cho cuộc tranh luận.,https://audio.tudienkala.com/data/images_example/300x225/h/i/his_commen_ex1_582ec96f7f8b9aa2078b46d2.jpg,https://audio.tudienkala.com/audio/f/o/focus.mp3
152,fond,/fɒnd/,adj,"yêu mến, thích","My sister-in-law and I didn't get along well at first, but now we have grown quite fond of one another.","Chị dâu của tôi và tôi đã không hòa hợp lúc đầu, nhưng bây giờ chúng tôi đã yêu mến nhau hơn.",https://audio.tudienkala.com/data/cache/images/300x225/f/o/fond1.jpg,https://audio.tudienkala.com/audio/f/o/fond.mp3
152,formal,/ˈfɔːm(ə)l/,adj,"trang trọng, nghi thức",The formal clothes made him feel uncomfortable.,Quần áo trang trọng làm anh ấy cảm thấy không thoải mái.,https://audio.tudienkala.com/data/cache/images/300x225/f/o/formal1.jpg,https://audio.tudienkala.com/audio/f/o/formal.mp3
152,formula,/ˈfɔːmjələ/,n,công thức,This formula is used to calculate the area of a circle.,Công thức này được sử dụng để tính diện tích hình tròn.,https://audio.tudienkala.com/data/cache/images/300x225/f/o/formula2.jpg,https://audio.tudienkala.com/audio/f/o/formula.mp3
152,freeze,/friːz/,v,"(làm) đóng băng, đông lại",It's so cold that even the river has frozen.,Trời lạnh thậm chí những dòng sông đã đóng băng.,https://audio.tudienkala.com/data/cache/images/300x225/f/r/freeze2.jpeg,https://audio.tudienkala.com/audio/f/r/freeze.mp3
152,frequently,/ˈfriːkwəntli/,adv,"thường xuyên, một cách thường xuyên",Appliances frequently come with a one-year warranty.,Trang thiết bị thường có bảo hành một năm.,https://audio.tudienkala.com/data/cache/images/300x225/f/r/frequently1.jpeg,https://audio.tudienkala.com/audio/f/r/frequently.mp3
152,function,/fʌŋkʃn/,n,"chức năng, nhiệm vụ",What is the function of this device?,Chức năng của thiết bị này là gì?,https://audio.tudienkala.com/data/cache/images/300x225/f/u/function1.png,https://audio.tudienkala.com/audio/f/u/function.mp3
152,furniture,/ˈfɜrnɪtʃər/,n,đồ đạc trong nhà,Williams is buying some furniture for his new apartment.,Williams đang mua một số đồ đạc cho căn hộ mới của mình.,https://audio.tudienkala.com/data/cache/images/300x225/f/u/furniture1.png,https://audio.tudienkala.com/audio/f/u/furniture.mp3
152,gather,/'gæðə/,v,"tập hợp, tụ thập, thu thập; kết luận, suy ra",We gathered information for our plan from many sources.,Chúng tôi thu thập thông tin cho bản kế hoạch của mình từ nhiều nguồn.,https://audio.tudienkala.com/data/cache/images/300x225/g/a/gather1.jpg,https://audio.tudienkala.com/audio/g/a/gather.mp3
152,generation,/ˌdʒenəˈreɪʃən/,n,thế hệ,My generation have grown up without the experience of a world war.,Thế hệ của tôi được lớn lên mà không phải trãi qua cuộc chiến tranh thế giới,https://audio.tudienkala.com/data/cache/images/300x225/g/e/generation1.png,https://audio.tudienkala.com/audio/g/e/generation.mp3
152,generous,/ˈdʒenərəs/,adj,"rộng rãi, hào phóng",It’s very generous of him to pay all the bill.,Anh ấy thật là hào phóng khi thanh toán toàn bộ hóa đơn.,https://audio.tudienkala.com/data/cache/images/300x225/g/e/generous1.jpg,https://audio.tudienkala.com/audio/g/e/generous.mp3
152,gentle,/ˈdʒentl ̩/,adj,"nhẹ nhàng, dịu êm",He's very gentle with his kids.,Anh ta rất nhẹ nhàng với những đứa con của anh ta.,https://audio.tudienkala.com/data/cache/images/300x225/g/e/gentle1.jpg,https://audio.tudienkala.com/audio/g/e/gentle.mp3
152,hardly,/ˈhɑːdli/,adv,hầu như không,She hardly ever calls me (= almost never).,Cô ấy hầu như không bao giờ gọi cho tôi.,https://audio.tudienkala.com/data/cache/images/300x225/h/a/hardly2.jpg,https://audio.tudienkala.com/audio/h/a/hardly.mp3
152,heal,/hiːl/,v,"lành, chữa lành",It took a long time for the wounds to heal.,Phải mất một thời gian dài cho các vết thương để chữa lành.,https://audio.tudienkala.com/data/cache/images/300x225/h/e/heal1.jpg,https://audio.tudienkala.com/audio/h/e/heal.mp3
152,hit,/hɪt/,n,cú đánh,He made the winning hit.,Ông đã thực hiện cú đánh chiến thắng.,https://audio.tudienkala.com/data/cache/images/300x225/h/i/hit2.jpg,https://audio.tudienkala.com/audio/h/i/hit.mp3
153,hurt,/hɜːrt/,v,"làm bị thương, làm đau",My shoes hurt me because they are too small.,Đôi giày làm tớ đau vì chúng quá nhỏ.,https://audio.tudienkala.com/data/images_example/300x225/m/y/my_shoes_h_ex1_56248cfb7f8b9afa0cb17e1c.jpg,https://audio.tudienkala.com/audio/h/u/hurt.mp3
153,import,/ɪmˈpɔːt/,v,nhập khẩu,We import a large number of cars from Japan.,Chúng tôi nhập khẩu một số lượng lớn ô tô từ Nhật.,https://audio.tudienkala.com/data/cache/images/300x225/i/m/import1.jpg,https://audio.tudienkala.com/audio/i/m/import.mp3
153,increase,/ɪnˈkriːs/,v,tăng,The number of injuries from automobile accidents increases every year.,Số lượng thương vong từ các vụ tai nạn ô tô tăng lên hàng năm.,https://audio.tudienkala.com/data/cache/images/300x225/i/n/increase1.png,https://audio.tudienkala.com/audio/i/n/increase.mp3
153,inform,/ɪnˈfɔːrm/,v,báo tin cho; cho biết; cung cấp tin tức,We regret to inform you that your account has been suspended.,Chúng tôi rất tiếc phải thông báo rằng tài khoản của bạn đã bị treo.,https://audio.tudienkala.com/data/cache/images/300x225/i/n/inform1.jpg,https://audio.tudienkala.com/audio/i/n/inform.mp3
153,informal,/ɪnˈfɔːm(ə)l/,adj,"thân mật, không trang trọng",The language used in an informal letter is different from that in the formal one.,Ngôn ngữ được sử dụng trong một lá thư thân mật khác với ngôn ngữ trong một lá thư trang trọng.,https://audio.tudienkala.com/data/cache/images/300x225/i/n/informal1.jpg,https://audio.tudienkala.com/audio/i/n/informal.mp3
153,intend,/in'tend/,v,"có ý định, có mục đích",Do you intend to return the car to this location or to another location?,Anh định quay xe về chỗ này hay là chạy đến chỗ khác?,https://audio.tudienkala.com/data/cache/images/300x225/i/n/intend1.jpg,https://audio.tudienkala.com/audio/i/n/intend.mp3
153,kidnap,/ˈkɪdnæp/,v,bắt cóc (thường để tống tiền),Two businessmen have been kidnapped by terrorists.,Hai doanh nhân đã bị bắt cóc bởi những kẻ khủng bố.,https://audio.tudienkala.com/data/cache/images/300x225/k/i/kidnap1.jpg,https://audio.tudienkala.com/audio/k/i/kidnap.mp3
153,knock,/nɒk/,v,gõ (cửa),Listen! Someone is knocking the door.,Hãy nghe đi! Có ai đó đang gõ cửa kìa.,https://audio.tudienkala.com/data/cache/images/300x225/k/n/knock2.jpg,https://audio.tudienkala.com/audio/k/n/knock.mp3
153,label,/ˈleɪbl/,n,"dán nhãn, ghi nhãn",He'll only wear clothes with a designer label.,Ông ấy sẽ chỉ mặc quần áo với một nhãn hiệu thiết kế.,https://audio.tudienkala.com/data/images_example/300x225/h/e/hell_only__ex1_56248cf37f8b9af80c011ed1.jpg,https://audio.tudienkala.com/audio/l/a/label.mp3
153,lecture,/ˈlektʃər/,n,"bài nói chuyện về một đề tài nào đó; bài giảng, bài thuyết trình",The lecture was very interesting.,Bài giảng thật là thú vị.,https://audio.tudienkala.com/data/cache/images/300x225/l/e/lecture2.jpg,https://audio.tudienkala.com/audio/l/e/lecture.mp3
153,link,/liɳk/,n,"liên kết, chỗ nối",Police suspect there may be a link between the two murders.,Cảnh sát nghi ngờ có thể có một mối liên kết giữa hai vụ giết người.,https://audio.tudienkala.com/data/cache/images/300x225/l/i/link1.png,https://audio.tudienkala.com/audio/l/i/link.mp3
153,long-term,/'lɔɳtə:m/,adj,"dài hạn, dài ngày, lâu dài",The CEO's long-term goal was to increase the return on investment.,Mục tiêu dài hạn của giám đốc điều hành (CEO) là gia tăng tiền lãi thu về từ việc đầu tư.,https://audio.tudienkala.com/data/cache/images/300x225/l/o/long-term1.png,https://audio.tudienkala.com/audio/l/o/long-term.mp3
153,lower,/ˈləʊər/,v,"giảm, hạ",His voice lowered as he moved on to a sensitive topic.,Giọng anh hạ xuống khi anh chuyển sang một chủ đề nhạy cảm.,https://audio.tudienkala.com/data/cache/images/300x225/l/o/lower1.jpg,https://audio.tudienkala.com/audio/l/o/lower.mp3
153,manufacturer,/ˌmænjʊˈfæktʃərər/,n,nhà sản xuất,Faulty goods should be returned to the manufacturers.,Hàng hóa bị lỗi nên được trả lại cho nhà sản xuất.,https://audio.tudienkala.com/data/cache/images/300x225/m/a/manufacturer1.jpg,https://audio.tudienkala.com/audio/m/a/manufacturer.mp3
153,market,/'mɑ:kit/,n,"thị trường, chợ, nơi mua bán sản phẩm...",My mother goes to the market every morning.,Mẹ tôi đi vào chợ mỗi buổi sáng.,https://audio.tudienkala.com/data/cache/images/300x225/m/a/market1.png,https://audio.tudienkala.com/audio/m/a/market.mp3
153,material,/məˈtɪərɪəl/,n,"vật liệu, chất liệu",Clothing has been made from many different kinds of materials.,Quần áo được làm từ nhiều loại vật liệu khác nhau.,https://audio.tudienkala.com/data/images_example/300x225/c/l/clothing_h_ex1_5822ddf07f8b9aa2078b4589.jpg,https://audio.tudienkala.com/audio/m/a/material-.mp3
153,matter,/'mætə/,n,"chủ đề, vấn đề, việc, chuyện",What's the matter with you?,Có chuyện gì với bạn vậy?,https://audio.tudienkala.com/data/cache/images/300x225/m/a/matter3.png,https://audio.tudienkala.com/audio/m/a/matter.mp3
153,maximize,/ˈmæksɪmaɪz/,v,"tối đa hóa, mở rộng cực đại",I rearranged the furniture to maximize the space in my small apartment.,Tôi sắp xếp lại đồ đạc để tối đa hóa không gian trong căn hộ nhỏ của tôi.,https://audio.tudienkala.com/data/cache/images/300x225/m/a/maximize1.jpg,https://audio.tudienkala.com/audio/m/a/maximize.mp3
153,melt,/melt/,v,tan chảy,The ice showed no sign of melting.,Viên đá không cho thấy có dấu hiệu của sự tan chảy.,https://audio.tudienkala.com/data/cache/images/300x225/m/e/melt2.jpg,https://audio.tudienkala.com/audio/m/e/melt.mp3
153,mind,/maɪnd/,v,"phiền, bực mình, lo lắng",I don't mind getting cold—it's the rain I don't like.,Tôi không phiền bị nhiễm lạnh-chính mưa là cái tôi không thích.,https://audio.tudienkala.com/data/images_example/300x225/i/_/i_dont_min_ex2_5877291f7f8b9a6c308b457f.png,https://audio.tudienkala.com/audio/m/i/mind.mp3
153,mistake,/mis'teik/,n,"lỗi, sai, nhầm",I made a mistake in adding up your bill and we overcharged you twenty dollars.,Tôi đã nhầm lẫn khi tính tổng hóa đơn của anh và chúng tôi đã tính quá của anh 20 đô-la.,https://audio.tudienkala.com/data/cache/images/300x225/m/i/mistake1.png,https://audio.tudienkala.com/audio/m/i/mistake.mp3
153,modernize,/ˈmɒdənaɪz/,v,hiện đại hoá; đổi mới,The company is investing $9 million to modernize its factories.,Công ty đang đầu tư 9.triệu $ để hiện đại hóa các nhà máy của mình.,https://audio.tudienkala.com/data/cache/images/300x225/m/o/modernize1.jpg,https://audio.tudienkala.com/audio/m/o/modernize.mp3
153,mostly,/ˈmoʊst li/,adv,"chủ yếu, hầu hết","The band are mostly teenagers, I think.","Ban nhạc chủ yếu là thiếu niên, mình nghĩ thế.",https://audio.tudienkala.com/data/images_example/300x225/t/h/the_band_a_ex1_56248d0d7f8b9a000de3d179.jpg,https://audio.tudienkala.com/audio/m/o/mostly.mp3
153,narrow,/'nærou/,v,"thu hẹp, co lại","This restaurant delivers only pizza and sandwiches, so that certainly narrows down the choices.","Nhà hàng này chỉ giao hàng pizza và sandwich, hẳn nhiên là đã làm thu hẹp các chọn lựa.",https://audio.tudienkala.com/data/cache/images/300x225/n/a/narrow1.png,https://audio.tudienkala.com/audio/n/a/narrow.mp3
153,notice,/ˈnəʊtɪs/,v,"lưu ý, lưu tâm",People were making fun of him but he didn't seem to notice.,Mọi người thường cười nhạo anh ấy nhưng anh ấy có vẻ như chẳng chú ý tới.,https://audio.tudienkala.com/data/cache/images/300x225/n/o/notice1.jpg,https://audio.tudienkala.com/audio/n/o/notice.mp3
153,opinion,/əˈpɪnjən/,n,"ý kiến, quan điểm","In my opinion, you should change your hairstyle.","Theo tôi, bạn nên thay đổi kiểu tóc của bạn.",https://audio.tudienkala.com/data/cache/images/300x225/o/p/opinion1.jpg,https://audio.tudienkala.com/audio/o/p/opinion.mp3
153,opportunity,/ˌɒpərˈtyunɪti/,n,"cơ hội, thời cơ",This is the perfect opportunity to make a new start.,Đây là một cơ hội hoàn hảo để làm nên một sự bắt đầu mới.,https://audio.tudienkala.com/data/cache/images/300x225/o/p/opportunity1.jpg,https://audio.tudienkala.com/audio/o/p/opportunity.mp3
153,organize,/'ɔ:gənaiz/,v,tổ chức,The meeting is organized every month.,Cuộc họp được tổ chức hàng tháng.,https://audio.tudienkala.com/data/cache/images/300x225/o/r/organize1.jpg,https://audio.tudienkala.com/audio/o/r/organize.mp3
153,original,/əˈrɪdʒənəl/,n,nguyên thủy,This painting is a copy; the original is in Madrid.,Bức tranh này là một bản sao; bản gốc ở Madrid.,https://audio.tudienkala.com/data/cache/images/300x225/o/r/original1.png,https://audio.tudienkala.com/audio/o/r/original.mp3
153,overseas,/ˌəʊvəˈsiːz/,adj,ở nước ngoài,There are a lot of overseas students in San Francisco.,Có rất nhiều sinh viên nước ngoài tại San Francisco.,https://audio.tudienkala.com/data/images_example/300x225/t/h/there_are__ex1_56248cf47f8b9af80c0120a5.png,https://audio.tudienkala.com/audio/o/v/overseas.mp3
153,participate,/pɑːˈtɪsɪpeɪt/,v,tham gia,She never participates in any of our discussions.,Cô ấy không bao giờ tham gia vào bất cứ buổi thảo luận nào của chúng tôi.,https://audio.tudienkala.com/data/cache/images/300x225/p/a/participate1.jpeg,https://audio.tudienkala.com/audio/p/a/participate.mp3
153,perform,/pəˈfɔːm/,v,"biểu diễn, trình diễn",A water puppet show is performed in a pool.,Chương trình múa rối nước được biểu diễn trong một cái bể nước.,https://audio.tudienkala.com/data/images_example/300x225/a/_/a_water_pu_ex1_56248cf57f8b9af80c012359.jpg,https://audio.tudienkala.com/audio/p/e/perform.mp3
153,physical,/ˈfɪzɪkl/,n,khám sức khỏe,"Before starting at this new position, I'll need to take a physical examination.","Trước khi bắt đầu ở vị trí mới này, tôi sẽ cần phải khám sức khỏe.",https://audio.tudienkala.com/data/cache/images/300x225/p/h/physical2.gif,https://audio.tudienkala.com/audio/p/h/physical.mp3
153,plus,/plʌs/,prep,cộng thêm,Two plus five is seven.,Hai cộng thêm năm là bảy.,https://audio.tudienkala.com/data/images_example/300x225/t/w/two_plus_f_ex2_587727e37f8b9a0d308b45ae.jpg,https://audio.tudienkala.com/audio/p/l/plus.mp3
153,point,/pɔɪnt/,v,chỉ ra điều gì,She pointed her finger in my direction.,Cô ấy chỉ ngón tay về phía tôi.,https://audio.tudienkala.com/data/cache/images/300x225/p/o/point1.jpg,https://audio.tudienkala.com/audio/p/o/point.mp3
153,polite,/pəˈlaɪt/,adj,lịch sự,Please be polite to our guests.,Hãy tỏ ra lịch sự với khách của chúng ta.,https://audio.tudienkala.com/data/cache/images/300x225/p/o/polite1.jpg,https://audio.tudienkala.com/audio/p/o/polite.mp3
153,pollution,/pə'lu:ʃn/,n,sự ô nhiễm,Water pollution is becoming more serious now.,Ô nhiễm nguồn nước đang trở thành nghiêm trọng hơn bây giờ.,https://audio.tudienkala.com/data/cache/images/300x225/p/o/pollution1.jpg,https://audio.tudienkala.com/audio/p/o/pollution.mp3
153,predict,/prɪˈdɪkt/,v,"dự báo, dự đoán trước",He predicts that the trend will continue.,Anh ta dự đoán rằng xu hướng này sẽ tiếp tục.,https://audio.tudienkala.com/data/cache/images/300x225/p/r/predict1.png,https://audio.tudienkala.com/audio/p/r/predict.mp3
153,pretend,/prɪˈtend/,v,giả vờ,I pretended to be asleep.,Tôi giả vờ như đang ngủ.,https://audio.tudienkala.com/data/images_example/300x225/i/_/i_pretende_ex2_587728467f8b9a22308b4623.png,https://audio.tudienkala.com/audio/p/r/pretend.mp3
153,prevent,/prɪˈvent/,v,"ngăn ngừa, phòng ngừa",This vaccine can prevent having some common childhood diseases.,Loại vắc-xin này có thể phòng ngừa một số loại bệnh thường gặp ở trẻ nhỏ.,https://audio.tudienkala.com/data/cache/images/300x225/p/r/prevent1.png,https://audio.tudienkala.com/audio/p/r/prevent.mp3
153,professional,/prəˈfeʃənəl/,adj,chuyên nghiệp,She's a professional dancer.,Cô ấy là một người khiêu vũ chuyên nghiệp.,https://audio.tudienkala.com/data/cache/images/300x225/p/r/professional1.jpg,https://audio.tudienkala.com/audio/p/r/professional.mp3
153,promise,/ˈprɒmɪs/,v,hứa hẹn,Please promise not to tell anyone!,Xin hãy hứa là không nói với ai!,https://audio.tudienkala.com/data/cache/images/300x225/p/r/promise1.jpg,https://audio.tudienkala.com/audio/p/r/promise.mp3
153,pronunciation,/prəˌnʌnsiˈeɪʃn/,n,"cách phát âm, sự phát âm","Speak as much as you can, and don't worry about your pronunciation.","Hãy nói thoải mái, và đừng lo lắng về phát âm của bạn.",https://audio.tudienkala.com/data/cache/images/300x225/p/r/pronunciation1.jpg,https://audio.tudienkala.com/audio/p/r/pronunciation.mp3
153,proud,/praʊd/,adj,tự hào,Her parents are very proud of her.,Cha mẹ cô rất tự hào về cô.,https://audio.tudienkala.com/data/cache/images/300x225/p/r/proud1.jpg,https://audio.tudienkala.com/audio/p/r/proud.mp3
153,publish,/ˈpʌblɪʃ/,v,xuất bản,The first edition was published in 2007.,Ấn bản đầu tiên được xuất bản vào năm 2007.,https://audio.tudienkala.com/data/images_example/300x225/t/h/the_first__ex2_587728827f8b9a41308b459f.png,https://audio.tudienkala.com/audio/p/u/publish.mp3
153,quality,/'kwɔliti/,n,"chất lượng, phẩm chất",The quality of their clothes has fallen ever since they started using cheaper fabrics to make them.,Chất lượng quần áo của họ đã bị sa sút kể từ khi họ bắt đầu dùng các loại vải rẻ tiền hơn để làm ra chúng.,https://audio.tudienkala.com/data/cache/images/300x225/q/u/quality1.jpg,https://audio.tudienkala.com/audio/q/u/quality.mp3
153,random,/ˈrændəm/,adj,ngẫu nhiên,There is a random chance that you will be chosen.,Có một cơ hội ngẫu nhiên mà bạn sẽ được chọn.,https://audio.tudienkala.com/data/cache/images/300x225/r/a/random1.jpg,https://audio.tudienkala.com/audio/r/a/random.mp3
153,rapid,/ˈrapɪd/,adj,nhanh (trịnh trọng),The patient made a rapid recovery,Bệnh nhân đã hồi phục nhanh chóng,https://audio.tudienkala.com/data/cache/images/300x225/r/a/rapid1.jpg,https://audio.tudienkala.com/audio/r/a/rapid.mp3
153,rarely,/ˈreəli/,adv,"hiếm khi, ít khi",Rarely has a debate attracted so much media attention,Hiếm khi có một cuộc tranh luận thu hút rất nhiều sự chú ý của giới truyền thông,https://audio.tudienkala.com/data/cache/images/300x225/r/a/rarely2.jpg,https://audio.tudienkala.com/audio/r/a/rarely.mp3
153,rate,/reɪt/,n,"mức giá, tỉ lệ",The sign in the lobby lists the seasonal rates.,Biển hiệu ở trong hành lang liệt kê các mức giá theo từng mùa.,https://audio.tudienkala.com/data/cache/images/300x225/r/a/rate1.jpg,https://audio.tudienkala.com/audio/r/a/rate.mp3
154,recognize,/ˈrekəɡnaɪz/,v,nhận ra,I recognized her by her red hair.,Tôi nhận ra cô ấy nhờ mái tóc đỏ của cô ấy.,https://audio.tudienkala.com/data/images_example/300x225/i/_/i_recogniz_ex1_56248cfc7f8b9afa0cb17f14.jpg,https://audio.tudienkala.com/audio/r/e/recognize.mp3
154,recyclable,/riːˈsaɪ.klə.bl/,adj,có thể tái chế được,Are plastic bags recyclable?,Túi nhựa có thể tái chế được không?,https://audio.tudienkala.com/data/cache/images/300x225/r/e/recyclable1.jpg,https://audio.tudienkala.com/audio/r/e/recyclable.mp3
154,religion,/ rɪˈlɪdʒən/,n,tôn giáo,"Christianity, Islam and Judaism are known as Abrahamic religions.","Thiên Chúa giáo, Hồi giáo và Do Thái giáo được gọi là tôn giáo Abraham.",https://audio.tudienkala.com/data/cache/images/300x225/r/e/religion1.jpg,https://audio.tudienkala.com/audio/r/e/religion.mp3
154,restore,/ris´tɔ:/,v,"hồi phục, khôi phục lại",The cleaning restored the whiteness of my teeth.,Việc làm sạch răng đã phục hồi độ trắng của hàm răng tôi.,https://audio.tudienkala.com/data/cache/images/300x225/r/e/restore1.png,https://audio.tudienkala.com/audio/r/e/restore.mp3
154,reward,/rɪˈwɔːd/,n,"tiền thưởng, vật thưởng (làm việc chăm chỉ...)",Hard work brings its own rewards.,Làm việc chăm chỉ mang lại phần thưởng cho riêng bạn.,https://audio.tudienkala.com/data/cache/images/300x225/r/e/reward2.jpg,https://audio.tudienkala.com/audio/r/e/reward.mp3
154,rhythm,/ˈrɪðəm/,n,"giai điệu, nhịp điệu",Both pitch and rhythm are frequency based.,Cả hai cao độ và nhịp điệu được dựa trên tần số.,https://audio.tudienkala.com/data/cache/images/300x225/r/h/rhythm2.jpg,https://audio.tudienkala.com/audio/r/h/rhythm.mp3
154,romantic,/rəʊ ˈmæntɪk/,adj,Lãng mạn,I'm reading a romantic novel.,Tôi đang đọc một cuốn tiểu thuyết lãng mạn.,https://audio.tudienkala.com/data/cache/images/300x225/r/o/romantic1.jpg,https://audio.tudienkala.com/audio/r/o/romantic.mp3
154,rough,/rʌf/,adj,"gồ ghề, nhám, xù xì, lởm chởm",The skin on her hands was hard and rough.,Da trên tay cô ấy cứng và thô.,https://audio.tudienkala.com/data/images_example/300x225/t/h/the_skin_o_ex2_587727927f8b9a01308b457d.jpg,https://audio.tudienkala.com/audio/r/o/rough.mp3
154,rumour,/ˈruːmər/,n,"lời đồn, tin đồn",Many of the stories are based on rumour.,Nhiều câu chuyện đều dựa trên tin đồn.,https://audio.tudienkala.com/data/cache/images/300x225/r/u/rumour2.jpg,https://audio.tudienkala.com/audio/r/u/rumour.mp3
154,save,/seiv/,v,"tiết kiệm, cứu",We need to save power.,Chúng ta cần phải tiết kiệm điện năng.,https://audio.tudienkala.com/data/cache/images/300x225/s/a/save1.jpg,https://audio.tudienkala.com/audio/s/a/save.mp3
154,scandal,/ˈskændəl/,n,"vụ bê bối, vụ tai tiếng",The leaked pictures were a huge scandal for her.,Những hình ảnh bị rò rỉ là một vụ bê bối lớn đối với cô.,https://audio.tudienkala.com/data/cache/images/300x225/s/c/scandal1.jpg,https://audio.tudienkala.com/audio/s/c/scandal.mp3
154,scientific,/ˌsaɪənˈtɪfɪk/,adj,(thuộc về) khoa học,There are various scientific terminologies.,Có nhiều những thuật ngữ khoa học khác nhau.,https://audio.tudienkala.com/data/cache/images/300x225/s/c/scientific2.jpg,https://audio.tudienkala.com/audio/s/c/scientific.mp3
154,section,/ˈsekʃən/,n,"bộ phận, phòng, ban",He's the director of the finance section.,Ông là giám đốc bộ phận tài chính.,https://audio.tudienkala.com/data/images_example/300x225/h/e/hes_the_di_ex1_587726db7f8b9ae72f8b4617.jpg,https://audio.tudienkala.com/audio/s/e/section.mp3
154,session,/'seʃn/,n,"kỳ họp, buổi họp","The morning sessions tend to fill up first, so sign up early.","Các phiên họp sáng có khuynh hướng kín chỗ trước hết, vì vậy hãy đăng ký sớm.",https://audio.tudienkala.com/data/cache/images/300x225/s/e/session1.png,https://audio.tudienkala.com/audio/s/e/session.mp3
154,shadow,/ˈʃædəu/,n,"bóng, bóng tối, bóng mát",Trees cast long shadows.,Những cái cây đổ những cái bóng dài.,https://audio.tudienkala.com/data/cache/images/300x225/s/h/shadow1.jpg,https://audio.tudienkala.com/audio/s/h/shadow.mp3
154,share,/ʃeər/,n,một phần (được phân chia giữa 2 hay nhiều người),We gave them all the chance to have a share in the profits.,Chúng tôi đã cho họ cơ hội để chia sẻ một phần lợi nhuận.,https://audio.tudienkala.com/data/images_example/300x225/w/e/we_gave_th_ex1_587726dc7f8b9ae72f8b461d.jpg,https://audio.tudienkala.com/audio/s/h/share.mp3
154,sharp,/ʃɑ:p/,adj,"thông minh, láu lỉnh",The new employee proved how sharp she was when she mastered the new program in a few days.,Nhân viên mới đã chứng tỏ được cô ấy thông minh đến thế nào khi mà cô đã làm chủ được chương trình mới trong vài ngày.,https://audio.tudienkala.com/data/cache/images/300x225/s/h/sharp2.jpg,https://audio.tudienkala.com/audio/s/h/sharp.mp3
154,shortage,/ˈʃɔːtɪdʒ/,n,sự thiếu hụt,There is a shortage of water in this area.,Có một tình trạng thiếu nước ở khu vực này.,https://audio.tudienkala.com/data/cache/images/300x225/s/h/shortage1.jpg,https://audio.tudienkala.com/audio/s/h/shortage.mp3
154,shy,/ʃaɪ/,adj,"bẽn lẽn, hay xấu hổ, nhút nhát",She is a shy girl. She doesn’t speak to strangers.,Cô ấy là một cô gái nhút nhát. Cô ấy thường không nói chuyện với người lạ.,https://audio.tudienkala.com/data/cache/images/300x225/s/h/shy2.jpg,https://audio.tudienkala.com/audio/s/h/shy.mp3
154,single,/ˈsɪŋɡl/,n,đĩa đơn,My favourite singer releases his new single next Tuesday.,Ca sĩ yêu thích của tôi sẽ phát hành đĩa đơn mới vào thứ Ba tuần tới.,https://audio.tudienkala.com/data/cache/images/300x225/s/i/single2.jpg,https://audio.tudienkala.com/audio/s/i/single.mp3
154,situation,"/,sitju'eiʃn/",n,"tình hình, vị thế",The airline suggested I check with the State Department regarding the political situation in the country I'm flying to.,Hãng hàng không đã đề nghị tôi kiểm tra với Bộ Ngoại giao Mỹ về tình hình chính trị ở quốc gia mà tôi đang bay đến.,https://audio.tudienkala.com/data/cache/images/300x225/s/i/situation1.png,https://audio.tudienkala.com/audio/s/i/situation.mp3
154,snow,/snəʊ/,n,tuyết,The children are playing in the snow.,Những đứa trẻ đang chơi trong tuyết.,https://audio.tudienkala.com/data/cache/images/300x225/s/n/snow1.png,https://audio.tudienkala.com/audio/s/n/snow.mp3
154,solution,/səˈluːʃ(ə)n/,n,"giải pháp, lời giải",The solution is simple: you need to spend less money.,Giải pháp rất đơn giản: bạn cần phải chi tiêu ít tiền hơn.,https://audio.tudienkala.com/data/cache/images/300x225/s/o/solution1.png,https://audio.tudienkala.com/audio/s/o/solution.mp3
154,soul,/səʊl/,n,linh hồn,The howling wind sounded like the wailing of lost souls (= the spirits of dead people who are not in heaven),Gió hú nghe như lời than khóc của những linh hồn đã mất (= các linh hồn của người chết không phải là ở trên trời),https://audio.tudienkala.com/data/cache/images/300x225/s/o/soul1.jpg,https://audio.tudienkala.com/audio/s/o/soul.mp3
154,speed,/spi:d/,n,tốc độ,What's the maximum speed for this road?,Tốc độ tối đa cho con đường này là nhiêu?,https://audio.tudienkala.com/data/cache/images/300x225/s/p/speed1.png,https://audio.tudienkala.com/audio/s/p/speed.mp3
154,state,/steɪt/,v,"phát biểu, nói rõ, tuyên bố",It is stated that the standard of living has improved greatly.,Mức sống chuẩn được tuyên bố rằng đã cải thiện rất nhiều.,https://audio.tudienkala.com/data/cache/images/300x225/s/t/state2.jpg,https://audio.tudienkala.com/audio/s/t/state.mp3
154,stock,/stɒk/,v,trữ hàng,The employees stocked the shelves on a weekly basis.,Các nhân viên trữ hàng lên kệ căn cứ theo mỗi tuần.,https://audio.tudienkala.com/data/cache/images/300x225/s/t/stock1.png,https://audio.tudienkala.com/audio/s/t/stock.mp3
154,strict,/strikt/,adj,nghiêm ngặt,She is a very strict teacher.,Bà ấy là một người cô nghiêm khắc.,https://audio.tudienkala.com/data/cache/images/300x225/s/t/strict1.png,https://audio.tudienkala.com/audio/s/t/strict.mp3
154,sudden,/ˈsʌdən/,adj,"bất ngờ, đột ngột",His sudden appearance surprised me.,Sự xuất hiện đột ngột của anh ta đã làm tôi ngạc nhiên.,https://audio.tudienkala.com/data/images_example/300x225/h/i/his_sudden_ex2_5877280a7f8b9a0d308b4696.jpg,https://audio.tudienkala.com/audio/s/u/sudden.mp3
154,suffer,/ˈsʌfə/,v,"bị, chịu, chịu đựng, khổ sở vì",He suffered intense pain,Anh ấy đang đã chịu đựng một nổi đau rất lớn,https://audio.tudienkala.com/data/cache/images/300x225/s/u/suffer1.jpg,https://audio.tudienkala.com/audio/s/u/suffer.mp3
154,suggest,/səˈdʒest/,v,"góp ý, gợi ý",I suggest being on time.,Tôi đề nghị đến đúng giờ.,https://audio.tudienkala.com/data/cache/images/300x225/s/u/suggest1.jpg,https://audio.tudienkala.com/audio/s/u/suggest.mp3
154,suitable,/ˈsjuːtəbl̩/,adj,phù hợp,The film is suitable for children.,Bộ phim này phù hợp với trẻ con.,https://audio.tudienkala.com/data/cache/images/300x225/s/u/suitable1.png,https://audio.tudienkala.com/audio/s/u/suitable.mp3
154,support,/sə´pɔ:t/,v,"ủng hộ, hỗ trợ",She supported her husband through many difficult times.,Cô ấy đã hỗ trợ chồng mình qua nhiều thời điểm khó khăn.,https://audio.tudienkala.com/data/cache/images/300x225/s/u/support1.jpg,https://audio.tudienkala.com/audio/s/u/support.mp3
154,surprising,/sə'praiziɳ/,adj,đáng ngạc nhiên,His performance is surprising.,Màn trình diễn của anh ta đáng ngạc nhiên.,https://audio.tudienkala.com/data/cache/images/300x225/s/u/surprising1.png,https://audio.tudienkala.com/audio/s/u/surprising.mp3
154,symptom,/ˈsɪmptəm/,n,"triệu chứng, dấu hiệu","Tell me the symptoms of a cold, please.",Hãy nói cho tôi biết các triệu chứng của bệnh cảm lạnh đi!,https://audio.tudienkala.com/data/cache/images/300x225/s/y/symptom1.png,https://audio.tudienkala.com/audio/s/y/symptom.mp3
154,temperature,/´temprətʃə/,n,"nhiệt độ, sốt",Yesterday I had a temperature so I didn’t go to school.,Hôm qua tớ bị sốt nên tớ không đi học.,https://audio.tudienkala.com/data/images_example/300x225/y/e/yesterday__ex1_583bfda47f8b9aa5078b45a2.jpg,https://audio.tudienkala.com/audio/t/e/temperature.mp3
154,thought,/θɔːt/,n,đã nghĩ,I've just had a thought(= an idea),Tôi chỉ có một ý nghĩ (= một ý tưởng),https://audio.tudienkala.com/data/cache/images/300x225/t/h/thought1.gif,https://audio.tudienkala.com/audio/t/h/thought.mp3
154,tradition,/trəˈdɪʃn/,n,truyền thống,Making Chung cake is our tradition at Tet.,Làm bánh chưng là truyền thống của chúng tôi vào dịp Tết.,https://audio.tudienkala.com/data/images_example/300x225/m/a/making_chu_ex1_56248cf57f8b9af80c012429.jpg,https://audio.tudienkala.com/audio/t/r/tradition.mp3
154,transportation,/ transpɔːˈteɪʃ(ə)n/,n,giao thông,Public transportation systems are criped.,Các hệ thống giao thông vận tải công cộng bị tê liệt.,https://audio.tudienkala.com/data/cache/images/300x225/t/r/transportation1.jpg,https://audio.tudienkala.com/audio/t/r/transportation.mp3
154,unemployed,/ˌʌnɪmˈplɔɪd/,adj,thất nghiệp,Half of them are still unemployed.,Một nửa trong số họ vẫn đang thất nghiệp.,https://audio.tudienkala.com/data/cache/images/300x225/u/n/unemployed2.jpg,https://audio.tudienkala.com/audio/u/n/unemployed.mp3
154,unfortunately,/ʌnˈfɔːtʃənətli/,adv,thật không may,"Unfortunately, I didn't have my credit card with me.","Thật không may, tôi không có mang thẻ tín dụng với tôi.",https://audio.tudienkala.com/data/cache/images/300x225/u/n/unfortunately1.jpg,https://audio.tudienkala.com/audio/u/n/unfortunately.mp3
154,urban,/ˈɜːrbən/,adj,thuộc đô thị,Mary lives in an urban area while her cousin lives in a rural area.,"Mary sống trong một khu vực đô thị, trong khi cô em họ sống trong một khu vực nông thôn.",https://audio.tudienkala.com/data/cache/images/300x225/u/r/urban1.jpg,https://audio.tudienkala.com/audio/u/r/urban.mp3
154,valuable,/ˈvæljuəbl/,adj,quý giá,This advice was to prove valuable,Lời khuyên này đã được chứng minh có giá trị,https://audio.tudienkala.com/data/cache/images/300x225/v/a/valuable2.jpg,https://audio.tudienkala.com/audio/v/a/valuable.mp3
154,warn,/wɔ:rn/,v,cảnh báo,This sign warns you of a curve on the road ahead,Biển báo này cảnh báo bạn về một đoạn đường cong phía trước.,https://audio.tudienkala.com/data/cache/images/300x225/w/a/warn1.jpg,https://audio.tudienkala.com/audio/w/a/warn.mp3
154,weakness,/´wi:knis/,n,"điểm yếu, nhược điểm, khuyết điểm",You must recognize your product's strengths and weaknesses.,Bạn phải nhận ra điểm mạnh và điểm yếu của sản phẩm của bạn.,https://audio.tudienkala.com/data/cache/images/300x225/w/e/weakness1.jpg,https://audio.tudienkala.com/audio/w/e/weakness.mp3
154,wealthy,/ˈwelθi/,adj,giàu có,My dream is to become wealthy.,Giấc mơ của tôi là trở nên giàu có.,https://audio.tudienkala.com/data/cache/images/300x225/w/e/wealthy1.jpg,https://audio.tudienkala.com/audio/w/e/wealthy.mp3
154,whisper,/ˈwɪspər/,n,"lời, sự thì thầm",They spoke in whispers.,Họ đã nói chuyện thì thầm.,https://audio.tudienkala.com/data/cache/images/300x225/w/h/whisper2.jpg,https://audio.tudienkala.com/audio/w/h/whisper.mp3
154,worry,/ˈwɜːri/,v,lo lắng,Don't worry. We have plenty of time.,Đừng lo lắng. Chúng ta có nhiều thời gian.,https://audio.tudienkala.com/data/cache/images/300x225/w/o/worry1.jpg,https://audio.tudienkala.com/audio/w/o/worry.mp3
154,wound,/wund/,n,vết thương,A nurse cleaned and bandaged the wound for me.,Một cô y tá rửa sạch và băng vết thương lại cho tôi.,https://audio.tudienkala.com/data/cache/images/300x225/w/o/wound1.png,https://audio.tudienkala.com/audio/w/o/wound.mp3
154,wrap,/ræp/,v,gói,The book is carefully wrapped.,Cuốn sách được bao bọc cẩn thận.,https://audio.tudienkala.com/data/cache/images/300x225/w/r/wrap1.png,https://audio.tudienkala.com/audio/w/r/wrap.mp3
155,ability,/ə'biliti/,n,"năng lực, khả năng, tài năng",The designer's ability was obvious from her porfolio.,Năng lực của người thiết kế đã rõ ràng từ cặp hồ sơ (thiết kế) của cô ta.,https://audio.tudienkala.com/data/cache/images/300x225/a/b/ability1.jpg,https://audio.tudienkala.com/audio/a/b/ability.mp3
155,absolutely,/ˌæbsəˈluːtli/,adv,hoàn toàn,How are you so absolutely certain about this?,Làm thế nào bạn hoàn toàn chắc chắn về điều này?,https://audio.tudienkala.com/data/cache/images/300x225/a/b/absolutely2.jpg,https://audio.tudienkala.com/audio/a/b/absolutely.mp3
155,absorb,/əbˈzɔːb/,v,"hút, hấp thu",Plants absorb carbon dioxide from the air.,Thực vật hấp thụ khí CO2 từ không khí.,https://audio.tudienkala.com/data/cache/images/300x225/a/b/absorb2.jpg,https://audio.tudienkala.com/audio/a/b/absorb.mp3
155,access,/ˈækses/,n,"quyền truy cập, sự tiếp cận",I cannot easily get access to the Internet.,Tôi không thể dễ dàng có được quyền truy cập vào Internet.,https://audio.tudienkala.com/data/cache/images/300x225/a/c/access1.jpg,https://audio.tudienkala.com/audio/a/c/access.mp3
155,accommodation,/əˌkɒməˈdeɪʃən/,n,chỗ ăn ở,Where can we find cheap accommodation?,Chúng ta có thể tìm thấy chỗ ở trọ giá rẻ ở đâu?,https://audio.tudienkala.com/data/cache/images/300x225/a/c/accommodation1.jpg,https://audio.tudienkala.com/audio/a/c/accommodation.mp3
155,accurate,/ˈækjərət/,adj,chính xác,We are in need of accurate data for this survey.,Chúng tôi đang cần những dữ liệu chính xác cho cuộc khảo sát này.,https://audio.tudienkala.com/data/cache/images/300x225/a/c/accurate2.jpg,https://audio.tudienkala.com/audio/a/c/accurate.mp3
155,accuse,/əˈkjuːz/,v,"buộc tội, tố cáo",They stand accused of crimes against humanity,Họ bị cáo buộc tội ác chống lại nhân loại,https://audio.tudienkala.com/data/cache/images/300x225/a/c/accuse1.jpg,https://audio.tudienkala.com/audio/a/c/accuse.mp3
155,acknowledge,/əkˈnɒlɪdʒ/,v,"thừa nhận, chấp nhận sự thật của cái gì",It is generally acknowledged to be true.,Nó thường được công nhận là đúng.,https://audio.tudienkala.com/data/cache/images/300x225/a/c/acknowledge2.jpeg,https://audio.tudienkala.com/audio/a/c/acknowledge.mp3
155,adapt,/əˈdæpt/,v,thích nghi (với môi trường...),Most of these tools have been specially adapted for use by disabled people.,Hầu hết những công cụ này đã được điều chỉnh đặc biệt để thích hợp cho những người tàn tật.,https://audio.tudienkala.com/data/images_example/300x225/m/o/most_of_th_ex1_5877266b7f8b9acf2f8b45ba.jpg,https://audio.tudienkala.com/audio/a/d/adapt.mp3
155,adjust,/əˈdʒʌst/,v,điều chỉnh,If the chair is too high you can adjust it to suit you.,"Nếu chiếc ghế quá cao, cậu có thể điều chỉnh để nó vừa với cậu.",https://audio.tudienkala.com/data/images_example/300x225/i/f/if_the_cha_ex1_56248cfc7f8b9afa0cb17fcc.jpg,https://audio.tudienkala.com/audio/a/d/adjust.mp3
155,administration,/ədˌmɪnɪˈstreɪʃən/,n,"việc, sự quản trị, điều hành",I want to talk to a woman who works in the administration department.,Tôi muốn nói chuyện với một người phụ nữ làm việc tại Cục Quản lý.,https://audio.tudienkala.com/data/cache/images/300x225/a/d/administration1.jpg,https://audio.tudienkala.com/audio/a/d/administration.mp3
155,admire,/ədˈmaɪə(r)/,v,ngưỡng mộ,What she did makes me admire her greatly.,Những gì cô ấy làm khiến tôi rất ngưỡng mộ cô ấy.,https://audio.tudienkala.com/data/cache/images/300x225/a/d/admire1.png,https://audio.tudienkala.com/audio/a/d/admire.mp3
155,admission,/ədˈmɪʃən/,n,"nhận, kết nạp",Her silence was taken as an admission of guilt.,Sự im lặng của cô đã được xem như là một sự thừa nhận tội lỗi.,https://audio.tudienkala.com/data/cache/images/300x225/a/d/admission1.png,https://audio.tudienkala.com/audio/a/d/admission.mp3
155,admit,/ədˈmɪt/,v,"thừa nhận, cho vào",She admits being strict with her children.,Cô ấy thừa nhận đã nghiêm khắc với con cái.,https://audio.tudienkala.com/data/images_example/300x225/s/h/she_admits_ex1_56248d117f8b9a020d261804.jpg,https://audio.tudienkala.com/audio/a/d/admit.mp3
155,adolescent,/ˌædəlˈesənt/,n,thanh niên,Adolescents nowadays have problems that are different from ours.,Thanh thiếu niên ngày nay có những vấn đề khác biệt so với chúng ta.,https://audio.tudienkala.com/data/cache/images/300x225/a/d/adolescent1.jpg,https://audio.tudienkala.com/audio/a/d/adolescent.mp3
155,advance,/ədˈvæns/,n,sự xảy ra trước,You have to book the film tickets in advance because of the large demand.,Bạn phải đặt vé xem phim trước do nhu cầu lớn.,https://audio.tudienkala.com/data/cache/images/300x225/a/d/advance1.jpg,https://audio.tudienkala.com/audio/a/d/advance.mp3
155,advantage,/ədˈvɑːntɪdʒ/,n,"lợi thế, thuận lợi",She had the advantage of a good education.,Cô ấy có lợi thế của một nền giáo dục tốt.,https://audio.tudienkala.com/data/cache/images/300x225/a/d/advantage2.jpg,https://audio.tudienkala.com/audio/a/d/advantage.mp3
155,adventure,/ədˈventʃər/,n,cuộc phiêu lưu,Do you like the cartoon “The adventure of yellow bee”?,Bạn có thích bộ phim hoạt hình “Cuộc phiêu lưu của ong vàng” không?,https://audio.tudienkala.com/data/cache/images/300x225/a/d/adventure1.jpg,https://audio.tudienkala.com/audio/a/d/adventure.mp3
155,affect,/əˈfekt/,v,ảnh hưởng,The divorce affected every aspect of her life.,Việc ly hôn ảnh hưởng mọi mặt của cuộc sống của cô.,https://audio.tudienkala.com/data/cache/images/300x225/a/f/affect1.jpg,https://audio.tudienkala.com/audio/a/f/affect.mp3
155,alone,/əˈləʊn/,"adj, adv",một mình,I don't like going out alone at night.,Tôi không thích đi ra ngoài một mình vào ban đêm,https://audio.tudienkala.com/data/cache/images/300x225/a/l/alone1.jpg,https://audio.tudienkala.com/audio/a/l/alone.mp3
155,altogether,/ˌɔːltəˈɡeðər/,adv,"tổng cộng, tính gộp lại","That will be $50 altogether, please Sir.",Tổng cộng là 50 đô la thưa ông.,https://audio.tudienkala.com/data/cache/images/300x225/a/l/altogether1.jpg,https://audio.tudienkala.com/audio/a/l/altogether.mp3
155,amaze,/əˈmeɪz/,v,"làm kinh ngạc, sửng sốt",It amazed her that he could be so calm at such a time.,Điều làm cô ngạc nhiên rằng anh lại có thể bình tĩnh tại một thời điểm như vậy.,https://audio.tudienkala.com/data/cache/images/300x225/a/m/amaze2.jpg,https://audio.tudienkala.com/audio/a/m/amaze.mp3
155,amuse,/əˈmjuːz/,v,"khiến ai đó cười, thích thú",This will amuse you.,Điều này sẽ khiến bạn thích thú.,https://audio.tudienkala.com/data/cache/images/300x225/a/m/amuse2.jpg,https://audio.tudienkala.com/audio/a/m/amuse.mp3
155,anniversary,/ˌænɪˈvɜːrsəri /,n,ngày/lễ kỷ niệm,We always celebrate our wedding anniversary every year.,Chúng tôi luôn luôn tổ chức lễ kỷ niệm ngày cưới của chúng tôi hằng năm.,https://audio.tudienkala.com/data/cache/images/300x225/a/n/anniversary1.jpg,https://audio.tudienkala.com/audio/a/n/anniversary.mp3
155,announce,/əˈnaʊns/,v,thông báo,A newsreader is a person who announces events on TV.,Phát thanh viên là người thông báo các sự kiện trên truyền hình.,https://audio.tudienkala.com/data/cache/images/300x225/a/n/announce2.jpg,https://audio.tudienkala.com/audio/a/n/announce.mp3
155,annoy,/əˈnɔɪ/,v,"làm bực mình, quấy rầy",It annoys me when people forget to say thank you.,Nó làm tôi khó chịu khi người ta quên nói lời cảm ơn.,https://audio.tudienkala.com/data/cache/images/300x225/a/n/annoy1.png,https://audio.tudienkala.com/audio/a/n/annoy.mp3
155,annual,/ˈænjuəl/,adj,hàng năm,That is their annual test.,Đó là bài kiểm tra hàng năm của họ.,https://audio.tudienkala.com/data/cache/images/300x225/a/n/annual2.png,https://audio.tudienkala.com/audio/a/n/annual.mp3
155,anxious,/'æɳkʃəs/,adj,"lo lắng, băn khoăn",He seemed anxious about the meeting.,Anh ta có vẻ lo lắng về cuộc họp.,https://audio.tudienkala.com/data/cache/images/300x225/a/n/anxious1.png,https://audio.tudienkala.com/audio/a/n/anxious.mp3
155,appear,/əˈpɪr/,v,xuất hiện,He suddenly appeared in the doorway,Ông ấy đột nhiên xuất hiện ở ngưỡng cửa.,https://audio.tudienkala.com/data/cache/images/300x225/a/p/appear2.jpg,https://audio.tudienkala.com/audio/a/p/appear.mp3
155,appearance,/əˈpɪər(ə)ns/,n,"diện mạo, vẻ bề ngoài",I don't think it's your physical appearance that makes the girls stay away from you.,Tôi không nghĩ vẻ bề ngoài của bạn là thứ khiến cho các bạn gái xa lánh bạn.,https://audio.tudienkala.com/data/cache/images/300x225/a/p/appearance1.jpg,https://audio.tudienkala.com/audio/a/p/appearance.mp3
155,application,/ˌæplɪˈkeɪʃən/,n,"sự xin việc, ứng tuyển",Susan is writing a letter of application.,Susan đang viết thư xin việc.,https://audio.tudienkala.com/data/cache/images/300x225/a/p/application1.jpg,https://audio.tudienkala.com/audio/a/p/application.mp3
155,approve,/əˈpruːv/,v,chấp thuận,We had to wait months for the council to approve our plans to extend the house.,Chúng tôi phải đợi trong nhiều tháng để các hội đồng phê duyệt kế hoạch của chúng tôi mở rộng ngôi nhà.,https://audio.tudienkala.com/data/cache/images/300x225/a/p/approve1.png,https://audio.tudienkala.com/audio/a/p/approve.mp3
155,arrest,/əˈrest/,v,bắt giữ (bởi cảnh sát),A man has been arrested in connection with the robbery.,Một người đàn ông đã bị bắt vì dính líu vụ cướp.,https://audio.tudienkala.com/data/cache/images/300x225/a/r/arrest2.png,https://audio.tudienkala.com/audio/a/r/arrest.mp3
155,ashamed,/əˈʃeɪmd/,adj,"xấu hổ, hổ thẹn",You should be ashamed of yourself for telling such lies.,Bạn nên xấu hổ về bản thân mình vì đã nói dối như vậy.,https://audio.tudienkala.com/data/cache/images/300x225/a/s/ashamed2.jpg,https://audio.tudienkala.com/audio/a/s/ashamed.mp3
155,aspect,/ˈæspekt/,n,khía cạnh,She felt she had looked at the problem from every aspect.,Cô ấy cảm thấy rằng cô ấy đã nhìn nhận vấn đề từ mọi khía cạnh.,https://audio.tudienkala.com/data/cache/images/300x225/a/s/aspect1.jpg,https://audio.tudienkala.com/audio/a/s/aspect.mp3
155,association,"/ə,sousi'eiʃn/",n,"hội, hiệp hội",I know that ASEAN stands for the Association of Southeast Asian Nations.,Tôi biết rằng ASEAN là viết tắt của Hiệp Hội Các Nước Đông Nam Á.,https://audio.tudienkala.com/data/images_example/300x225/i/_/i_know_tha_ex1_580de37b7f8b9a3e688b4579.jpg,https://audio.tudienkala.com/audio/a/s/association.mp3
155,atmosphere,/ˈætməsfɪər /,n,không khí,There's a very relaxed atmosphere in our office.,Không khí trong văn phòng của chúng tôi rất là dễ chịu.,https://audio.tudienkala.com/data/cache/images/300x225/a/t/atmosphere1.jpg,https://audio.tudienkala.com/audio/a/t/atmosphere.mp3
155,attention,/əˈtenʃən/,n,sự chú ý,He turned his attention back to the road again.,Ông ấy chuyển sự chú ý của mình trở lại mặt đường lần nữa.,https://audio.tudienkala.com/data/cache/images/300x225/a/t/attention2.jpg,https://audio.tudienkala.com/audio/a/t/attention.mp3
155,available,/əˈveɪləbl/,adj,"có sẵn, sẵn sàng",This was the only room available.,Đây là căn phòng duy nhất có sẵn.,https://audio.tudienkala.com/data/images_example/300x225/t/h/this_was_t_ex1_56248d007f8b9afc0c298119.jpg,https://audio.tudienkala.com/audio/a/v/available.mp3
155,besides,/bɪˈsaɪdz/,adv,"ngoài ra, hơn nữa","Don't feel bad about missing the party. Besides, nothing fun happened there.","Đừng cảm thấy buồn về việc lỡ bữa tiệc. Bên cạnh đó, không có gì vui đã xảy ra ở đó.",https://audio.tudienkala.com/data/cache/images/300x225/b/e/besides1.jpg,https://audio.tudienkala.com/audio/b/e/besides.mp3
155,budget,/ˈbʌdʒɪt/,n,"ngân sách, ngân quỹ",The company will have to prepare bigger budget for this department next year.,Công ty sẽ phải dự thảo ngân sách nhiều hơn cho bộ phận này vào năm sau.,https://audio.tudienkala.com/data/cache/images/300x225/b/u/budget1.jpg,https://audio.tudienkala.com/audio/b/u/budget.mp3
155,candidate,/'kændidit/,n,"ứng cử viên, thí sinh, người dự tuyển",All of the candidates were ready for the competition.,Tất cả các ứng cử viên đã sẵn sàng cho cuộc thi.,https://audio.tudienkala.com/data/cache/images/300x225/c/a/candidate1.jpg,https://audio.tudienkala.com/audio/c/a/candidate.mp3
155,casual,/ˈkaʒjʊəl/,adj,"bình thường, thường ngày",Wearing casual clothes gives me comfort.,Mặc quần áo thường ngày tạo cho tôi sự thoải mái.,https://audio.tudienkala.com/data/cache/images/300x225/c/a/casual1.jpg,https://audio.tudienkala.com/audio/c/a/casual.mp3
155,ceremony,/ˈsɛrɪməni/,n,nghi lễ,The graduation ceremony lasted 4 hours.,Nghi lễ tốt nghiệp kéo dài 4 giờ.,https://audio.tudienkala.com/data/cache/images/300x225/c/e/ceremony1.jpg,https://audio.tudienkala.com/audio/c/e/ceremony.mp3
155,certain,/ˈsɜːtən/,adj,chắc chắn,She looks certain to win an Oscar.,Cô ấy trông chắc chắn thắng một giải Oscar.,https://audio.tudienkala.com/data/cache/images/300x225/c/e/certain2.jpg,https://audio.tudienkala.com/audio/c/e/certain.mp3
155,challenge,/ˈtʃælɪndʒ/,n,thử thách,The role will be the biggest challenge of his acting career.,Vai diễn này sẽ là thử thách lớn nhất trong sự nghiệp diễn xuất của anh ấy,https://audio.tudienkala.com/data/cache/images/300x225/c/h/challenge1.jpg,https://audio.tudienkala.com/audio/c/h/challenge.mp3
155,comfort,/ˈkʌmfət/,n,"sự thư thái, thoải mái",These tennis shoes are designed for comfort.,Những đôi giày tennis được thiết kế cho sự thoải mái.,https://audio.tudienkala.com/data/cache/images/300x225/c/o/comfort1.jpg,https://audio.tudienkala.com/audio/c/o/comfort.mp3
155,common,/'kɑ:mən/,n,"sự chung, của chung",We are working together for a common purpose.,Chúng tôi đang làm việc với nhau cho cùng chung một mục đích.,https://audio.tudienkala.com/data/cache/images/300x225/c/o/common1.jpg,https://audio.tudienkala.com/audio/c/o/common.mp3
155,comprise,/kəmˈpraɪz/,v,bao gồm,Women and children comprise seventy percent of the hospital’s patients.,Phụ nữ và trẻ em chiếm bảy mươi phần trăm bệnh nhân của bệnh viện.,https://audio.tudienkala.com/data/images_example/300x225/w/o/women_and__ex2_587726ee7f8b9ae72f8b4673.png,https://audio.tudienkala.com/audio/c/o/comprise.mp3
156,concept,/ˈkɒnsept/,n,khái niệm,Can you grasp the concept of marketing?,Bạn có nắm bắt được khái niệm marketing không?,https://audio.tudienkala.com/data/images_example/300x225/c/a/can_you_gr_ex1_587727587f8b9af52f8b45e4.jpg,https://audio.tudienkala.com/audio/c/o/concept.mp3
156,conduct,/'kɔndəkt/,v,"tiến hành, cư xử",Interviews were conducted over a period of three weeks.,Các cuộc phỏng vấn được tổ chức trong suốt giai đoạn kéo dài 3 tuần.,https://audio.tudienkala.com/data/cache/images/300x225/c/o/conduct1.jpg,https://audio.tudienkala.com/audio/c/o/conduct.mp3
156,consequence,/'kɔnsikwəns/,n,"kết quả, hậu quả, hệ quả; tầm quan trọng, tính trọng đại","As a consequence of not having seen a dentist for several years, Lydia had several cavities.","Hậu quả của việc không đi khám nha sĩ trong vài năm, Lydia đã bị vài răng sâu.",https://audio.tudienkala.com/data/images_example/300x225/a/s/as_a_conse_ex1_580de3767f8b9a3e688b456f.jpg,https://audio.tudienkala.com/audio/c/o/consequence.mp3
156,consider,/kən'sidə/,v,xem như,You shouldn't consider marrying a man for his money.,Bạn không nên nghĩ rằng lấy một người đàn ông vì tiền của anh ta.,https://audio.tudienkala.com/data/images_example/300x225/y/o/you_should_ex1_56248d147f8b9a040dc65dc0.png,https://audio.tudienkala.com/audio/c/o/consider.mp3
156,constant,/ˈkɒnstənt/,adj,"không dứt, liên tục",His constant babble irritates me.,Lời nói bừa bãi liên tục của anh ta làm tôi khó chịu.,https://audio.tudienkala.com/data/cache/images/300x225/c/o/constant2.png,https://audio.tudienkala.com/audio/c/o/constant.mp3
156,construct,/kənˈstrʌkt/,v,xây dựng,When was the bridge constructed?,Cây cầu được xây dựng khi nào?,https://audio.tudienkala.com/data/cache/images/300x225/c/o/construct1.jpg,https://audio.tudienkala.com/audio/c/o/construct.mp3
156,content,/kən'tent/,adj,"bằng lòng, hài lòng",He had to be content with third place.,Ông ấy phải bằng lòng với vị trí thứ 3.,https://audio.tudienkala.com/data/cache/images/300x225/c/o/content1.jpg,https://audio.tudienkala.com/audio/c/o/content.mp3
156,context,/ˈkɒntekst/,n,"ngữ cảnh, hoàn cảnh",This speech needs to be set in the context of Britain in the 1960s.,Bài phát biểu này cần phải được đặt trong bối cảnh nước Anh vào những năm 1960.,https://audio.tudienkala.com/data/cache/images/300x225/c/o/context2.jpg,https://audio.tudienkala.com/audio/c/o/context.mp3
156,convert,/kənˈvəːt/,v,chuyển đổi,"Can you help me convert file PDF to Word, please?",Bạn có thể giúp mình chuyển đổi bản thảo từ PDF sang Word được không?,https://audio.tudienkala.com/data/cache/images/300x225/c/o/convert1.png,https://audio.tudienkala.com/audio/c/o/convert.mp3
156,convince,/kən'vins/,v,Thuyết phục,He convinced me that he was right.,Anh ấy đã thuyết phục tôi rằng anh ấy đã đúng.,https://audio.tudienkala.com/data/cache/images/300x225/c/o/convince1.png,https://audio.tudienkala.com/audio/c/o/convince.mp3
156,courage,/ˈkʌrɪdʒ/,n,"lòng dũng cảm, can đảm",His courage infected his mates.,Lòng dũng cảm của anh ấy đã truyền sang đồng đội.,https://audio.tudienkala.com/data/cache/images/300x225/c/o/courage2.jpg,https://audio.tudienkala.com/audio/c/o/courage.mp3
156,crash,/kræʃ/,v,"va chạm, đâm sầm",The plane crashed into a mountainside.,Chiếc máy bay đâm sầm vào một sườn núi.,https://audio.tudienkala.com/data/images_example/300x225/t/h/the_plane__ex1_56248d0d7f8b9a000de3d28d.jpg,https://audio.tudienkala.com/audio/c/r/crash.mp3
156,creative,/kriˈeɪtɪv/,adj,sáng tạo,You are so creative! I have never seen any pictures like this before.,Cậu thật là sáng tạo! Tớ chưa bao giờ nhìn thấy bức tranh nào như này trước đây cả.,https://audio.tudienkala.com/data/cache/images/300x225/c/r/creative1.png,https://audio.tudienkala.com/audio/c/r/creative.mp3
156,creature,/ˈkriːtʃər/,n,"sinh vật, tạo vật",Merlion which is a creature with the head of a lion and the body of a fish is the symbol of Singapore.,"Merlion, một sinh vật với phần đầu là sư tử và phần thân hình cá là biểu tượng của Singapore.",https://audio.tudienkala.com/data/cache/images/300x225/c/r/creature1.jpg,https://audio.tudienkala.com/audio/c/r/creature.mp3
156,criminal,/ˈkrɪmɪnəl/,n,phạm tội/tội phạm,He must be a dangerous criminal.,Ông ta quả là một tên tội phạm nguy hiểm.,https://audio.tudienkala.com/data/cache/images/300x225/c/r/criminal1.png,https://audio.tudienkala.com/audio/c/r/criminal.mp3
156,crisis,/ˈkraɪsɪs/,n,khủng hoảng,We provide help to families in crisis situations.,Chúng tôi cung cấp sự giúp đỡ cho các gia đình trong những tình huống khủng hoảng.,https://audio.tudienkala.com/data/cache/images/300x225/c/r/crisis2.jpg,https://audio.tudienkala.com/audio/c/r/crisis.mp3
156,criticize,/ˈkrɪtɪsaɪz/,v,"phê bình, chỉ trích",The government has been criticized.,Chính phủ đã bị chỉ trích.,https://audio.tudienkala.com/data/cache/images/300x225/c/r/criticize2.png,https://audio.tudienkala.com/audio/c/r/criticize.mp3
156,curious,/ˈkjʊəriəs/,adj,"tò mò, thích tìm hiểu",My son is a curious boy; he always asks questions.,Con trai tôi là một cậu bé thích tìm hiểu; nó rất hay đặt ra các câu hỏi.,https://audio.tudienkala.com/data/cache/images/300x225/c/u/curious1.jpg,https://audio.tudienkala.com/audio/c/u/curious.mp3
156,custom,/ˈkʌstəm/,n,phong tục,"In my country, it's the custom for women to get married at 20 years old.",Ở đất nước tôi có phong tục là phụ nữ lấy chồng khi 20 tuổi.,https://audio.tudienkala.com/data/cache/images/300x225/c/u/custom1.jpg,https://audio.tudienkala.com/audio/c/u/custom.mp3
156,dare,/deər/,v,"Dám, dám đương đầu với",He didn’t dare (to) say what he thought.,Anh ấy không dám nói điều mà anh ta nghĩ,https://audio.tudienkala.com/data/cache/images/300x225/d/a/dare1.jpg,https://audio.tudienkala.com/audio/d/a/dare.mp3
156,debate,/dɪˈbeɪt/,v,"thảo luận, tranh luận",The question of the origin of the universe is still hotly debated by scientists.,Các câu hỏi về nguồn gốc của vũ trụ vẫn đang được tranh luận sôi nổi bởi các nhà khoa học.,https://audio.tudienkala.com/data/cache/images/300x225/d/e/debate2.jpg,https://audio.tudienkala.com/audio/d/e/debate.mp3
156,declare,/dɪˈkleər/,v,"tuyên bố, công bố",The area has been declared a national park,Khu vực này đã được công bố là công viên quốc gia,https://audio.tudienkala.com/data/cache/images/300x225/d/e/declare2.jpg,https://audio.tudienkala.com/audio/d/e/declare.mp3
156,defeat,/dɪˈfiːt/,v,"đánh bại, vượt qua","If we can defeat the Italian team, we'll be through to the final.","Nếu chúng ta có thể đánh bại đội tuyển Ý, chúng ta sẽ đi tiếp vào trận chung kết.",https://audio.tudienkala.com/data/cache/images/300x225/d/e/defeat1.png,https://audio.tudienkala.com/audio/d/e/defeat.mp3
156,defend,/dɪˈfend/,v,phòng thủ,How can we defend our homeland if we don't have an army?,Làm thế nào ta có thể bảo vệ quê hương nếu chúng ta không có quân đội?,https://audio.tudienkala.com/data/cache/images/300x225/d/e/defend2.jpg,https://audio.tudienkala.com/audio/d/e/defend.mp3
156,deforestation,/ˌdiːˌfɔːrɪˈsteɪʃn/,n,"sự tàn phá rừng, hiện tượng rừng bị tàn phá",There has been rising deforestation recently.,Gần đây nạn phá rừng ngày càng gia tăng.,https://audio.tudienkala.com/data/cache/images/300x225/d/e/deforestation1.jpg,https://audio.tudienkala.com/audio/d/e/deforestation.mp3
156,delighted,/dɪˈlaɪtɪd/,adj,"vui mừng, hài lòng, thích thú",I was delighted that you could stay.,Tôi rất vui mừng rằng bạn có thể ở lại.,https://audio.tudienkala.com/data/cache/images/300x225/d/e/delighted2.jpg,https://audio.tudienkala.com/audio/d/e/delighted.mp3
156,detect,/di'tekt/,v,"tìm ra, khám phá ra, nhận thấy",The tests are designed to detect the disease early.,Các xét nghiệm này được thiết kế để phát hiện bệnh sớm.,https://audio.tudienkala.com/data/cache/images/300x225/d/e/detect1.png,https://audio.tudienkala.com/audio/d/e/detect.mp3
156,disappoint,"/,disə'pɔint/",v,làm thất vọng,Leila was disappointed to discover that no rental cars were available the weekend she wished to travel.,Leila thất vọng khi phát hiện ra rằng không có xe thuê vào dịp cuối tuần mà cô muốn đi du lịch.,https://audio.tudienkala.com/data/cache/images/300x225/d/i/disappoint1.png,https://audio.tudienkala.com/audio/d/i/disappoint.mp3
156,disaster,/dɪˈzæstər/,n,"thảm họa, tai họa",The film begins with a terrible disaster.,Bộ phim bắt đầu với một tai nạn khủng khiếp.,https://audio.tudienkala.com/data/cache/images/300x225/d/i/disaster1.png,https://audio.tudienkala.com/audio/d/i/disaster.mp3
156,dismiss,/dɪˈsmɪs/,v,sa thải,He dismissed his staff.,Ông đã sa thải nhân viên của mình.,https://audio.tudienkala.com/data/images_example/300x225/h/e/he_dismiss_ex1_587726c67f8b9ae72f8b459d.jpg,https://audio.tudienkala.com/audio/d/i/dismiss.mp3
156,distribute,/dɪˈstrɪbjuːt/,v,phân phối,The books will be distributed free to local schools.,Những cuốn sách sẽ được phát miễn phí cho các trường học địa phương.,https://audio.tudienkala.com/data/images_example/300x225/t/h/the_books__ex1_587726767f8b9acf2f8b45f8.png,https://audio.tudienkala.com/audio/d/i/distribute.mp3
156,diversity,/da ɪˈvɜːsɪti/,n,"sự khác biệt, đa dạng",Is America the most ethnic diversity country in the world?,Mỹ có phải là nước đa dạng sắc tộc nhất trên thế giới?,https://audio.tudienkala.com/data/cache/images/300x225/d/i/diversity1.png,https://audio.tudienkala.com/audio/d/i/diversity.mp3
156,domestic,/dəˈmestɪk/,adj,nội địa,They are domestic tourists.,Họ là khách du lịch trong nước.,https://audio.tudienkala.com/data/cache/images/300x225/d/o/domestic1.jpg,https://audio.tudienkala.com/audio/d/o/domestic.mp3
156,dull,/dʌl/,adj,"chán, buồn tẻ",The first half of the game was pretty dull.,Nửa đầu của trận đấu khá buồn tẻ.,https://audio.tudienkala.com/data/cache/images/300x225/d/u/dull2.jpg,https://audio.tudienkala.com/audio/d/u/dull.mp3
156,duration,/djuə'reiʃn/,n,khoảng thời gian,Mother lent me her spare jacket for the duration of the trip.,Mẹ đã cho tôi mượn chiếc áo khoác để dành của bà cho suốt thời gian chuyến đi (của tôi).,https://audio.tudienkala.com/data/cache/images/300x225/d/u/duration2.jpg,https://audio.tudienkala.com/audio/d/u/duration.mp3
156,ease,/i:z/,v,làm dịu đi,These pills will ease the pain.,Những viên thuốc này sẽ làm dịu cơn đau.,https://audio.tudienkala.com/data/cache/images/300x225/e/a/ease1.jpg,https://audio.tudienkala.com/audio/e/a/ease.mp3
156,eco-friendly,/ˌiːkəʊˈfrendli/,adj,thân thiện với môt trường,Architects are trying to use eco-friendly materials for their building designs.,Các kiến trúc sư đang cố gắng sử dụng các vật liệu thân thiện với môi trường cho các thiết kế xây dựng của họ.,https://audio.tudienkala.com/data/cache/images/300x225/e/c/eco-friendly2.jpg,https://audio.tudienkala.com/audio/e/c/eco-friendly.mp3
156,effort,/ˈefət/,n,nỗ lực,You should put more effort into your work.,Bạn cần nỗ lực nhiều hơn vào công việc của mình.,https://audio.tudienkala.com/data/cache/images/300x225/e/f/effort1.jpg,https://audio.tudienkala.com/audio/e/f/effort.mp3
156,elect,/ɪˈlekt/,v,"lựa chọn, bầu chọn",Beijing was elected to hold The 2008 Summer Olympics.,Bắc Kinh được chọn để tổ chức Thế vận hội Mùa hè năm 2008.,https://audio.tudienkala.com/data/images_example/300x225/b/e/beijing_wa_ex1_587729367f8b9a6c308b45fb.jpg,https://audio.tudienkala.com/audio/e/l/elect.mp3
156,elegant,/ˈelɪɡənt/,adj,"thanh lịch, tao nhã",Susan looks elegant in her wedding dress.,Susan trông thật thanh lịch trong bộ váy cưới của cô ấy.,https://audio.tudienkala.com/data/cache/images/300x225/e/l/elegant2.jpg,https://audio.tudienkala.com/audio/e/l/elegant.mp3
156,element,/'elimənt/,n,yếu tố,The audience is an essential element of live theater.,Khán giả là một yếu tố thiết yếu của nhà hát sống (nhà hát trực tiếp).,https://audio.tudienkala.com/data/images_example/300x225/_/t/_the_audie_ex1_56248d167f8b9a040dc66204.jpg,https://audio.tudienkala.com/audio/e/l/element.mp3
156,emission,/ɪˈmɪʃən/,n,"chất thải phát ra (khí, gas, ...)",The government has pledged to clean up industrial emissions.,Chính phủ đã cam kết sẽ làm sạch khí thải công nghiệp.,https://audio.tudienkala.com/data/cache/images/300x225/e/m/emission1.jpg,https://audio.tudienkala.com/audio/e/m/emission.mp3
156,emphasize,/ˈɛmfəˌsaɪz/,v,"nhấn mạnh, làm nổi bật",The nurse emphasized the importance of eating a balanced diet.,Người y tá nhấn mạnh tầm quan trọng của việc ăn uống theo chế độ cân bằng.,https://audio.tudienkala.com/data/images_example/300x225/t/h/the_nurse__ex1_56248d167f8b9a040dc66284.png,https://audio.tudienkala.com/audio/e/m/emphasize.mp3
156,enable,/ɪˈneɪbl/,v,"giúp, cho phép",The knife enabled him to cut open the box.,Con dao giúp anh ta cắt mở hộp.,https://audio.tudienkala.com/data/images_example/300x225/t/h/the_knife__ex1_587727777f8b9af52f8b46b0.jpg,https://audio.tudienkala.com/audio/e/n/enable.mp3
156,enrol,/ɪnˈrəʊl/,v,"kết nạp vào, ghi tên cho vào (khóa học, trường,...)",You need to enrol before the end of August.,Bạn cần phải ghi danh trước khi kết thúc tháng Tám.,https://audio.tudienkala.com/data/cache/images/300x225/e/n/enrol1.jpg,https://audio.tudienkala.com/audio/e/n/enrol.mp3
156,enthusiastic,/ɪnˌθjuːziˈæstɪk/,adj,"nhiệt tình, hào hứng",Young people feel more enthusiastic to talk about the opposite-sex relationships.,Các bạn trẻ cảm thấy hào hứng hơn khi nói về các mối quan hệ khác giới.,https://audio.tudienkala.com/data/cache/images/300x225/e/n/enthusiastic1.jpg,https://audio.tudienkala.com/audio/e/n/enthusiastic.mp3
156,entire,/ɪnˈtaɪər/,adj,"toàn bộ, hoàn toàn",I have never in my entire life heard such nonsense!,Tôi chưa bao giờ nghe một chuyện phi lý như vậy trong đời mình!,https://audio.tudienkala.com/data/cache/images/300x225/e/n/entire2.jpg,https://audio.tudienkala.com/audio/e/n/entire.mp3
156,entrance,/ˈentr(ə)ns/,n,"lối vào, cổng",The entrance to the theatre is full of people.,Lối vào rạp hát đông nghẹt người.,https://audio.tudienkala.com/data/cache/images/300x225/e/n/entrance1.png,https://audio.tudienkala.com/audio/e/n/entrance.mp3
156,equally,/ˈiːkwəli/,adv,"ngang nhau, như nhau",They say that my rival and I are equally handsome.,Họ nói rằng đối thủ của tôi và tôi đều đẹp trai như nhau.,https://audio.tudienkala.com/data/cache/images/300x225/e/q/equally2.jpeg,https://audio.tudienkala.com/audio/e/q/equally.mp3
156,eternal,/ɪˈtɜː(r)n(ə)l/,adj,vĩnh cửu,Everyone wishes to live an eternal life.,Tất cả mọi người đều mong muốn được sống cuộc sống trường sinh.,https://audio.tudienkala.com/data/cache/images/300x225/e/t/eternal1.jpg,https://audio.tudienkala.com/audio/e/t/eternal.mp3
157,evidence,/ˈevɪdəns/,n,bằng chứng,There was no obvious evidence of a break-in.,Không có bằng chứng rõ ràng của một cuộc đột nhập.,https://audio.tudienkala.com/data/cache/images/300x225/e/v/evidence1.jpg,https://audio.tudienkala.com/audio/e/v/evidence.mp3
157,evil,/ˈiːvəl/,n,"điều xấu, ác",You cannot pretend there's no evil in the world.,Bạn không thể giả vờ không có điều ác trên thế giới.,https://audio.tudienkala.com/data/cache/images/300x225/e/v/evil2.jpeg,https://audio.tudienkala.com/audio/e/v/evil.mp3
157,evolution,/ˌiːvəˈluːʃən/,n,sự tiến hóa,Evolution and the Big Bang theory do not contradict God's existence.,Thuyết Tiến hóa và thuyết Big Bang không mâu thuẫn với sự tồn tại của Thiên Chúa.,https://audio.tudienkala.com/data/cache/images/300x225/e/v/evolution1.jpg,https://audio.tudienkala.com/audio/e/v/evolution.mp3
157,exception,/ɪkˈsepʃən/,n,ngoại lệ,"Most of the buildings in the town are modern, but the church is an exception.","Hầu hết các tòa nhà trong thị trấn đều hiện đại, nhưng nhà thờ là một ngoại lệ.",https://audio.tudienkala.com/data/cache/images/300x225/e/x/exception2.png,https://audio.tudienkala.com/audio/e/x/exception.mp3
157,exclude,/ɪksˈkluːd/,v,loại trừ,We must not exclude any clean energy source including nuclear.,Chúng ta phải không loại trừ bất kỳ nguồn năng lượng sạch nào bao gồm cả hạt nhân.,https://audio.tudienkala.com/data/cache/images/300x225/e/x/exclude1.jpg,https://audio.tudienkala.com/audio/e/x/exclude.mp3
157,exhibition,/ˌeksɪˈbɪʃən/,n,buổi triển lãm,The Human and Nature art exhibition begins today at the city art gallery.,Triển lãm nghệ thuật Con người và Thiên nhiên bắt đầu ngày hôm nay ở phòng triển lãm thành phố.,https://audio.tudienkala.com/data/cache/images/300x225/e/x/exhibition1.png,https://audio.tudienkala.com/audio/e/x/exhibition.mp3
157,expand,/iks'pænd/,v,"mở rộng, phát triển",The telephone networks in rural areas should be expanded.,Mạng lưới điện thoại ở các vùng sâu vùng xa nên được mở rộng.,https://audio.tudienkala.com/data/cache/images/300x225/e/x/expand1.jpg,https://audio.tudienkala.com/audio/e/x/expand.mp3
157,expect,/ɪkˈspekt/,v,mong đợi,She expects to see her new baby girl.,Cô ấy mong đợi được gặp con gái bé nhỏ của cô.,https://audio.tudienkala.com/data/cache/images/300x225/e/x/expect1.png,https://audio.tudienkala.com/audio/e/x/expect.mp3
157,factor,/'fæktə/,n,"nhân tố, yếu tố",The result will depend on a number of different factors.,Kết quả sẽ phụ thuộc vào một số lượng những nhân tố khác nhau.,https://audio.tudienkala.com/data/cache/images/300x225/f/a/factor1.png,https://audio.tudienkala.com/audio/f/a/factor.mp3
157,faithful,/ˈfeɪθfəl/,adj,"trung thành, chung thủy",He remained faithful to the ideals of the party.,Ông ấy vẫn trung thành với lý tưởng của Đảng.,https://audio.tudienkala.com/data/cache/images/300x225/f/a/faithful2.jpg,https://audio.tudienkala.com/audio/f/a/faithful.mp3
157,fame,/feim/,n,"tiếng tăm, danh tiếng",She went to Hollywood in search of fame and fortune.,Cô ấy đã đến Hollywood để tìm kiếm danh vọng và vận may,https://audio.tudienkala.com/data/cache/images/300x225/f/a/fame1.jpg,https://audio.tudienkala.com/audio/f/a/fame.mp3
157,familiar,/fə'miljə/,adj,"quen thuộc, thông thường",It's nice to see some familiar items on the menu.,Thật là hay khi thấy vài món ăn quen thuộc trong thực đơn.,https://audio.tudienkala.com/data/cache/images/300x225/f/a/familiar2.jpg,https://audio.tudienkala.com/audio/f/a/familiar.mp3
157,fasten,/ˈfɑːsən/,v,"đóng, cài","Fasten your seatbelts, please",Xin vui lòng cài chặt dây an toàn của bạn,https://audio.tudienkala.com/data/cache/images/300x225/f/a/fasten2.jpg,https://audio.tudienkala.com/audio/f/a/fasten.mp3
157,fault,/fɔːlt/,n,"lỗi, sai lầm",Many people live in poverty through no fault of their own,Nhiều người sống trong nghèo đói không phải do lỗi của riêng họ.,https://audio.tudienkala.com/data/cache/images/300x225/f/a/fault2.jpg,https://audio.tudienkala.com/audio/f/a/fault.mp3
157,firm,/fɜːrm,n,"hãng, công ty",It's a progressive firm.,Đó là một công ty đang phát triển.,https://audio.tudienkala.com/data/cache/images/300x225/f/i/firm2.jpg,https://audio.tudienkala.com/audio/f/i/firm.mp3
157,flame,/fleɪm/,n,ngọn lửa,The flame has been burning for five hours.,Ngọn lửa đã được cháy trong năm giờ.,https://audio.tudienkala.com/data/cache/images/300x225/f/l/flame1.jpg,https://audio.tudienkala.com/audio/f/l/flame.mp3
157,float,/fləʊt/,v,"nổi, trôi, lơ lửng",The boats were floating gently down the river.,Những chiếc thuyền đang trôi nhẹ nhàng trên sông.,https://audio.tudienkala.com/data/images_example/300x225/t/h/the_boats__ex2_587729437f8b9a6c308b4649.jpg,https://audio.tudienkala.com/audio/f/l/float.mp3
157,forgive,/fərˈgɪv/,v,tha thứ,Forgive my interrupting but I really don't agree with that.,Hãy tha thứ cho sự gián đoạn của tôi nhưng tôi thực sự không đồng ý với điều đó.,https://audio.tudienkala.com/data/cache/images/300x225/f/o/forgive1.jpg,https://audio.tudienkala.com/audio/f/o/forgive.mp3
157,form,/fɔ:m/,n,mẫu đơn,I send you my application form.,Tôi gửi bạn đơn xin việc của tôi.,https://audio.tudienkala.com/data/cache/images/300x225/f/o/form1.png,https://audio.tudienkala.com/audio/f/o/form.mp3
157,foundation,/faʊnˈdeɪʃən/,n,"nền tảng, cơ sở",I will build a solid foundation for my career.,Tôi sẽ xây dựng một nền tảng vững chắc cho sự nghiệp của tôi.,https://audio.tudienkala.com/data/cache/images/300x225/f/o/foundation-n11.png,https://audio.tudienkala.com/audio/f/o/foundation-n1.mp3
157,frank,/fræŋk/,adj,"ngay thẳng, bộc trực",I was frank about my dislike of this music.,Tôi đã thẳng thắn về việc tôi không thích âm nhạc này.,https://audio.tudienkala.com/data/cache/images/300x225/f/r/frank1.jpg,https://audio.tudienkala.com/audio/f/r/frank.mp3
157,frighten,/ˈfraɪtən/,v,làm ai lo sợ,She's not easily frightened.,Cô ấy không dễ dàng sợ hãi.,https://audio.tudienkala.com/data/cache/images/300x225/f/r/frighten2.jpg,https://audio.tudienkala.com/audio/f/r/frighten.mp3
157,gender,/ˈdʒendər/,n,giới tính,It's pretty hard to determine the gender of a pet hamster.,Khá là khó để xác định được giới tính của chú chuột nuôi kiểng.,https://audio.tudienkala.com/data/cache/images/300x225/g/e/gender1.png,https://audio.tudienkala.com/audio/g/e/gender.mp3
157,gesture,/ˈdʒestʃər/,n,"điệu bộ, cử chỉ",The angry fans made rude gestures at the striker.,Các fan hâm mộ giận dữ làm những cử chỉ thô lỗ đối với các tiền đạo.,https://audio.tudienkala.com/data/images_example/300x225/t/h/the_angry__ex2_58772a2a7f8b9a99308b4593.jpg,https://audio.tudienkala.com/audio/g/e/gesture.mp3
157,globalization,/ˌɡləʊbəlaɪˈzeɪʃən/,n,sự toàn cầu hóa,Globalization has certainly provided a boost to trade and labour reform in many countries.,Sự toàn cầu hóa chắc chắn đã cung cấp một sự thúc đẩy đối với thương mại và cải tạo lao động ở nhiều quốc gia.,https://audio.tudienkala.com/data/cache/images/300x225/g/l/globalization1.jpg,https://audio.tudienkala.com/audio/g/l/globalization.mp3
157,goal,/goul/,n,"mục đích, mục tiêu",Employees are expected to analyze and evaluate their annual goals.,Các nhân viên được yêu cầu phân tích và đánh giá các mục tiêu hàng năm của họ.,https://audio.tudienkala.com/data/cache/images/300x225/g/o/goal2.png,https://audio.tudienkala.com/audio/g/o/goal.mp3
157,grab,/ɡræb/,v,"nắm, chộp, túm lấy",She grabbed the child's hand and ran.,Cô ấy nắm lấy bàn tay của đứa trẻ và chạy.,https://audio.tudienkala.com/data/cache/images/300x225/g/r/grab2.jpg,https://audio.tudienkala.com/audio/g/r/grab.mp3
157,graduate,/ˈɡrædʒuət/,n,"người tốt nghiệp đại học, có bằng cử nhân",She's an RMIT graduate.,Cô ấy là sinh viên tốt nghiệp trường RMIT.,https://audio.tudienkala.com/data/cache/images/300x225/g/r/graduate1.jpg,https://audio.tudienkala.com/audio/g/r/graduate.mp3
157,grateful,/ˈgreɪtfəl/,adj,biết ơn,We would be grateful for any information you can give us.,Chúng tôi rất biết ơn những thông tin mà bạn đưa cho chúng tôi,https://audio.tudienkala.com/data/cache/images/300x225/g/r/grateful1.jpg,https://audio.tudienkala.com/audio/g/r/grateful.mp3
157,guarantee,/ˌgærənˈtiː/,n,"sự bảo đảm, bảo hành",He gave me a guarantee that it would never happen again.,Anh ấy cho tôi một sự đảm bảo rằng nó sẽ không xảy ra lần nữa.,https://audio.tudienkala.com/data/cache/images/300x225/g/u/guarantee1.jpg,https://audio.tudienkala.com/audio/g/u/guarantee.mp3
157,guideline,/ˈɡaɪdlaɪn/,n,"hướng dẫn, nguyên tắc chỉ đạo",The doctor has drawn up guidelines on the treatment of the mentally ill.,Các bác sĩ đã đưa ra các hướng dẫn về điều trị bệnh tâm thần.,https://audio.tudienkala.com/data/cache/images/300x225/g/u/guideline1.jpg,https://audio.tudienkala.com/audio/g/u/guideline.mp3
157,harmful,/ˈhɑːrmfəl/,adj,có hại,This group of chemicals is harmful to people.,Nhóm hóa chất này có hại cho con người.,https://audio.tudienkala.com/data/cache/images/300x225/h/a/harmful1.jpg,https://audio.tudienkala.com/audio/h/a/harmful.mp3
157,heritage,/ˈherɪtɪdʒ/,n,di sản,Hue's Imperial City was listed as a Cultural World Heritage site by UNESCO in 1993.,Cố đô Huế được công nhận là di sản văn hóa thế giới bởi UNESCO năm 1993.,https://audio.tudienkala.com/data/cache/images/300x225/h/e/heritage1.jpg,https://audio.tudienkala.com/audio/h/e/heritage.mp3
157,honest,/ˈɒnɪst/,adj,"trung thực, lương thiện",I haven't been totally honest with you.,Tôi không hoàn toàn trung thực với em.,https://audio.tudienkala.com/data/cache/images/300x225/h/o/honest1.jpg,https://audio.tudienkala.com/audio/h/o/honest.mp3
157,hospitality,/ˌhɒspɪˈtæləti/,n,"lòng mến khách, lòng hiếu khách",Thank you for your hospitality.,Cảm ơn lòng hiếu khách của bạn.,https://audio.tudienkala.com/data/cache/images/300x225/h/o/hospitality1.jpg,https://audio.tudienkala.com/audio/h/o/hospitality.mp3
157,host,/həʊst/,n,chủ nhà,Dan wrote that a guest never forgets the host who had treated him kindly.,Dan đã viết rằng một vị khách sẽ không bao giờ quên chủ nhà đã đối xử tử tế với họ.,https://audio.tudienkala.com/data/cache/images/300x225/h/o/host1.jpg,https://audio.tudienkala.com/audio/h/o/host.mp3
157,humorous,/ˈhjuːmərəs/,adj,"hài hước, khôi hài",We had a humorous and entertaining talk.,Chúng tôi đã có một cuộc nói chuyện hài hước và giải trí.,https://audio.tudienkala.com/data/cache/images/300x225/h/u/humorous1.jpg,https://audio.tudienkala.com/audio/h/u/humorous.mp3
157,hunt,/hʌnt/,v,"săn bắn, săn bắt",Whales are still being hunted and killed in the Arctic.,Cá voi vẫn đang bị săn bắn và giết chết ở Bắc Cực.,https://audio.tudienkala.com/data/cache/images/300x225/h/u/hunt1.png,https://audio.tudienkala.com/audio/h/u/hunt.mp3
157,ignore,/ig'nɔ:/,v,"bỏ qua, phớt lờ",He ignored all the things she said.,Anh ấy phớt lờ tất cả những gì cô ấy nói.,https://audio.tudienkala.com/data/cache/images/300x225/i/g/ignore1.jpg,https://audio.tudienkala.com/audio/i/g/ignore.mp3
157,imaginative,/ɪˈmædʒɪnətɪv/,adj,giàu tưởng tượng,He is an imaginative designer.,Anh ta là nhà thiết kế giàu tưởng tượng.,https://audio.tudienkala.com/data/cache/images/300x225/i/m/imaginative1.jpg,https://audio.tudienkala.com/audio/i/m/imaginative.mp3
157,income,/ˈɪnkʌm/,n,thu nhập,His income is too low to help his family.,Thu nhập của anh ấy là quá thấp để giúp gia đình.,https://audio.tudienkala.com/data/cache/images/300x225/i/n/income1.jpg,https://audio.tudienkala.com/audio/i/n/income.mp3
157,independent,/ˌɪndɪˈpendənt/,adj,"độc lập, không phụ thuộc",Living far from home has made me more independent.,Việc sống xa nhà làm tôi trở nên độc lập hơn.,https://audio.tudienkala.com/data/cache/images/300x225/i/n/independent2.jpg,https://audio.tudienkala.com/audio/i/n/independent.mp3
157,influence,/ˈɪnfluəns/,v,"ảnh hưởng, tác động",Research shows that most young smokers are influenced by their friends,Nghiên cứu cho thấy rằng hầu hết những người hút thuốc trẻ bị ảnh hưởng bởi bạn bè của họ,https://audio.tudienkala.com/data/cache/images/300x225/i/n/influence1.jpg,https://audio.tudienkala.com/audio/i/n/influence.mp3
157,infrastructure,/ˈɪnfrəstrʌktʃə/,n,cơ sở hạ tầng,It is necessary to improve the infrastructure for better traffic systems.,Cải thiện cơ sở hạ tầng cho các hệ thống giao thông tốt hơn là điều cần thiết.,https://audio.tudienkala.com/data/cache/images/300x225/i/n/infrastructure1.jpg,https://audio.tudienkala.com/audio/i/n/infrastructure.mp3
157,injured,/ˈɪndʒərd/,adj,bị thương,She was seriously injured in the accident.,Cô ấy bị thương nặng trong vụ tai nạn.,https://audio.tudienkala.com/data/cache/images/300x225/i/n/injured1.png,https://audio.tudienkala.com/audio/i/n/injured.mp3
157,insist,/ɪnˈsɪst/,v,"khăng khăng, cố nài",I didn't really want to go but he insisted.,"Tôi thực sự không muốn đi, nhưng anh ta cố nài.",https://audio.tudienkala.com/data/cache/images/300x225/i/n/insist2.jpg,https://audio.tudienkala.com/audio/i/n/insist.mp3
157,inspect,/in'spekt/,v,"thanh tra, kiểm tra, xem xét kỹ",Children's car seats are thoroughly inspected and tested for safety before being put on the market.,Chổ ngồi trên xe ô-tô của trẻ em được kiểm tra và kiểm nghiệm kỹ lưỡng trước khi có mặt trên thị trường.,https://audio.tudienkala.com/data/images_example/300x225/c/h/childrens__ex1_580ec4117f8b9ae2888b457f.png,https://audio.tudienkala.com/audio/i/n/inspect.mp3
157,instinct,/in'stiɳkt/,n,"bản năng, năng khiếu","The child's ability to play the cello was so natural, it seemed an instinct.","Khả năng chơi đàn cello của cậu bé này quả là trời cho, nó dường như là 1 bản năng.",https://audio.tudienkala.com/data/cache/images/300x225/i/n/instinct1.png,https://audio.tudienkala.com/audio/i/n/instinct.mp3
157,instruct,/ɪnˈstrʌkt/,v,"chỉ dẫn, chỉ thị cho",You will be instructed where to go as soon as the plane is ready.,Bạn sẽ được chỉ dẫn đi đâu ngay sau khi máy bay đã sẵn sàng.,https://audio.tudienkala.com/data/images_example/300x225/y/o/you_will_b_ex2_587726807f8b9acf2f8b4632.png,https://audio.tudienkala.com/audio/i/n/instruct.mp3
157,intake,/ˈɪnteɪk/,n,lượng hấp thu,Reduce your salt intake to lower blood pressure.,Giảm lượng muối ăn của bạn để làm giảm huyết áp.,https://audio.tudienkala.com/data/images_example/300x225/r/e/reduce_you_ex2_58772a2b7f8b9a99308b4598.jpg,https://audio.tudienkala.com/audio/i/n/intake.mp3
158,intermediate,/ˌɪntəˈmiːdiət/,adj,"trung cấp, giữa cấp cao và cấp thấp",He is an intermediate student of English.,Anh là một học sinh trung cấp tiếng Anh.,https://audio.tudienkala.com/data/cache/images/300x225/i/n/intermediate1.jpg,https://audio.tudienkala.com/audio/i/n/intermediate.mp3
158,jealous,/ˈdʒeləs/,adj,ghen tuông,Don't be a jealous wife.,Đừng là cô vợ ghen tuông.,https://audio.tudienkala.com/data/cache/images/300x225/j/e/jealous2.jpg,https://audio.tudienkala.com/audio/j/e/jealous.mp3
158,judge,/dʒʌdʒ/,v,"phán xét, đánh giá",You shouldn’t judge someone by their appearance alone.,Bạn không nên đánh giá ai đó chỉ qua vẻ bề ngoài của họ.,https://audio.tudienkala.com/data/cache/images/300x225/j/u/judge1.jpg,https://audio.tudienkala.com/audio/j/u/judge.mp3
158,keen,/kiːn/,adj,say mê,He was very keen and enthusiastic about learning.,Anh ta rất say mê và nhiệt tình với việc học.,https://audio.tudienkala.com/data/cache/images/300x225/k/e/keen1.jpg,https://audio.tudienkala.com/audio/k/e/keen.mp3
158,knot,/nɒt/,n,nút thắt,Sailors had to know lots of different knots.,Thủy thủ phải biết rất nhiều nút thắt khác nhau.,https://audio.tudienkala.com/data/cache/images/300x225/k/n/knot2.jpg,https://audio.tudienkala.com/audio/k/n/knot.mp3
158,lack,/læk/,v,thiếu,He lacks confidence.,Anh ấy thiếu tự tin.,https://audio.tudienkala.com/data/cache/images/300x225/l/a/lack2.jpg,https://audio.tudienkala.com/audio/l/a/lack.mp3
158,last,/lɑːst/,v,kéo dài,A football match often lasts 90 minutes.,Một trận bóng đá thường kéo dài 90 phút.,https://audio.tudienkala.com/data/images_example/300x225/a/_/a_football_ex1_56248cf37f8b9af80c011dad.jpg,https://audio.tudienkala.com/audio/l/a/last.mp3
158,lay,/leɪ/,v,đẻ (trứng),His chickens lay many eggs.,Gà của anh ta đẻ nhiều trứng.,https://audio.tudienkala.com/data/cache/images/300x225/l/a/lay1.png,https://audio.tudienkala.com/audio/l/a/lay.mp3
158,license,/'laisəns/,n,"giấy phép, chứng chỉ, bằng",A driver's license allows you to operate a motor vehicle legally.,Giấy phép lái xe hạng A cho phép bạn lái xe mô tô một cách hợp pháp.,https://audio.tudienkala.com/data/cache/images/300x225/l/i/license1.jpg,https://audio.tudienkala.com/audio/l/i/license.mp3
158,lifespan,/ˈlaɪfspæn/,n,tuổi thọ,Human can have a lifespan of a hundred years.,Con người có thể có tuổi thọ khoảng một trăm năm.,https://audio.tudienkala.com/data/cache/images/300x225/l/i/lifespan1.jpg,https://audio.tudienkala.com/audio/l/i/lifespan.mp3
158,likely,/ˈlaɪkli/,adj,"có khả năng, có thể",Tickets are likely to be expensive,Vé có thể sẽ đắt,https://audio.tudienkala.com/data/images_example/300x225/t/i/tickets_ar_ex2_587727667f8b9af52f8b4641.jpg,https://audio.tudienkala.com/audio/l/i/likely.mp3
158,limit,/'limit/,n,"giới hạn, hết hạn dùng",We were reaching the limits of civilization.,Chúng tôi đã đạt đến giới hạn của nền văn minh.,https://audio.tudienkala.com/data/cache/images/300x225/l/i/limit1.png,https://audio.tudienkala.com/audio/l/i/limit.mp3
158,liquid,/ˈlɪkwɪd/,n,chất lỏng,Water is a kind of liquid.,Nước là một dạng chất lỏng.,https://audio.tudienkala.com/data/cache/images/300x225/l/i/liquid1.png,https://audio.tudienkala.com/audio/l/i/liquid.mp3
158,lively,/ˈlaɪvli/,adj,"năng nổ, hoạt bát",He showed a lively interest in politics,Ông ấy đã cho thấy một sự quan tâm năng nổ trong chính trị,https://audio.tudienkala.com/data/cache/images/300x225/l/i/lively2.jpg,https://audio.tudienkala.com/audio/l/i/lively.mp3
158,location,/lou'keiʃn/,n,vị trí,The location of the meeting was changed from the Red Room to the Green Room.,Vị trí họp đã được thay đổi từ phòng Đỏ sang phòng Xanh.,https://audio.tudienkala.com/data/cache/images/300x225/l/o/location1.png,https://audio.tudienkala.com/audio/l/o/location.mp3
158,loose,/luːs/,adj,"lỏng, chùng, rộng",The jeans is too loose for me.,Chiếc quần bò quá rộng với tôi.,https://audio.tudienkala.com/data/cache/images/300x225/l/o/loose1.png,https://audio.tudienkala.com/audio/l/o/loose.mp3
158,loyal,/'lɔiəl/,adj,"trung thành, trung nghĩa, trung kiên","Even though your assistant is loyal, you have to question his job performance.","Dù là trợ lý của anh trung thành, anh vẫn phải đặt vấn đề về kết quả công việc của hắn.",https://audio.tudienkala.com/data/cache/images/300x225/l/o/loyal1.png,https://audio.tudienkala.com/audio/l/o/loyal.mp3
158,management,/ˈmænɪdʒmənt/ UK: /ˈmænɪdʒmənt/,n,"(sự) quản lý, quản trị",We need someone with good management style to help with our work.,Chúng tôi cần một người có cách quản lý tốt để giúp đỡ với công việc của chúng tôi.,https://audio.tudienkala.com/data/cache/images/300x225/m/a/management2.jpg,https://audio.tudienkala.com/audio/m/a/management.mp3
158,mass-produce,/mæsprəˈdjuːs/,v,sản xuất hàng loạt,mass-produced souvenirs,quà lưu niệm sản xuất hàng loạt,https://audio.tudienkala.com/data/cache/images/300x225/m/a/mass-produce1.jpg,https://audio.tudienkala.com/audio/m/a/mass-produce.mp3
158,mention,/'menʃn/,v,"nói đến, đề cập đếm, đề xuất",You should mention in the letter that we can arrange for mailing the brochures as well as printing them.,Anh nên đề cập trong thư rằng chúng ta có thể thu xếp gửi (thư) tờ bướm cũng như là in ấn chúng.,https://audio.tudienkala.com/data/cache/images/300x225/m/e/mention1.jpg,https://audio.tudienkala.com/audio/m/e/mention.mp3
158,method,/ˈmeθəd/,n,"phương pháp, cách thức",Gloria perfected a simple method for making croissants.,Gloria đã hoàn thành một phương pháp đơn giản để làm bánh sừng bò.,https://audio.tudienkala.com/data/cache/images/300x225/m/e/method1.jpg,https://audio.tudienkala.com/audio/m/e/method.mp3
158,minimize,/'minimaiz/,v,"giảm thiểu, tối thiểu hóa",The authority must find urgent solutions to minimize pollution.,Chính quyền phải tìm giải pháp cấp bách để giảm thiểu tối đa ô nhiễm.,https://audio.tudienkala.com/data/images_example/300x225/t/h/the_author_ex1_56248cfb7f8b9afa0cb17e28.jpg,https://audio.tudienkala.com/audio/m/i/minimize.mp3
158,minority,/maɪˈnɔːrəti/,n,thiểu số,Most ethnic minorities live in the highlands.,Hầu hết các dân tộc thiểu số sống ở vùng cao.,https://audio.tudienkala.com/data/cache/images/300x225/m/i/minority1.png,https://audio.tudienkala.com/audio/m/i/minority.mp3
158,mobile,/ˈməʊbəl/,adj,"di động, lưu động",Please contact me via mobile phone.,Hãy liên hệ với tôi qua di động.,https://audio.tudienkala.com/data/images_example/300x225/p/l/please_con_ex2_587727e87f8b9a0d308b45c0.jpg,https://audio.tudienkala.com/audio/m/o/mobile.mp3
158,moral,/ˈmɒrəl/,adj,đạo đức,I am interested in moral philosophy. Whose work should I read?,Tôi quan tâm đến triết lý đạo đức. Tôi nên đọc tác phẩm của ai?,https://audio.tudienkala.com/data/cache/images/300x225/m/o/moral2.gif,https://audio.tudienkala.com/audio/m/o/moral.mp3
158,moreover,/mɔːrˈəʊvər/,adv,"hơn thế nữa, thêm vào đó",She's beautiful and moreover she's a sweet girl.,Cô ấy xinh đẹp và hơn nữa cô cũng là một cô gái dịu dàng.,https://audio.tudienkala.com/data/cache/images/300x225/m/o/moreover2.png,https://audio.tudienkala.com/audio/m/o/moreover.mp3
158,mountainous,/ˈmaʊntɪnəs/,adj,"vùng núi, nhiều núi",A minority of people live in the mountainous region.,Một số ít người sống ở khu vực miền núi.,https://audio.tudienkala.com/data/cache/images/300x225/m/o/mountainous1.jpg,https://audio.tudienkala.com/audio/m/o/mountainous.mp3
158,movement,/ˈmuːvmənt/,n,"sự chuyển động, dịch chuyển",Loose clothing gives you greater freedom of movement.,Quần áo rộng giúp bạn di chuyển dễ dàng hơn.,https://audio.tudienkala.com/data/cache/images/300x225/m/o/movement1.jpg,https://audio.tudienkala.com/audio/m/o/movement.mp3
158,multicultural,/ˌmʌltiˈkʌltʃərəl/,adj,"đa văn hóa, đa chủng tộc",My company is multicultural and has many international employees.,Công ty của tôi là đa văn hóa và có nhiều nhân viên quốc tế.,https://audio.tudienkala.com/data/cache/images/300x225/m/u/multicultural1.jpg,https://audio.tudienkala.com/audio/m/u/multicultural.mp3
158,naturally,/ˈnætʃərəli/,adv,"cố nhiên, đương nhiên","Naturally, I get upset when things go wrong","Đương nhiên, tôi cảm thấy buồn khi mọi thứ diễn ra không đúng",https://audio.tudienkala.com/data/images_example/300x225/n/a/naturally__ex2_5877274f7f8b9af52f8b45ad.jpg,https://audio.tudienkala.com/audio/n/a/naturally.mp3
158,necessary,/ˈnesəsəri/,adj,"cần thiết, quan trọng",A map is necessary for this trip to explore the forest.,Một chiếc bản đồ là cần thiết cho chuyến đi khám phá khu rừng này.,https://audio.tudienkala.com/data/images_example/300x225/a/_/a_map_is_n_ex1_5624becf7f8b9ac7111962fc.jpg,https://audio.tudienkala.com/audio/n/e/necessary.mp3
158,negative,/ˈneɡətɪv/,adj,"tiêu cực, có hại",The crisis had a negative effect on trade.,Cuộc khủng hoảng đã ảnh hưởng tiêu cực đến thương mại.,https://audio.tudienkala.com/data/cache/images/300x225/n/e/negative1.jpg,https://audio.tudienkala.com/audio/n/e/negative.mp3
158,neglect,/nɪˈɡlekt/,v,"xao lãng, bỏ bê, lơ là",He neglected to write to her.,Anh ta xao lãng việc viết thư cho cô ấy.,https://audio.tudienkala.com/data/cache/images/300x225/n/e/neglect1.jpg,https://audio.tudienkala.com/audio/n/e/neglect.mp3
158,negotiate,/ni'gouʃieit/,v,"thương lượng, đàm phán, điều đình",You must know what you want and what you can accept when you negotiate a salary.,Anh phải biết mình muốn gì và mình có thể chấp nhận gì khi thương lượng về lương bổng.,https://audio.tudienkala.com/data/cache/images/300x225/n/e/negotiate1.png,https://audio.tudienkala.com/audio/n/e/negotiate.mp3
158,nervous,/ˈnɜːrvəs/,adj,"lo lắng, hồi hộp",He is nervous when he makes a speech in front of crowds.,Ông ấy hồi hộp khi ông phát biểu trước đám đông.,https://audio.tudienkala.com/data/cache/images/300x225/n/e/nervous1.png,https://audio.tudienkala.com/audio/n/e/nervous.mp3
158,network,/ˈnetwɜːrk/,v,nối mạng,People stay after the speech to network.,Mọi người ở lại sau bài phát biểu để làm quen với những người cùng chí hướng.,https://audio.tudienkala.com/data/cache/images/300x225/n/e/network1.jpg,https://audio.tudienkala.com/audio/n/e/network.mp3
158,obey,/ə'bei/,v,tuân thủ,Road users should obey traffic rules strictly.,Người tham gia giao thông phải tuân thủ luật giao thông một cách nghiêm ngặt.,https://audio.tudienkala.com/data/images_example/300x225/r/o/road_users_ex1_56248cf57f8b9af80c0122bd.jpg,https://audio.tudienkala.com/audio/o/b/obey.mp3
158,occasion,/əˈkeɪʒ(ə)n/,n,"dịp, cơ hội",That rich man often goes to that place on special occasions.,Đó là người đàn ông giàu có thường đi vào đó diễn ra vào những dịp đặc biệt.,https://audio.tudienkala.com/data/cache/images/300x225/o/c/occasion1.jpg,https://audio.tudienkala.com/audio/o/c/occasion.mp3
158,occur,/əˈkɜː/,v,xảy ra,The tsunami occurred at about 3.30 p.m.,Vụ sóng thần xảy ra vào lúc khoảng 3:30 chiều.,https://audio.tudienkala.com/data/cache/images/300x225/o/c/occur1.jpg,https://audio.tudienkala.com/audio/o/c/occur.mp3
158,offer,/'ɔfə/,n,"đề xuất, đề nghị, chào mời, chào hàng",Devon accepted our offer to write the business plan.,Devon đã chuấp thuận đề nghị của chúng tôi để viết một bản kế hoạch kinh doanh.,https://audio.tudienkala.com/data/cache/images/300x225/o/f/offer1.png,https://audio.tudienkala.com/audio/o/f/offer.mp3
158,one-sided,/ˌwʌnˈsaɪdɪd/,adj,"một chiều, phiến diện",The game is quite one-sided because one of the two players is too strong.,Trò chơi khá là không công bằng bởi vì một trong hai cầu thủ quá mạnh.,https://audio.tudienkala.com/data/cache/images/300x225/o/n/one-sided2.gif,https://audio.tudienkala.com/audio/o/n/one-sided.mp3
158,ordinary,/ˈɔːdɪneri/,adj,"bình thường, thông thường",They are ordinary people like you and me.,Họ là những người bình thường như bạn và tôi.,https://audio.tudienkala.com/data/cache/images/300x225/o/r/ordinary1.jpg,https://audio.tudienkala.com/audio/o/r/ordinary.mp3
158,pack,/pæk/,n,túi chườm,She put an ice pack on her belly to relieve the pain.,Cô ấy đặt túi chườm đá lên bụng để làm giảm cơn đau.,https://audio.tudienkala.com/data/cache/images/300x225/p/a/pack1.jpg,https://audio.tudienkala.com/audio/p/a/pack.mp3
158,painful,/ˈpeɪnfl/,adj,đau đớn,The old photograph brought back painful memories.,Bức tranh cũ kĩ mang lại những kỉ niệm đau buồn.,https://audio.tudienkala.com/data/cache/images/300x225/p/a/painful1.jpg,https://audio.tudienkala.com/audio/p/a/painful.mp3
158,passive,/ˈpæsɪv/,adj,thụ động,He is always passive in relationship.,Anh ấy luôn luôn thụ động trong các mối quan hệ.,https://audio.tudienkala.com/data/cache/images/300x225/p/a/passive1.jpg,https://audio.tudienkala.com/audio/p/a/passive.mp3
158,past,/pɑ:st/,past,qua (khi nói giờ),It's half past seven.,Bây giờ là bảy giờ rưỡi.,https://audio.tudienkala.com/data/images_example/300x225/i/t/its_half_p_ex1_56248cee7f8b9af60c142e33.jpg,https://audio.tudienkala.com/audio/p/a/past.mp3
158,patient,/ˈpeɪʃənt/,n,bệnh nhân,I am a patient of Dr. Stephens; could I make an appointment to see her?,"Tôi là một bệnh nhân của bác sĩ Stephens, tôi có thể hẹn gặp bà ấy được không?",https://audio.tudienkala.com/data/cache/images/300x225/p/a/patient1.png,https://audio.tudienkala.com/audio/p/a/patient.mp3
158,penalty,/'penlti/,n,hình phạt,The referee awarded a penalty kick.,Trọng tài cho hưởng quả phạt đền.,https://audio.tudienkala.com/data/cache/images/300x225/p/e/penalty1.png,https://audio.tudienkala.com/audio/p/e/penalty.mp3
158,perhaps,/pəˈhæps/,adv,có lẽ,Perhaps he's forgotten.,Có lẽ anh ấy đã quên.,https://audio.tudienkala.com/data/cache/images/300x225/p/e/perhaps1.jpg,https://audio.tudienkala.com/audio/p/e/perhaps.mp3
158,permit,/pəˈmɪt/,v,cho phép,Smoking is not permitted anywhere inside the hospital.,Hút thuốc bị cấm ở bất kỳ đâu bên trong bệnh viện.,https://audio.tudienkala.com/data/cache/images/300x225/p/e/permit1.jpg,https://audio.tudienkala.com/audio/p/e/permit.mp3
159,persuade,/pəˈsweɪd/,v,thuyết phục,You should talk to your teacher. I think she can persuade your parents.,Bạn nên nói chuyện với cô giáo. Tôi nghĩ cô ấy có thể thuyết phục bố mẹ bạn.,https://audio.tudienkala.com/data/cache/images/300x225/p/e/persuade1.jpg,https://audio.tudienkala.com/audio/p/e/persuade.mp3
159,pleasant,/ˈplezənt/,adj,dễ chịu,That is a pleasant surprise.,Một ngạc nhiên thật thú vị.,https://audio.tudienkala.com/data/cache/images/300x225/p/l/pleasant1.jpg,https://audio.tudienkala.com/audio/p/l/pleasant.mp3
159,policy,/'pɔlisi/,n,"chính sách, hợp đồng, khế ước",The company's insurance policy did not cover cosmetic surgery.,Chính sách bảo hiểm của công ty không bao gồm phẫu thuật thẩm mỹ.,https://audio.tudienkala.com/data/cache/images/300x225/p/o/policy1.png,https://audio.tudienkala.com/audio/p/o/policy.mp3
159,portable,/ˈpɔːtəbl/,adj,"cầm tay, dễ mang theo",A tablet is portable. You can put it in your school bag.,Máy tính bảng dễ mang theo. Bạn có thể để nó trong cặp.,https://audio.tudienkala.com/data/cache/images/300x225/p/o/portable1.jpg,https://audio.tudienkala.com/audio/p/o/portable.mp3
159,portrait,/ˈpɔːtreɪt/,n,chân dung,Tran Van Can painted the Portrait of Little Thuy in 1943.,Trần Văn Cẩn đã vẽ bức chân dung em Thúy vào năm 1943.,https://audio.tudienkala.com/data/cache/images/300x225/p/o/portrait1.jpg,https://audio.tudienkala.com/audio/p/o/portrait.mp3
159,positive,/ˈpɒzətɪv/,adj,"tích cực, lạc quan","On the positive side, profits have increased.","Về mặt tích cực, lợi nhuận đã tăng.",https://audio.tudienkala.com/data/cache/images/300x225/p/o/positive1.jpg,https://audio.tudienkala.com/audio/p/o/positive.mp3
159,precaution,/prɪˈkɔːʃən/,n,"khuyến cáo, lưu ý",You should read the precautions carefully before taking this medicine.,Bạn nên đọc kĩ khuyến cáo trước khi sử dụng loại thuốc này.,https://audio.tudienkala.com/data/cache/images/300x225/p/r/precaution1.jpg,https://audio.tudienkala.com/audio/p/r/precaution.mp3
159,pregnant,/ˈpreɡnənt/,adj,"đang mang thai, có mang",She's six months pregnant.,Cô ấy mang thai sáu tháng.,https://audio.tudienkala.com/data/cache/images/300x225/p/r/pregnant2.jpg,https://audio.tudienkala.com/audio/p/r/pregnant.mp3
159,principle,/ˈprɪntsɪpl/,n,nguyên tắc,"A principle is a basic truth, rule or theory that something is based on.","Nguyên tắc là một sự thật, một điều luật hoặc một lý thuyết cơ bản mà thứ gì đó dựa vào.",https://audio.tudienkala.com/data/images_example/300x225/a/_/a_principl_ex1_581ad8a57f8b9ac96d8b45db.jpg,https://audio.tudienkala.com/audio/p/r/principle.mp3
159,privacy,/ˈprɪvəsi/,n,sự riêng tư,I don’t like how my mother doesn’t respect my privacy.,Mình không thích cách mẹ không tôn trọng sự riêng tư của mình.,https://audio.tudienkala.com/data/cache/images/300x225/p/r/privacy1.jpg,https://audio.tudienkala.com/audio/p/r/privacy.mp3
159,production,/prəˈdʌkʃən/,n,(sự) sản xuất,The new model will be in production by the end of the year.,Các mô hình mới sẽ được sản xuất vào cuối năm nay.,https://audio.tudienkala.com/data/cache/images/300x225/p/r/production1.jpg,https://audio.tudienkala.com/audio/p/r/production.mp3
159,promotion,/prəˈməʊʃn/,n,lăng xê,His promotion to Sales Manager took everyone by surprise.,Sự thăng chức của anh ta thành giám đốc bán hàng làm tất cả mọi người bất ngờ.,https://audio.tudienkala.com/data/cache/images/300x225/p/r/promotion1.jpg,https://audio.tudienkala.com/audio/p/r/promotion.mp3
159,proper,/ˈprɒpər/,adj,"đúng, thích hợp",We should have had a proper discussion before voting.,Chúng ta nên có một cuộc thảo luận đúng đắn trước khi bỏ phiếu.,https://audio.tudienkala.com/data/cache/images/300x225/p/r/proper2.jpg,https://audio.tudienkala.com/audio/p/r/proper.mp3
159,propose,/prəˈpəʊz/,v,"đề xuất, đưa ra, kiến nghị",He proposed changing the name of the company.,Ông ấy đã đề xuất việc thay đổi tên công ty.,https://audio.tudienkala.com/data/images_example/300x225/h/e/he_propose_ex2_587727f67f8b9a0d308b4622.jpg,https://audio.tudienkala.com/audio/p/r/propose.mp3
159,prospect,/ˈprɑːspekt/,n,viễn cảnh; triển vọng,The candidate wanted to know the prospects of promotion in the job.,Các ứng cử viên muốn biết về triển vọng thăng tiến trong công việc.,https://audio.tudienkala.com/data/cache/images/300x225/p/r/prospect1.jpg,https://audio.tudienkala.com/audio/p/r/prospect.mp3
159,prove,/pruːv/,v,chứng minh,The concept is difficult to prove.,Khái niệm này khó để chứng minh.,https://audio.tudienkala.com/data/cache/images/300x225/p/r/prove1.jpg,https://audio.tudienkala.com/audio/p/r/prove.mp3
159,punish,/ˈpʌnɪʃ/,v,"phạt, trừng phạt",Those responsible for this crime will be severely punished.,Những người chịu trách nhiệm cho tội ác này sẽ bị trừng phạt nặng nề.,https://audio.tudienkala.com/data/cache/images/300x225/p/u/punish1.jpg,https://audio.tudienkala.com/audio/p/u/punish.mp3
159,react,/riˈækt/,v,phản ứng,"She slapped him, but he didn't react.","Cô ấy đập vào người anh ta, nhưng anh ta không phản ứng gì.",https://audio.tudienkala.com/data/images_example/300x225/s/h/she_slappe_ex1_56248d0d7f8b9a000de3d261.jpg,https://audio.tudienkala.com/audio/r/e/react.mp3
159,realistic,/riə'listik/,adj,"hiện thực, thực tế",Stefano found that an accurate accounting gave him a realistic idea of his business's financial direction.,Stefano thấy rằng công việc kế toán chính xác đã cho anh một ý niệm thực tế về việc quản trị tài chính trong công việc của mình.,https://audio.tudienkala.com/data/images_example/300x225/t/h/the_realis_ex2_56248d157f8b9a040dc66024.jpg,https://audio.tudienkala.com/audio/r/e/realistic.mp3
159,reasonable,/ˈriːzənəbl ̩/,adj,hợp lý,He made us a reasonable offer for the car.,Anh ta đã đưa cho chúng tôi một giá chào bán hợp lý cho chiếc xe.,https://audio.tudienkala.com/data/cache/images/300x225/r/e/reasonable1.jpg,https://audio.tudienkala.com/audio/r/e/reasonable.mp3
159,recall,/rɪˈkɔːl/,v,nhớ lại,"‘It was on a Thursday in March,’ he recalled.","""Đó là vào một ngày thứ năm tháng ba,"" ông nhớ lại.",https://audio.tudienkala.com/data/cache/images/300x225/r/e/recall2.jpg,https://audio.tudienkala.com/audio/r/e/recall.mp3
159,recruit,/ri'kru:t/,n,"lính mới, nhân viên mới, thành viên mới",The new recruits spent the entire day in training.,Những nhân viên mới đã dành ra cả ngày để rèn luyện.,https://audio.tudienkala.com/data/cache/images/300x225/r/e/recruit1.jpg,https://audio.tudienkala.com/audio/r/e/recruit.mp3
159,redundant,/rɪˈdʌndənt/,adj,"không có việc, bị sa thải",Many people were made redundant this year.,Nhiều người đã bị sa thải trong năm nay.,https://audio.tudienkala.com/data/cache/images/300x225/r/e/redundant1.jpg,https://audio.tudienkala.com/audio/r/e/redundant.mp3
159,refer,/ri'fə:/,v,"quy vào, nói đến","As soon as Agnes referred to the failed treatment, everyone's mood soured.","Ngay khi Agnes quy cho việc thất bại là do điều trị, tâm trạng của mọi người đã tỏ ra cáu kỉnh.",https://audio.tudienkala.com/data/cache/images/300x225/r/e/refer1.png,https://audio.tudienkala.com/audio/r/e/refer.mp3
159,reform,/rɪˈfɔːm/,v,đổi mới,"For years I was an alcoholic, but I reformed when the doctors gave me six months to live.","Trong nhiều năm, tôi là một người nghiện rượu, nhưng tôi thay đổi khi các bác sĩ đã cho tôi sáu tháng để sống.",https://audio.tudienkala.com/data/images_example/300x225/f/o/for_years__ex1_56248d117f8b9a020d261850.jpg,https://audio.tudienkala.com/audio/r/e/reform.mp3
159,regular,/ˈreɡjələr/,adj,"đều đều, không thay đổi; thường lệ",The equipment is checked on a regular basis,Các thiết bị được kiểm tra một cách thường xuyên,https://audio.tudienkala.com/data/images_example/300x225/t/h/the_equipm_ex2_587727487f8b9af52f8b4581.jpg,https://audio.tudienkala.com/audio/r/e/regular.mp3
159,release,/rɪˈliːs/,v,phát hành,She is trying to release her album as planned.,Cô ấy đang cố gắng để phát hành đĩa nhạc của mình như đã dự định.,https://audio.tudienkala.com/data/images_example/300x225/s/h/she_is_try_ex1_56248d0b7f8b9a000de3cfa9.jpg,https://audio.tudienkala.com/audio/r/e/release.mp3
159,relief,/rɪˈliːf/,n,sự nhẹ nhõm,We all breathed a sigh of relief when he left.,Chúng tôi đều thở phào nhẹ nhõm khi ông ấy rời đi.,https://audio.tudienkala.com/data/cache/images/300x225/r/e/relief2.jpg,https://audio.tudienkala.com/audio/r/e/relief.mp3
159,remain,/rɪˈmeɪn/,v,"duy trì, vẫn còn",Train fares are likely to remain unchanged.,Giá vé có thể không thay đổi.,https://audio.tudienkala.com/data/cache/images/300x225/r/e/remain2.png,https://audio.tudienkala.com/audio/r/e/remain.mp3
159,remind,/rɪˈmaɪnd/,v,nhắc nhở,He is so hard-working that he has never been reminded of homework.,Anh ấy chăm chỉ đến nỗi anh ấy không bao giờ bị nhắc nhở về việc làm bài tập về nhà.,https://audio.tudienkala.com/data/cache/images/300x225/r/e/remind1.jpg,https://audio.tudienkala.com/audio/r/e/remind.mp3
159,repair,/rɪˈpeə(r)/,v,"sửa, sửa chữa (máy móc)",My brother is repairing my car.,Anh trai tôi đang sửa xe cho tôi.,https://audio.tudienkala.com/data/cache/images/300x225/r/e/repair1.png,https://audio.tudienkala.com/audio/r/e/repair.mp3
159,respect,/riˈspekt/,n,"tộn trọng, kính trọng, khâm phục",She was respected by everyone she worked with.,Cô ấy tôn trọng tất cả mọi người mà cô ấy làm việc cùng.,https://audio.tudienkala.com/data/images_example/300x225/s/h/she_was_re_ex1_581ad5ba7f8b9ab2078b45ec.jpg,https://audio.tudienkala.com/audio/r/e/respect.mp3
159,responsible,/rɪˈspɒnsəbl/,adj,có trách nhiệm,My father is always responsible for what he said.,Bố tôi luôn có trách nhiệm với những gì đã nói.,https://audio.tudienkala.com/data/cache/images/300x225/r/e/responsible2.jpg,https://audio.tudienkala.com/audio/r/e/responsible.mp3
159,restrict,/rɪˈstrɪkt/,v,"giới hạn, hạn chế",Having small children really restricts your social life.,Có con nhỏ thật sự hạn chế cuộc sống xã hội của bạn.,https://audio.tudienkala.com/data/images_example/300x225/h/a/having_sma_ex1_56248cfc7f8b9afa0cb18014.jpg,https://audio.tudienkala.com/audio/r/e/restrict.mp3
159,retail,/ˈri:teɪl/,n,bán lẻ,The job is open to applicants with over two years' experience in retail.,Công việc trống dành cho các ứng viên với kinh nghiệm hơn hai năm trong ngành bán lẻ.,https://audio.tudienkala.com/data/cache/images/300x225/r/e/retail1.png,https://audio.tudienkala.com/audio/r/e/retail.mp3
159,return,/ri'tə:n/,n,"tiền lãi, tiền lời","Some investors are satisfied with a 15 percent return, while others want to see a much larger return.","Một số nhà đầu tư hài lòng với một khoản lãi 15%, trong khi những người khác thì muốn thấy mức lãi nhiều hơn.",https://audio.tudienkala.com/data/cache/images/300x225/r/e/return1.png,https://audio.tudienkala.com/audio/r/e/return.mp3
159,reverse,/rɪˈvɜːs/,adj,ngược lại,The experiment had the reverse effect to what was intended.,Các thí nghiệm đã có hiệu ứng ngược lại với những gì đã được dự định.,https://audio.tudienkala.com/data/cache/images/300x225/r/e/reverse2.jpg,https://audio.tudienkala.com/audio/r/e/reverse.mp3
159,review,/rɪˈvjuː/,n,"bài đánh giá, lời đánh giá",The film received generally positive reviews.,Bộ phim nhìn chung đã nhận được nhiều lời đánh giá tích cực.,https://audio.tudienkala.com/data/cache/images/300x225/r/e/review1.jpeg,https://audio.tudienkala.com/audio/r/e/review.mp3
159,revise,/ri'vaiz/,v,"đọc lại, xem lại, duyệt lại, sửa lại (bản in thử, đạo luật...)",The brochure was revised several times before it was sent to the printer.,Tờ bướm được duyệt lại vài lần trước khi nó được gửi đi in.,https://audio.tudienkala.com/data/cache/images/300x225/r/e/revise1.png,https://audio.tudienkala.com/audio/r/e/revise.mp3
159,risk,/rɪsk/,n,"nguy cơ, sự nguy hiểm, sự rủi ro",The primary risk for most start-up businesses is insufficient capital.,Nguy cơ lớn nhất đối với hầu hết các cuộc khởi nghiệp là thiếu vốn.,https://audio.tudienkala.com/data/cache/images/300x225/r/i/risk1.png,https://audio.tudienkala.com/audio/r/i/risk.mp3
159,rival,/ˈraɪvəl/,n,đối thủ,He beat his rival by reducing the price.,Anh ấy đã đánh bại đối thủ của mình bằng cách giảm giá thành.,https://audio.tudienkala.com/data/cache/images/300x225/r/i/rival1.png,https://audio.tudienkala.com/audio/r/i/rival.mp3
159,routine,/ruːˈtiːn/,n,thói quen,Make exercise a part of your daily routine.,Hãy biến sự tập luyện thành một phần của thói quen hàng ngày của bạn.,https://audio.tudienkala.com/data/cache/images/300x225/r/o/routine-l61.jpg,https://audio.tudienkala.com/audio/r/o/routine-l6.mp3
159,rude,/ruːd/,adj,"thô lỗ, lỗ mãng",It’s rude to shout at someone on the phone.,Thật là thô lỗ khi hét vào tai ai đó qua điện thoại.,https://audio.tudienkala.com/data/images_example/300x225/i/t/its_rude_t_ex1_56248d0b7f8b9a000de3cf21.jpg,https://audio.tudienkala.com/audio/r/u/rude.mp3
159,rural,/ˈrʊrəl/,adj,"thuộc nông thôn, thôn quê",The themes of the puppet shows are rural.,Chủ đề của những màn múa rối đều nói về nông thôn.,https://audio.tudienkala.com/data/cache/images/300x225/r/u/rural1.png,https://audio.tudienkala.com/audio/r/u/rural.mp3
159,satisfy,/ˈsætɪsfaɪ/,v,"đáp ứng, thỏa mãn (được yêu cầu, điều kiện...)",The movie's ending failed to satisfy audiences.,Kết thúc của bộ phim không đáp ứng mong đợi của khán giả.,https://audio.tudienkala.com/data/cache/images/300x225/s/a/satisfy2.jpg,https://audio.tudienkala.com/audio/s/a/satisfy.mp3
159,scent,/sent/,n,mùi thơm,I love the scents of these flowers.,Tôi yêu thích mùi thơm của những bông hoa này.,https://audio.tudienkala.com/data/cache/images/300x225/s/c/scent1.jpg,https://audio.tudienkala.com/audio/s/c/scent.mp3
159,security,/sɪˈkjʊərɪti/,n,"an ninh, sự an toàn",The insurance policy gave the family security.,Chính sách bảo hiểm đó đã mang lại cho gia đình sự an toàn.,https://audio.tudienkala.com/data/cache/images/300x225/s/e/security1.jpg,https://audio.tudienkala.com/audio/s/e/security.mp3
159,severe,/sɪˈvɪər/,adj,"cực kì nghiêm trọng, trầm trọng",I had a severe injury but luckily I am still alive.,Tôi đã bị một chấn thương nghiêm trọng nhưng may mắn là tôi vẫn còn sống.,https://audio.tudienkala.com/data/cache/images/300x225/s/e/severe1.jpg,https://audio.tudienkala.com/audio/s/e/severe.mp3
159,shame,/ʃeɪm/,n,"sự xấu hổ, hổ thẹn",He could not live with the shame of other people knowing the truth.,Anh không thể sống với sự xấu hổ khi người khác biết sự thật.,https://audio.tudienkala.com/data/cache/images/300x225/s/h/shame2.jpg,https://audio.tudienkala.com/audio/s/h/shame.mp3
159,sincere,/sɪnˈsɪər/,adj,chân thành,That's the sincere friendship.,Đó là một tình bạn chân thành.,https://audio.tudienkala.com/data/cache/images/300x225/s/i/sincere2.jpg,https://audio.tudienkala.com/audio/s/i/sincere.mp3
160,skilful,/ˈskɪlfəl/,adj,"tài năng, tài giỏi",Manchester United provided a fine exhibition of skilful football.,Đội Manchester United thể hiện kĩ năng bóng đá khéo léo.,https://audio.tudienkala.com/data/cache/images/300x225/s/k/skilful2.jpg,https://audio.tudienkala.com/audio/s/k/skilful.mp3
160,spin,/spɪn/,v,xoay vòng,The plane was spinning out of control.,Chiếc máy bay đã vượt ra khỏi tầm kiểm soát.,https://audio.tudienkala.com/data/cache/images/300x225/s/p/spin2.gif,https://audio.tudienkala.com/audio/s/p/spin.mp3
160,split,/splɪt/,n,"sự chia bè phái, chia rẽ",There have been reports of a split between the Prime Minister and the Cabinet,Đã có báo cáo về một sự chia rẽ giữa Thủ tướng và Nội các,https://audio.tudienkala.com/data/images_example/300x225/t/h/there_have_ex2_587727617f8b9af52f8b4623.jpg,https://audio.tudienkala.com/audio/s/p/split.mp3
160,standard,/ˈstændərd/,n,tiêu chuẩn,"He failed to reach the required standard, and did not qualify for the race.","Anh ta không đạt được các tiêu chuẩn cần thiết, và không đủ điều kiện cho cuộc đua.",https://audio.tudienkala.com/data/cache/images/300x225/s/t/standard2.jpg,https://audio.tudienkala.com/audio/s/t/standard.mp3
160,stir,/stə:/,v,"khuấy, đảo",When you stir a cup of coffee you add heat to it though the heat is miniscule.,Khi bạn khuấy một tách cà phê bạn thêm nhiệt cho nó mặc dù nhiệt là rất nhỏ.,https://audio.tudienkala.com/data/images_example/300x225/w/h/when_you_s_ex2_5822d3407f8b9a10088b4575.jpg,https://audio.tudienkala.com/audio/s/t/stir.mp3
160,strategy,/ˈstrætədʒi/,n,"chiến lược, sự vạch kế hoạch hành động",A business plan is a strategy for running a business and avoiding problems.,Một kế hoạch kinh doanh là một chiến lược để vận hành công việc và tránh các rắc rối.,https://audio.tudienkala.com/data/cache/images/300x225/s/t/strategy1.jpg,https://audio.tudienkala.com/audio/s/t/strategy.mp3
160,stress,/strɛs/,v,làm căng thẳng,I try not to stress out when things go wrong.,Tôi cố gắng không căng thẳng khi mọi thứ đi sai hướng,https://audio.tudienkala.com/data/cache/images/300x225/s/t/stress1.jpg,https://audio.tudienkala.com/audio/s/t/stress.mp3
160,submit,/səb'mit/,v,"trình, đệ trình; biện hộ",Please submit your résumé to the human resources department.,Hãy nộp sơ yếu lý lịch của anh cho bộ phận nhân sự (bộ phận nguồn nhân lực).,https://audio.tudienkala.com/data/cache/images/300x225/s/u/submit1.png,https://audio.tudienkala.com/audio/s/u/submit.mp3
160,summary,/ˈsʌməri/,n,"(bài, bản) tóm tắt",What is job summary?,Tóm tắt công việc là gì?,https://audio.tudienkala.com/data/cache/images/300x225/s/u/summary2.jpg,https://audio.tudienkala.com/audio/s/u/summary.mp3
160,suppose,/səˈpəʊz/,v,"tin rằng, cho là",I don't suppose for a minute that he'll agree.,Tôi không nghĩ là trong một phút mà anh ta sẽ đồng ý.,https://audio.tudienkala.com/data/cache/images/300x225/s/u/suppose2.jpg,https://audio.tudienkala.com/audio/s/u/suppose.mp3
160,survive,/səˈvaɪv/,v,sống sót,These plants cannot survive in very cold conditions.,Những cái cây này không thể sống sót trong điều kiện rất lạnh.,https://audio.tudienkala.com/data/images_example/300x225/t/h/these_plan_ex1_56248d0b7f8b9a000de3cfe5.jpg,https://audio.tudienkala.com/audio/s/u/survive.mp3
160,swear,/sweər/,v,"thề, chửi thề",Swearing is a bad habit that children should avoid.,Chửi thề là một thói quen xấu mà trẻ em nên tránh.,https://audio.tudienkala.com/data/cache/images/300x225/s/w/swear2.jpg,https://audio.tudienkala.com/audio/s/w/swear.mp3
160,syllabus,/ˈsɪləbəs/,n,"giáo trình, chương trình học",Read the syllabus before the first day of class.,Đọc giáo trình trước ngày đầu tiên đến lớp.,https://audio.tudienkala.com/data/cache/images/300x225/s/y/syllabus2.png,https://audio.tudienkala.com/audio/s/y/syllabus.mp3
160,sympathy,/ˈsɪmpəθi/,n,"mối thiện cảm, thông cảm",The president has sent a message of sympathy to the relatives of the dead soldiers.,Tổng thống đã gửi thư chia buồn tới những người thân của người lính đã hi sinh.,https://audio.tudienkala.com/data/cache/images/300x225/s/y/sympathy1.png,https://audio.tudienkala.com/audio/s/y/sympathy.mp3
160,target,/'tɑ:git/,n,"mục tiêu, mục đích",The airport terminal was the target of a bomb.,Trạm đến sân bay là mục tiêu của quả bom.,https://audio.tudienkala.com/data/cache/images/300x225/t/a/target2.png,https://audio.tudienkala.com/audio/t/a/target.mp3
160,temporary,/ˈtempərəri/,adj,"tạm thời, nhất thời, lâm thời",This is a temporary tatoo.,Đây là hình xăm tạm thời.,https://audio.tudienkala.com/data/cache/images/300x225/t/e/temporary2.jpg,https://audio.tudienkala.com/audio/t/e/temporary.mp3
160,tension,/ˈtenʃən/,n,"sự căng thẳng, tình trạng căng thẳng",The tension between Minh and his parents is because they always judge his friends by their appearances.,Căng thẳng giữa Minh và bố mẹ là vì họ luôn đánh giá bạn bè của cậu qua vẻ bề ngoài.,https://audio.tudienkala.com/data/cache/images/300x225/t/e/tension1.png,https://audio.tudienkala.com/audio/t/e/tension.mp3
160,thorough,/'θʌrə/,adj,"kỹ lưỡng, tỉ mỉ",The story was the result of thorough research.,Bài báo là kết quả của sự nghiên cứu kỹ lưỡng.,https://audio.tudienkala.com/data/cache/images/300x225/t/h/thorough1.png,https://audio.tudienkala.com/audio/t/h/thorough.mp3
160,threaten,/ˈθretən/,v,đe doạ,The mugger threatened to kill him.,Người chủ mưu đe dọa giết anh ta.,https://audio.tudienkala.com/data/cache/images/300x225/t/h/threaten2.jpg,https://audio.tudienkala.com/audio/t/h/threaten.mp3
160,tolerance,/ˈtɒlərəns/,n,lòng khoan dung,She had no tolerance for jokes of any kind.,Cô không có lòng khoan dung cho bất kỳ loại trò đùa nào.,https://audio.tudienkala.com/data/cache/images/300x225/t/o/tolerance1.jpg,https://audio.tudienkala.com/audio/t/o/tolerance.mp3
160,tough,/tʌf/,adj,khó khăn,It was a tough decision to make.,Đó là một quyết định khó khăn để thực hiện.,https://audio.tudienkala.com/data/cache/images/300x225/t/o/tough2.jpeg,https://audio.tudienkala.com/audio/t/o/tough.mp3
160,transparent,/trænˈspærənt/,adj,trong suốt,The insect's wings are almost transparent.,Cánh của côn trùng là gần như trong suốt.,https://audio.tudienkala.com/data/images_example/300x225/t/h/the_insect_ex2_587727ea7f8b9a0d308b45ce.jpg,https://audio.tudienkala.com/audio/t/r/transparent.mp3
160,treat,/triːt/,v,đối xử,They treated me like a member of their family.,Họ đối xử tôi như thành viên trong gia đình họ.,https://audio.tudienkala.com/data/cache/images/300x225/t/r/treat2.jpg,https://audio.tudienkala.com/audio/t/r/treat.mp3
160,trend,/trend/,n,xu hướng,The youth try to keep up with the fashion trend.,Giới trẻ cố gắng bắt kịp xu hướng thời trang.,https://audio.tudienkala.com/data/cache/images/300x225/t/r/trend1.jpg,https://audio.tudienkala.com/audio/t/r/trend.mp3
160,truly,/ˈtruːli/,adv,thực sự,I'm truly sorry that things had to end like this.,Tôi thực sự xin lỗi rằng sự việc đã phải kết thúc như thế này.,https://audio.tudienkala.com/data/cache/images/300x225/t/r/truly2.jpg,https://audio.tudienkala.com/audio/t/r/truly.mp3
160,typical,/ˈtɪpɪkl/,adj,"điển hình, tiêu biểu","Typical symptoms would include headaches, vomiting and dizziness.","Các triệu chứng điển hình sẽ bao gồm đau đầu, buồn nôn và chóng mặt.",https://audio.tudienkala.com/data/cache/images/300x225/t/y/typical1.jpg,https://audio.tudienkala.com/audio/t/y/typical.mp3
160,undo,/ʌnˈduː/,v,"mở ra, tháo ra, cởi",I undid the package and took out the books.,Tôi mở gói quà và lấy ra những cuốn sách.,https://audio.tudienkala.com/data/cache/images/300x225/u/n/undo2.png,https://audio.tudienkala.com/audio/u/n/undo.mp3
160,unique,/ju:ˈni:k/,adj,"độc đáo, duy nhất",That duck is very unique.,Chú vịt kia rất độc đáo.,https://audio.tudienkala.com/data/images_example/300x225/t/h/that_duck__ex1_56248d007f8b9afc0c2980b1.jpg,https://audio.tudienkala.com/audio/u/n/unique.mp3
160,unite,/juˈnaɪt/,v,"đoàn kết, hợp lại",The two countries united in 1887.,Hai nước đã hợp nhất vào năm 1887.,https://audio.tudienkala.com/data/cache/images/300x225/u/n/unite1.png,https://audio.tudienkala.com/audio/u/n/unite.mp3
160,upset,/ʌpˈset/,adj,"buồn phiền, thất vọng",There's no point in getting upset about it.,Chẳng có việc gì mà phải thất vọng vì nó.,https://audio.tudienkala.com/data/cache/images/300x225/u/p/upset1.png,https://audio.tudienkala.com/audio/u/p/upset.mp3
160,urge,/ə:dʒ/,v,"thúc giục, khuyến cáo",His mother urged him to study the piano.,Mẹ anh ta đã thúc giục anh ta học đàn piano.,https://audio.tudienkala.com/data/cache/images/300x225/u/r/urge1.png,https://audio.tudienkala.com/audio/u/r/urge.mp3
160,urgent,/ˈɜːdʒənt/,adj,"cấp bách, khẩn cấp",Building schools and hospitals is most urgent.,Xây dựng trường học và bệnh viện là điều cấp bách nhất.,https://audio.tudienkala.com/data/cache/images/300x225/u/r/urgent1.jpg,https://audio.tudienkala.com/audio/u/r/urgent.mp3
160,various,/ˈveəriəs/,adj,nhiều...khác nhau,Tents come in various shapes and sizes.,Lều có hình dạng và kích cỡ khác nhau.,https://audio.tudienkala.com/data/cache/images/300x225/v/a/various2.jpg,https://audio.tudienkala.com/audio/v/a/various.mp3
160,vast,/vɑːst/,adj,"rất lớn (diện tích, kích cỡ, lượng,...)",The the vast majority of people cares nothing about this issue.,Đại đa số mọi người thì không quan tâm gì đến vấn đề này.,https://audio.tudienkala.com/data/cache/images/300x225/v/a/vast1.jpg,https://audio.tudienkala.com/audio/v/a/vast.mp3
160,vehicle,/ˈviːɪk(ə)l/,n,phương tiện giao thông,There are more vehicles on the roads now.,"Bây giờ, ngày càng có nhiều các phương tiện giao thông trên những con đường.",https://audio.tudienkala.com/data/cache/images/300x225/v/e/vehicle2.jpg,https://audio.tudienkala.com/audio/v/e/vehicle.mp3
160,venue,/ˈvenjuː/,n,nơi thi đấu,My Dinh stadium is one of five main venues in the Asian Indoor Games.,Sân vận động Mỹ Đình là một trong năm địa điểm thi đấu chính ở Đại hội thể dục thể thao châu Á trong nhà.,https://audio.tudienkala.com/data/cache/images/300x225/v/e/venue1.jpg,https://audio.tudienkala.com/audio/v/e/venue.mp3
160,verify,/'verifai/,v,"kiểm tra lại, thẩm tra, xác minh",We have no way of verifying his story.,Chúng tôi không có cách nào để xác minh câu chuyện của anh ấy.,https://audio.tudienkala.com/data/cache/images/300x225/v/e/verify1.png,https://audio.tudienkala.com/audio/v/e/verify.mp3
160,vertical,/ˈvɜːtɪkəl/,adj,"(theo chiều) thẳng đứng, dọc",This vertical line is perpendicular to that horizontal line.,Đường thẳng đứng này là vuông góc với đường ngang.,https://audio.tudienkala.com/data/cache/images/300x225/v/e/vertical2.jpg,https://audio.tudienkala.com/audio/v/e/vertical.mp3
160,violate,/ˈvaɪəleɪt/,v,"vi phạm, xâm phạm",He violated international law.,Anh ta đã vi phạm luật pháp quốc tế.,https://audio.tudienkala.com/data/cache/images/300x225/v/i/violate1.jpg,https://audio.tudienkala.com/audio/v/i/violate.mp3
160,violent,/ˈvaɪələnt/,adj,có nhiều cảnh bạo lực,This film is so violent because there are too many fights and bloody scenes.,Bộ phim này thật bạo lực vì có quá nhiều cảnh đánh nhau và máu me.,https://audio.tudienkala.com/data/cache/images/300x225/v/i/violent1.jpg,https://audio.tudienkala.com/audio/v/i/violent.mp3
160,visible,/ˈvɪzəbl/,adj,có thể nhìn thấy được,The house is clearly visible from the beach.,Ngôi nhà có thể nhìn thấy rõ từ ngoài biển.,https://audio.tudienkala.com/data/cache/images/300x225/v/i/visible1.png,https://audio.tudienkala.com/audio/v/i/visible.mp3
160,vision,/ˈvɪʒən/,n,tầm nhìn,"The bloc motto is: 'One vision, One identity, One community.'","Khẩu hiệu của khối là 'Một tầm nhìn, Một bản sắc, Một cộng đồng.'",https://audio.tudienkala.com/data/cache/images/300x225/v/i/vision2.jpg,https://audio.tudienkala.com/audio/v/i/vision.mp3
160,vital,/ˈvaɪtəl/,adj,"thiết yếu, mang tính quyết định",The presence of oceans is vital for optimal climate stability and habitability.,Sự hiện diện của các đại dương là rất quan trọng cho sự ổn định khí hậu tối ưu và các loài sinh sống.,https://audio.tudienkala.com/data/images_example/300x225/t/h/the_presen_ex1_5877294a7f8b9a6c308b4669.jpg,https://audio.tudienkala.com/audio/v/i/vital.mp3
160,wander,/ˈwɒndə/,v,"đi lang thang, đi không định hướng",She wandered aimlessly around the streets.,Cô ấy đi lang thang không định hướng trên các con đường,https://audio.tudienkala.com/data/cache/images/300x225/w/a/wander1.jpg,https://audio.tudienkala.com/audio/w/a/wander.mp3
160,whereas,/weəˈræz/,conj,"ngược lại, trong khi đó","We thought she was arrogant, whereas in fact she was just very shy.","Chúng tôi nghĩ rằng cô ấy kiêu ngạo, trong khi trên thực tế cô ấy đã rất nhút nhát.",https://audio.tudienkala.com/data/images_example/300x225/w/e/we_thought_ex2_587728f07f8b9a5f308b4648.jpg,https://audio.tudienkala.com/audio/w/h/whereas.mp3
160,widespread,/ˈwaɪdspred/,adj,"lan rộng, rộng rãi",There has been a widespread fear of the virus.,Đã có một sự sợ hãi lan rộng của virus.,https://audio.tudienkala.com/data/images_example/300x225/t/h/there_has__ex2_58772a307f8b9a99308b45b2.jpg,https://audio.tudienkala.com/audio/w/i/widespread.mp3
160,willing,/ˈwɪlɪŋ/,adj,"sẵn lòng, sẵn sàng",Would you be willing to help me with my essay?,Bạn có sẵn sàng để giúp tôi với bài luận của tôi?,https://audio.tudienkala.com/data/cache/images/300x225/w/i/willing2.jpg,https://audio.tudienkala.com/audio/w/i/willing.mp3
160,witness,/ˈwɪtnəs/,v,chứng kiến (thường là một tội ác hay tai nạn),Police have appealed for anyone who witnessed the incident to contact them.,Cảnh sát đã kêu gọi cho bất kỳ ai chứng kiến ​​vụ việc liên hệ với họ.,https://audio.tudienkala.com/data/cache/images/300x225/w/i/witness2.jpg,https://audio.tudienkala.com/audio/w/i/witness.mp3
160,worsen,/ˈwɜːsən/,v,"trở nên, làm cho xấu hơn, tệ hơn",The political situation is steadily worsening.,Tình hình chính trị đang dần xấu đi.,https://audio.tudienkala.com/data/cache/images/300x225/w/o/worsen2.jpg,https://audio.tudienkala.com/audio/w/o/worsen.mp3
160,worship,/ˈwɜːʃɪp/,v,"thờ phụng, tôn thờ",On the island the people worshipped different gods.,Trên đảo người dân tôn thờ các vị thần khác.,https://audio.tudienkala.com/data/cache/images/300x225/w/o/worship2.jpg,https://audio.tudienkala.com/audio/w/o/worship.mp3
161,abandon,/əˈbændən/,v,từ bỏ,The match was abandoned at half-time because of the poor weather conditions.,Trận đấu phải từ bỏ giữa chừng vì điều kiện thời tiết không thuận lợi.,https://audio.tudienkala.com/data/cache/images/300x225/a/b/abandon1.jpg,https://audio.tudienkala.com/audio/a/b/abandon.mp3
161,abuse,/əˈbjuːz/,v,"lạm dụng, sử dụng quá nhiều dẫn đến hại sức khỏe",He systematically abused his body with heroin and cocaine.,Ông ấy đã ngược đãi cơ thể của mình một cách hệ thống với heroin và cocaine.,https://audio.tudienkala.com/data/cache/images/300x225/a/b/abuse2.jpg,https://audio.tudienkala.com/audio/a/b/abuse.mp3
161,accompany,/əˈkʌmpəni/,v,"đi cùng, hộ tống","""May I accompany you to the ball?"" he asked her.","""Tôi có thể đi cùng em đến buổi khiêu vũ được không?"" anh hỏi cô.",https://audio.tudienkala.com/data/cache/images/300x225/a/c/accompany1.png,https://audio.tudienkala.com/audio/a/c/accompany.mp3
161,accomplished,/əˈkʌmplɪʃt/,adj,"có tài, cừ khôi",She's a very accomplished pianist.,Cô ấy là nghệ sĩ chơi piano rất có tài.,https://audio.tudienkala.com/data/cache/images/300x225/a/c/accomplished1.jpg,https://audio.tudienkala.com/audio/a/c/accomplished.mp3
161,achieve,/əˈtʃiːv/,v,"đạt được, giành được",He had finally achieved success.,Cuối cùng anh ấy đã đạt được thành công.,https://audio.tudienkala.com/data/cache/images/300x225/a/c/achieve1.jpg,https://audio.tudienkala.com/audio/a/c/achieve.mp3
161,addition,/əˈdɪʃən/,n,phép cộng,Children learning addition and subtraction.,Trẻ em học phép cộng và trừ.,https://audio.tudienkala.com/data/cache/images/300x225/a/d/addition2.jpg,https://audio.tudienkala.com/audio/a/d/addition.mp3
161,adopt,/əˈdɑːpt/,v,"chọn, áp dụng, chấp nhận và làm theo",The couple have decided to adopt a foreign child.,Cặp vợ chồng đã quyết định nhận nuôi một đứa trẻ ngoại quốc.,https://audio.tudienkala.com/data/cache/images/300x225/a/d/adopt1.jpg,https://audio.tudienkala.com/audio/a/d/adopt.mp3
161,afford,/ə'fɔ:d/,v,có khả năng chi trả,We can't afford to buy a luxury house.,Chúng tôi không có khả năng mua một ngôi nhà đắt tiền.,https://audio.tudienkala.com/data/cache/images/300x225/a/f/afford1.jpg,https://audio.tudienkala.com/audio/a/f/afford.mp3
161,aim,/eim/,v,"nhắm, mục đích, hướng tới",They are aiming to reduce unemployment by 50%.,Họ đang hướng tới việc giảm tỷ lệ thất nghiệp xuống 50%.,https://audio.tudienkala.com/data/cache/images/300x225/a/i/aim1.png,https://audio.tudienkala.com/audio/a/i/aim.mp3
161,alarm,/əˈlɑːm/,v,"khiến ai đó lo lắng, hoảng sợ",The captain knew there was an engine fault but didn't want to alarm the passengers.,Thuyền trưởng đã biết có một lỗi động cơ nhưng không muốn báo động cho hành khách.,https://audio.tudienkala.com/data/cache/images/300x225/a/l/alarm2.jpg,https://audio.tudienkala.com/audio/a/l/alarm.mp3
161,allergic,/əˈlɜːdʒɪk/,adj,dị ứng,Westerners are roughly twice as likely as East Asians to be allergic to peanuts.,Người phương Tây khoảng gấp hai lần người Đông Á có thể bị dị ứng với đậu phộng.,https://audio.tudienkala.com/data/cache/images/300x225/a/l/allergic1.jpg,https://audio.tudienkala.com/audio/a/l/allergic.mp3
161,ambiguous,/æmˈbɪɡjuəs/,adj,"đa nghĩa, mơ hồ","""Internet culture"" is an ambiguous term.",Văn hóa internet là một thuật ngữ mơ hồ.,https://audio.tudienkala.com/data/cache/images/300x225/a/m/ambiguous1.jpg,https://audio.tudienkala.com/audio/a/m/ambiguous.mp3
161,ambition,/æmˈbɪʃən/,n,"hoài bão, tham vọng",His burning ambition was to study medicine.,Tham vọng cháy bỏng của ông là nghiên cứu y học.,https://audio.tudienkala.com/data/cache/images/300x225/a/m/ambition2.jpg,https://audio.tudienkala.com/audio/a/m/ambition.mp3
161,analyse,/ˈænəlaɪz/,v,phân tích,The job involves gathering and analysing data.,Công việc liên quan đến việc thu thập và phân tích dữ liệu.,https://audio.tudienkala.com/data/cache/images/300x225/a/n/analyse1.jpg,https://audio.tudienkala.com/audio/a/n/analyse.mp3
161,ancient,/ˈeɪnʃənt/,adj,"xưa, cổ xưa",The ancient forests were found only in books.,Các khu rừng cổ xưa chỉ được tìm thấy trong sách vở.,https://audio.tudienkala.com/data/cache/images/300x225/a/n/ancient1.png,https://audio.tudienkala.com/audio/a/n/ancient.mp3
161,apologize,/əˈpɒlədʒaɪz/,v,xin lỗi,Go and apologize to her,Đi và xin lỗi cô ấy,https://audio.tudienkala.com/data/cache/images/300x225/a/p/apologize2.jpg,https://audio.tudienkala.com/audio/a/p/apologize.mp3
161,appeal,/əˈpiːl/,n,"sức hấp dẫn, lôi cuốn",A restaurant with good food and reasonable prices has a lot of appeal.,Một nhà hàng có thức ăn ngon và giá cả phải chăng có sức hút rất mạnh.,https://audio.tudienkala.com/data/images_example/300x225/a/_/a_restaura_ex1_56248d127f8b9a020d261a00.jpg,https://audio.tudienkala.com/audio/a/p/appeal.mp3
161,appoint,/əˈpɔɪnt/,v,"chỉ định, bổ nhiệm",He's just been appointed as director of the publishing division.,Anh ấy vừa được bổ nhiệm làm giám đốc bộ phận xuất bản.,https://audio.tudienkala.com/data/cache/images/300x225/a/p/appoint1.jpg,https://audio.tudienkala.com/audio/a/p/appoint.mp3
161,appreciate,/əˈpriːʃieɪt/,v,"đánh giá cao, cảm kích",We would appreciate you letting us know of any problems.,Chúng tôi sẽ đánh giá cao việc bạn cho chúng tôi biết về bất kỳ vấn đề nào.,https://audio.tudienkala.com/data/images_example/300x225/y/o/your_suppo_ex1_56248cfa7f8b9afa0cb17cbc.jpg,https://audio.tudienkala.com/audio/a/p/appreciate.mp3
161,approach,/əˈprəʊtʃ/ /əˈproʊtʃ/,v,"tiếp cận, tiến lại gần","If you look out of the window, you will see the sun approaching.","Nếu bạn nhìn ra cửa sổ, bạn sẽ thấy mặt trời đang tiến lại gần.",https://audio.tudienkala.com/data/cache/images/300x225/a/p/approach1.png,https://audio.tudienkala.com/audio/a/p/approach.mp3
161,appropriate,/əˈprəʊpriət/,adj,"thích hợp, thích đáng",The book was written in a style appropriate to the age of the children,Cuốn sách được viết bằng một phong cách thích hợp với lứa tuổi của trẻ em,https://audio.tudienkala.com/data/images_example/300x225/t/h/the_book_w_ex2_587728087f8b9a0d308b468a.jpg,https://audio.tudienkala.com/audio/a/p/appropriate.mp3
161,approximately,/əˈprɒksɪmətli/,adv,"khoảng, gần như",The job will take approximately three weeks.,Công việc đó sẽ mất khoảng ba tuần.,https://audio.tudienkala.com/data/cache/images/300x225/a/p/approximately1.png,https://audio.tudienkala.com/audio/a/p/approximately.mp3
161,artificial,/ˌɑːtɪˈfɪʃəl/,adj,nhân tạo,Sputnik is the first artificial satellite.,Sputnik là vệ tinh nhân tạo đầu tiên.,https://audio.tudienkala.com/data/cache/images/300x225/a/r/artificial1.png,https://audio.tudienkala.com/audio/a/r/artificial.mp3
161,assemble,/ə'sembl/,v,"thu thập, tập hợp, lắp ráp",All the students were asked to assemble in the main hall.,Tất cả các sinh viên được yêu cầu tập hợp ở hội trường chính.,https://audio.tudienkala.com/data/cache/images/300x225/a/s/assemble1.png,https://audio.tudienkala.com/audio/a/s/assemble.mp3
161,assess,/ə'ses/,v,"đánh giá, ước lượng",The insurance rate Mr. Victor was assessed went up this year after he admitted that he had started smoking again.,Mức phí bảo hiểm mà ông Victor được định giá tăng lên sau khi ông thú nhận đã bắt đầu hút thuốc trở lại.,https://audio.tudienkala.com/data/cache/images/300x225/a/s/assess1.png,https://audio.tudienkala.com/audio/a/s/assess.mp3
161,assign,/əˈsaɪn/,v,phân công,"In my family, I am assigned to take out the garbage.","Trong gia đình tôi, tôi được phân công đổ rác.",https://audio.tudienkala.com/data/cache/images/300x225/a/s/assign2.jpg,https://audio.tudienkala.com/audio/a/s/assign.mp3
161,assist,/ə'sist/,v,"giúp đỡ, có mặt",Bonnie hired a secretary to assist her with the many details of the event.,Bonnie đã thuê một thư ký để trợ giúp cô về rất nhiều chi tiết của sự kiện.,https://audio.tudienkala.com/data/cache/images/300x225/a/s/assist1.png,https://audio.tudienkala.com/audio/a/s/assist.mp3
161,assume,/ə'sju:m/,v,"đảm đương, gánh vác",It is generally assumed that stress is caused by too much work.,Nhiều người tin rằng sự căng thẳng gây ra bởi quá nhiều công việc.,https://audio.tudienkala.com/data/cache/images/300x225/a/s/assume1.png,https://audio.tudienkala.com/audio/a/s/assume.mp3
161,attain,/əˈteɪn/,v,đạt được,We need to know the best way to attain our goals.,Chúng ta cần phải biết cách tốt nhất để đạt được mục tiêu của mình.,https://audio.tudienkala.com/data/cache/images/300x225/a/t/attain2.png,https://audio.tudienkala.com/audio/a/t/attain.mp3
161,authority,/ɔːˈθɒrəti/,n,quyền lực,She now has authority over the people who used to be her bosses.,Cô ấy bây giờ có quyền lực đối với những người đã từng là ông chủ của cô.,https://audio.tudienkala.com/data/cache/images/300x225/a/u/authority1.jpg,https://audio.tudienkala.com/audio/a/u/authority.mp3
161,awkward,/ˈɔːkwəd/,adj,"lúng túng, khó xử",I felt awkward because they obviously wanted to be alone,Tôi cảm thấy lúng túng vì họ rõ ràng là muốn được ở một mình,https://audio.tudienkala.com/data/cache/images/300x225/a/w/awkward2.jpg,https://audio.tudienkala.com/audio/a/w/awkward.mp3
161,background,/'bækgraund/,n,"kiến thức, kinh nghiệm",Your background in the publishing industry is a definite asset for this job.,Kiến thức của anh trong công nghiệp xuất bản là một vốn quý rõ ràng cho công việc này.,https://audio.tudienkala.com/data/cache/images/300x225/b/a/background1.jpg,https://audio.tudienkala.com/audio/b/a/background.mp3
161,bad-tempered,/ˌbædˈtempəd/,adj,"nóng giận, nóng tính",She gets very bad-tempered when she's tired.,Cô ấy trở nên nóng tính khi cô ấy mệt mỏi.,https://audio.tudienkala.com/data/images_example/300x225/s/h/she_gets_v_ex2_587728107f8b9a0d308b46b9.jpg,https://audio.tudienkala.com/audio/b/a/bad-tempered.mp3
161,ban,/bæn/,n,luật cấm,There is to be a total ban on smoking in the office.,Sẽ có một luật cấm hút thuốc trong văn phòng.,https://audio.tudienkala.com/data/cache/images/300x225/b/a/ban2.png,https://audio.tudienkala.com/audio/b/a/ban.mp3
161,barrier,/ˈbæriər/,n,"rào cản, chướng ngại vật","When you are good at English, the language barrier is not a big problem with you.","Khi bạn giỏi Tiếng Anh, rào cản ngôn ngữ không còn là vấn đề lớn với bạn nữa.",https://audio.tudienkala.com/data/cache/images/300x225/b/a/barrier2.jpg,https://audio.tudienkala.com/audio/b/a/barrier.mp3
161,belong,/bɪˈlɒŋ/,v,"thuộc về, được sở hữu bởi ai",This house belongs to a rich landlord.,Ngôi nhà này thuộc về một địa chủ giàu có.,https://audio.tudienkala.com/data/cache/images/300x225/b/e/belong1.jpg,https://audio.tudienkala.com/audio/b/e/belong.mp3
161,bitter,/ˈbɪtə/,adj,đắng,That cup of coffee is too bitter for me to drink.,Cốc cà phê đó đắng quá tôi không uống được.,https://audio.tudienkala.com/data/images_example/300x225/t/h/that_cup_o_ex1_5847c1457f8b9aa5078b4624.jpg,https://audio.tudienkala.com/audio/b/i/bitter.mp3
161,bother,/ˈbɒðər/,v,"làm bận tâm, quấy rầy",You could have phoned us but you just didn't bother.,Cậu đã có thể gọi điện chúng tôi nhưng cậu đã không thèm bận tâm.,https://audio.tudienkala.com/data/cache/images/300x225/b/o/bother1.jpg,https://audio.tudienkala.com/audio/b/o/bother.mp3
161,bulk,/bʌlk/,n,"hầu hết, phần lớn",Bulk of the state money is spent to educate us.,Phần lớn tiền nhà nước được dành để giáo dục chúng ta.,https://audio.tudienkala.com/data/cache/images/300x225/b/u/bulk1.jpg,https://audio.tudienkala.com/audio/b/u/bulk.mp3
161,burden,/'bə:dn/,n,gánh nặng,"I never consider looking after my elderly parents as a burden, but a token of gratitude.","Tôi không bao giờ coi việc chăm sóc bố mẹ già là một gánh nặng, mà coi đó là biểu hiện của lòng biết ơn.",https://audio.tudienkala.com/data/cache/images/300x225/b/u/burden2.jpg,https://audio.tudienkala.com/audio/b/u/burden.mp3
161,capable,/ˈkeɪpəbl/,adj,"có tài, có năng lực giỏi",The human brain is capable of recording over 86 million bits of information daily.,Bộ não con người có khả năng ghi lại được trên 86 triệu thông tin mỗi ngày.,https://audio.tudienkala.com/data/cache/images/300x225/c/a/capable1.jpg,https://audio.tudienkala.com/audio/c/a/capable.mp3
161,clarify,/ˈklærəfaɪ/,v,"làm cho sáng sủa, dễ hiểu",This matter must be clarified.,Vấn đề này phải được làm rõ.,https://audio.tudienkala.com/data/cache/images/300x225/c/l/clarify1.jpeg,https://audio.tudienkala.com/audio/c/l/clarify.mp3
161,coherent,/kəʊˈhɪərənt/,adj,"mạch lạc, chặt chẽ","When she calmed down, she was more coherent.","Khi cô ấy bình tĩnh, cô ấy đã trình bày rõ ràng mạch lạc hơn.",https://audio.tudienkala.com/data/cache/images/300x225/c/o/coherent1.jpg,https://audio.tudienkala.com/audio/c/o/coherent.mp3
161,collapse,/kəˈlæps/,v,"sụp đổ, hỏng",My laptop collapsed yesterday when I was working.,Máy tính xách tay của tớ bị hỏng hôm qua lúc tớ đang làm việc.,https://audio.tudienkala.com/data/images_example/300x225/m/y/my_laptop__ex1_56248d027f8b9afc0c2983d9.jpg,https://audio.tudienkala.com/audio/c/o/collapse.mp3
161,commitment,/kəˈmɪtmənt,n,sự tận tâm,She has made a commitment to do her job well.,Cô đã làm một cam kết làm tốt công việc của mình.,https://audio.tudienkala.com/data/cache/images/300x225/c/o/commitment2.jpg,https://audio.tudienkala.com/audio/c/o/commitment.mp3
161,compensate,/'kɔmpenseit/,v,"bù, đền bù, bồi thường","If you are injured in a traffic accident, you can be compensated for your losses.","Nếu bạn bị thương trong một tai nạn giao thông, bạn có thể được bồi thường mọi thiệt hại.",https://audio.tudienkala.com/data/cache/images/300x225/c/o/compensate1.png,https://audio.tudienkala.com/audio/c/o/compensate.mp3
161,competitive,/kəmˈpetətɪv/,adj,"tính cạnh tranh, đua tranh",He isn’t a competitive person. He just wants to have a peaceful life.,Anh ấy không phải là một người thích đua tranh. Anh ấy chỉ muốn có một cuộc sống yên bình.,https://audio.tudienkala.com/data/cache/images/300x225/c/o/competitive1.jpg,https://audio.tudienkala.com/audio/c/o/competitive.mp3
161,compile,/kəmˈpaɪl/,v,"soạn, biên soạn, soạn thảo",The clerk is responsible for compiling the orders at the end of the day.,Người nhân viên chịu trách nhiệm soạn các đơn đặt hàng vào cuối ngày.,https://audio.tudienkala.com/data/cache/images/300x225/c/o/compile1.png,https://audio.tudienkala.com/audio/c/o/compile.mp3
161,complicated,/ˈkɒmplɪkeɪtɪd/,adj,"phức tạp, rắc rối",The story is extremely complicated.,Câu chuyện cực kỳ phức tạp.,https://audio.tudienkala.com/data/cache/images/300x225/c/o/complicated1.jpg,https://audio.tudienkala.com/audio/c/o/complicated.mp3
161,component,/kəmˈpəʊnənt/,n,"thành phần, bộ phận",We don't want any components of this system to fail.,Chúng tôi không muốn có bất kỳ thành phần của hệ thống này thất bại.,https://audio.tudienkala.com/data/cache/images/300x225/c/o/component1.jpg,https://audio.tudienkala.com/audio/c/o/component.mp3
162,concern,/kənˈsɜːn/,n,"mối quan tâm, lo lắng","Whenever I have health concerns, I call my doctor.","Hễ khi nào tôi có lo ngại về sức khỏe, tôi gọi cho bác sĩ của mình.",https://audio.tudienkala.com/data/images_example/300x225/w/h/whenever_i_ex1_56248cfc7f8b9afa0cb17fd8.jpg,https://audio.tudienkala.com/audio/c/o/concern.mp3
162,conclude,/kən'klu:d/,v,"kết luận, quyết định","After long discussions, the board has concluded that the project has to be canceled.","Sau những cuộc tranh luận dài, ủy ban đã kết luận rằng dự án phải bị hủy bỏ.",https://audio.tudienkala.com/data/images_example/300x225/a/f/after_long_ex1_56248d167f8b9a040dc66060.jpg,https://audio.tudienkala.com/audio/c/o/conclude.mp3
162,concrete,/ˈkɒŋkriːt/,n,bê tông,The pathway is formed from large pebbles set in concrete,Con đường được hình thành từ những hòn đá cuội lớn đặt trong xi măng,https://audio.tudienkala.com/data/cache/images/300x225/c/o/concrete1.jpg,https://audio.tudienkala.com/audio/c/o/concrete.mp3
162,confidential,/ˌkɑːnfɪˈdenʃl/,adj,"giữ kín, bí mật",What we have talked about today is confidential.,Những gì chúng ta đã nói chuyện về ngày hôm nay là bí mật.,https://audio.tudienkala.com/data/cache/images/300x225/c/o/confidential1.png,https://audio.tudienkala.com/audio/c/o/confidential.mp3
162,conflict,/ˈkɒnflɪkt/,n,cuộc xung đột,"When conflicts do happen, we work together to find the solutions.","Khi xảy ra các xung đột, chúng tôi sẽ cùng nhau tìm ra giải pháp.",https://audio.tudienkala.com/data/cache/images/300x225/c/o/conflict1.jpg,https://audio.tudienkala.com/audio/c/o/conflict.mp3
162,conform,/kən'fɔ:m/,v,"làm cho phù hợp, làm cho thích hợp",Our safety standards conform to those established by the government.,Các tiêu chuẩn an toàn của chúng tôi phù hợp với những tiêu chuẩn được thiết lập bởi chính phủ.,https://audio.tudienkala.com/data/cache/images/300x225/c/o/conform1.png,https://audio.tudienkala.com/audio/c/o/conform.mp3
162,confront,/kənˈfrʌnt/,v,"chạm trán, đương đầu với",the economic problems confronting the country,các vấn đề kinh tế đối mặt với đất nước,https://audio.tudienkala.com/data/cache/images/300x225/c/o/confront1.jpg,https://audio.tudienkala.com/audio/c/o/confront.mp3
162,confuse,/kənˈfjuːz/,v,làm ai rối rắm,They confused me with conflicting accounts of what happened.,Họ làm tôi rối lên với những câu chuyện trái ngược nhau về những điều đã xảy ra.,https://audio.tudienkala.com/data/cache/images/300x225/c/o/confuse2.jpg,https://audio.tudienkala.com/audio/c/o/confuse.mp3
162,conscious,/ˈkɒnʃəs/,adj,"trong trạng thái tỉnh táo, biết rõ",I became conscious of someone watching me.,Tôi biết rõ rằng có ai đó đang dõi theo tôi.,https://audio.tudienkala.com/data/cache/images/300x225/c/o/conscious1.jpg,https://audio.tudienkala.com/audio/c/o/conscious.mp3
162,consume,/kən'sju:m/,v,"tiêu thụ, tiêu dùng",People consume a good deal of sugar in drinks.,Mọi người tiêu dùng một lượng đường lớn trong đồ uống.,https://audio.tudienkala.com/data/cache/images/300x225/c/o/consume1.png,https://audio.tudienkala.com/audio/c/o/consume.mp3
162,contaminate,/kənˈtæmɪneɪt/,v,"làm ô nhiễm, làm bẩn",The drinking water has become contaminated with lead.,Nước uống đã bị ô nhiễm với chì.,https://audio.tudienkala.com/data/cache/images/300x225/c/o/contaminate1.jpg,https://audio.tudienkala.com/audio/c/o/contaminate.mp3
162,continuous,/kənˈtɪnjuəs/,adj,"liên tục, không dứt",Stop smoking and you will see a continuous improvement in your health,Ngừng hút thuốc và bạn sẽ thấy một sự cải thiện liên tục trong sức khỏe của mình,https://audio.tudienkala.com/data/cache/images/300x225/c/o/continuous2.jpg,https://audio.tudienkala.com/audio/c/o/continuous.mp3
162,contrast,/kənˈtrɑːst/,v,"đối chiếu, làm tương phản",It is interesting to contrast the British legal system with the American one.,Thật thú vị khi làm tương phản hệ thống pháp luật của Anh với hệ thống pháp luật của Mỹ.,https://audio.tudienkala.com/data/images_example/300x225/i/t/it_is_inte_ex2_587729217f8b9a6c308b4589.png,https://audio.tudienkala.com/audio/c/o/contrast.mp3
162,contribute,/kən'tribju:t/,v,đóng góp,Do you contribute anything to this charity?,Bạn có đóng góp gì cho buổi từ thiện này không?,https://audio.tudienkala.com/data/cache/images/300x225/c/o/contribute1.jpg,https://audio.tudienkala.com/audio/c/o/contribute.mp3
162,coordinate,/kou'ɔ:dneit/,v,kết hợp,You should coordinate your activities with those of other groups.,Em nên kết hợp hoạt động của các em với hoạt động của các nhóm khác.,https://audio.tudienkala.com/data/cache/images/300x225/c/o/coordinate1.png,https://audio.tudienkala.com/audio/c/o/coordinate.mp3
162,cope,/kəʊp/,v,"đối phó, đương đầu thành công (với một điều gì đó khó khăn)",I got to the stage where I wasn't coping any more.,Tôi đã đến giai đoạn mà tôi không đương đầu được nữa.,https://audio.tudienkala.com/data/cache/images/300x225/c/o/cope1.jpg,https://audio.tudienkala.com/audio/c/o/cope.mp3
162,criterion,/kraɪˈtɪəriən/,n,tiêu chuẩn,We have specific criteria to decide whether the students will pass.,Chúng tôi có các tiêu chuẩn cụ thể để quyết định xem các sinh viên nào sẽ vượt qua.,https://audio.tudienkala.com/data/cache/images/300x225/c/r/criterion1.jpg,https://audio.tudienkala.com/audio/c/r/criterion.mp3
162,decent,/ˈdiːsənt/,adj,"đứng đắn, tao nhã",Your decent behaviours are much approved.,Hành vi đứng đắn của bạn được chấp thuận nhiều.,https://audio.tudienkala.com/data/images_example/300x225/y/o/your_decen_ex2_58772a337f8b9a99308b45c4.jpg,https://audio.tudienkala.com/audio/d/e/decent.mp3
162,decline,/dɪˈklaɪn/,n,sự suy giảm,a rapid decline,sự suy giảm nhanh chóng,https://audio.tudienkala.com/data/cache/images/300x225/d/e/decline1.jpg,https://audio.tudienkala.com/audio/d/e/decline.mp3
162,definitely,/ˈdefɪnətli/,adv,"chắc chắn, nhất định",I will definitely come to your wedding party.,Tớ chắc chắn sẽ đến bữa tiệc đám cưới của cậu.,https://audio.tudienkala.com/data/cache/images/300x225/d/e/definitely1.jpg,https://audio.tudienkala.com/audio/d/e/definitely.mp3
162,deliberate,/dɪˈlɪbərət/,adj,"thong thả, cố ý, chủ tâm",She spoke in a slow and deliberate way.,Cô nói một cách chậm rãi và thong thả.,https://audio.tudienkala.com/data/cache/images/300x225/d/e/deliberate1.jpg,https://audio.tudienkala.com/audio/d/e/deliberate.mp3
162,delicate,/ˈdelɪkət/,adj,"dễ vỡ (đồ thuỷ tinh...), dễ bị tổn thương, phá hủy",Babies have very delicate skin.,Những đứa trẻ có làn da rất dễ bị tổn thương.,https://audio.tudienkala.com/data/images_example/300x225/b/a/babies_hav_ex2_587728937f8b9a41308b460f.jpg,https://audio.tudienkala.com/audio/d/e/delicate.mp3
162,deliver,/dɪˈlɪvər/,v,"phân phát (thư), giao (hàng), đưa ai đến đâu",Leaflets have been delivered to every household.,Tờ rơi đã được giao cho mỗi hộ gia đình.,https://audio.tudienkala.com/data/cache/images/300x225/d/e/deliver1.jpg,https://audio.tudienkala.com/audio/d/e/deliver.mp3
162,demolish,/dɪˈmɒlɪʃ/,v,"phá huỷ, phá bỏ",The factory is due to be demolished next year.,Nhà máy sẽ bị phá bỏ vào năm tới.,https://audio.tudienkala.com/data/cache/images/300x225/d/e/demolish1.jpg,https://audio.tudienkala.com/audio/d/e/demolish.mp3
162,demonstrate,/'demənstreit/,v,"bày tỏ, biểu lộ, cho thấy; chứng minh, giải thích",Let me demonstrate to you some of the difficulties we are facing.,Hãy để tôi trình bày cho bạn một số khó khăn mà chúng ta đang phải đối mặt.,https://audio.tudienkala.com/data/cache/images/300x225/d/e/demonstrate.jpg,https://audio.tudienkala.com/audio/d/e/demonstrate.mp3
162,deny,/dɪˈnaɪ/,v,"chối, phủ nhận",He denies attempting to murder his wife.,Anh ta phủ nhận việc cố giết vợ.,https://audio.tudienkala.com/data/cache/images/300x225/d/e/deny1.jpg,https://audio.tudienkala.com/audio/d/e/deny.mp3
162,depress,/dɪˈpres/,v,"làm ai chán nản, sầu não",Wet weather always depresses me,Thời tiết ẩm ướt luôn làm tôi chán nản,https://audio.tudienkala.com/data/cache/images/300x225/d/e/depress1.jpg,https://audio.tudienkala.com/audio/d/e/depress.mp3
162,deserted,/dɪˈzɜːtɪd/,adj,"bỏ hoang, hoang vắng",The office was completely deserted.,Văn phòng bị bỏ hoang hoàn toàn.,https://audio.tudienkala.com/data/images_example/300x225/t/h/the_office_ex2_587728a17f8b9a41308b4663.jpg,https://audio.tudienkala.com/audio/d/e/deserted.mp3
162,deserve,/dɪˈzɜːv/,v,"xứng đáng, đáng",They didn't deserve to win.,Họ không xứng đáng giành chiến thắng.,https://audio.tudienkala.com/data/cache/images/300x225/d/e/deserve2.jpg,https://audio.tudienkala.com/audio/d/e/deserve.mp3
162,desire,/di'zaiə/,v,"thèm muốn, khao khát, ao ước",We desire to have our own home.,Chúng tôi ao ước có ngôi nhà riêng.,https://audio.tudienkala.com/data/cache/images/300x225/d/e/desire1.png,https://audio.tudienkala.com/audio/d/e/desire.mp3
162,desperate,/ˈdespərət/,adj,tuyệt vọng,The prisoners grew increasingly desperate,Các tù nhân đã ngày càng tuyệt vọng hơn,https://audio.tudienkala.com/data/cache/images/300x225/d/e/desperate2.jpg,https://audio.tudienkala.com/audio/d/e/desperate.mp3
162,devastating,/ˈdevəsteɪtɪŋ/,adj,"tàn phá, phá huỷ",The injuries she suffered from were devastating.,Những chấn thương bà phải chịu đựng đang tàn phá.,https://audio.tudienkala.com/data/cache/images/300x225/d/e/devastating1.jpg,https://audio.tudienkala.com/audio/d/e/devastating.mp3
162,devise,/dɪˈvaɪz/,v,"nghĩ ra, sáng chế",A new system has been devised to control traffic in the city.,Một hệ thống mới đã được đưa ra để kiểm soát giao thông trong thành phố.,https://audio.tudienkala.com/data/cache/images/300x225/d/e/devise1.jpg,https://audio.tudienkala.com/audio/d/e/devise.mp3
162,devoted,/dɪˈvəʊtɪd/,adj,tận tâm,They are devoted to their children.,Họ tận tâm với con cái của họ.,https://audio.tudienkala.com/data/cache/images/300x225/d/e/devoted1.png,https://audio.tudienkala.com/audio/d/e/devoted.mp3
162,diagnose,/´daiəg¸nouz/,v,chuẩn đoán,"After considering the patient's symptoms and looking at his test results, the doctor diagnosed the lump as benign.","Sau khi cân nhắc các triệu chứng của bệnh nhân và xem kết quả xét nghiệm của anh ta, vị bác sĩ đã chẩn đoán khối u là u lành.",https://audio.tudienkala.com/data/cache/images/300x225/d/i/diagnose1.png,https://audio.tudienkala.com/audio/d/i/diagnose.mp3
162,dimension,/di'menʃn/,n,"kích thước, khổ",What are the dimensions of the ballroom?,Kích thước của phòng nhảy ra sao?,https://audio.tudienkala.com/data/cache/images/300x225/d/i/dimension1.png,https://audio.tudienkala.com/audio/d/i/dimension.mp3
162,diminish,/dɪˈmɪnɪʃ/,v,"suy giảm, thu nhỏ",The world's resources are rapidly diminishing.,Các nguồn tài nguyên trên thế giới đang suy giảm nhanh chóng.,https://audio.tudienkala.com/data/cache/images/300x225/d/i/diminish1.jpg,https://audio.tudienkala.com/audio/d/i/diminish.mp3
162,direct,/dɪˈrekt/,v,"làm đạo diễn (phim, kịch..)","Titanic is a romantic film, which was directed by James Cameron.",Titanic là một bộ phim lãng mạn được đạo diễn bởi James Cameron.,https://audio.tudienkala.com/data/images_example/300x225/t/i/titanic_is_ex1_587726597f8b9acf2f8b457b.jpg,https://audio.tudienkala.com/audio/d/i/direct.mp3
162,disgust,/dɪsˈɡʌst/,v,làm ai đó ghê tởm,The level of violence in the film really disgusted me.,Mức độ bạo lực trong phim thực sự làm tôi ghê tởm.,https://audio.tudienkala.com/data/cache/images/300x225/d/i/disgust2.jpg,https://audio.tudienkala.com/audio/d/i/disgust.mp3
162,dissolve,/dɪˈzɒlv/,v,hoà tan; tan ra,Salt dissolves in water,Muối tan trong nước,https://audio.tudienkala.com/data/cache/images/300x225/d/i/dissolve1.jpg,https://audio.tudienkala.com/audio/d/i/dissolve.mp3
162,distorted,/dɪˈstɔːtɪd/,adj,"bị bóp méo, bị xuyên tạc",The facts about this war have been distorted in the book.,Sự thật về cuộc chiến này đã bị bóp méo trong cuốn sách.,https://audio.tudienkala.com/data/cache/images/300x225/d/i/distorted1.jpg,https://audio.tudienkala.com/audio/d/i/distorted.mp3
162,distracting,/dɪˈstræktɪŋ/,adj,"gây xao nhãng, mất tập trung",I hate hearing distracting noise while working.,Tôi ghét nghe thấy tiếng ồn gây xao nhãng trong khi làm việc.,https://audio.tudienkala.com/data/cache/images/300x225/d/i/distracting1.jpg,https://audio.tudienkala.com/audio/d/i/distracting.mp3
162,disturb,/dis'tə:b/,v,"quấy rầy, làm phiền",Let's see how many products we can count in advance of inventory so we disturb fewer customers.,Hãy xem có bao nhiêu sản phẩm chúng ta có thể đếm trước khi kiểm kê để cho chúng ta làm phiền khách hàng ít hơn.,https://audio.tudienkala.com/data/cache/images/300x225/d/i/disturb1.png,https://audio.tudienkala.com/audio/d/i/disturb.mp3
162,dominate,/ˈdɒmɪneɪt/,v,"trội hơn, chiếm ưu thế",To dominate means to be more successful or powerful than others in a game or competition.,Chiếm ưu thế có nghĩa là mạnh hơn hoặc thành công hơn những đối tượng khác trong một trò chơi hoặc một cuộc thi.,https://audio.tudienkala.com/data/cache/images/300x225/d/o/dominate2.jpg,https://audio.tudienkala.com/audio/d/o/dominate.mp3
162,dramatic,/drəˈmætɪk/,adj,"mạnh mẽ, ấn tượng",The film was dramatic and thrilling.,Bộ phim đầy ấn tượng và rùng rợn.,https://audio.tudienkala.com/data/cache/images/300x225/d/r/dramatic2.jpg,https://audio.tudienkala.com/audio/d/r/dramatic.mp3
162,effective,/ɪˈfektɪv/,adj,"có hiệu quả, có tác dụng",Howard was pleased to find that the diet recommended by his doctor was quite effective.,Howard đã đã cảm thấy hài lòng khi chế độ ăn kiêng được bác sĩ dặn đã hoàn toàn có hiệu quả.,https://audio.tudienkala.com/data/cache/images/300x225/e/f/effective1.jpg,https://audio.tudienkala.com/audio/e/f/effective.mp3
162,efficient,/i'fiʃənt/,adj,"có hiệu quả, có hiệu suất, có năng suất (cao)",The accountant was so efficient in processing the customer receipts that she had the job done before lunch.,Nhân viên kế toán làm việc hiệu quả trong việc xử lý các hóa đơn khách hàng đến nỗi cô ta đã hoàn tất công việc trước bữa trưa.,https://audio.tudienkala.com/data/cache/images/300x225/e/f/efficient1.png,https://audio.tudienkala.com/audio/e/f/efficient.mp3
162,elastic,/ɪˈlæstɪk/,adj,"đàn hồi, co giãn",Some people have very elastic skin.,Một số người có làn da rất đàn hồi.,https://audio.tudienkala.com/data/cache/images/300x225/e/l/elastic1.jpg,https://audio.tudienkala.com/audio/e/l/elastic.mp3
162,embarrass,/ɪmˈbærəs/,v,"làm lúng túng, làm ai ngượng",Her questions about my private life embarrassed me.,Câu hỏi của cô ấy về cuộc sống riêng tư của tôi làm tôi xấu hổ.,https://audio.tudienkala.com/data/cache/images/300x225/e/m/embarrass2.jpg,https://audio.tudienkala.com/audio/e/m/embarrass.mp3
162,emerge,/ɪˈmɜːdʒ/,v,"đi ra từ một nơi tối, hạn hẹp hay ẩn; nổi lên, hiện ra",Several possible candidates have emerged.,Một số ứng viên tiềm năng đã xuất hiện.,https://audio.tudienkala.com/data/images_example/300x225/s/e/several_po_ex1_587727af7f8b9a01308b4633.png,https://audio.tudienkala.com/audio/e/m/emerge.mp3
163,encourage,/ɪnˈkʌrɪdʒ/,v,"khuyến khích, động viên",My mom always encourages me whenever I meet difficulties.,Mẹ tớ luôn động viên tớ khi tớ gặp khó khăn.,https://audio.tudienkala.com/data/images_example/300x225/m/y/my_mom_alw_ex1_56248d007f8b9afc0c29809d.jpg,https://audio.tudienkala.com/audio/e/n/encourage.mp3
163,endanger,/ɪnˈdeɪndʒər /,v,gây nguy hiểm,Smoking endangers children's health.,Hút thuốc gây nguy hiểm đến sức khỏe trẻ em.,https://audio.tudienkala.com/data/cache/images/300x225/e/n/endanger1.jpg,https://audio.tudienkala.com/audio/e/n/endanger.mp3
163,enrich,/ɪnˈrɪtʃ/,v,nâng cao chất lượng,The study of science has enriched all our lives.,Nghiên cứu khoa học đã làm nâng cao chất lượng tất cả cuộc sống của chúng ta.,https://audio.tudienkala.com/data/images_example/300x225/t/h/the_study__ex2_58772a367f8b9a99308b45d4.jpg,https://audio.tudienkala.com/audio/e/n/enrich.mp3
163,entertaining,/ˌentəˈteɪnɪŋ/,adj,mang tính giải trí,Minions is an entertaining cartoon.,Minions là một bộ phim hoạt hình mang tính giải trí.,https://audio.tudienkala.com/data/images_example/300x225/m/i/minions_is_ex1_587728117f8b9a0d308b46c1.jpg,https://audio.tudienkala.com/audio/e/n/entertaining.mp3
163,establish,/is'tæbliʃ/,v,"thành lập, thiết lập",This company was established in 2010.,Công ty này được thành lập vào năm 2010.,https://audio.tudienkala.com/data/cache/images/300x225/e/s/establish1.png,https://audio.tudienkala.com/audio/e/s/establish.mp3
163,estimate,/ˈestɪmət/,v,ước lượng,We estimated our losses this year at about five thousand dollars.,Chúng tôi ước tính thua lỗ trong năm nay của chúng tôi là vào khoảng 5 ngàn đô-la.,https://audio.tudienkala.com/data/cache/images/300x225/e/s/estimate1.png,https://audio.tudienkala.com/audio/e/s/estimate.mp3
163,evident,/'evidənt/,adj,"hiển nhiên, rõ ràng",The presence of a wisdom tooth was not evident until the dentist started to examine the patient.,Sự có mặt của cái răng khôn thì không rõ ràng cho đến khi nha sĩ bắt đầu khám bệnh nhân.,https://audio.tudienkala.com/data/cache/images/300x225/e/v/evident1.png,https://audio.tudienkala.com/audio/e/v/evident.mp3
163,excite,/ik'sait/,v,"kích thích, kích động",Exotic flavor always excite me.,Những hương vị lạ/ngoại nhập luôn luôn kích thích tôi.,https://audio.tudienkala.com/data/cache/images/300x225/e/x/excite1.png,https://audio.tudienkala.com/audio/e/x/excite.mp3
163,excuse,/ɪkˈskjuːs/,n,"lời xin lỗi, lý do để xin lỗi",There's no excuse for such behaviour,Không có lý do gì để có hành vi như vậy,https://audio.tudienkala.com/data/cache/images/300x225/e/x/excuse1.jpg,https://audio.tudienkala.com/audio/e/x/excuse.mp3
163,exploit,/ɪkˈsplɔɪt/,v,"khai thác, bóc lột",We need to make sure that we exploit our resources as fully as possible.,Chúng ta cần phải chắc chắn rằng chúng ta khai thác các nguồn tài nguyên đầy đủ nhất có thể.,https://audio.tudienkala.com/data/cache/images/300x225/e/x/exploit1.png,https://audio.tudienkala.com/audio/e/x/exploit.mp3
163,express,/iks'pres/,adj,"nhanh, hỏa tốc, tốc hành.","It's important that this document be there tomorrow, so please send it express mail.","Việc tài liệu này phải có ở chổ ngày mai vì nó rất quan trọng, do đó nên hãy gửi thư chuyển phát nhanh.",https://audio.tudienkala.com/data/cache/images/300x225/e/x/express1.png,https://audio.tudienkala.com/audio/e/x/express.mp3
163,extend,/iks'tend/,v,"gia hạn, kéo dài (thời hạn...)",There are plans to extend the subway line in this city.,Có kế hoạch để mở rộng đường tàu điện ngầm trong thành phố này.,https://audio.tudienkala.com/data/cache/images/300x225/e/x/extend1.png,https://audio.tudienkala.com/audio/e/x/extend.mp3
163,extensive,/ɪkˈstensɪv/,adj,"lớn, rộng lớn",It is an extensive collection of silver.,Đây là một bộ sưu tập bạc rất lớn.,https://audio.tudienkala.com/data/cache/images/300x225/e/x/extensive1.jpg,https://audio.tudienkala.com/audio/e/x/extensive.mp3
163,face,/feɪs/,n,khuôn mặt,I wash my face every morning.,Tôi rửa mặt mỗi buổi sáng.,https://audio.tudienkala.com/data/cache/images/300x225/f/a/face1.png,https://audio.tudienkala.com/audio/f/a/face.mp3
163,facility,/fəˈsɪləti/,n,"cơ sở vật chất, trang thiết bị",Schools and hospitals are necessary facilities.,Trường học và bệnh viện là những cơ sở vật chất cần thiết.,https://audio.tudienkala.com/data/cache/images/300x225/f/a/facility1.jpg,https://audio.tudienkala.com/audio/f/a/facility.mp3
163,feasible,/ˈfiːzəbl/,adj,khả thi,"With the extra resources, the project now seems feasible.","Với các nguồn lực bổ sung, dự án bây giờ có vẻ khả thi.",https://audio.tudienkala.com/data/cache/images/300x225/f/e/feasible1.jpg,https://audio.tudienkala.com/audio/f/e/feasible.mp3
163,finite,/ˈfaɪ.naɪt/,adj,có hạn,Natural resources seem infinite but are actually finite.,"Tài nguyên thiên nhiên dường như vô hạn, nhưng thực sự thì nó hữu hạn đấy.",https://audio.tudienkala.com/data/cache/images/300x225/f/i/finite1.jpg,https://audio.tudienkala.com/audio/f/i/finite.mp3
163,flourish,/ˈflʌrɪʃ/,v,phát triển,My tomatoes are flourishing this summer.,Những cây cà chua của tôi đang phát triển vào mùa hè này.,https://audio.tudienkala.com/data/cache/images/300x225/f/l/flourish1.jpg,https://audio.tudienkala.com/audio/f/l/flourish.mp3
163,fluency,/ˈfluːənsi/,n,"sự lưu loát, sự thông thạo",I have achieved certain fluency in German.,Tôi đã đạt được sự trôi chảy nhất định trong tiếng Đức.,https://audio.tudienkala.com/data/cache/images/300x225/f/l/fluency2.jpg,https://audio.tudienkala.com/audio/f/l/fluency.mp3
163,formerly,/ˈfɔːməli/,adv,trước đây,"This country, formerly two kingdoms, is one of the richest countries in Africa.","Đất nước này, trước đây là hai vương quốc, là một trong những nước giàu nhất ở châu Phi.",https://audio.tudienkala.com/data/cache/images/300x225/f/o/formerly1.jpg,https://audio.tudienkala.com/audio/f/o/formerly.mp3
163,fraud,/frɔːd/,n,"sự gian lận, sự lừa gạt",I don't want to be charged with credit card fraud.,Tôi không muốn bị buộc tội gian lận thẻ tín dụng.,https://audio.tudienkala.com/data/images_example/300x225/i/_/i_dont_wan_ex2_58772a377f8b9a99308b45da.jpg,https://audio.tudienkala.com/audio/f/r/fraud.mp3
163,fruitless,/ˈfruːtləs/,adj,"không có kết quả, thất bại; vô ích",I know the search for her will be fruitless but I still have to try.,Tôi biết việc tìm kiếm cô ấy sẽ không có kết quả nhưng tôi vẫn phải cố gắng.,https://audio.tudienkala.com/data/cache/images/300x225/f/r/fruitless2.png,https://audio.tudienkala.com/audio/f/r/fruitless.mp3
163,fulfil,,v,"thực hiện, hoàn thành, làm trọn (nhiệm vụ...)",,,https://audio.tudienkala.com/data/cache/images/300x225/f/u/fulfil1.jpg,
163,gain,/ɡeɪn/,n,"sự gia tăng (về lượng như tiền bạc, cân nặng...)",Regular exercise helps prevent weight gain,Tập thể dục thường xuyên sẽ giúp ngăn ngừa tăng cân,https://audio.tudienkala.com/data/cache/images/300x225/g/a/gain1.jpg,https://audio.tudienkala.com/audio/g/a/gain.mp3
163,gradual,/ˈɡradʒʊəl/,adj,từ từ,Recovery from the disease is very gradual,Phục hồi từ căn bệnh này rất từ ​​từ,https://audio.tudienkala.com/data/cache/images/300x225/g/r/gradual1.jpg,https://audio.tudienkala.com/audio/g/r/gradual.mp3
163,guilty,/ˈɡɪlti/,adj,"cảm thấy xấu hổ vì đã làm điều gì xấu, hoặc vì đã không làm một việc mà đáng lẽ phải làm",John had a guilty look on his face.,John đã cảm thấy xấu hổ khi nhìn vào khuôn mặt của mình.,https://audio.tudienkala.com/data/cache/images/300x225/g/u/guilty2.jpg,https://audio.tudienkala.com/audio/g/u/guilty.mp3
163,handle,/ˈhændl/,v,"xử lí, giải quyết",You can handle all these matters.,Bạn có thể xử lý tất cả những vấn đề này.,https://audio.tudienkala.com/data/cache/images/300x225/h/a/handle3.jpg,https://audio.tudienkala.com/audio/h/a/handle.mp3
163,hang,/hæŋ/,v,treo,You should hang a new calendar at Tet.,Bạn nên treo lịch mới vào dịp Tết.,https://audio.tudienkala.com/data/images_example/300x225/y/o/you_should_ex1_587727a07f8b9a01308b45d5.jpg,https://audio.tudienkala.com/audio/h/a/hang.mp3
163,hatred,/ˈheɪtrɪd/,n,"lòng căm thù, sự căm ghét",She felt nothing but hatred for her attacker.,Cô ấy không cảm thấy gì ngoài lòng căm thù kẻ đã tấn công cô.,https://audio.tudienkala.com/data/cache/images/300x225/h/a/hatred2.png,https://audio.tudienkala.com/audio/h/a/hatred.mp3
163,hesitate,/ˈhezɪteɪt/,v,do dự,Please do not hesitate to contact me if you have any queries.,Xin vui lòng liên hệ với tôi nếu bạn có bất kỳ thắc mắc.,https://audio.tudienkala.com/data/cache/images/300x225/h/e/hesitate1.png,https://audio.tudienkala.com/audio/h/e/hesitate.mp3
163,honour,/ˈɑːnər/,n,"danh tiếng, danh dự",The visit was a signal honour.,Chuyến viếng thăm là một niềm vinh dự.,https://audio.tudienkala.com/data/cache/images/300x225/h/o/honour2.jpg,https://audio.tudienkala.com/audio/h/o/honour.mp3
163,horizontal,/ˌhɒrɪˈzɒntəl/,adj,"ngang, nằm ngang",Their boat began to tilt away from the horizontal.,Chiếc tàu của họ bắt đầu nghiêng khỏi mặt phẳng ngang.,https://audio.tudienkala.com/data/cache/images/300x225/h/o/horizontal2.png,https://audio.tudienkala.com/audio/h/o/horizontal.mp3
163,identify,/aɪˈdentɪfaɪ/,v,"nhận diện, nhận biết, xác định",The tiny bracelets identified each baby in the nursery.,Những cái vòng tay bé xíu nhận diện từng em bé ở trong phòng dành riêng cho trẻ nhỏ.,https://audio.tudienkala.com/data/images_example/300x225/t/h/the_tiny_b_ex1_56248cf57f8b9af80c01238d.jpg,https://audio.tudienkala.com/audio/i/d/identify.mp3
163,illegal,/ɪˈliːɡəl/,adj,"bất hợp pháp, trái phép",They fined him $500 for illegal parking.,Họ đã phạt anh ấy 500 đô la vì đỗ xe trái phép.,https://audio.tudienkala.com/data/images_example/300x225/t/h/they_fined_ex1_587728877f8b9a41308b45bf.jpg,https://audio.tudienkala.com/audio/i/l/illegal.mp3
163,illustrate,/ˈɪləstreɪt/,v,minh họa,The lecturer illustrated his point with a diagram on the blackboard.,Giảng viên đó đã minh họa quan điểm của mình bằng một biểu đồ trên bảng đen.,https://audio.tudienkala.com/data/images_example/300x225/t/h/the_lectur_ex1_582c2b0f7f8b9ac7938b461b.jpg,https://audio.tudienkala.com/audio/i/l/illustrate.mp3
163,imitate,/ˈɪmɪteɪt/,v,"bắt chước, sao chép",Some animals can imitate humans’ actions.,Một số loài động vật có thể bắt chước hành động của con người.,https://audio.tudienkala.com/data/cache/images/300x225/i/m/imitate1.jpg,https://audio.tudienkala.com/audio/i/m/imitate.mp3
163,immune,/ɪˈmjuːn/,adj,miễn dịch,You'll eventually become immune to criticism.,Cuối cùng bạn sẽ trở nên miễn nhiễm với những lời chỉ trích.,https://audio.tudienkala.com/data/cache/images/300x225/i/m/immune1.jpg,https://audio.tudienkala.com/audio/i/m/immune.mp3
163,impact,/ˈɪmpakt/,n,"sự tác động mạnh, ảnh hưởng mạnh",The story of the presidential scandal had a huge impact on the public.,Bài báo về vụ bê bối của tổng thống đã có tác động to lớn đến công chúng.,https://audio.tudienkala.com/data/cache/images/300x225/i/m/impact1.png,https://audio.tudienkala.com/audio/i/m/impact.mp3
163,implement,/ˈɪmplɪment/,v,"thi hành, thực hiện",The contract was implemented after everyone agreed.,Hợp đồng đã được thi hành sau khi tất cả mọi người đồng ý.,https://audio.tudienkala.com/data/cache/images/300x225/i/m/implement2.jpg,https://audio.tudienkala.com/audio/i/m/implement.mp3
163,imply,/im'plai/,v,"ngụ ý, hàm ý, ẩn ý, ý nói",The guarantees on the Walkman imply that all damages were covered under warranty for one year.,Giấy bảo đảm theo máy nghe nhạc Walkman đã ngụ ý rằng mọi hư hỏng đều được bao gồm trong thời hạn bảo hành là 1 năm.,https://audio.tudienkala.com/data/cache/images/300x225/i/m/imply2.jpg,https://audio.tudienkala.com/audio/i/m/imply.mp3
163,impose,/im'pouz/,v,"bắt chịu, bắt gánh vác",The company will impose a surcharge for any items returned.,Công ty phải chịu một khoản phí tổn thêm với bất kỳ sản phẩm nào bị trả lại.,https://audio.tudienkala.com/data/cache/images/300x225/i/m/impose1.png,https://audio.tudienkala.com/audio/i/m/impose.mp3
163,impossible,/ɪmˈpɑːsəbl/,adj,không thể,It was almost impossible to keep up with him.,Hầu như không thể theo kịp anh ta.,https://audio.tudienkala.com/data/cache/images/300x225/i/m/impossible1.png,https://audio.tudienkala.com/audio/i/m/impossible.mp3
163,impressive,/ɪmˈpresɪv/,adj,gây ấn tượng,She was very impressive in the interview.,Cô ấy đã rất ấn tượng trong cuộc phỏng vấn.,https://audio.tudienkala.com/data/cache/images/300x225/i/m/impressive1.jpg,https://audio.tudienkala.com/audio/i/m/impressive.mp3
163,improve,/ɪmˈpruːv/,v,tốt lên,I cannot seem to improve my memory even if I try.,Tôi dường như không thể cải thiện trí nhớ của mình ngay cả khi tôi cố gắng.,https://audio.tudienkala.com/data/cache/images/300x225/i/m/improve2.jpg,https://audio.tudienkala.com/audio/i/m/improve.mp3
163,incentive,/ɪnˈsentɪv/,n,"các phần thưởng khuyến khích nhân viên làm việc tốt hơn, động cơ",The company is offering a special low price as an added incentive for new customers.,Công ty đang cung cấp một mức giá thấp đặc biệt như một sự khuyến khích thêm khách hàng mới.,https://audio.tudienkala.com/data/cache/images/300x225/i/n/incentive1.jpg,https://audio.tudienkala.com/audio/i/n/incentive.mp3
163,indicate,/ˈɪndɪkeɪt/,v,"chỉ ra, cho biết điều gì",This indicates that the Euro is undervalued.,Điều này chỉ ra rằng đồng Euro bị định giá thấp.,https://audio.tudienkala.com/data/cache/images/300x225/i/n/indicate1.jpg,https://audio.tudienkala.com/audio/i/n/indicate.mp3
163,inevitable,/in´evitəbl/,adj,"không thể tránh được, chắc chắn xảy ra",It was an inevitable consequence of the decision.,Đó là một hệ quả không thể tránh khỏi của quyết định,https://audio.tudienkala.com/data/cache/images/300x225/i/n/inevitable1.png,https://audio.tudienkala.com/audio/i/n/inevitable.mp3
163,infect,/ɪnˈfekt/,v,"lây bệnh cho người, động vật, cây cối",The bird flu virus even has the ability to infect an unborn child.,Vi rút cúm gia cầm thậm chí có khả năng lây nhiễm cho thai nhi.,https://audio.tudienkala.com/data/cache/images/300x225/i/n/infect2.jpg,https://audio.tudienkala.com/audio/i/n/infect.mp3
163,infer,/ɪnˈfɜːr/,v,"suy ra, kết luận",Much of the meaning must be inferred from the context.,Phần lớn ý nghĩa phải được suy ra từ ngữ cảnh.,https://audio.tudienkala.com/data/images_example/300x225/m/u/much_of_th_ex2_58772a397f8b9a99308b45e2.jpg,https://audio.tudienkala.com/audio/i/n/infer.mp3
163,ingredient,/in'gri:djənt/,n,"thành phần, nguyên liệu","We want to make a special cake. To do that, we need to buy all the ingredients.","Chúng tôi muốn làm một chiếc bánh đặc biệt. Để làm được điều đó, chúng tôi cần mua đầy đủ các nguyên liệu.",https://audio.tudienkala.com/data/cache/images/300x225/i/n/ingredient1.png,https://audio.tudienkala.com/audio/i/n/ingredient.mp3
164,inhabitant,/ɪnˈhæbɪtənt/,n,dân cư,Hanoi is the capital city of Vietnam with more than 6 million inhabitants.,Hà Nội là thủ đô của nước Việt Nam với hơn 6 triệu dân cư.,https://audio.tudienkala.com/data/cache/images/300x225/i/n/inhabitant1.jpg,https://audio.tudienkala.com/audio/i/n/inhabitant.mp3
164,inherent,/ɪnˈherənt/,adj,"vốn có, cố hữu",the difficulties inherent in a study of this type,những khó khăn vốn có trong nghiên cứu về loại hình này,https://audio.tudienkala.com/data/images_example/300x225/t/h/the_diffic_ex1_58772a397f8b9a99308b45e4.jpg,https://audio.tudienkala.com/audio/i/n/inherent.mp3
164,initial,/ɪˈnɪʃəl/,adj,ban đầu; đầu,My initial reaction was to refuse.,Phản ứng ban đầu của tôi là từ chối.,https://audio.tudienkala.com/data/images_example/300x225/m/y/my_initial_ex2_587728397f8b9a22308b45d3.jpg,https://audio.tudienkala.com/audio/i/n/initial.mp3
164,innocent,/ˈɪnəsənt/,adj,vô tội,"Someone told your secret, but it wasn't me. I'm innocent.","Có người nói bí mật của bạn, nhưng đó không phải là tôi. Tôi vô tội.",https://audio.tudienkala.com/data/cache/images/300x225/i/n/innocent2.jpg,https://audio.tudienkala.com/audio/i/n/innocent.mp3
164,innovative,/ˈɪnəvətɪv/,adj,"sáng tạo, đổi mới","Try not to follow the old path, be innovative instead.","Cố gắng không đi theo con đường cũ, thay vào đó hãy sáng tạo.",https://audio.tudienkala.com/data/cache/images/300x225/i/n/innovative1.jpg,https://audio.tudienkala.com/audio/i/n/innovative.mp3
164,inspiration,"/,inspə'reiʃn/",n,cảm hứng,Nature is a source of inspiration for inventors.,Thiên nhiên là nguồn cảm hứng cho các nhà phát minh.,https://audio.tudienkala.com/data/cache/images/300x225/i/n/inspiration2.jpg,https://audio.tudienkala.com/audio/i/n/inspiration.mp3
164,insult,/ˈɪnsʌlt/,n,"điều lăng mạ, xúc phạm",The crowd were shouting insults at the police,Đám đông đã hét lên những lời lăng mạ vào cảnh sát,https://audio.tudienkala.com/data/images_example/300x225/t/h/the_crowd__ex2_587727787f8b9af52f8b46b4.jpg,https://audio.tudienkala.com/audio/i/n/insult.mp3
164,insurance,/ɪnˈʃʊrəns/,n,bảo hiểm,You should seek advice from your financial adviser before deciding on appropriate insurance cover.,Bạn nên tìm kiếm lời khuyên từ các chuyên gia tư vấn tài chính của bạn trước khi quyết định mua bảo hiểm thích hợp.,https://audio.tudienkala.com/data/cache/images/300x225/i/n/insurance1.jpg,https://audio.tudienkala.com/audio/i/n/insurance.mp3
164,intense,/ɪnˈtens/,adj,"mạnh, có cường độ lớn",I cannot stand this intense summer heat.,Tôi không thể chịu được sức nóng mùa hè dữ dội này.,https://audio.tudienkala.com/data/images_example/300x225/i/_/i_cannot_s_ex2_58772a3a7f8b9a99308b45e8.jpg,https://audio.tudienkala.com/audio/i/n/intense.mp3
164,interact,/ˌɪntərˈækt/,v,"tương tác, tiếp xúc",Volunteers have a chance to interact closely with the local people.,Các tình nguyện viên có cơ hội được tiếp xúc gần gũi với người dân địa phương.,https://audio.tudienkala.com/data/images_example/300x225/v/o/volunteers_ex1_56248d017f8b9afc0c2981ed.png,https://audio.tudienkala.com/audio/i/n/interact.mp3
164,interpret,/ɪnˈtɜːprɪt/,v,"giải thích, làm sáng tỏ",I interpreted his behavior to mean that he disliked me.,Tôi giải thích hành vi của anh ta để hiểu là anh ấy không thích tôi.,https://audio.tudienkala.com/data/cache/images/300x225/i/n/interpret1.jpg,https://audio.tudienkala.com/audio/i/n/interpret.mp3
164,interrupt,/ˌɪntəˈrʌpt/,v,gián đoạn,I wish you'd stop interrupting.,Tôi muốn anh ngừng gián đoạn tôi.,https://audio.tudienkala.com/data/cache/images/300x225/i/n/interrupt1.jpg,https://audio.tudienkala.com/audio/i/n/interrupt.mp3
164,investigate,/in'vestigeit/,v,"điều tra, nghiên cứu",Reporters need to thoroughly investigate the facts before publishing their stories.,Các phóng viên cần phải điều tra kỹ lưỡng về sự kiện trước khi công bố bài báo về chúng.,https://audio.tudienkala.com/data/cache/images/300x225/i/n/investigate2.jpg,https://audio.tudienkala.com/audio/i/n/investigate.mp3
164,involve,/ɪnˈvɒlv/,v,"bao gồm, liên quan",We've agreed to involve disabled students taking part in our Santa Claus activities for children in the neighbourhood.,Chúng tôi thống nhất để những học sinh khuyết tật tham gia vào các hoạt động ông già Noel cho trẻ em trong vùng.,https://audio.tudienkala.com/data/images_example/300x225/w/e/weve_agree_ex1_56248d127f8b9a020d261a70.jpg,https://audio.tudienkala.com/audio/i/n/involve.mp3
164,irritate,/'iriteit/,v,"kích thích, làm tấy lên, làm rát",Aspirin irritates my stomach.,Aspirin kích ứng dạ dày của tôi.,https://audio.tudienkala.com/data/images_example/300x225/a/s/aspirin_ir_ex1_56248d167f8b9a040dc66274.jpg,https://audio.tudienkala.com/audio/i/r/irritate.mp3
164,justice,/ˈdʒʌstɪs/,n,sự công bằng,They are demanding equal rights and justice.,Họ đang đòi quyền bình đẳng và công lý.,https://audio.tudienkala.com/data/cache/images/300x225/j/u/justice1.jpg,https://audio.tudienkala.com/audio/j/u/justice.mp3
164,launch,/lɔːnt ʃ/,v,"phát động, khởi động",Last month we launched a campaign to help students with disabilities.,Tháng trước chúng tôi đã khởi động một chiến dịch giúp đỡ các học sinh khuyết tật.,https://audio.tudienkala.com/data/images_example/300x225/l/a/last_month_ex1_56248d0d7f8b9a000de3d291.jpg,https://audio.tudienkala.com/audio/l/a/launch.mp3
164,leading,/ˈliːdɪŋ/,adj,"hàng đầu, chính, quan trọng",She was offered the leading role in the new TV series.,Cô ấy được mời đóng vai chính trong bộ phim truyền hình mới.,https://audio.tudienkala.com/data/cache/images/300x225/l/e/leading2.jpg,https://audio.tudienkala.com/audio/l/e/leading.mp3
164,life-threatening,/ˈlaɪfθretənɪŋ/,adj,"đe dọa đến tính mạng, hiểm nghèo",She got into an accident and is now in a life-threatening condition.,Cô bị tai nạn và bây giờ đang ở trong tình trạng đe dọa tính mạng.,https://audio.tudienkala.com/data/cache/images/300x225/l/i/life-threatening1.jpg,https://audio.tudienkala.com/audio/l/i/life-threatening.mp3
164,magical,/ˈmædʒɪkəl/,adj,"có ma lực, có sức lôi cuốn; được sử dụng trong ảo thuật",Some metals was thought to be magical.,Một số kim loại được cho là kỳ diệu.,https://audio.tudienkala.com/data/cache/images/300x225/m/a/magical1.jpg,https://audio.tudienkala.com/audio/m/a/magical.mp3
164,maintain,/men'tein/,v,duy trì,Combining physical activity with a healthy diet is the best way to maintain a healthy body weight.,Kết hợp hoạt động thể chất với chế độ ăn uống lành mạnh là cách tốt nhất để duy trì trọng lượng cơ thể khỏe mạnh.,https://audio.tudienkala.com/data/cache/images/300x225/m/a/maintain2.jpg,https://audio.tudienkala.com/audio/m/a/maintain.mp3
164,mature,/məˈtjʊər/,adj,"trưởng thành, chín chắn",She is mature enough to make her own decision.,Cô ta đủ chín chắn để tự đưa ra quyết định.,https://audio.tudienkala.com/data/images_example/300x225/s/h/she_is_mat_ex1_56248d057f8b9afe0c09d206.jpg,https://audio.tudienkala.com/audio/m/a/mature.mp3
164,mild,/maɪld/,adj,"nhẹ, ở mức độ nhẹ",It's safe to take a mild sedative.,Sẽ an toàn khi dùng thuốc an thần nhẹ.,https://audio.tudienkala.com/data/cache/images/300x225/m/i/mild2.png,https://audio.tudienkala.com/audio/m/i/mild.mp3
164,mission,/ˈmɪʃən/,n,"sứ mệnh, nhiệm vụ",The nurse explained that the mission of everyone in the unit was to make sure the patients got well as soon as possible.,Người y tá đã giải thích rằng nhiệm vụ của mọi người trong khoa là phải đảm bảo rằng các bệnh nhân khỏi bệnh càng sớm càng tốt.,https://audio.tudienkala.com/data/images_example/300x225/t/h/the_nurse__ex1_56248d0e7f8b9a000de3d2b1.jpg,https://audio.tudienkala.com/audio/m/i/mission.mp3
164,moderate,/ˈmɒdərət/,adj,"khiêm tốn, vừa phải, trung bình",The car is of moderate size - just right for a small family.,Chiếc ô tô này có kích cỡ khiêm tốn nên chỉ hợp với một gia đình nhỏ.,https://audio.tudienkala.com/data/cache/images/300x225/m/o/moderate1.jpg,https://audio.tudienkala.com/audio/m/o/moderate.mp3
164,motivate,/ˈməʊtɪveɪt/,v,"thúc đẩy, động viên",She's very good at motivating her students.,Cô ấy rất giỏi động viên các học sinh của mình.,https://audio.tudienkala.com/data/cache/images/300x225/m/o/motivate1.jpg,https://audio.tudienkala.com/audio/m/o/motivate.mp3
164,multiply,/ˈmʌltɪplaɪ/,v,"nhân, nhân lên",Multiplying 4 by 3 gives you 12.,Nhân 4 và 3 sẽ cho bạn 12.,https://audio.tudienkala.com/data/cache/images/300x225/m/u/multiply2.jpg,https://audio.tudienkala.com/audio/m/u/multiply.mp3
164,mysterious,/mɪˈstɪrɪəs/,adj,"bí hiểm, huyền bí",She was mysterious about herself but said plenty about her new husband.,Cô ấy bí ẩn về bản thân mình nhưng lại nói rất nhiều về người chồng mới của cô ấy.,https://audio.tudienkala.com/data/cache/images/300x225/m/y/mysterious1.jpg,https://audio.tudienkala.com/audio/m/y/mysterious.mp3
164,neutral,/ˈnjuːtrəl/,adj,trung lập,The country remained neutral during wartime.,Đất nước đứng trung lập trong thời chiến.,https://audio.tudienkala.com/data/cache/images/300x225/n/e/neutral1.jpg,https://audio.tudienkala.com/audio/n/e/neutral.mp3
164,nominal,/ˈnɒmɪnəl/,adj,chỉ tồn tại trên danh nghĩa; hữu danh vô thực,Peter did not get a lot of job applicants because he offered only a nominal salary to his employees.,"Peter đã không nhận được nhiều người đến xin việc, chỉ vì anh ấy đã đưa ra một mức lương không thực với nhân viên.",https://audio.tudienkala.com/data/images_example/300x225/p/e/peter_did__ex2_58772a3c7f8b9a99308b45f2.png,https://audio.tudienkala.com/audio/n/o/nominal.mp3
164,numerous,/ˈnjuːmərəs/,adj,rất nhiều,I have written numerous articles on this subject.,Tôi đã viết rất nhiều bài báo về chủ đề này.,https://audio.tudienkala.com/data/cache/images/300x225/n/u/numerous1.jpg,https://audio.tudienkala.com/audio/n/u/numerous.mp3
164,observe,/əbˈzɜrv/,v,"quan sát, theo dõi",Our teacher will observe and score our performance.,Giáo viên sẽ quan sát và chấm điểm phần biểu diễn của chúng tôi.,https://audio.tudienkala.com/data/cache/images/300x225/o/b/observe1.jpg,https://audio.tudienkala.com/audio/o/b/observe.mp3
164,obstacle,/ˈɒbstəkl/,n,"trở ngại, khó khăn",A lack of qualifications can be a major obstacle to finding a job.,Sự thiếu trình độ có thể là trở ngại lớn cho việc tìm kiếm một công việc.,https://audio.tudienkala.com/data/cache/images/300x225/o/b/obstacle1.jpg,https://audio.tudienkala.com/audio/o/b/obstacle.mp3
164,obtain,/əb'tein/,v,"giành được, kiếm được (to acquire)",In the second experiment they obtained a very clear result.,"Ở thí nghiệm thứ hai, họ đạt được kết quả rất rõ ràng.",https://audio.tudienkala.com/data/cache/images/300x225/o/b/obtain1.png,https://audio.tudienkala.com/audio/o/b/obtain.mp3
164,obvious,/ˈɒbviəs/,adj,"rõ ràng, rành mạch, hiển nhiên",It's an obvious operation.,Nó là một phép toán rõ ràng.,https://audio.tudienkala.com/data/cache/images/300x225/o/b/obvious2.jpg,https://audio.tudienkala.com/audio/o/b/obvious.mp3
164,occupy,/'ɔkjupai/,v,"chiếm giữ, ở, cư ngụ",Our company has occupied this office for more than five years.,Công ty chúng tôi đã ở văn phòng này hơn 5 năm.,https://audio.tudienkala.com/data/cache/images/300x225/o/c/occupy1.jpg,https://audio.tudienkala.com/audio/o/c/occupy.mp3
164,offensive,/əˈfensɪv/,adj,"xúc phạm, công kích",He made some offensive remarks.,Anh đã đưa ra vài nhận xét xúc phạm.,https://audio.tudienkala.com/data/cache/images/300x225/o/f/offensive1.jpg,https://audio.tudienkala.com/audio/o/f/offensive.mp3
164,old-fashioned,/əʊldˈfaʃ(ə)nd/,adj,lỗi thời,This method is old-fashioned and needed to be updated.,Phương pháp này là lỗi thời và cần phải được cập nhật.,https://audio.tudienkala.com/data/images_example/300x225/t/h/this_metho_ex1_580d69167f8b9ac96d8b459a.jpg,https://audio.tudienkala.com/audio/o/l/old-fashioned.mp3
164,operate,/'ɔpəreit/,v,"vận hành, làm cho hoạt động",The train only operates in this area at the height of the tourist season.,Xe lửa chỉ chạy trong khu vực này vào lúc cao điểm của mùa du lịch.,https://audio.tudienkala.com/data/cache/images/300x225/o/p/operate1.png,https://audio.tudienkala.com/audio/o/p/operate.mp3
164,operation,/ˌɒpərˈeɪʃən/,n,ca phẫu thuật,Doctors performed an emergency operation for appendicitis last night,Các bác sĩ thực hiện ca phẫu thuật cấp cứu viêm ruột thừa đêm qua,https://audio.tudienkala.com/data/cache/images/300x225/o/p/operation2.jpg,https://audio.tudienkala.com/audio/o/p/operation.mp3
164,opponent,/əˈpəʊnənt/,n,"đối phương, đối thủ","In the second game, her opponent hurt her leg and had to retire.","Ở hiệp thứ hai, đối thủ của cô bị chấn thương chân và phải nghỉ hưu.",https://audio.tudienkala.com/data/cache/images/300x225/o/p/opponent1.png,https://audio.tudienkala.com/audio/o/p/opponent.mp3
164,oppose,/əˈpəʊz/,v,"chống đối, phản đối",Should parents strongly oppose their children’s romantic relationships?,Bố mẹ có nên phản đối mạnh mẽ các mối quan hệ tình cảm của con cái?,https://audio.tudienkala.com/data/cache/images/300x225/o/p/oppose2.jpg,https://audio.tudienkala.com/audio/o/p/oppose.mp3
164,option,/'ɔpʃn/,n,"sự chọn lựa, quyền lựa chọn","With the real estate market so tight right now, you don't have that many options.","Với thị trường BĐS khan hiếm đến vậy vào lúc này, anh không có nhiều chọn lựa đến vậy.",https://audio.tudienkala.com/data/cache/images/300x225/o/p/option2.jpg,https://audio.tudienkala.com/audio/o/p/option.mp3
164,outcome,/´aut¸kʌm/,n,"kết quả, hậu quả",We are waiting to hear the final outcome of the negotiations.,Chúng tôi đang đợi để nghe kết quả cuối cùng từ cuộc đàm phán,https://audio.tudienkala.com/data/cache/images/300x225/o/u/outcome1.jpg,https://audio.tudienkala.com/audio/o/u/outcome.mp3
164,outline,/ˈaʊtlaɪn/,n,"đề cương, dàn bài",You'd better write down the outline of the essay.,Bạn nên viết ra một phác thảo của bài luận.,https://audio.tudienkala.com/data/cache/images/300x225/o/u/outline1.jpg,https://audio.tudienkala.com/audio/o/u/outline.mp3
164,overall,/'ouvərɔ:l/,adj,"toàn bộ, toàn thể, tất cả; nói chung",The person with overall responsibility for the project.,Người chịu trách nhiệm toàn bộ cho dự án.,https://audio.tudienkala.com/data/cache/images/300x225/o/v/overall1.png,https://audio.tudienkala.com/audio/o/v/overall.mp3
164,overcome,/ˌəʊvəˈkʌm/,v,vượt qua,He overcame all obstacles in his path to success.,Anh ấy đã vượt qua tất cả các trở ngại trên con đường dẫn tới thành công.,https://audio.tudienkala.com/data/cache/images/300x225/o/v/overcome1.jpg,https://audio.tudienkala.com/audio/o/v/overcome.mp3
164,overeat,/ˌəʊ.vərˈiːt/,v,"ăn quá mức, ăn vô độ",Don't eat too fast to avoid overeating.,Không ăn quá nhanh để tránh ăn quá mức.,https://audio.tudienkala.com/data/cache/images/300x225/o/v/overeat1.jpg,https://audio.tudienkala.com/audio/o/v/overeat.mp3
164,owe,/ou/,v,"nợ, mắc nợ, mang ơn",I owe Janet ten pounds.,Tôi nợ Janet 10 bảng.,https://audio.tudienkala.com/data/cache/images/300x225/o/w/owe1.png,https://audio.tudienkala.com/audio/o/w/owe.mp3
164,particularly,/pəˈtɪkjələli/,adv,"rất, cực kì; đặc biệt (ở một vùng, khu vực nào đó)","I enjoyed the play, particularly the second half.","Tôi rất thích vở diễn, đặc biệt là nửa cuối.",https://audio.tudienkala.com/data/cache/images/300x225/p/a/particularly2.png,https://audio.tudienkala.com/audio/p/a/particularly.mp3
165,passionate,/ˈpæʃənət/,adj,"nồng nhiệt, đam mê",He has had a passionate interest in music since he was a child.,Anh ấy có đam mê với âm nhạc từ khi còn nhỏ.,https://audio.tudienkala.com/data/cache/images/300x225/p/a/passionate1.jpg,https://audio.tudienkala.com/audio/p/a/passionate.mp3
165,peak,/piːk/,n,"đỉnh cao, cao điểm",Membership of the club has fallen from a peak of 600 people in 2006.,Thành viên của câu lạc bộ đã giảm từ mức đỉnh 600 người vào năm 2006.,https://audio.tudienkala.com/data/cache/images/300x225/p/e/peak2.jpg,https://audio.tudienkala.com/audio/p/e/peak.mp3
165,permanent,/ˈpɜːmənənt/,adj,"lâu dài, thường trực; cố định",Eighty-five percent of the land of Greenland lies beneath a permanent ice cap.,Tám mươi lăm phần trăm diện tích đất Greenland nằm dưới lớp băng vĩnh viễn.,https://audio.tudienkala.com/data/images_example/300x225/e/i/eighty-fiv_ex1_587726d57f8b9ae72f8b45f7.png,https://audio.tudienkala.com/audio/p/e/permanent.mp3
165,persistent,/pəˈsɪstənt/,adj,"kiên trì, dai dẳng",persistent rain,cơn mưa dai dẳng,https://audio.tudienkala.com/data/images_example/300x225/p/e/persistent_ex1_58772a3e7f8b9a99308b45fc.jpg,https://audio.tudienkala.com/audio/p/e/persistent.mp3
165,personality,/ˌpɜːsənˈæləti/,n,"tính cách, cá tính",Her two sons have very different personalities; one is shy but one is very confident.,Hai người con trai của cô ấy có tính cách rất khác nhau; một đứa khá nhút nhát còn một đứa rất tự tin.,https://audio.tudienkala.com/data/cache/images/300x225/p/e/personality2.jpg,https://audio.tudienkala.com/audio/p/e/personality.mp3
165,pioneer,/paɪəˈnɪə(r)/,n,người tiên phong,He was a pioneer in the field of archaeology.,Ông là người tiên phong trong lĩnh vực khảo cổ học.,https://audio.tudienkala.com/data/images_example/300x225/h/e/he_was_a_p_ex1_56248d007f8b9afc0c298011.jpg,https://audio.tudienkala.com/audio/p/i/pioneer.mp3
165,pity,/ˈpɪti/,n,điều đáng tiếc,He had no pity for her.,Anh ta không có hối tiếc gì với cô ấy cả,https://audio.tudienkala.com/data/cache/images/300x225/p/i/pity1.jpg,https://audio.tudienkala.com/audio/p/i/pity.mp3
165,poisonous,/ˈpɔɪzənəs/,adj,độc hại,Ivy leaves are poisonous but I am immune to the poison.,Lá Ivy độc nhưng tôi miễn dịch với chất độc này.,https://audio.tudienkala.com/data/cache/images/300x225/p/o/poisonous1.png,https://audio.tudienkala.com/audio/p/o/poisonous.mp3
165,polish,/ˈpɒlɪʃ/,n,chất đánh bóng,This table has a table - top with a good polish.,Mặt cái bàn này có chất đánh bóng đẹp.,https://audio.tudienkala.com/data/images_example/300x225/t/h/this_table_ex2_587727457f8b9af52f8b456f.jpg,https://audio.tudienkala.com/audio/p/o/polish.mp3
165,possess,/pəˈzes/,v,"có, sở hữu",He was charged with possessing a shotgun without a licence.,Ông bị buộc tội sở hữu một khẩu súng săn mà không có giấy phép.,https://audio.tudienkala.com/data/images_example/300x225/h/e/he_was_cha_ex1_587727927f8b9a01308b457b.jpg,https://audio.tudienkala.com/audio/p/o/possess.mp3
165,possibility,/ˌpɒsəˈbɪləti/,n,khả năng (có thể xảy ra hoặc tồn tại),What had seemed impossible now seemed a distinct possibility.,Những gì có vẻ không thể bây giờ dường như là một khả năng chắc chắn.,https://audio.tudienkala.com/data/cache/images/300x225/p/o/possibility2.jpg,https://audio.tudienkala.com/audio/p/o/possibility.mp3
165,potential,/pəˈtenʃl/,adj,"tiềm năng, tiềm tàng",They will select potential matches and help the two people meet face to face.,Họ sẽ chọn những người phù hợp có tiềm năng và giúp hai người gặp mặt trực tiếp.,https://audio.tudienkala.com/data/cache/images/300x225/p/o/potential1.png,https://audio.tudienkala.com/audio/p/o/potential.mp3
165,practical,/ˈpræktɪkəl/,adj,"thực tế, thực tiễn","From a practical point of view, you should not waste your time studying this degree.","Từ quan điểm thực tế, bạn không nên lãng phí thời gian của bạn học mức độ này.",https://audio.tudienkala.com/data/cache/images/300x225/p/r/practical1.jpg,https://audio.tudienkala.com/audio/p/r/practical.mp3
165,praise,/preɪz/,v,"khen ngợi, tuyên dương",She praised his cooking.,Cô ấy khen ngợi việc nấu ăn của anh ấy.,https://audio.tudienkala.com/data/cache/images/300x225/p/r/praise2.jpg,https://audio.tudienkala.com/audio/p/r/praise.mp3
165,precise,/prɪˈsaɪs/,adj,chính xác,Can you give a more precise definition of the word?,Bạn có thể cho định nghĩa chính xác hơn về từ này không?,https://audio.tudienkala.com/data/cache/images/300x225/p/r/precise1.png,https://audio.tudienkala.com/audio/p/r/precise.mp3
165,prestige,/presˈtiːʒ/,n,uy tín; thanh danh,I want a job with high prestige.,Tôi muốn có một công việc với uy tín cao.,https://audio.tudienkala.com/data/cache/images/300x225/p/r/prestige2.jpg,https://audio.tudienkala.com/audio/p/r/prestige.mp3
165,priority,/praɪˈɒrəti/,n,quyền ưu tiên,My top priority now is to win a place at the university.,Điều ưu tiên lớn nhất của tôi bây giờ là đỗ đại học.,https://audio.tudienkala.com/data/cache/images/300x225/p/r/priority2.png,https://audio.tudienkala.com/audio/p/r/priority.mp3
165,progress,/ˈprəʊɡrɛs/,n,"sự tiến bộ, sự tiến triển",The doctor said that he was making good progress after the surgery.,Bác sỹ nói rằng anh ấy đang có tiến triển tốt sau cuộc phẫu thuật.,https://audio.tudienkala.com/data/cache/images/300x225/p/r/progress2.png,https://audio.tudienkala.com/audio/p/r/progress.mp3
165,prohibit,/prə(ʊ)ˈhɪbɪt/,v,"cấm, ngăn cấm",Smoking is prohibited here.,Hút thuốc bị cấm ở đây.,https://audio.tudienkala.com/data/cache/images/300x225/p/r/prohibit1.jpg,https://audio.tudienkala.com/audio/p/r/prohibit.mp3
165,promptly,/ˈprɒmptli/,adv,"mau lẹ, nhanh chóng, ngay lập tức, tức thời",We always reply promptly to customers' letters.,Chúng tôi luôn hồi âm nhanh chóng các lá thư của khách hàng.,https://audio.tudienkala.com/data/cache/images/300x225/p/r/promptly1.png,https://audio.tudienkala.com/audio/p/r/promptly.mp3
165,proportion,/prəˈpɔːʃ(ə)n/,n,"sự cân đối, phần",Children make up a large proportion of the world's population.,Trẻ em chiếm phần một phần lớn trong dân số thế giới.,https://audio.tudienkala.com/data/cache/images/300x225/p/r/proportion1.jpg,https://audio.tudienkala.com/audio/p/r/proportion.mp3
165,punctual,/ˈpʌŋktʃuəl/,adj,đúng giờ,You are all required to be punctual.,Tất cả các bạn được yêu cầu đúng giờ.,https://audio.tudienkala.com/data/cache/images/300x225/p/u/punctual1.png,https://audio.tudienkala.com/audio/p/u/punctual.mp3
165,pure,/pjʊər/,adj,"tinh khiết, nguyên chất, thuần túy",Classical dance in its purest form requires symmetry and balance.,Khiêu vũ cổ điển ở dạng thuần túy nhất của nó đòi hỏi phải có tính đối xứng và cân bằng.,https://audio.tudienkala.com/data/images_example/300x225/c/l/classical__ex2_5877294c7f8b9a6c308b4679.jpg,https://audio.tudienkala.com/audio/p/u/pure.mp3
165,qualification,"/,kwɔlifi'keiʃn/",n,"năng lực, trình độ (để làm cái gì)",It is easy for him to find a good job with such good qualifications.,Rất dễ dàng cho anh ta để tìm một công việc tốt với trình độ tốt như vậy.,https://audio.tudienkala.com/data/cache/images/300x225/q/u/qualification.jpg,https://audio.tudienkala.com/audio/q/u/qualification.mp3
165,qualify,/ˈkwɒlɪfaɪ/,v,"đủ tư cách, khả năng, điều kiện",How long does it take to qualify?,Phải mất bao lâu mới đủ điều kiện?,https://audio.tudienkala.com/data/cache/images/300x225/q/u/qualify1.jpg,https://audio.tudienkala.com/audio/q/u/qualify.mp3
165,quantity,/ˈkwɒntəti/,n,"lượng, số lượng",We value quality more than quantity.,Chúng tôi đánh giá chất lượng nhiều hơn hơn số lượng.,https://audio.tudienkala.com/data/cache/images/300x225/q/u/quantity1.jpg,https://audio.tudienkala.com/audio/q/u/quantity.mp3
165,raise,/reiz/,v,"nâng lên, đưa lên",The government plans to raise taxes.,Chính phủ đang có kế hoạch tăng mức thuế.,https://audio.tudienkala.com/data/cache/images/300x225/r/a/raise1.png,https://audio.tudienkala.com/audio/r/a/raise.mp3
165,ratio,/ˈreɪʃiəʊ/,n,"tỷ số, tỷ lệ",in the ratio of 5 to 10,theo tỷ lệ 5 trên 10,https://audio.tudienkala.com/data/cache/images/300x225/r/a/ratio1.jpg,https://audio.tudienkala.com/audio/r/a/ratio.mp3
165,reach,/riːtʃ/,v,đạt đến một mốc hay giai đoạn nào đó,They didn't reach the border until after dark.,Họ không đến biên giới cho đến khi trời tối.,https://audio.tudienkala.com/data/cache/images/300x225/r/e/reach1.jpg,https://audio.tudienkala.com/audio/r/e/reach.mp3
165,reception,/rɪˈsepʃən/,n,quầy lễ tân,He received a lukewarm reception at this hotel.,Anh ấy nhận được một sự đón tiếp không nhiệt tình ở khách sạn này.,https://audio.tudienkala.com/data/cache/images/300x225/r/e/reception1.jpg,https://audio.tudienkala.com/audio/r/e/reception.mp3
165,recommend,/ˌrekəˈmend/,v,"giới thiệu, tiến cử",He recommended reading the book before seeing the movie.,Ông đề nghị đọc cuốn sách trước khi xem phim.,https://audio.tudienkala.com/data/cache/images/300x225/r/e/recommend1.jpg,https://audio.tudienkala.com/audio/r/e/recommend.mp3
165,recover,/rɪˈkʌvər/,v,hồi phục,She had a heart attack but is recovering well.,Cô đã có một cơn đau tim nhưng đang hồi phục tốt.,https://audio.tudienkala.com/data/cache/images/300x225/r/e/recover2.png,https://audio.tudienkala.com/audio/r/e/recover.mp3
165,regulation,/ˌregjʊˈleɪʃən/,n,"quy tắc, nội quy",Our company is going to have some new regulations.,Công ty chúng ta sẽ có một số quy định mới.,https://audio.tudienkala.com/data/cache/images/300x225/r/e/regulation1.png,https://audio.tudienkala.com/audio/r/e/regulation.mp3
165,reject,/'ri:dʤekt/,n,"đồ thừa, đồ bỏ, phế phẩm",We put the rejects in this box.,Chúng tôi để những phế phẩm vào trong hộp này.,https://audio.tudienkala.com/data/images_example/300x225/w/e/we_put_the_ex1_56248d157f8b9a040dc65eb8.jpg,https://audio.tudienkala.com/audio/r/e/reject.mp3
165,relate,/rɪˈleɪt/,v,"liên kết, liên quan","In the future, pay increases will be related to productivity.","Trong tương lai, tăng lương sẽ được liên quan đến năng suất.",https://audio.tudienkala.com/data/cache/images/300x225/r/e/relate2.jpg,https://audio.tudienkala.com/audio/r/e/relate.mp3
165,relevant,/ˈreləvənt/,adj,có liên quan,a relevant suggestion,một gợi ý liên quan,https://audio.tudienkala.com/data/cache/images/300x225/r/e/relevant1.jpg,https://audio.tudienkala.com/audio/r/e/relevant.mp3
165,reliable,/rɪˈlaɪəbl/,adj,đáng tin cậy,Huong is always my reliable friend. I can tell her anything I think.,Hương luôn là người bạn đáng tin cậy của tôi. Tôi có thể nói với cô ấy bất cứ thứ gì mà tôi nghĩ.,https://audio.tudienkala.com/data/cache/images/300x225/r/e/reliable1.jpg,https://audio.tudienkala.com/audio/r/e/reliable.mp3
165,remarkable,/rɪˈmɑːkəbl/,adj,"phi thường, đáng chú ý",a remarkable event,một sự kiện đáng chú ý,https://audio.tudienkala.com/data/cache/images/300x225/r/e/remarkable1.jpg,https://audio.tudienkala.com/audio/r/e/remarkable.mp3
165,remedy,/ˈremədi/,n,cách khắc phục,There is no simple remedy for unemployment.,Không có biện pháp khắc phục đơn giản cho tình trạng thất nghiệp.,https://audio.tudienkala.com/data/cache/images/300x225/r/e/remedy1.jpg,https://audio.tudienkala.com/audio/r/e/remedy.mp3
165,renovate,/ˈrenəveɪt/,v,sửa chữa,He renovates old houses and sells them at a profit.,Anh ta sửa chữa những nhà cũ và bán chúng lại với một lợi nhuận.,https://audio.tudienkala.com/data/cache/images/300x225/r/e/renovate1.png,https://audio.tudienkala.com/audio/r/e/renovate.mp3
165,represent,/repri'zent/,v,"đại diện, tượng trưng cho",The colour violet represents faith.,Màu tím tượng trưng cho sự thủy chung.,https://audio.tudienkala.com/data/images_example/300x225/t/h/the_colour_ex1_56248d0b7f8b9a000de3ceb9.jpg,https://audio.tudienkala.com/audio/r/e/represent.mp3
165,reputation,"/,repju:'teiʃn/",n,"danh tiếng, thanh danh, tiếng (tốt của nhân vật)",Hogwarts is a school with an excellent reputation.,Hogwarts là một trường học với một danh tiếng xuất sắc.,https://audio.tudienkala.com/data/cache/images/300x225/r/e/reputation1.jpg,https://audio.tudienkala.com/audio/r/e/reputation.mp3
165,request,/rɪˈkwest/,n,"lời thỉnh cầu, lời yêu cầu",Catalogues are available on request.,Danh mục có sẵn theo yêu cầu.,https://audio.tudienkala.com/data/cache/images/300x225/r/e/request2.jpg,https://audio.tudienkala.com/audio/r/e/request.mp3
165,require,/ri'kwaiə/,v,"đòi hỏi, yêu cầu",The law requires that each item clearly display the warranty information.,Luật pháp yêu cầu mỗi món hàng trình bày rõ ràng thông tin về bảo hành.,https://audio.tudienkala.com/data/cache/images/300x225/r/e/require1.jpg,https://audio.tudienkala.com/audio/r/e/require.mp3
165,rescue,/ˈreskjuː/,n,"sự cứu, giải cứu",We had given up hope of rescue.,Chúng tôi đã từ bỏ hy vọng giải cứu.,https://audio.tudienkala.com/data/cache/images/300x225/r/e/rescue2.jpg,https://audio.tudienkala.com/audio/r/e/rescue.mp3
165,resist,/rɪˈzɪst/,v,"kháng cự, chống lại",He couldn't resist showing off his strength.,Anh không thể cưỡng lại phô trương sức mạnh của mình.,https://audio.tudienkala.com/data/cache/images/300x225/r/e/resist2.jpg,https://audio.tudienkala.com/audio/r/e/resist.mp3
165,resolve,/ri'zɔlv/,v,giải quyết,The manager resolved to clean out all the files at the end of the week.,"Cuối tuần, người quản lý đã giải quyết bằng cách xóa sạch tất cả các dữ liệu.",https://audio.tudienkala.com/data/cache/images/300x225/r/e/resolve1.png,https://audio.tudienkala.com/audio/r/e/resolve.mp3
165,resource,/rɪˈsɔːs/,n,"nguồn, nguồn lực",The most important factor for developing the economy is human resources.,Yếu tố quan trọng nhất để phát triển kinh tế là nguồn nhân lực.,https://audio.tudienkala.com/data/cache/images/300x225/r/e/resource1.jpg,https://audio.tudienkala.com/audio/r/e/resource.mp3
165,respond,/rɪˈspɒnd/,v,"hồi âm, phúc đáp",How did they respond to the news?,Họ phản ứng lại với tin tức đó như thế nào?,https://audio.tudienkala.com/data/cache/images/300x225/r/e/respond1.jpg,https://audio.tudienkala.com/audio/r/e/respond.mp3
165,result,/ri'zʌlt/,n,"kết quả, đáp số",The scientific results prove that the new procedure is not significantly safer than the traditional one.,Các kết quả khoa học đã chứng minh rằng thủ tục mới không an toàn hơn đáng kể so với thủ tục truyền thống.,https://audio.tudienkala.com/data/cache/images/300x225/r/e/result1.png,https://audio.tudienkala.com/audio/r/e/result.mp3
166,retain,/rɪˈteɪn/,v,giữ lại; tiếp tục có,We worked hard to retain our trophy.,Chúng tôi làm việc chăm chỉ để giữ lại cúp vô địch của chúng tôi.,https://audio.tudienkala.com/data/cache/images/300x225/r/e/retain2.jpg,https://audio.tudienkala.com/audio/r/e/retain.mp3
166,reveal,/rɪˈviːl/,v,tiết lộ,He was jailed for revealing secrets to the Russians.,Anh ta bị bắt vì tội tiết lộ bí mật cho Nga.,https://audio.tudienkala.com/data/cache/images/300x225/r/e/reveal1.jpg,https://audio.tudienkala.com/audio/r/e/reveal.mp3
166,ridiculous,/rɪˈdɪkjələs/,adj,"lố bịch, ngu ngốc; vô lí",I look ridiculous in this hat.,Tôi trông thật lố bịch trong chiếc mũ này.,https://audio.tudienkala.com/data/cache/images/300x225/r/i/ridiculous2.jpg,https://audio.tudienkala.com/audio/r/i/ridiculous.mp3
166,route,/ruːt/ or /raʊt/,n,tuyến đường,He has been on this route hundreds of times.,Anh ta đã đi trên tuyến đường này hàng trăm lần.,https://audio.tudienkala.com/data/cache/images/300x225/r/o/route1.jpg,https://audio.tudienkala.com/audio/r/o/route.mp3
166,scattered,/ˈskætəd/,adj,"rải rác, lác đác",Members of this organization are scattered around the world.,Các thành viên của tổ chức này nằm rải rác khắp thế giới.,https://audio.tudienkala.com/data/cache/images/300x225/s/c/scattered1.jpg,https://audio.tudienkala.com/audio/s/c/scattered.mp3
166,scratch,/skrætʃ/,n,"sự trầy da, vết thương nhẹ; vết xước",It's only a scratch(= a very slight injury),Đó chỉ là một vết xước (= một chấn thương rất nhẹ),https://audio.tudienkala.com/data/cache/images/300x225/s/c/scratch2.jpg,https://audio.tudienkala.com/audio/s/c/scratch.mp3
166,seek,/siːk/,v,tìm kiếm,We are seeking for the missing man in the entire county.,Chúng ta đang tìm người đàn ông mất tích trên toàn quốc.,https://audio.tudienkala.com/data/cache/images/300x225/s/e/seek1.jpg,https://audio.tudienkala.com/audio/s/e/seek.mp3
166,self-expression,/ˌself.ɪkˈspreʃ.ən/,n,sự tự thể hiện (bản thân),Self-expression is a healthy thing to do for your own development.,Tự thể hiện là một điều lành mạnh để góp phần sự phát triển của riêng bạn.,https://audio.tudienkala.com/data/cache/images/300x225/s/e/self-expression1.jpg,https://audio.tudienkala.com/audio/s/e/self-expression.mp3
166,sensible,/ˈsensəbl/,adj,khôn ngoan,"I hope that if the boys are drinking, they are sensible enough to take a taxi home.",Tôi hi vọng rằng nếu những anh chàng say xỉn vẫn đủ khôn ngoan để bắt taxi về nhà.,https://audio.tudienkala.com/data/cache/images/300x225/s/e/sensible1.png,https://audio.tudienkala.com/audio/s/e/sensible.mp3
166,sensitive,/ˈsensɪtɪv/,adj,nhạy cảm,Lan is very sensitive to criticism. She thinks a lot about it.,Lan rất nhạy cảm với những lời chỉ trích. Cô ấy thường nghĩ rất nhiều về chúng.,https://audio.tudienkala.com/data/cache/images/300x225/s/e/sensitive1.jpg,https://audio.tudienkala.com/audio/s/e/sensitive.mp3
166,separate,/ˈseprət/,v,"chia, tách",I try to keep meat separate from other food in the fridge.,Tôi cố gắng để thịt riêng biệt với các thực phẩm khác trong tủ lạnh.,https://audio.tudienkala.com/data/images_example/300x225/i/_/i_try_to_k_ex2_56248d007f8b9afc0c298025.jpg,https://audio.tudienkala.com/audio/s/e/separate.mp3
166,settle,/'setl/,v,"ngồi, đậu, bố trí, định cư, làm ăn sinh sống; giải quyết, hòa giải, dàn xếp",We settle the bill with the cashier.,Chúng tôi thanh toán hóa đơn với người thủ quỹ.,https://audio.tudienkala.com/data/cache/images/300x225/s/e/settle2.jpg,https://audio.tudienkala.com/audio/s/e/settle.mp3
166,shallow,/ˈʃæləʊ/,adj,"cạn, nông, không sâu",These fish are found in shallow waters around the coast.,Những con cá này được tìm thấy trong vùng nước nông xung quanh bờ biển.,https://audio.tudienkala.com/data/cache/images/300x225/s/h/shallow2.jpg,https://audio.tudienkala.com/audio/s/h/shallow.mp3
166,shatter,/ˈʃætər/,v,"làm vỡ, làm gãy thành nhiều mảnh",The wine glass shattered into pieces.,Ly rượu vỡ tan thành từng mảnh.,https://audio.tudienkala.com/data/cache/images/300x225/s/h/shatter1.jpg,https://audio.tudienkala.com/audio/s/h/shatter.mp3
166,short-term,/ˌʃɔːtˈtɜːm/,adj,ngắn hạn,This is just a short-term goal to the problem.,Đây chỉ là một mục tiêu ngắn hạn cho vấn đề.,https://audio.tudienkala.com/data/images_example/300x225/t/h/this_is_ju_ex2_58772a407f8b9a99308b4608.jpg,https://audio.tudienkala.com/audio/s/h/short-term.mp3
166,significant,/sig'nifikənt/,adj,"có tầm quan trọng, đáng kể",There has been a significant increase in the number of women students in recent years.,Số lượng sinh viên nữ đã tăng đáng kể trong những năm gần đây.,https://audio.tudienkala.com/data/cache/images/300x225/s/i/significant1.png,https://audio.tudienkala.com/audio/s/i/significant.mp3
166,smooth,/smu:ð/,adj,"hòa nhã, lễ độ",Her smooth manner won her the appreciation of the manager but not her colleagues.,"Thái độ hòa nhã của cô ta đã thu được sự đánh giá cao của giám đốc, nhưng không (thu phục) được đồng nghiệp.",https://audio.tudienkala.com/data/cache/images/300x225/s/m/smooth1.jpg,https://audio.tudienkala.com/audio/s/m/smooth.mp3
166,sophisticated,/səˈfɪstɪkeɪtɪd/,adj,"tinh vi, phức tạp",These are among the most sophisticated weapons in the world.,Đây là trong số những vũ khí tinh vi nhất trên thế giới.,https://audio.tudienkala.com/data/cache/images/300x225/s/o/sophisticated1.png,https://audio.tudienkala.com/audio/s/o/sophisticated.mp3
166,specific,/spəˈsɪfɪk/,adj,"cụ thể, rõ ràng, rành mạch",The customer's specific complaint was not addressed in his e-mail.,Khiếu nại cụ thể của khách hàng đã không được giải quyết trong Email gửi anh ấy.,https://audio.tudienkala.com/data/cache/images/300x225/s/p/specific1.png,https://audio.tudienkala.com/audio/s/p/specific.mp3
166,spoil,/spɔɪl/,v,làm hỏng,The worms spoiled the apples.,Những con sâu làm hỏng những quả táo.,https://audio.tudienkala.com/data/cache/images/300x225/s/p/spoil1.png,https://audio.tudienkala.com/audio/s/p/spoil.mp3
166,spread,/sprɛd/,n,"phết, lan rộng",The epidemic spread out.,Bệnh dịch lây lan ra.,https://audio.tudienkala.com/data/images_example/300x225/t/h/the_epidem_ex2_582968777f8b9aa3078b460e.jpg,https://audio.tudienkala.com/audio/s/p/spread.mp3
166,stare,/'steә(r)/,v,nhìn chằm chằm,I screamed and everyone stared.,Tôi hét lên và mọi người nhìn tôi chằm chằm,https://audio.tudienkala.com/data/cache/images/300x225/s/t/stare1.jpg,https://audio.tudienkala.com/audio/s/t/stare.mp3
166,steady,/ˈstedi/,adj,"đều đặn, ổn định",We are making slow but steady progress.,Chúng tôi đang tiến bộ chậm nhưng ổn định.,https://audio.tudienkala.com/data/cache/images/300x225/s/t/steady1.png,https://audio.tudienkala.com/audio/s/t/steady.mp3
166,sticky,/ˈstɪki/,adj,dính,"He used his finger to take the glue, so it is very sticky now.","Anh ấy đã sử dụng ngón tay của mình để lấy keo, vì thế hiện giờ nó rất dính.",https://audio.tudienkala.com/data/cache/images/300x225/s/t/sticky1.png,https://audio.tudienkala.com/audio/s/t/sticky.mp3
166,striking,/ˈstraɪkɪŋ/,adj,"nổi bật, gây ấn tượng sâu sắc",The resemblance between the twins is striking.,Sự giống nhau y hệt giữa cặp sinh đôi đã gây ấn tượng sâu sắc.,https://audio.tudienkala.com/data/images_example/300x225/t/h/the_resemb_ex2_5877289f7f8b9a41308b4655.jpg,https://audio.tudienkala.com/audio/s/t/striking.mp3
166,strive,/straɪv/,v,"cố gắng, phấn đấu (để đạt được một điều gì đó)",We all admire him for striving for world peace.,Chúng ta đều ngưỡng mộ anh vì phấn đấu cho hòa bình thế giới.,https://audio.tudienkala.com/data/cache/images/300x225/s/t/strive1.jpg,https://audio.tudienkala.com/audio/s/t/strive.mp3
166,struggle,/ˈstrʌɡl/,v,đấu tranh,By this time he'd managed to struggle out of bed.,Lần này anh cố gắng đấu tranh ra khỏi giường.,https://audio.tudienkala.com/data/images_example/300x225/b/y/by_this_ti_ex1_56248cfb7f8b9afa0cb17ddc.png,https://audio.tudienkala.com/audio/s/t/struggle.mp3
166,stunning,/ˈstʌnɪŋ/,adj,"ấn tượng, cuốn hút",I saw a stunning woman at the party.,Tôi đã trông thấy một người phụ nữ cuốn hút tại bữa tiệc.,https://audio.tudienkala.com/data/images_example/300x225/i/_/i_saw_a_st_ex2_58772a417f8b9a99308b460c.jpg,https://audio.tudienkala.com/audio/s/t/stunning.mp3
166,subjective,/səb'dʤektiv/,adj,chủ quan,"The reviews in this guidebook are highly subjective, but fun to read.","Những bài đánh giá trong sách hướng dẫn này rất là chủ quan, nhưng đọc cũng vui.",https://audio.tudienkala.com/data/cache/images/300x225/s/u/subjective1.jpg,https://audio.tudienkala.com/audio/s/u/subjective.mp3
166,substance,/ˈsʌbstəns/,n,chất,Gold is a substance that will prevent rust.,Vàng là một chất chống gỉ.,https://audio.tudienkala.com/data/cache/images/300x225/s/u/substance1.png,https://audio.tudienkala.com/audio/s/u/substance.mp3
166,substitute,/ˈsʌbstɪtjuːt/,v,thay thế,Butter can be substituted with margarine in this recipe,Bơ có thể được thay thế bằng bơ thực vật trong công thức này,https://audio.tudienkala.com/data/cache/images/300x225/s/u/substitute2.jpg,https://audio.tudienkala.com/audio/s/u/substitute.mp3
166,successful,/səkˈsesfəl/,adj,thành công,We congratulated them on the successful completion of the project.,Chúng tôi chúc mừng họ về sự hoàn thành thành công của dự án.,https://audio.tudienkala.com/data/cache/images/300x225/s/u/successful2.jpeg,https://audio.tudienkala.com/audio/s/u/successful.mp3
166,superior,/suːˈpɪriər/,n,"người có vị thế, cấp bậc cao hơn; cấp trên",He's my immediate superior.,Anh ấy là cấp trên trực tiếp của tôi.,https://audio.tudienkala.com/data/cache/images/300x225/s/u/superior2.jpg,https://audio.tudienkala.com/audio/s/u/superior.mp3
166,surface,/ˈsɜːfɪs/,n,"mặt, bề mặt",These fishes sometimes float on the surfaces of water.,Những loại cá này thi thoảng nổi trên mặt nước.,https://audio.tudienkala.com/data/cache/images/300x225/s/u/surface1.jpg,https://audio.tudienkala.com/audio/s/u/surface.mp3
166,surround,/səˈraʊnd/,v,bao quanh,Our house is surrounded with a lot of trees and flowers.,Nhà chúng tôi được bao quanh bởi rất nhiều cây xanh và hoa.,https://audio.tudienkala.com/data/cache/images/300x225/s/u/surround1.jpg,https://audio.tudienkala.com/audio/s/u/surround.mp3
166,suspect,/səˈspekt/,v,"nghi ngờ, ngờ vực",I didn’t want the neighbours to suspect anything.,Tôi không muốn những người hàng xóm nghi ngờ bất cứ điều gì.,https://audio.tudienkala.com/data/cache/images/300x225/s/u/suspect1.jpg,https://audio.tudienkala.com/audio/s/u/suspect.mp3
166,sustain,/səˈsteɪn/,v,"giữ vững được, duy trì",Which planets can sustain life?,Những hành tinh nào có thể duy trì sự sống?,https://audio.tudienkala.com/data/images_example/300x225/w/h/which_plan_ex1_58772a417f8b9a99308b460e.png,https://audio.tudienkala.com/audio/s/u/sustain.mp3
166,sweep,/swiːp/,v,quét,Chimneys should be swept regularly.,Ống khói nên được quét thường xuyên.,https://audio.tudienkala.com/data/cache/images/300x225/s/w/sweep2.jpg,https://audio.tudienkala.com/audio/s/w/sweep.mp3
166,tend,/tend/,v,"có xu hướng, có khuynh hướng, thường",People tend to think that the problem will never affect them.,Mọi người có xu hướng nghĩ rằng vấn đề sẽ không bao giờ ảnh hưởng đến họ.,https://audio.tudienkala.com/data/cache/images/300x225/t/e/tend1.png,https://audio.tudienkala.com/audio/t/e/tend.mp3
166,terrorism,/ˈterərɪzəm/,n,chủ nghĩa khủng bố,The bomb explosion was one of the worst acts of terrorism that Italy has experienced in recent years.,Đánh bom là một trong những hành động tồi tệ nhất của khủng bố mà nước Ý đã trải qua trong những năm gần đây.,https://audio.tudienkala.com/data/cache/images/300x225/t/e/terrorism1.jpg,https://audio.tudienkala.com/audio/t/e/terrorism.mp3
166,toxic,/ˈtɒksɪk/,adj,độc hại,This site is used to dispose of toxic waste.,Khu vực này được sử dụng để xử lý chất thải độc hại.,https://audio.tudienkala.com/data/cache/images/300x225/t/o/toxic1.jpg,https://audio.tudienkala.com/audio/t/o/toxic.mp3
166,transfer,/trænsˈfɜːr/,v,chuyển,He has been transferred to a national hospital.,Anh ta đã được chuyển đến một bệnh viện quốc gia.,https://audio.tudienkala.com/data/cache/images/300x225/t/r/transfer1.jpg,https://audio.tudienkala.com/audio/t/r/transfer.mp3
166,transform,/trænsˈfɔːm/,v,"thay đổi, biến đổi",We transform liquid into ice by putting it in a fridge.,Chúng ta chuyển chất lỏng thành băng bằng cách cho vào trong tủ lạnh.,https://audio.tudienkala.com/data/images_example/300x225/w/e/we_transfo_ex2_587728fd7f8b9a5f308b4698.jpg,https://audio.tudienkala.com/audio/t/r/transform.mp3
166,ultimately,/ˈʌltɪmətli/,adv,"cuối cùng, sau cùng","Ultimately, all the colonies will become independent.","Cuối cùng, tất cả các thuộc địa sẽ trở nên độc lập.",https://audio.tudienkala.com/data/cache/images/300x225/u/l/ultimately1.jpg,https://audio.tudienkala.com/audio/u/l/ultimately.mp3
166,valid,/'vælid/,adj,"có giá trị, có hiệu lực",I need to make certain that my passport is valid if we plan to go overseas this December.,Tôi cần biết chắc rằng hộ chiếu của tôi có giá trị nếu chúng tôi dự tính xuất ngoại tháng 12 này.,https://audio.tudienkala.com/data/cache/images/300x225/v/a/valid1.jpeg,https://audio.tudienkala.com/audio/v/a/valid.mp3
166,vivid,/ˈvɪvɪd/,adj,sinh động,This is a vivid story about life and death.,Đây là một câu chuyện sống động về cuộc sống và cái chết.,https://audio.tudienkala.com/data/cache/images/300x225/v/i/vivid1.jpg,https://audio.tudienkala.com/audio/v/i/vivid.mp3
166,vulnerable,/ˈvʌlnərəbl ̩/,adj,"dễ bị tổn thương, dễ bị tấn công","Tourists are more vulnerable to attack, because they do not know which areas of the city to avoid.","Khách du lịch dễ bị tấn công, bởi vì họ không biết khu vực nào trong thành phố để tránh.",https://audio.tudienkala.com/data/cache/images/300x225/v/u/vulnerable1.jpg,https://audio.tudienkala.com/audio/v/u/vulnerable.mp3
166,withdraw,/wɪðˈdrɔː/,v,rút tiền,Normally you can withdraw up to £50 in cash.,"Thông thường, bạn có thể rút tiền mặt lên tới 50 bảng.",https://audio.tudienkala.com/data/cache/images/300x225/w/i/withdraw1.jpg,https://audio.tudienkala.com/audio/w/i/withdraw-.mp3
166,wonder,/ˈwʌndər/,n,kỳ quan,I want to visit all the wondersof the world.,Tớ muốn đi thăm hết các kỳ quan của thế giới.,https://audio.tudienkala.com/data/cache/images/300x225/w/o/wonder1.jpg,https://audio.tudienkala.com/audio/w/o/wonder.mp3
166,worthwhile,/ˌwɜːθˈwaɪl/,adj,"đáng giá, xứng đáng","It was in aid of a worthwhile cause(= a charity, etc.)","Đó là viện trợ cho một nguyên nhân xứng đáng (= một tổ chức từ thiện, vv).",https://audio.tudienkala.com/data/images_example/300x225/i/t/it_was_in__ex1_58772a437f8b9a99308b4614.jpg,https://audio.tudienkala.com/audio/w/o/worthwhile.mp3
