topic,word,pronunciation,word_type,meaning,example_en,example_vi,image_url,audio_url
17,break down,/breɪk daʊn/,phr v,"dừng hoạt động (dành cho thiết bị, máy móc)",Our cars break down at the side of the highway in the snowstorm.,Những chiếc xe hơi của chúng tôi bị chết máy bên lề đường cao tốc trong một trận bão tuyết.,https://audio.tudienkala.com/data/cache/images/300x225/b/r/break_down1.jpg,https://audio.tudienkala.com/audio/b/r/break_down.mp3
17,break something in,/breɪk ˈsʌmθɪŋ ɪn/,phr v,mặc (quần áo)/mang (giầy) vài lần đến khi nó trở nên thoải mái,I need to break in these shoes before I go hiking.,Tôi cần mang đôi giày này vài lần cho thoải mái trước khi tôi đi bộ đường dài.,https://audio.tudienkala.com/data/cache/images/300x225/b/r/break_something_in1.jpg,
17,break in,/breɪk ɪn/,phr v,"can thiệp, gián đoạn, xen vào, chen vào","While we are discussing the situation, they break in to give their opinion.",Trong lúc chúng tôi thảo luận tình hình thì họ can thiệp để phát biểu ý kiến riêng của họ.,https://audio.tudienkala.com/data/cache/images/300x225/b/r/break_in1.jpg,
17,break in on,/breɪk ɪn ɒn/,phr v,"can thiệp, gián đoạn, xen vào, chen vào (cuộc hội thoại)",They break in on the conversation and tell us to get back to work.,Họ gián đoạn cuộc nói chuyện và bảo chúng tôi quay trở lại làm việc.,https://audio.tudienkala.com/data/cache/images/300x225/b/r/break_in_on1.jpg,
17,break into,/breɪk ˈɪntə/,phr v,đột nhập,A burglar tried to break into houses to steal things.,Tên trộm nhà đã cố gắng đột nhập vào các nhà và ăn trộm các thứ.,https://audio.tudienkala.com/data/cache/images/300x225/b/r/break_into1.jpg,https://audio.tudienkala.com/audio/b/r/break_into.mp3
17,break off,/breɪk ɒf/,phr v,"kết thúc, chấm dứt cái gì đó",They break off their engagement to each other.,Họ chấm dứt đính hôn với nhau.,https://audio.tudienkala.com/data/cache/images/300x225/b/r/break_something_off1.jpg,
17,break out,/breɪk aʊt/,phr v,"bùng nổ, xuất hiện một cách bạo lực",Violent protests break out in response to the military coup.,Biểu tình bạo lực bùng nổ để phản ứng cuộc đảo chính quân sự.,https://audio.tudienkala.com/data/cache/images/300x225/b/r/break_out1.jpg,
17,break out in,/breɪk aʊt ɪn/,phr v,bị bệnh vùng da,I break out in a rash after our camping trip.,Tôi bị phát ban sau một đợt cắm trại.,https://audio.tudienkala.com/data/cache/images/300x225/b/r/break_out_in_something1.png,
17,break out something,/breɪk aʊt ˈsʌmθɪŋ/,phr v,dùng cái gì đó xa hoa để tổ chức/ ăn mừng,They break out the champagne to celebrate his promotion.,Họ khui chai rượu champagne để ăn mừng việc anh ấy lên chức.,https://audio.tudienkala.com/data/cache/images/300x225/b/r/break_out_something1.jpg,
17,break out of,/breɪk aʊt əv/,phr v,thoát khỏi,The murderer was known to break out of the prison.,Kẻ sát nhân được biết đã vượt ngục.,https://audio.tudienkala.com/data/cache/images/300x225/b/r/break_out_of1.jpg,
17,break through,/breɪk θruː/,phr v,vượt qua,His will power helped him break through all obstacles.,Sức mạnh ý chí đã giúp anh ấy vượt qua mọi trở ngại.,https://audio.tudienkala.com/data/cache/images/300x225/b/r/break_through-v1.jpg,
17,break something up,/breɪk ˈsʌmθɪŋ ʌp/,,bẻ thành từng miếng nhỏ,I break up the cracker into pieces and put it in the soup.,Tôi bẻ vụn miếng bánh quy và cho vào chén súp.,https://audio.tudienkala.com/data/cache/images/300x225/b/r/break_something_up-v1.png,
17,break up,/breɪk ʌp/,phr v,chia tay,They were known to break up after 5 years in a relationship.,Họ được biết đã chia tay sau năm năm hẹn hò.,https://audio.tudienkala.com/data/cache/images/300x225/b/r/break_up1.jpg,https://audio.tudienkala.com/audio/b/r/break_up_(with_someone).mp3
17,break something down,/breɪk ˈsʌmθɪŋ daʊn/,phr v,"phân tích vào chi tiết, phân chia thành những phần nhỏ",We need to break down this problem in order to solve.,Chúng ta cần chia nhỏ vấn đề này để dễ xử lý.,https://audio.tudienkala.com/data/cache/images/300x225/b/r/break_something_down1.png,https://audio.tudienkala.com/audio/b/r/break_something_down.mp3
18,bring out,/brɪŋ aʊt/,phr v,"làm xảy ra, dẫn đến, gây ra","My favorite band, the Wall, will bring out a new album this fall.","Ban nhạc yêu thích của tôi, the Wall, sẽ phát hành một album mới vào mùa thu này.",https://audio.tudienkala.com/data/cache/images/300x225/b/r/bring_out1.jpg,https://audio.tudienkala.com/audio/b/r/bring_out.mp3
18,bring on,/brɪŋ ɒn/,phrv,"mang đến cái gì, thường là cái không hay",The ​loud ​music ​brought on another one of his ​headaches.,Nhạc ầm ĩ khiến người khác đau đầu.,https://audio.tudienkala.com/data/cache/images/300x225/b/r/bring_on1.jpg,
18,bring down,/brɪŋ daʊn/,,"lật đổ, hạ bệ",Predators prefer to bring down weak or sick prey.,Những động vật ăn thịt thường hạ gục những con mồi nhỏ bé và yếu ớt.,https://audio.tudienkala.com/data/cache/images/300x225/b/r/bring_down1.jpg,https://audio.tudienkala.com/audio/b/r/bring_down.mp3
18,bring about,/brɪŋ əˈbaʊt/,,"dẫn đến, mang đến",Dieting and exercise will bring about weight loss,Ăn kiêng và tập thể dụng sẽ giúp giảm cân.,https://audio.tudienkala.com/data/cache/images/300x225/b/r/bring_about1.png,https://audio.tudienkala.com/audio/b/r/bring_about.mp3
18,bring in,/brɪŋ ɪn/,,"tuyển dụng, dẫn tới",The company brings in new team of project planners.,Công ty thuê một đội mới cho các nhà hoạch định dự án.,https://audio.tudienkala.com/data/cache/images/300x225/b/r/bring_in2.jpg,https://audio.tudienkala.com/audio/b/r/bring_in.mp3
18,bring up,/brɪŋ ʌp/,phr v,đưa ra,Can you bring up the main menu again?,Bạn có thể đưa lại thực đơn cho tôi xem được không ?,https://audio.tudienkala.com/data/cache/images/300x225/b/r/bring_up1.png,https://audio.tudienkala.com/audio/b/r/bring_up.mp3
19,come across,/kʌm əˈkrɒs/,,(tình cờ) gặp,I came across my high school friend Tom yesterday.,Tôi tình cờ gặp người bạn trung học của tôi là Tom vào ngày hôm qua.,https://audio.tudienkala.com/data/cache/images/300x225/c/o/come_across1.jpg,https://audio.tudienkala.com/audio/c/o/come_across.mp3
19,come back,/kʌm bæk/,,"trở lại, được nhớ lại, cải lại",My boss will come back at 6 pm.,Sếp của tôi sẽ trở lại vào lúc 6 giờ chiều.,https://audio.tudienkala.com/data/cache/images/300x225/c/o/come_back1.png,
19,come between,/kʌm.bɪˈtwiːn/,,"đứng giữa, can thiệp vào",From this moment on i want you to know i will let nothing come between us.,"Kể từ giờ phút này, anh muốn em biết rằng anh sẽ không để cho bất cứ điều gì can thiệp giữa hai ta.",https://audio.tudienkala.com/data/cache/images/300x225/c/o/come_between1.jpg,
19,come clean,/ /kʌm.kliːn//,,thú nhận,It’s about time criminals came clean about this.,Đã đến lúc các tên tội phạm phải thú nhận về điều này.,https://audio.tudienkala.com/data/cache/images/300x225/c/o/come_clean1.png,https://audio.tudienkala.com/audio/c/o/come_clean.mp3
19,come down,/kʌm daʊn/,,"sụp đổ, giảm",The price of oil has come down.,Giá dầu đã giảm xuống.,https://audio.tudienkala.com/data/cache/images/300x225/c/o/come_down1.jpg,https://audio.tudienkala.com/audio/c/o/come_down.mp3
19,come easy to,/ kʌm ˈiː.zi tu/,,đến dễ dàng,Fame and glory just not come easy.,Danh tiếng và hào quang không đến dễ dàng.,https://audio.tudienkala.com/data/cache/images/300x225/c/o/come_easy_to1.jpg,https://audio.tudienkala.com/audio/c/o/come_easy_to.mp3
19,come from,/kʌm frɒm/,,"đến từ, sinh ra",I come from Vietnam.,Tôi đến từ Việt Nam.,https://audio.tudienkala.com/data/cache/images/300x225/c/o/come_from1.jpg,https://audio.tudienkala.com/audio/c/o/come_from.mp3
19,come down with,/kʌm daʊn wɪð/,,mắc (phải) bệnh,I don't go to work because I come down with the flu.,Tôi không đi làm được vì tôi mắc bệnh cảm cúm.,https://audio.tudienkala.com/data/cache/images/300x225/c/o/come_down_with1.jpg,https://audio.tudienkala.com/audio/c/o/come_down_with.mp3
19,come in,/kʌm ɪn/,,đi vào,"May I come in, teacher?",Con xin phép cô/thầy vào lớp ạ?,https://audio.tudienkala.com/data/cache/images/300x225/c/o/come_in-l61.jpg,https://audio.tudienkala.com/audio/c/o/come_in-l6.mp3
19,come into,,,thừa hưởng,She came into a bit of money when her grandfather died.,Cô ấy thừa kế một khoản tiền rất nhỏ khi cha cô ấy qua đời.,https://audio.tudienkala.com/data/cache/images/300x225/c/o/come_into1.jpg,https://audio.tudienkala.com/audio/c/o/come_into.mp3
19,come up with,/kʌm ʌp wɪð/,,"đưa ra, phát hiện, khám phá, ý định","In order for that small business to succeed, it needs to come up with a new strategy.",Để những doanh nghiệp nhỏ có thể thành công thì nó cần đưa ra một chiến lược mới.,https://audio.tudienkala.com/data/cache/images/300x225/c/o/come_up_with2.jpg,https://audio.tudienkala.com/audio/c/o/come_up_with.mp3
20,good at,/gʊd ət/,a,giỏi về,She's good at singing.,Cô ấy hát hay.,https://audio.tudienkala.com/data/cache/images/300x225/g/o/good_at1.jpg,https://audio.tudienkala.com/audio/g/o/good_at.mp3
20,tired of,/taɪrd əv/,a,"chán, ngán",They seemed to be tired of my questions.,Họ dường như đã chán ngán với những câu hỏi của tôi.,https://audio.tudienkala.com/data/cache/images/300x225/t/i/tired_of1.jpg,https://audio.tudienkala.com/audio/t/i/tired_of.mp3
20,angry with,/ˈæŋ.ɡri wɪθ/,a,tức giận với,I was very angry with her.,Tôi đã rất tức giận với cô ấy.,https://audio.tudienkala.com/data/cache/images/300x225/a/n/angry_with1.jpg,https://audio.tudienkala.com/audio/a/n/angry_with.mp3
20,fond of,/fɑːnd əv/,a,yêu thích,My mouse is also fond of cheese.,Chú chuột của tôi cũng rất thích pho mát.,https://audio.tudienkala.com/data/cache/images/300x225/f/o/fond_of1.png,https://audio.tudienkala.com/audio/f/o/fond_of.mp3
20,full of,/fʊl əv/,a,đầy,This fridge is full of fresh food.,Cái tủ lạnh này thì chứa đầy thực phẩm tươi.,https://audio.tudienkala.com/data/cache/images/300x225/f/u/full_of1.jpg,https://audio.tudienkala.com/audio/f/u/full_of.mp3
20,different from,/ˈdɪf.ɚ.ənt frɑːm/,a,khác với,Things are different than they were a year ago.,Mọi thứ thì khác so với cách đây một năm.,https://audio.tudienkala.com/data/cache/images/300x225/d/i/different_from1.jpg,https://audio.tudienkala.com/audio/d/i/different_from.mp3
20,busy with,/ˈbɪz.i wɪθ/,a,bận với,My mom was busy with the work at the end of the year.,Mẹ tôi đã rất bận việc vào thời điểm cuối năm.,https://audio.tudienkala.com/data/cache/images/300x225/b/u/busy_with1.jpg,https://audio.tudienkala.com/audio/b/u/busy_with.mp3
20,afraid of,/əˈfreɪd əv/,a,"sợ, e ngại",Why is she afraid of spiders?,Tại sao cô ấy lại sợ loài nhện?,https://audio.tudienkala.com/data/cache/images/300x225/a/f/afraid_of1.jpg,https://audio.tudienkala.com/audio/a/f/afraid_of.mp3
20,interested in,/ˈɪn.trɪs.tɪd ɪn/,a,"thích, quan tâm",Should I try and get my son interested in football?,Tôi có nên thử và khiến cho con trai tôi quan tâm đến bóng đá không nhỉ?,https://audio.tudienkala.com/data/cache/images/300x225/i/n/interested_in1.jpg,https://audio.tudienkala.com/audio/i/n/interested_in.mp3
20,famous for,/ˈfeɪməs fɔːr/,adj,"nổi tiếng bởi, nổi tiếng với",She became internationally famous for her songs.,Cô ấy trở nên nổi tiếng khắp thế giới bởi những bài hát của mình.,https://audio.tudienkala.com/data/cache/images/300x225/f/a/famous_for1.jpg,https://audio.tudienkala.com/audio/f/a/famous_for.mp3
20,aware of,/əˈwer əv/,a,"nhận ra, có ý thức về",A parent must be aware of the individual and discrete needs of each of his children.,Một phụ huynh phải ý thức được nhu cầu cá nhân và riêng biệt của mỗi đứa trẻ.,https://audio.tudienkala.com/data/cache/images/300x225/a/w/aware_of1.jpg,https://audio.tudienkala.com/audio/a/w/aware_of.mp3
20,innocent of,/ˈɪn.ə.sənt əv/,a,"vô tội, không liên quan",He was found innocent of any wrongdoing.,Anh ta được cho là không liên quan đến bất kỳ hành động sai trái nào cả.,https://audio.tudienkala.com/data/cache/images/300x225/i/n/innocent_of1.jpg,https://audio.tudienkala.com/audio/i/n/innocent_of.mp3
20,familiar with,/fəˈmɪl.jɚ wɪθ/,a,quen thuộc với,One of the other leaders will help you until you become familiar with the machine you'll be working on.,"Một trong những trưởng nhóm khác sẽ giúp bạn, cho đến khi bạn trở nên quen thuộc với máy móc mà bạn sẽ làm việc.",https://audio.tudienkala.com/data/cache/images/300x225/f/a/familiar_with1.jpg,https://audio.tudienkala.com/audio/f/a/familiar_with.mp3
20,disappointed with,/ˌdɪs.əˈpɔɪn.tɪd wɪθ/,a,thất vọng với,He was really disappointed with the examination results.,Anh ấy thật sự rất thất vọng với các kết quả của kì thi.,https://audio.tudienkala.com/data/cache/images/300x225/d/i/disappointed_with1.jpg,https://audio.tudienkala.com/audio/d/i/disappointed_with.mp3
20,keen on,/kiːn ɒn/,a,say mê,This man is very keen on football.,Chàng trai này rất đam mê bóng đá.,https://audio.tudienkala.com/data/cache/images/300x225/k/e/keen_on1.jpg,https://audio.tudienkala.com/audio/k/e/keen_on.mp3
20,surprised at,/sɚˈpraɪzd ət/,a,"ngạc nhiên về, cảm thấy kì lạ",We were quite surprised at the outcome of the meeting.,Chúng tôi khá ngạc nhiên về kết quả cuộc họp.,https://audio.tudienkala.com/data/cache/images/300x225/s/u/surprised_at1.jpg,https://audio.tudienkala.com/audio/s/u/surprised_at.mp3
20,bored with,/bɔːrd wɪθ/,a,chán,She was fairly bored with you.,Cô ấy đã khá chán với bạn đấy.,https://audio.tudienkala.com/data/cache/images/300x225/b/o/bored_with1.png,https://audio.tudienkala.com/audio/b/o/bored_with.mp3
20,proud of,/praʊd əv/,a,hãnh diện về,He is proud of being a musician.,Anh ấy tự hào vì mình là một nhạc sĩ.,https://audio.tudienkala.com/data/cache/images/300x225/p/r/proud_of1.png,https://audio.tudienkala.com/audio/p/r/proud_of.mp3
20,similar to,/ˈsɪm.ə.lɚ wɪθ/,a,giống với,She is wearing a wedding dress which is somewhat similar to that of her sister.,Cô ấy đang mặc chiếc váy cưới trông hơi giống với váy cưới của em gái cô ấy.,https://audio.tudienkala.com/data/cache/images/300x225/s/i/similar_with1.jpg,https://audio.tudienkala.com/audio/s/i/similar_to.mp3
21,go after somebody,,,"đuổi theo, đi theo sau ai đó",The police went after the robber.,Cảnh sát đã đuổi theo tên cướp.,https://audio.tudienkala.com/data/cache/images/300x225/g/o/go_after_somebody1.png,
21,go along with somebody,,,đi cùng ai đó đến nơi nào đó,I think I will go along with him to Paris.,Tôi nghĩ tôi sẽ đi cùng anh ấy đến Paris.,https://audio.tudienkala.com/data/cache/images/300x225/g/o/go_along_with_somebody1.png,
21,go away,,,"đi nơi khác, đi khỏi, rời (nơi nào).","If she’s bothering you, tell her to go away.","Nếu cô ta đang làm phiền cậu, hãy bảo cô ta biến đi.",https://audio.tudienkala.com/data/cache/images/300x225/g/o/go_away1.jpg,https://audio.tudienkala.com/audio/g/o/go_away.mp3
21,go back on one’s word,,,không giữ lời,Going back on your promise makes you a liar.,Không giữ lời hứa sẽ biến bạn thành kẻ nói dối.,https://audio.tudienkala.com/data/cache/images/300x225/g/o/go_back_on_ones_word1.jpg,
21,go beyond something,,,"vượt quá, vượt ngoài (cái gì)",I went beyond the town and lost my way.,Tôi đã vượt qua thị trấn và bị lạc đường.,https://audio.tudienkala.com/data/cache/images/300x225/g/o/go_beyond_something1.jpg,
21,go by,,,"đi qua, trôi qua (thời gian)",Time went by so fast.,Thời gian trôi qua nhanh thật.,https://audio.tudienkala.com/data/cache/images/300x225/g/o/go_by1.png,
21,go down,,,"giảm, hạ (giá cả)",The crime rate shows no signs of going down.,Tỷ lệ tội phạm không có dấu hiệu giảm nào.,https://audio.tudienkala.com/data/cache/images/300x225/g/o/go_down1.png,
21,go down with,,,mắc bệnh,I went down with an attack of bronchitis.,Tôi mắc bệnh viêm phế quản rồi.,https://audio.tudienkala.com/data/cache/images/300x225/g/o/go_down_with1.png,
21,go for something,,,"cố gắng, chọn, giành được",Swimming star Nguyen Thi Anh Vien went for 8 gold medals in 29th SEA Games.,Ngôi sao bơi lội Nguyễn Thị Ánh Viên đã cố gắng giành được 8 huy chương vàng tại SEA Games 29.,https://audio.tudienkala.com/data/cache/images/300x225/g/o/go_for_something1.jpg,
21,go in for,,,tham gia,He went in for the Italian course.,Anh ấy tham gia khóa học tiếng Ý.,https://audio.tudienkala.com/data/cache/images/300x225/g/o/go_in_for1.png,
21,go into,,,"điều tra, hỏi thông tin, kiểm tra",I think there’s no need to go into it now.,Tôi nghĩ không cần phải điều tra điều đó ngay lúc này.,https://audio.tudienkala.com/data/cache/images/300x225/g/o/go_into1.jpg,
21,go off,,,"đổ chuông, nổi giận, nổi tung, hỏng/thối rữa (thức ăn)",The alarm clock went off at 6 a.m this morning.,Cái đồng hồ báo thức đổ chuông lúc 7h sáng nay.,https://audio.tudienkala.com/data/cache/images/300x225/g/o/go_off1.png,https://audio.tudienkala.com/audio/g/o/go_off.mp3
21,go off with,,,"mang đi theo, cuỗm theo",Someone’s gone off with my coffee cup.,Ai đó đã lấy đi tách cà phê của tôi rồi.,https://audio.tudienkala.com/data/cache/images/300x225/g/o/go_off_with1.png,
21,go on,,,tiếp tục,It goes on raining heavily with strong wind that I cannot walk to school.,Trời mưa to gió lớn khiến tôi không thể đi bộ đến trường.,https://audio.tudienkala.com/data/cache/images/300x225/g/o/go_on1.jpg,https://audio.tudienkala.com/audio/g/o/go_on.mp3
21,go over something,,,"kiểm tra, xem xét kỹ lưỡng",Could you go over this report and correct any mistakes?,Cậu kiểm tra kỹ lại bản báo cáo này và sửa lỗi nhé?,https://audio.tudienkala.com/data/cache/images/300x225/g/o/go_over_something1.png,
21,go out,,,ra ngoài,"May I go out, teacher?",Con xin phép cô/thầy ra ngoài ạ?,https://audio.tudienkala.com/data/cache/images/300x225/g/o/go_out-l61.jpg,https://audio.tudienkala.com/audio/g/o/go_out-l6.mp3
21,go out with someone,,,hẹn hò với ai,He often goes out with his girlfriend at the weekend.,Anh ấy thường hẹn hò với bạn gái vào cuối tuần.,https://audio.tudienkala.com/data/cache/images/300x225/g/o/go_out_with_someone1.jpg,
21,go through,,,"trải qua, kiểm tra, thực hiện công việc",The country is going through a period of economic instability.,Đất nước đang trải qua thời kỳ bất ổn kinh tế.,https://audio.tudienkala.com/data/cache/images/300x225/g/o/go_through1.jpg,
21,go through with,,,"kiên trì, bền bỉ, chịu đựng, trải qua cái gì đó khó khăn/ không dễ chịu",I can’t really imagine what she’s going through.,Tôi không thể tưởng tượng nổi những gì cô ấy đang phải chịu đựng.,https://audio.tudienkala.com/data/cache/images/300x225/g/o/go_through_with1.jpg,https://audio.tudienkala.com/audio/g/o/go_through_with.mp3
21,go together,,,"đi cùng với nhau, tồn tại cùng với nhau.",We will go together like the winter and the sweater.,Chúng tôi sẽ đi cùng nhau như thể mùa đông cần áo len vậy.,https://audio.tudienkala.com/data/cache/images/300x225/g/o/go_together1.jpg,
21,go round,,,"xoay, xoay quanh, có đủ thức ăn",The Sun Wheel is going round at Asia park in Da Nang city.,Vòng quay Mặt Trời đang quay vòng tại công viên Asia ở thành phố Đà Nẵng.,https://audio.tudienkala.com/data/cache/images/300x225/g/o/go_round1.jpg,
21,go under,,,chìm,The crowd watched as the ship went slowly under.,Đám đông trông thấy cảnh chiếc thuyền chìm dần dần xuống nước.,https://audio.tudienkala.com/data/cache/images/300x225/g/o/go_under1.png,
21,go up,,,tăng,The baby’s weight going steadily up.,Đứa bé tăng cân đều đều.,https://audio.tudienkala.com/data/cache/images/300x225/g/o/go_up1.png,
21,go without,,,"nhịn, chịu thiếu, tình trạng không có thứ gì đó mà bạn thường có",The city has gone without electricity for two days.,Thành phố đã sống trong cảnh mất điện hai ngày rồi.,https://audio.tudienkala.com/data/cache/images/300x225/g/o/go_without1.jpg,
22,look after,,,Chăm sóc ai/cái gì,I need to find someone who can look after my dogs this weekend as I have to go away.,Tôi đang tìm một người có thể chăm sóc những chú chó của tôi vì cuối tuần này tôi có việc bận phải đi.,https://audio.tudienkala.com/data/cache/images/300x225/l/o/look_after1.jpg,https://audio.tudienkala.com/audio/l/o/look_after.mp3
22,look ahead,,,Lên kế hoạch trong tương lai,The past is past. Let us look ahead.,Quá khứ đã là quá khứ. Chúng ta hãy nhìn về tương lai.,https://audio.tudienkala.com/data/cache/images/300x225/l/o/look_ahead1.jpg,https://audio.tudienkala.com/audio/l/o/look_ahead.mp3
22,look around,,,"thăm thú, thăm quan",Do you want to have a look around this town this afternoon?,Bạn có muốn đi thăm quan thị trấn này chiều nay không?,https://audio.tudienkala.com/data/cache/images/300x225/l/o/look_around1.png,https://audio.tudienkala.com/audio/l/o/look_around.mp3
22,look at,,,nhìn,Why do you look at me like that?,Tại sao bạn nhìn tôi như thế?,https://audio.tudienkala.com/data/cache/images/300x225/l/o/look_at1.jpg,https://audio.tudienkala.com/audio/l/o/look_at.mp3
22,look back,,,Hồi tưởng lại quá khứ,Adults often look back on their childhood as a golden age.,Người lớn thường nhìn lại thời thơ ấu của họ như là một thời hoàng kim.,https://audio.tudienkala.com/data/cache/images/300x225/l/o/look_back1.jpg,https://audio.tudienkala.com/audio/l/o/look_back.mp3
22,look down on,,,Coi thường ai,"I wasn't successful, so they looked down on me.","Tôi đã không thành công, vì vậy họ đã coi thường tôi.",https://audio.tudienkala.com/data/cache/images/300x225/l/o/look_down_on1.png,https://audio.tudienkala.com/audio/l/o/look_down_on.mp3
22,look for,,,tìm kiếm,I'm looking for a job.,Tôi đang tìm kiếm một công việc.,https://audio.tudienkala.com/data/cache/images/300x225/l/o/look_for1.jpg,https://audio.tudienkala.com/audio/l/o/look_for.mp3
22,look forward to,,,"mong đợi, mong chờ, trông mong",My mother look forward to seeing me after the war is over.,Mẹ tôi mong đợi được gặp tôi sau khi chiến tranh kết thúc.,https://audio.tudienkala.com/data/cache/images/300x225/l/o/look_forward_to1.jpg,https://audio.tudienkala.com/audio/l/o/look_forward_to.mp3
22,look in on,,,Nhân tiện ghé thăm ai,Look in on your grandmother on your way home and make sure she has everything she needs.,"Nhân tiện, con hãy ghé thăm bà nội trên đường về để xem bà đã có đủ thứ bà cần chưa nhé.",https://audio.tudienkala.com/data/cache/images/300x225/l/o/look_in_on1.jpg,https://audio.tudienkala.com/audio/l/o/look_in_on.mp3
22,look into,,,"Điều tra, kiểm tra",I don’t have that information to hand but I will look into it and I will get back to you.,Tôi không có sẵn thông tin đó trong tay nhưng tôi sẽ kiểm tra và đưa cho bạn sau.,https://audio.tudienkala.com/data/cache/images/300x225/l/o/look_into1.jpg,https://audio.tudienkala.com/audio/l/o/look_into.mp3
22,look on,,,Xem (một hoạt động/sự kiện nhưng không tham gia),The teacher looked on as her students danced around the room.,Cô giáo đứng xem các học trò nhảy quanh căn phòng.,https://audio.tudienkala.com/data/cache/images/300x225/l/o/look_on1.jpg,https://audio.tudienkala.com/audio/l/o/look_on.mp3
22,look out,,,"Cẩn thận, coi chừng",Look out! There is broken glass on the floor!,Cẩn thận! Có kính vỡ trên sàn nhà đấy!,https://audio.tudienkala.com/data/cache/images/300x225/l/o/look_out1.jpg,https://audio.tudienkala.com/audio/l/o/look_out.mp3
22,look out for,,,"Để ý, đợi chờ (một cái gì sẽ xảy đến)","Look out for hummingbirds in the garden, they are often seen here.","Bạn hãy để ý lũ chim ruồi trong khu vườn này, người ta thường thấy chúng ở đây.",https://audio.tudienkala.com/data/cache/images/300x225/l/o/look_out_for1.jpg,https://audio.tudienkala.com/audio/l/o/look_out_for.mp3
22,look out for someone,,,"Coi sóc, bảo vệ ai",I have always looked out for my little brother.,Tôi luôn coi sóc em trai tôi.,https://audio.tudienkala.com/data/cache/images/300x225/l/o/look_out_for_someone1.jpg,https://audio.tudienkala.com/audio/l/o/look_out_for_someone.mp3
22,look over,,,Soát lại,Can you look over my thesis and tell me what you think I need to work on?,Bạn có thể soát lại bài luận văn giùm tôi và cho tôi biết tôi cần cải thiện về cái gì không?,https://audio.tudienkala.com/data/cache/images/300x225/l/o/look_over1.jpg,https://audio.tudienkala.com/audio/l/o/look_over.mp3
22,look through,,,"Đọc lướt qua, soát lại",Can you have a look through this report before I hand it in to the boss?,Bạn có thể soát lại bản báo cáo này trước khi tôi gửi nó cho sếp không?,https://audio.tudienkala.com/data/cache/images/300x225/l/o/look_through1.png,https://audio.tudienkala.com/audio/l/o/look_through.mp3
22,look up,,,"tìm kiếm, tra.",You should use an appropriate dictionary to look up new words.,Bạn nên dùng một cuốn từ điển phù hợp để tra từ mới.,https://audio.tudienkala.com/data/cache/images/300x225/l/o/look_up1.jpg,
22,look something up,,,Tìm kiếm thông tin,We can look up the address of the restaurant on the internet.,Chúng ta có thể tìm địa chỉ của nhà hàng trên mạng Internet.,https://audio.tudienkala.com/data/cache/images/300x225/l/o/look_something_up1.jpg,https://audio.tudienkala.com/audio/l/o/look_something_up.mp3
22,look someone up,,,Thăm ai (bạn cũ),Look me up if you are ever in Ireland!,Hãy tới thăm tớ bất cứ lúc nào khi cậu đang ở Ireland nhé!,https://audio.tudienkala.com/data/cache/images/300x225/l/o/look_someone_up1.png,https://audio.tudienkala.com/audio/l/o/look_someone_up.mp3
22,look upon someone,,,Xem/coi ai như là…,I have always looked upon my mother as a friend.,Tôi luôn coi mẹ tôi như một người bạn.,https://audio.tudienkala.com/data/cache/images/300x225/l/o/look_upon_someone1.jpg,https://audio.tudienkala.com/audio/l/o/look_upon_someone.mp3
22,look up to someone,,,"Tôn trọng, ngưỡng mộ ai",I have always looked up to my father.,Tôi luôn ngưỡng mộ cha tôi.,https://audio.tudienkala.com/data/cache/images/300x225/l/o/look_up_to_someone1.jpg,https://audio.tudienkala.com/audio/l/o/look_up_to_someone.mp3
22,look to,,,"Trông cậy, tin vào ai",We have always looked to our mother for guidance.,Chúng tôi luôn tin vào sự chỉ dẫn của mẹ.,https://audio.tudienkala.com/data/cache/images/300x225/l/o/look_to1.png,https://audio.tudienkala.com/audio/l/o/look_to.mp3
23,make for,,,Di chuyển về hướng,"Make for the hills, a tsunami is approaching!","Tiến về phía ngọn đồi ngay, sóng thần đang ập đến!",https://audio.tudienkala.com/data/cache/images/300x225/m/a/make_for1.png,https://audio.tudienkala.com/audio/m/a/make_for.mp3
23,make off,,,"vội vã đi/chạy, đặc biệt là để chạy trốn",The thieves had to make off in their car when the police arrived.,Những tên trộm phải chạy trốn vào trong xe của chúng khi cảnh sát tới.,https://audio.tudienkala.com/data/cache/images/300x225/m/a/make_off1.png,https://audio.tudienkala.com/audio/m/a/make_off.mp3
23,make off with,,,ăn trộm thứ gì đó và (nhanh chóng) mang đi,The looters made off with all money that were in the computer store.,Những kẻ cướp đã cuỗm đi lấy tất cả tiền ở cửa hàng máy tính.,https://audio.tudienkala.com/data/cache/images/300x225/m/a/make_off_with1.png,https://audio.tudienkala.com/audio/m/a/make_off_with.mp3
23,make out,,,"cố gắng để nghe về ai đó hoặc đọc, thấy cái gì đó","Because he spoke so quietly, we could hardly make out what he was saying.","Vì anh ta nói nhỏ quá, chúng tôi khó có thể nghe thấy điều anh ta đang nói là gì.",https://audio.tudienkala.com/data/cache/images/300x225/m/a/make_out1.png,https://audio.tudienkala.com/audio/m/a/make_out.mp3
23,make something out to be,,,khẳng định,He makes himself out to be an important artist but his paintings are utter garbage.,Anh ta khẳng định bản thân mình là một họa sĩ quan trọng nhưng các bức vẽ của anh ta thật chẳng ra gì cả.,https://audio.tudienkala.com/data/cache/images/300x225/m/a/make_something_out_to_be1.png,https://audio.tudienkala.com/audio/m/a/make_something_out_to_be.mp3
23,make up for,,,"đền bù, bồi thường",Nothing can make up for the loss of a child.,Không gì có thể bù đắp cho việc mất đi một đứa trẻ.,https://audio.tudienkala.com/data/cache/images/300x225/m/a/make_up_for1.jpg,https://audio.tudienkala.com/audio/m/a/make_up_for.mp3
23,make something over to somebody,,,chuyển nhượng cho,Mary made this fashion shop over to her aunt.,Mary đã chuyển nhượng cửa hàng thời trang này cho dì của mình.,https://audio.tudienkala.com/data/cache/images/300x225/m/a/make_something_over_to_somebody1.png,https://audio.tudienkala.com/audio/m/a/make_something_over_to_somebody.mp3
23,make something of something,,,hiểu được ý nghĩa hay bản chất của một thứ gì đó.,Can you make anything of these signals?,Bạn có thể hiểu gì về những ký hiệu này không?,https://audio.tudienkala.com/data/cache/images/300x225/m/a/make_something_of_something1.jpg,https://audio.tudienkala.com/audio/m/a/make_something_of_something.mp3
23,make up your mind,,,quyết định,I can’t make up my mind about Tom. Shall we give him the job?,Tôi không thể ra quyết định về Tom. Liệu chúng ta có thể cho anh ấy một công việc?,https://audio.tudienkala.com/data/cache/images/300x225/m/a/make_up_your_mind1.png,https://audio.tudienkala.com/audio/m/a/make_up_your_mind.mp3
23,make up with somebody,,,"hòa giải, dàn hòa","Mum, please make up with dad. You can’t be mad at him forever.","Mẹ, làm ơn dàn hòa với bố đi. Mẹ không thể bực bội với bố mãi được.",https://audio.tudienkala.com/data/cache/images/300x225/m/a/make_up_with_somebody1.png,https://audio.tudienkala.com/audio/m/a/make_up_with_somebody.mp3
23,make up the bed,,,"dọn dẹp gọn ghẽ, làm cho ngăn nắp","Can you make up the beds, please?",Bạn có thể dọn dẹp gọn ghẽ được không?,https://audio.tudienkala.com/data/cache/images/300x225/m/a/make_up_the_bed1.png,https://audio.tudienkala.com/audio/m/a/make_up_the_bed.mp3
23,make up a story,/meɪk ʌp/,,"dựng chuyện, bịa đặt",She made up a story.,Cô ta bịa ra 1 câu chuyện.,https://audio.tudienkala.com/data/cache/images/300x225/m/a/make_up-phr.v31.jpg,https://audio.tudienkala.com/audio/m/a/make_up_a_story.mp3
23,make up,,,trang điểm,My mother makes herself up every morning.,Mẹ tôi thường trang điểm vào mỗi sáng.,https://audio.tudienkala.com/data/cache/images/300x225/m/a/make_up-phr.v11.jpg,https://audio.tudienkala.com/audio/m/a/make_up-phr.v1.mp3
24,set aside,,,"Dành dụm, tiết kiệm",We should set aside amount of money every month to buy house in next several months.,Chúng ta nên để ra mỗi tháng một ít tiền để mua nhà trong vài năm tới.,https://audio.tudienkala.com/data/cache/images/300x225/s/e/set_aside1.jpg,
24,set back,,,"Làm chậm lại, lùi xa.",The storm has set the flight back by 2 hours.,Cơn bão đã làm chuyến bay bị hoãn lại 2 tiếng.,https://audio.tudienkala.com/data/cache/images/300x225/s/e/set_back1.jpg,https://audio.tudienkala.com/audio/s/e/set_back.mp3
24,set down,,,"Cho hành khách xuống, viết ra, in ra (giấy)",The bus will stop to set down and get on the passengers at bus stops.,Xe bus sẽ dừng để cho khách xuống và đón khách lên ở các điểm dừng.,https://audio.tudienkala.com/data/cache/images/300x225/s/e/set_down1.jpg,https://audio.tudienkala.com/audio/s/e/set_down.mp3
24,set in,,,"Ngấm vào, thấm vào, thẩm thấu vào. (Nó có nghĩa là điều gì đó được sắp đặt để tồn tại lâu dài.)",This rain looks as if it has set in for the rest of the day.,Cơn mưa này trông như thể là sẽ kéo dài cả ngày.,https://audio.tudienkala.com/data/cache/images/300x225/s/e/set_in1.jpg,https://audio.tudienkala.com/audio/s/e/set_in.mp3
24,set off,,,"Phát ra, gây ra, lên đường",The terrorist has set off a bomb in a very famous shopping center.,Kẻ khủng bố đã cho phát nổ một quả bom ở một trung tâm mua sắm rất nổi tiếng.,https://audio.tudienkala.com/data/cache/images/300x225/s/e/set_off1.jpg,https://audio.tudienkala.com/audio/s/e/set_off.mp3
24,set on,,,"Tấn công, bao vây",The bees have set on him in 30 minutes.,Những con ong đã tấn công anh ấy trong 30 phút.,https://audio.tudienkala.com/data/cache/images/300x225/s/e/set_on1.png,https://audio.tudienkala.com/audio/s/e/set_on.mp3
24,set to,,,"Bắt đầu lao vào ( cuộc tranh luận, cuộc tranh đấu…)",People set to an argument about the presidential election campaign.,Mọi người lao vào một cuộc tranh luận về chiến dịch bầu cử tổng thống.,https://audio.tudienkala.com/data/cache/images/300x225/s/e/set_to1.png,https://audio.tudienkala.com/audio/s/e/set_to.mp3
24,set up,/'setʌp/,v,"thiết lập, tạo dựng",You should set up a time and place for the meeting and then inform everyone who is involved.,Bạn nên thiết lập một thời gian và địa điểm cho cuộc họp và sau đó thông báo cho tất cả những người có liên quan.,https://audio.tudienkala.com/data/cache/images/300x225/s/e/set_up.jpg,https://audio.tudienkala.com/audio/s/e/set_up.mp3
24,set up for,,,Làm ra vẻ như,He tries to set up for a gentleman.,Anh ấy cố làm ra vẻ như một quý ông.,https://audio.tudienkala.com/data/cache/images/300x225/s/e/set_up_for1.png,https://audio.tudienkala.com/audio/s/e/set_up_for.mp3
24,set out,,,"Khởi hành, lên đường, làm sáng tỏ",We have to set out early tomorrow to avoid the storm.,Chúng ta phải khởi hành sớm ngày mai để tránh bão.,https://audio.tudienkala.com/data/cache/images/300x225/s/e/set_out1.jpg,https://audio.tudienkala.com/audio/s/e/set_out.mp3
25,tell against,,,Làm chứng chống lại/ nói chống lại,You told that you innocent but the proofs did tell against you.,Anh nói rằng anh vô tội nhưng bằng chứng đã chống lại anh.,https://audio.tudienkala.com/data/cache/images/300x225/t/e/tell_against1.jpg,
25,tell apart,,,"Phân biệt (sự khác nhau giữa các vật, hay việc gì đó).",Which twin is Lisa? I can’t tell them apart.,Ai trong hai đứa trẻ sinh đôi đó là Lisa thế? Tôi không thể phân biệt được chúng.,https://audio.tudienkala.com/data/cache/images/300x225/t/e/tell_apart1.png,
25,tell from,,,Phân biệt (hai thứ giống nhau hoặc tương tự nhau).,Could you tell me the real LV handbag from fake thing?,Bạn có thể phân biệt được túi LV hàng thật với hàng giả giúp tôi không?,https://audio.tudienkala.com/data/cache/images/300x225/t/e/tell_from1.png,
25,tell off,,,"Nói thẳng vào mặt, rầy la, mắng mỏ.",I told my son off for lying to me about stealing the money.,Tôi rầy con trai vì đã nói dối tôi chuyện lấy trộm tiền.,https://audio.tudienkala.com/data/cache/images/300x225/t/e/tell_off1.png,
25,tell on,,,"Mách tội, kể tội","If you don’t do your homework, I’ll tell on you.","Nếu em không làm bài tập, chị sẽ mách tội em đó.",https://audio.tudienkala.com/data/cache/images/300x225/t/e/tell_on1.png,
26,get up,/get ʌp/,phr v,thức dậy,I often get up late.,Tôi thường thức dậy trễ.,https://audio.tudienkala.com/data/cache/images/300x225/g/e/get_up-l61.jpg,https://audio.tudienkala.com/audio/g/e/get_up-l6.mp3
26,catch up,/katʃ ʌp/,v,"làm kịp, kịp thời gian",The dental assistant was able to catch up on her paperwork in between patients.,Người trợ tá nha sĩ đã kịp làm công việc giấy tờ của mình giữa các lần khám bệnh nhân.,https://audio.tudienkala.com/data/cache/images/300x225/c/a/catch_up1.jpg,https://audio.tudienkala.com/audio/c/a/catch_up.mp3
26,look up,,,"tìm kiếm, tra.",You should use an appropriate dictionary to look up new words.,Bạn nên dùng một cuốn từ điển phù hợp để tra từ mới.,https://audio.tudienkala.com/data/cache/images/300x225/l/o/look_up1.jpg,
26,hurry up,/ /ˈhʌ·ri ʌp//,,Nhanh lên,Hurry up or we will miss the train!,"Nhanh lên, kẻo chúng ta sẽ lỡ tàu!",https://audio.tudienkala.com/data/cache/images/300x225/h/u/hurry_up1.jpg,
26,bring up,/brɪŋ ʌp/,phr v,đưa ra,Can you bring up the main menu again?,Bạn có thể đưa lại thực đơn cho tôi xem được không ?,https://audio.tudienkala.com/data/cache/images/300x225/b/r/bring_up1.png,https://audio.tudienkala.com/audio/b/r/bring_up.mp3
26,break up,/breɪk ʌp/,phr v,chia tay,They were known to break up after 5 years in a relationship.,Họ được biết đã chia tay sau năm năm hẹn hò.,https://audio.tudienkala.com/data/cache/images/300x225/b/r/break_up1.jpg,https://audio.tudienkala.com/audio/b/r/break_up_(with_someone).mp3
26,pick up,/'pikʌp/,phrv,đón (ai đó),I'll pick you up at five o'clock.,Tôi sẽ đón bạn lúc 5 giờ.,https://audio.tudienkala.com/data/cache/images/300x225/p/i/pick_up1.jpg,https://audio.tudienkala.com/audio/p/i/pick_up.mp3
26,give up,,v,"bỏ, từ bỏ, thôi; tạm dừng; đầu hàng",Ms. Gomez is so optimistic that she never wants to give up.,Cô Gomez lạc quan đến nỗi chưa bao giờ muốn bỏ cuộc.,https://audio.tudienkala.com/data/cache/images/300x225/g/i/give_up1.png,https://audio.tudienkala.com/audio/g/i/give_up.mp3
26,set up,/'setʌp/,v,"thiết lập, tạo dựng",You should set up a time and place for the meeting and then inform everyone who is involved.,Bạn nên thiết lập một thời gian và địa điểm cho cuộc họp và sau đó thông báo cho tất cả những người có liên quan.,https://audio.tudienkala.com/data/cache/images/300x225/s/e/set_up.jpg,https://audio.tudienkala.com/audio/s/e/set_up.mp3
26,hold up,,,"trì hoãn, ngăn chặn",The police held up the robber when the he was trying to rob money from a young women.,Cảnh sát đã ngăn chặn tên cướp khi hắn đang cố gắng cướp tiền từ một phụ nữ trẻ.,https://audio.tudienkala.com/data/cache/images/300x225/h/o/hold_up1.png,
27,anniversary,/ˌænɪˈvɜːrsəri /,n,ngày/lễ kỷ niệm,We always celebrate our wedding anniversary every year.,Chúng tôi luôn luôn tổ chức lễ kỷ niệm ngày cưới của chúng tôi hằng năm.,https://audio.tudienkala.com/data/cache/images/300x225/a/n/anniversary1.jpg,https://audio.tudienkala.com/audio/a/n/anniversary.mp3
27,confide in somebody,/kənˈfaɪd ɪn ˈsʌmbədi/,v,"tin tưởng, giãi bày tâm sự với ai","She's nice, but I don't feel I can confide in her","Cô ấy tốt bụng, nhưng tôi không cảm nhận có thể giải bày tâm sự với cô ấy được.",https://audio.tudienkala.com/data/cache/images/300x225/c/o/confide_in_somebody1.jpg,https://audio.tudienkala.com/audio/c/o/confide_in_somebody.mp3
27,contractual,/kənˈtræktʃuəl/,adj,"thỏa thuận, thuộc về hợp đồng",Are you under a contractual obligation to any other company?,Bạn có đang bị một nghĩa vụ hợp đồng với bất kỳ công ty nào khác không?,https://audio.tudienkala.com/data/cache/images/300x225/c/o/contractual1.jpg,https://audio.tudienkala.com/audio/c/o/contractual.mp3
27,counterpart,/ˈkaʊntəpɑːt/,n,bên tương ứng,The Prime Minister will meet with his European counterparts to discuss the war against drugs.,Thủ tướng Chính phủ sẽ gặp gỡ với các người đồng cấp châu Âu để thảo luận về cuộc chiến chống ma túy.,https://audio.tudienkala.com/data/cache/images/300x225/c/o/counterpart1.jpg,https://audio.tudienkala.com/audio/c/o/counterpart.mp3
27,determine,/di'tə:min/,v,"xác định, định rõ","After reading the contract, I was still unable to determine if our company was liable for back wages.","Sau khi đọc hợp đồng, tôi vẫn không thể biết được liệu rằng công ty của chúng tôi có phải chịu trách nhiệm hoàn trả lại lương không.",https://audio.tudienkala.com/data/cache/images/300x225/d/e/determine1.png,https://audio.tudienkala.com/audio/d/e/determine.mp3
27,outlook,/ˈaʊtlʊk/,n,"quan điểm, cách nhìn nhận",His outlook on this issue is quite subjective. He ignores his employees' needs.,Quan điểm về vấn đề này khá chủ quan. Anh ta phớt lờ những nhu cầu của của công nhân.,https://audio.tudienkala.com/data/cache/images/300x225/o/u/outlook1.jpg,https://audio.tudienkala.com/audio/o/u/outlook.mp3
27,maintain,/men'tein/,v,duy trì,Combining physical activity with a healthy diet is the best way to maintain a healthy body weight.,Kết hợp hoạt động thể chất với chế độ ăn uống lành mạnh là cách tốt nhất để duy trì trọng lượng cơ thể khỏe mạnh.,https://audio.tudienkala.com/data/cache/images/300x225/m/a/maintain2.jpg,https://audio.tudienkala.com/audio/m/a/maintain.mp3
27,oblige,/əˈblaɪdʒ/,v,"bắt buộc, cưỡng bách",He is obliged to sell their house in order to pay his debts.,Anh ta bị ép buộc bán nhà để trả nợ.,https://audio.tudienkala.com/data/cache/images/300x225/o/b/oblige1.jpg,https://audio.tudienkala.com/audio/o/b/oblige.mp3
27,precede,/prɪˈsiːd/,v,đi trước,It would be helpful if you were to precede the way.,Nếu bạn đi trước dẫn đường thì sẽ rất hữu ích.,https://audio.tudienkala.com/data/cache/images/300x225/p/r/precede1.png,https://audio.tudienkala.com/audio/p/r/precede.mp3
27,reject,/'ri:dʤekt/,n,"đồ thừa, đồ bỏ, phế phẩm",We put the rejects in this box.,Chúng tôi để những phế phẩm vào trong hộp này.,https://audio.tudienkala.com/data/images_example/300x225/w/e/we_put_the_ex1_56248d157f8b9a040dc65eb8.jpg,https://audio.tudienkala.com/audio/r/e/reject.mp3
27,diversity,/da ɪˈvɜːsɪti/,n,"sự khác biệt, đa dạng",Is America the most ethnic diversity country in the world?,Mỹ có phải là nước đa dạng sắc tộc nhất trên thế giới?,https://audio.tudienkala.com/data/cache/images/300x225/d/i/diversity1.png,https://audio.tudienkala.com/audio/d/i/diversity.mp3
27,base on,/beɪs ɑːn/,phrv,dựa vào,He was awarded a scholarship based on his marks in high school.,Cậu ấy được trao học bổng dựa trên điểm số của cậu ấy ở trường trung học.,https://audio.tudienkala.com/data/cache/images/300x225/b/a/base_on1.jpg,https://audio.tudienkala.com/audio/b/a/base_on.mp3
27,heritage,/ˈherɪtɪdʒ/,n,di sản,Hue's Imperial City was listed as a Cultural World Heritage site by UNESCO in 1993.,Cố đô Huế được công nhận là di sản văn hóa thế giới bởi UNESCO năm 1993.,https://audio.tudienkala.com/data/cache/images/300x225/h/e/heritage1.jpg,https://audio.tudienkala.com/audio/h/e/heritage.mp3
27,legend,/ˈledʒənd/,n,truyền thuyết,The dance was based on several Hindu legends.,Điệu múa này được biên soạn dựa trên một vài truyền thuyết của đạo Hindu.,https://audio.tudienkala.com/data/cache/images/300x225/l/e/legend1.jpg,https://audio.tudienkala.com/audio/l/e/legend.mp3
27,universal,/ˌjuːnɪˈvɜːsəl/,adj,thuộc/ có tính toàn cầu,Illiteracy is a universal issue.,Nạn mù chữ là một vấn đề toàn cầu.,https://audio.tudienkala.com/data/cache/images/300x225/u/n/universal1.jpg,https://audio.tudienkala.com/audio/u/n/universal.mp3
27,banquet,/ˈbæŋ.kwɪt/,n,buổi tiệc lớn,It could be only in the great hall that the banquet could take place.,Chỉ có thể là một sảnh lớn cho bữa tiệc diễn ra.,https://audio.tudienkala.com/data/cache/images/300x225/b/a/banquet1.jpg,https://audio.tudienkala.com/audio/b/a/banquet.mp3
27,blessing,/ˈbles.ɪŋ/,n,phúc lành,People do not know the blessing of good health until they lose it.,Con người thường không biết phước lành của một sức khỏe tốt cho đến khi họ mất nó.,https://audio.tudienkala.com/data/cache/images/300x225/b/l/blessing1.jpg,https://audio.tudienkala.com/audio/b/l/blessing.mp3
27,represent,/repri'zent/,v,"đại diện, tượng trưng cho",The colour violet represents faith.,Màu tím tượng trưng cho sự thủy chung.,https://audio.tudienkala.com/data/images_example/300x225/t/h/the_colour_ex1_56248d0b7f8b9a000de3ceb9.jpg,https://audio.tudienkala.com/audio/r/e/represent.mp3
27,glorious,/ˈglɔ:riəs/,adj,"rực rỡ, huy hoàng",The match was over and Vietnam had a glorious victory.,Trận đấu kết thúc và Việt Nam có một chiến thắng huy hoàng.,https://audio.tudienkala.com/data/cache/images/300x225/g/l/glorious1.jpg,https://audio.tudienkala.com/audio/g/l/glorious.mp3
27,sacrifice,/ˈsæk.rɪ.faɪs/,v,hi sinh,They sacrificed their whole life to the happiness of the people.,Họ đã hy sinh cả cuộc đời mình vì hạnh phúc nhân dân.,https://audio.tudienkala.com/data/cache/images/300x225/s/a/sacrifice1.jpg,https://audio.tudienkala.com/audio/s/a/sacrifice.mp3
28,estate,/ɪˈsteɪt/,n,vùng đất (ở nôngthôn) có người làm chủ; điền trang,They're estate agents.,Họ là nhân viên nhà đất.,https://audio.tudienkala.com/data/images_example/300x225/t/h/theyre_est_ex2_5877282b7f8b9a22308b4587.jpg,https://audio.tudienkala.com/audio/e/s/estate.mp3
28,renovation,/ˌrenəˈveɪʃən/,n,"sửa chữa, đổi mới",The house underwent major renovations.,Ngôi nhà đã trải qua sửa chữa lớn.,https://audio.tudienkala.com/data/cache/images/300x225/r/e/renovation1.png,https://audio.tudienkala.com/audio/r/e/renovation.mp3
28,extensive,/ɪkˈstensɪv/,adj,"lớn, rộng lớn",It is an extensive collection of silver.,Đây là một bộ sưu tập bạc rất lớn.,https://audio.tudienkala.com/data/cache/images/300x225/e/x/extensive1.jpg,https://audio.tudienkala.com/audio/e/x/extensive.mp3
28,multicultural,/ˌmʌltiˈkʌltʃərəl/,adj,"đa văn hóa, đa chủng tộc",My company is multicultural and has many international employees.,Công ty của tôi là đa văn hóa và có nhiều nhân viên quốc tế.,https://audio.tudienkala.com/data/cache/images/300x225/m/u/multicultural1.jpg,https://audio.tudienkala.com/audio/m/u/multicultural.mp3
28,assemble,/ə'sembl/,v,"thu thập, tập hợp, lắp ráp",All the students were asked to assemble in the main hall.,Tất cả các sinh viên được yêu cầu tập hợp ở hội trường chính.,https://audio.tudienkala.com/data/cache/images/300x225/a/s/assemble1.png,https://audio.tudienkala.com/audio/a/s/assemble.mp3
28,organic,/ɔːrˈɡæn.ɪk/,,hữu cơ,"We buy organic food at the farmers' market. It costs a little bit more, but we think it's better for our health.","Chúng tôi mua thực phẩm hữu cơ tại chợ nông dân. Nó tốn kém hơn một chút, nhưng chúng tôi nghĩ rằng nó tốt hơn cho sức khoẻ của chúng tôi.",https://audio.tudienkala.com/data/cache/images/300x225/o/r/organic1.jpg,https://audio.tudienkala.com/audio/o/r/organic.mp3
28,coincide,"/,kouin'said/",v,trùng hợp,"My cousin's wedding coincided with a holiday weekend, so it was a perfect time to rent a car and go for a drive.","Đám cưới của người anh/em bà con của tôi trùng với kỳ nghỉ lễ cuối tuần, vậy nó là một dịp lý tưởng để thuê ô-tô và đi chơi bằng xe.",https://audio.tudienkala.com/data/cache/images/300x225/c/o/coincide1.png,https://audio.tudienkala.com/audio/c/o/coincide.mp3
28,manner,/ˈmænər/,n,"tác phong, phong cách, cách cư xử",He has a friendly manner.,Anh ấy có cách cư xử rất thân thiện.,https://audio.tudienkala.com/data/cache/images/300x225/m/a/manner2.jpg,https://audio.tudienkala.com/audio/m/a/manner.mp3
28,interpretation,/ɪnˌtɜːprɪˈteɪʃən/,n,"cách hiểu, giải thích",Her evidence suggests a different interpretation of the events.,Bằng chứng của cô ấy cho thấy một cách giải thích khác của các sự việc.,https://audio.tudienkala.com/data/cache/images/300x225/i/n/interpretation2.png,https://audio.tudienkala.com/audio/i/n/interpretation.mp3
28,imminent,/ˈɪmɪnənt/,adj,sắp xảy ra,the imminent threat of invasion,mối đe dọa sắp xảy ra cuộc xâm lược,https://audio.tudienkala.com/data/cache/images/300x225/i/m/imminent1.jpg,https://audio.tudienkala.com/audio/i/m/imminent.mp3
28,proper,/ˈprɒpər/,adj,"đúng, thích hợp",We should have had a proper discussion before voting.,Chúng ta nên có một cuộc thảo luận đúng đắn trước khi bỏ phiếu.,https://audio.tudienkala.com/data/cache/images/300x225/p/r/proper2.jpg,https://audio.tudienkala.com/audio/p/r/proper.mp3
28,die down,/daɪ daʊn/,phrv,"yếu dần, suy giảm",The storm has died down.,Cơn bão đã suy yếu dần.,https://audio.tudienkala.com/data/cache/images/300x225/d/i/die_down1.jpg,https://audio.tudienkala.com/audio/d/i/die_down.mp3
28,dismissive of,/dɪˈsmɪs.ɪv ɒv/,phr,"xem thường, coi nhẹ","Some people littered on roads, they were so dismissive of the rule of law.","Vài người đã vứt rác bừa bãi trên đường, họ quá coi nhẹ luật pháp.",https://audio.tudienkala.com/data/cache/images/300x225/d/i/dismissive_of1.jpg,https://audio.tudienkala.com/audio/d/i/dismissive_of.mp3
28,modification,/ /ˌmɑː.dɪ.fɪˈkeɪ.ʃən/ /,,"sự sửa đổi, sự biến đổi","Today, genetic modification efforts are much more directed.","Ngày nay, những nổ lực trong biến đổi gen di truyền đang có nhiều hướng đi hơn.",https://audio.tudienkala.com/data/cache/images/300x225/m/o/modification1.jpg,https://audio.tudienkala.com/audio/m/o/modification.mp3
28,silversmith,/ˈsɪl.vɚ.smɪθ/,,thợ bạc,He became a successful watchmaker and silversmith.,Ông ấy đã trở thành một thợ đồng hồ kiêm thợ bạc thành công.,https://audio.tudienkala.com/data/cache/images/300x225/s/i/silversmith1.jpg,https://audio.tudienkala.com/audio/s/i/silversmith.mp3
28,tribal,/ /ˈtraɪ.bəl//,a,thuộc bộ lạc,Tribal lands were held in common and each man was entitled to a share in the products.,Các vùng đất của bộ lạc thì được sở hữu chung và mỗi người đều có quyền được chia sẻ sản phẩm.,https://audio.tudienkala.com/data/cache/images/300x225/t/r/tribal1.jpg,https://audio.tudienkala.com/audio/t/r/tribal.mp3
28,neglect,/nɪˈɡlekt/,v,"xao lãng, bỏ bê, lơ là",He neglected to write to her.,Anh ta xao lãng việc viết thư cho cô ấy.,https://audio.tudienkala.com/data/cache/images/300x225/n/e/neglect1.jpg,https://audio.tudienkala.com/audio/n/e/neglect.mp3
28,cumbersome,/ˈkʌm.bɚ.səm/,a,"rườm rà, cồng kềnh",The cumbersome box was too big for the shopping cart.,Cái hộp cồng kềnh đã quá to so với chiếc xe đẩy đựng hàng.,https://audio.tudienkala.com/data/cache/images/300x225/c/u/cumbersome1.png,https://audio.tudienkala.com/audio/c/u/cumbersome.mp3
28,ancient,/ˈeɪnʃənt/,adj,"xưa, cổ xưa",The ancient forests were found only in books.,Các khu rừng cổ xưa chỉ được tìm thấy trong sách vở.,https://audio.tudienkala.com/data/cache/images/300x225/a/n/ancient1.png,https://audio.tudienkala.com/audio/a/n/ancient.mp3
28,devote,/dɪˈvəʊt/,v,"dâng, dành hết cho",She devoted herself to her career.,Cô cống hiến bản thân cho sự nghiệp.,https://audio.tudienkala.com/data/cache/images/300x225/d/e/devote1.png,https://audio.tudienkala.com/audio/d/e/devote.mp3
29,agree,/əˈɡri/,v,"đồng ý, bằng lòng",He agreed to let me go early.,Anh ta đồng ý để tôi đi sớm.,https://audio.tudienkala.com/data/cache/images/300x225/a/g/agree1.jpg,https://audio.tudienkala.com/audio/a/g/agree.mp3
29,aim,/eim/,v,"nhắm, mục đích, hướng tới",They are aiming to reduce unemployment by 50%.,Họ đang hướng tới việc giảm tỷ lệ thất nghiệp xuống 50%.,https://audio.tudienkala.com/data/cache/images/300x225/a/i/aim1.png,https://audio.tudienkala.com/audio/a/i/aim.mp3
29,appear,/əˈpɪr/,v,dường như,She appeared not to know what was happening.,Cô ấy dường như không biết những gì đang xảy ra.,https://audio.tudienkala.com/data/cache/images/300x225/a/p/appear-v1.jpg,https://audio.tudienkala.com/audio/a/p/appear-v.mp3
29,ask,/ɑːsk/,v,hỏi,You have to ask permission to go out.,Em phải xin phép khi đi ra ngoài.,https://audio.tudienkala.com/data/cache/images/300x225/a/s/ask1.jpg,https://audio.tudienkala.com/audio/a/s/ask.mp3
29,attempt,/əˈtempt/,v,cố gắng; thử,I will attempt to answer all your questions.,Tôi sẽ cố gắng trả lời tất cả các câu hỏi của bạn.,https://audio.tudienkala.com/data/cache/images/300x225/a/t/attempt2.jpg,https://audio.tudienkala.com/audio/a/t/attempt.mp3
29,begin,/bi'gin/,v,bắt đầu,We begin to work on the project in May.,Chúng tôi sẽ bắt đầu làm việc trên các dự án trong Tháng Năm.,https://audio.tudienkala.com/data/cache/images/300x225/b/e/begin1.jpg,https://audio.tudienkala.com/audio/b/e/begin.mp3
29,care,/kɛər/,v,"quan tâm đến, trông nom",The information is there for anyone who cares enough to find it.,Thông tin có ở đó cho bất cứ ai quan tâm đủ để tìm ra nó.,https://audio.tudienkala.com/data/images_example/300x225/t/h/the_inform_ex1_581983c27f8b9ab4078b45f1.jpg,https://audio.tudienkala.com/audio/c/a/care-v.mp3
29,claim,/kleɪm/,v,"đòi, đòi quyền, nhận là, tự cho là",I don't claim to be an expert.,Tôi không tự cho là một chuyên gia.,https://audio.tudienkala.com/data/images_example/300x225/_/i/_i_dont_cl_ex1_56248d027f8b9afc0c29844d.png,https://audio.tudienkala.com/audio/c/l/claim.mp3
29,choose,/tʃuːz/,v,"chọn, chọn lựa",It took her a long time to choose a hat.,Cô ấy phải mất một thời gian dài để chọn một cái mũ.,https://audio.tudienkala.com/data/images_example/300x225/i/t/it_took_he_ex1_58213ca37f8b9a91078b4567.png,https://audio.tudienkala.com/audio/c/h/choose-l6.mp3
29,continue,/kənˈtɪnjuː/,v,"tiếp tục, duy trì",He continued to ignore everything I was saying.,Anh ta tiếp tục bỏ qua tất cả những gì tôi nói.,https://audio.tudienkala.com/data/images_example/300x225/h/e/he_continu_ex1_56248cef7f8b9af60c1430bb.jpg,https://audio.tudienkala.com/audio/c/o/continue.mp3
29,decide,/dɪˈsaɪd/,v,quyết định,We've decided not to go away after all.,Chúng tôi đã quyết định không đi xa sau khi tất cả.,https://audio.tudienkala.com/data/cache/images/300x225/d/e/decide2.jpg,https://audio.tudienkala.com/audio/d/e/decide.mp3
29,expect,/ɪkˈspekt/,v,mong đợi,She expects to see her new baby girl.,Cô ấy mong đợi được gặp con gái bé nhỏ của cô.,https://audio.tudienkala.com/data/cache/images/300x225/e/x/expect1.png,https://audio.tudienkala.com/audio/e/x/expect.mp3
29,forget,/fərˈɡet/,v,quên,"The waiter forgets bringing the rolls, annoying the customer.","Anh nhân viên phục vụ quên mang các ổ bánh mì, gây bực mình cho người khách.",https://audio.tudienkala.com/data/cache/images/300x225/f/o/forget1.png,https://audio.tudienkala.com/audio/f/o/forget.mp3
29,happen,/'hæpən/,v,xảy ra,She happened to be out when I called.,Cô ấy đã ra ngoài khi tôi gọi.,https://audio.tudienkala.com/data/images_example/300x225/s/h/she_happen_ex1_581311d37f8b9a529d8b45bf.jpg,https://audio.tudienkala.com/audio/h/a/happen.mp3
29,hesitate,/ˈhezɪteɪt/,v,do dự,Please do not hesitate to contact me if you have any queries.,Xin vui lòng liên hệ với tôi nếu bạn có bất kỳ thắc mắc.,https://audio.tudienkala.com/data/cache/images/300x225/h/e/hesitate1.png,https://audio.tudienkala.com/audio/h/e/hesitate.mp3
29,manage,/'mænidʤ/,v,"quán lý, điều hành",I managed to pass the exams.,Tôi đã xoay sở vượt qua được các kỳ thi.,https://audio.tudienkala.com/data/cache/images/300x225/m/a/manage1.png,https://audio.tudienkala.com/audio/m/a/manage.mp3
29,need,/ni:d/,v,cần,Do you need me to help?,Bạn có cần tôi giúp đỡ không?,https://audio.tudienkala.com/data/cache/images/300x225/n/e/need1.jpg,https://audio.tudienkala.com/audio/n/e/need.mp3
29,dare,/deər/,v,"Dám, dám đương đầu với",He didn’t dare (to) say what he thought.,Anh ấy không dám nói điều mà anh ta nghĩ,https://audio.tudienkala.com/data/cache/images/300x225/d/a/dare1.jpg,https://audio.tudienkala.com/audio/d/a/dare.mp3
29,hope,/həʊp/,v,hy vọng,I hope to see you again.,Tôi hi vọng được gặp bạn lần nữa.,https://audio.tudienkala.com/data/cache/images/300x225/h/o/hope-v1.png,https://audio.tudienkala.com/audio/h/o/hope-v.mp3
29,fail,/ˈfeɪ/,v,thất bại,I failed in my attempt to persuade her.,Tôi đã thất bại trong việc nổ lực thuyết phục cô ấy.,https://audio.tudienkala.com/data/cache/images/300x225/f/a/fail1.jpg,https://audio.tudienkala.com/audio/f/a/fail.mp3
30,plan,/plæn/,v,lên kế hoạch,They plan to visit their parents next week.,Họ dự định sẽ thăm cha mẹ vào tuần tới.,https://audio.tudienkala.com/data/cache/images/300x225/p/l/plan-v1.jpg,https://audio.tudienkala.com/audio/p/l/plan-v.mp3
30,want,/wɑːnt/,v,"muốn, muốn có",Do you want to have some more tea?,Bạn có muốn thêm trà không?,https://audio.tudienkala.com/data/cache/images/300x225/w/a/want1.jpg,https://audio.tudienkala.com/audio/w/a/want.mp3
30,afford,/ə'fɔ:d/,v,có khả năng chi trả,We can't afford to buy a luxury house.,Chúng tôi không có khả năng mua một ngôi nhà đắt tiền.,https://audio.tudienkala.com/data/cache/images/300x225/a/f/afford1.jpg,https://audio.tudienkala.com/audio/a/f/afford.mp3
30,arrange,/əˈreɪndʒ/,v,"sắp xếp, sắp đặt, thu xếp",Have you arranged to meet him?,Bạn đã sắp xếp để gặp anh ta chưa?,https://audio.tudienkala.com/data/images_example/300x225/h/a/have_you_a_ex1_56248cf97f8b9afa0cb17b48.jpg,https://audio.tudienkala.com/audio/a/r/arrange.mp3
30,regret,/ri'gret/,v,hối tiếc,I regret to inform you that your application has been rejected.,Tôi rất tiếc khi thông báo với bạn rằng đơn của bạn đã bị từ chối.,https://audio.tudienkala.com/data/cache/images/300x225/r/e/regret-v1.jpg,https://audio.tudienkala.com/audio/r/e/regret-v.mp3
30,try,/traɪ/,v,cố gắng,I tried hard not to laugh.,Tôi đã rất cố gắng để không cười.,https://audio.tudienkala.com/data/images_example/300x225/i/_/i_tried_ha_ex2_587728e07f8b9a5f308b45ea.jpg,https://audio.tudienkala.com/audio/t/r/try.mp3
30,threaten,/ˈθretən/,v,đe doạ,The mugger threatened to kill him.,Người chủ mưu đe dọa giết anh ta.,https://audio.tudienkala.com/data/cache/images/300x225/t/h/threaten2.jpg,https://audio.tudienkala.com/audio/t/h/threaten.mp3
30,prepare,/prɪˈper/,v,chuẩn bị,The children are preparing to leave for Halloween.,Các em đang chuẩn bị đi dự lễ Halloween.,https://audio.tudienkala.com/data/cache/images/300x225/p/r/prepare1.jpg,https://audio.tudienkala.com/audio/p/r/prepare.mp3
30,promise,/ˈprɒmɪs/,v,hứa hẹn,Please promise not to tell anyone!,Xin hãy hứa là không nói với ai!,https://audio.tudienkala.com/data/cache/images/300x225/p/r/promise1.jpg,https://audio.tudienkala.com/audio/p/r/promise.mp3
30,pretend,/prɪˈtend/,v,giả vờ,I pretended to be asleep.,Tôi giả vờ như đang ngủ.,https://audio.tudienkala.com/data/images_example/300x225/i/_/i_pretende_ex2_587728467f8b9a22308b4623.png,https://audio.tudienkala.com/audio/p/r/pretend.mp3
30,refuse,/rɪˈfjuːz/,v,từ chối,He flatly refused to discuss the matter.,Ông thẳng thừng từ chối thảo luận về vấn đề này.,https://audio.tudienkala.com/data/cache/images/300x225/r/e/refuse2.jpg,https://audio.tudienkala.com/audio/r/e/refuse.mp3
30,remember,/ri'membə/,v,"nhớ, ghi nhớ",Please remember to turn off the light before you go home.,Hãy nhớ tắt đèn trước khi bạn về nhà.,https://audio.tudienkala.com/data/images_example/300x225/p/l/please_rem_ex1_56248ced7f8b9af60c142c87.jpeg,https://audio.tudienkala.com/audio/r/e/remember.mp3
30,seem,/siːm/,v,"có vẻ như, dường như",People aren’t always what they seem to be.,Mọi người không phải lúc nào cũng có vẻ như họ là như vậy.,https://audio.tudienkala.com/data/cache/images/300x225/s/e/seem1.jpg,https://audio.tudienkala.com/audio/s/e/seem.mp3
30,start,/stɑːrt/,v,bắt đầu,It started to rain.,Trời bắt đầu mưa.,https://audio.tudienkala.com/data/images_example/300x225/i/t/it_started_ex1_56248cf37f8b9af80c011dd1.jpg,https://audio.tudienkala.com/audio/s/t/start.mp3
30,tend,/tend/,v,"có xu hướng, có khuynh hướng, thường",People tend to think that the problem will never affect them.,Mọi người có xu hướng nghĩ rằng vấn đề sẽ không bao giờ ảnh hưởng đến họ.,https://audio.tudienkala.com/data/cache/images/300x225/t/e/tend1.png,https://audio.tudienkala.com/audio/t/e/tend.mp3
30,wish,/wɪʃ/,v,"ước, mong muốn",I wish to speak to the manager.,Tôi muốn nói chuyện với người quản lý.,https://audio.tudienkala.com/data/cache/images/300x225/w/i/wish-v1.jpg,https://audio.tudienkala.com/audio/w/i/wish-v.mp3
30,love,/lʌv/,v,yêu,I love to go out dancing.,Tôi thích đi nhảy.,https://audio.tudienkala.com/data/images_example/300x225/i/_/i_love_to__ex1_56248cee7f8b9af60c142eef.jpg,https://audio.tudienkala.com/audio/l/o/love.mp3
30,learn,/ lə:n/,v,"học, nghiên cứu",She is learning to play the piano.,Cô ấy đang học chơi piano.,https://audio.tudienkala.com/data/images_example/300x225/s/h/she_is_lea_ex1_5812ba777f8b9a24318b45bb.jpg,https://audio.tudienkala.com/audio/l/e/learn.mp3
30,offer,,v,"đề xuất, đề nghị, chào mời, chào hàng",The kids offered to do the dishes.,Mấy đứa trẻ đề nghị rửa chén đĩa.,https://audio.tudienkala.com/data/cache/images/300x225/o/f/offer-v1.jpg,https://audio.tudienkala.com/audio/o/f/offer-v.mp3
30,endeavor,/ɪnˈdev·ər/,v,"cố gắng, gắng sức",The buyer should always endeavour to negotiate terms.,Người mua phải luôn luôn cố gắng thương lượng các điều khoản.,https://audio.tudienkala.com/data/cache/images/300x225/e/n/endeavor1.jpg,https://audio.tudienkala.com/audio/e/n/endeavor.mp3
31,in front of,/ɪn frʌnt əv/,prep,ở phía trước,The man is sitting in front of the television.,Chàng trai đang ngồi trước ti-vi.,https://audio.tudienkala.com/data/cache/images/300x225/i/n/in_front_of1.png,https://audio.tudienkala.com/audio/i/n/in_front_of.mp3
31,behind,/bɪˈhaɪnd/,prep,ở đằng sau,There's a boy behind the door.,Có một cậu bé đằng sau cánh cửa.,https://audio.tudienkala.com/data/cache/images/300x225/b/e/behind1.png,https://audio.tudienkala.com/audio/b/e/behind.mp3
31,across,/əˈkrɔːs/,prep,ở bên kia,The rabbit is across the street.,Chú thỏ ở bên kia đường.,https://audio.tudienkala.com/data/cache/images/300x225/a/c/across2.jpg,https://audio.tudienkala.com/audio/a/c/across.mp3
31,next to,/ nɛkst tu/,prep,bên cạnh,The girl is standing next to the table.,Cô bé đang đứng cạnh cái bàn.,https://audio.tudienkala.com/data/images_example/300x225/t/h/the_girl_i_ex1_58252c3e7f8b9aa2078b45b8.jpg,https://audio.tudienkala.com/audio/n/e/next_to.mp3
31,between,/bɪˈtwiːn/,prep,ở giữa,The lion is sitting between the two lamps.,Con sư tử đang ngồi giữa hai cái đèn.,https://audio.tudienkala.com/data/images_example/300x225/t/h/the_lion_i_ex1_58243bbd7f8b9aec0d8b45b5.jpg,https://audio.tudienkala.com/audio/b/e/between.mp3
31,over,/ˈoʊ.vɚ/,prep,trên,She put her hand over her mouth to stop herself from screaming,Cô đặt tay lên miệng để ngăn mình khỏi la hét,https://audio.tudienkala.com/data/images_example/300x225/s/h/she_put_he_ex2_5624bed07f8b9ac7111964d6.jpg,https://audio.tudienkala.com/audio/o/v/over.mp3
31,under,/ˈʌndər/,adv,dưới,My dog pulled up the covers and crawled under.,Chú chó của tôi đã kéo khăn trải giường lên và bò phía dưới.,https://audio.tudienkala.com/data/cache/images/300x225/u/n/under1.png,https://audio.tudienkala.com/audio/u/n/under.mp3
31,in,/ɪn/,prep,ở trong,The cat is sleeping in the box.,Chú mèo đang ngủ trong chiếc hộp.,https://audio.tudienkala.com/data/cache/images/300x225/i/n/in1.jpg,https://audio.tudienkala.com/audio/i/n/in-l6.mp3
31,on,/ɒn/,prep,ở trên (có tiếp xúc bề mặt),The elephant is standing on the ball.,Chú voi đang đứng trên quả bóng.,https://audio.tudienkala.com/data/cache/images/300x225/o/n/on1.jpg,https://audio.tudienkala.com/audio/o/n/on-l6.mp3
31,opposite,/ˈɒpəzɪt/,prep,đối diện,Two women are sitting opposite each other.,Hai người phụ nữ đang ngồi đối diện nhau.,https://audio.tudienkala.com/data/images_example/300x225/t/w/two_women__ex1_56248cee7f8b9af60c142f0f.jpg,https://audio.tudienkala.com/audio/o/p/opposite.mp3
31,at,/æt/,prep,"ở, tại",We plan to stay at the Sheraton Hotel.,Chúng tôi dự định sẽ ở khách sạn Sheraton.,https://audio.tudienkala.com/data/images_example/300x225/w/e/we_plan_to_ex1_5877279f7f8b9a01308b45cf.jpg,https://audio.tudienkala.com/audio/a/t/at.mp3
31,along,/əˈlɒŋ/,adv,"tiến lên, về phía trước",He pointed out various landmarks as we drove along.,Ông ấy chỉ ra cột mốc khác nhau khi chúng tôi lái xe về phía trước.,https://audio.tudienkala.com/data/cache/images/300x225/a/l/along2.jpg,https://audio.tudienkala.com/audio/a/l/along.mp3
31,inside,/ɪnˈsaɪd/,adv,bên trong,She opened the gift box and saw a nice watch inside.,Cô mở hộp quà và thấy một chiếc đồng hồ đẹp bên trong.,https://audio.tudienkala.com/data/cache/images/300x225/i/n/inside2.jpg,https://audio.tudienkala.com/audio/i/n/inside.mp3
31,among,/ə'mʌŋ/,prep,"giữa, trong số (giữa từ ba người, 3 vật trở lên)",Which is your book among these books?,Đâu là cuốn sách của bạn trong số những cuốn sách này?,https://audio.tudienkala.com/data/cache/images/300x225/a/m/among1.jpg,https://audio.tudienkala.com/audio/a/m/among.mp3
31,around,/əˈraʊnd/,prep,"xung quanh, vòng quanh",The house is built around a central courtyard.,Ngôi nhà được xây dựng xung quanh một sân trung tâm.,https://audio.tudienkala.com/data/cache/images/300x225/a/r/around2.jpg,https://audio.tudienkala.com/audio/a/r/around.mp3
31,down,/daʊn/,prep,xuống,The stone rolled down the hill.,Những hòn đá đã lăn xuống đồi.,https://audio.tudienkala.com/data/images_example/300x225/t/h/the_stone__ex2_587728de7f8b9a5f308b45dc.jpg,https://audio.tudienkala.com/audio/d/o/down.mp3
31,up,/ʌp/,prep,"lên trên, ở trên",She climbed up the flight of steps.,Cô ấy leo lên những bậc thang của máy bay.,https://audio.tudienkala.com/data/cache/images/300x225/u/p/up2.jpeg,https://audio.tudienkala.com/audio/u/p/up.mp3
31,above,/əˈbʌv/,adv,trên,Seen from above the cars looked tiny,Nhìn từ phía trên những chiếc xe trông bé tí.,https://audio.tudienkala.com/data/images_example/300x225/s/e/seen_from__ex1_5624bed07f8b9ac7111964b8.jpg,https://audio.tudienkala.com/audio/a/b/above.mp3
31,below,/bɪˈləʊ/,adv,dưới,I could still see the airport buildings far below.,Tôi vẫn có thể thấy những tòa nhà sân bay xa dưới đây.,https://audio.tudienkala.com/data/images_example/300x225/i/_/i_could_st_ex1_5624bed07f8b9ac7111964bb.jpg,https://audio.tudienkala.com/audio/b/e/below.mp3
31,outside,/ˌaʊtˈsaɪd/,adv,bên ngoài,He was waiting outside for two hours.,Anh ấy đã đợi bên ngoài hai giờ.,https://audio.tudienkala.com/data/images_example/300x225/h/e/he_was_wai_ex1_5624bed07f8b9ac7111964d3.jpg,https://audio.tudienkala.com/audio/o/u/outside.mp3
32,anticipate,/ænˈtɪsɪpeɪt/,v,"đoán trước, liệu trước",They anticipate moving to bigger premises by the end of the year.,Họ dự kiến sẽ di chuyển đến các cơ sở lớn hơn vào cuối năm nay.,https://audio.tudienkala.com/data/images_example/300x225/w/e/we_dont_an_ex2_587728e17f8b9a5f308b45ee.jpg,https://audio.tudienkala.com/audio/a/n/anticipate.mp3
32,appreciate,/əˈpriːʃieɪt/,v,"đánh giá cao, cảm kích",We would appreciate you letting us know of any problems.,Chúng tôi sẽ đánh giá cao việc bạn cho chúng tôi biết về bất kỳ vấn đề nào.,https://audio.tudienkala.com/data/images_example/300x225/y/o/your_suppo_ex1_56248cfa7f8b9afa0cb17cbc.jpg,https://audio.tudienkala.com/audio/a/p/appreciate.mp3
32,avoid,/ə'vɔid/,v,"tránh, tránh khỏi; hủy bỏ, bác bỏ","To avoid going out of business, owners should prepare a proper business plan.","Nhằm tránh lụn bại việc làm ăn, những người chủ nên chuẩn bị một kế hoạch kinh doanh phù hợp.",https://audio.tudienkala.com/data/cache/images/300x225/a/v/avoid1.png,https://audio.tudienkala.com/audio/a/v/avoid.mp3
32,consider,/kən'sidə/,v,xem như,You shouldn't consider marrying a man for his money.,Bạn không nên nghĩ rằng lấy một người đàn ông vì tiền của anh ta.,https://audio.tudienkala.com/data/images_example/300x225/y/o/you_should_ex1_56248d147f8b9a040dc65dc0.png,https://audio.tudienkala.com/audio/c/o/consider.mp3
32,dislike,/dɪˈslaɪk/,v,không thích,"Much as she disliked going to funerals (= although she did not like it at all), she knew she had to be there.",Hầu như cô không thích đi đến đám tang nhưng cô biết cô phải có mặt ở đó.,https://audio.tudienkala.com/data/images_example/300x225/m/u/much_as_sh_ex2_587728a17f8b9a41308b4665.jpg,https://audio.tudienkala.com/audio/d/i/dislike.mp3
32,enjoy,/ɪnˈdʒɔɪ/,v,"yêu thích, thưởng thức",I really enjoyed watching that film.,Tôi thật sự rất thích xem bộ phim đó.,https://audio.tudienkala.com/data/cache/images/300x225/e/n/enjoy1.png,https://audio.tudienkala.com/audio/e/n/enjoy.mp3
32,suggest,/səˈdʒest/,v,"góp ý, gợi ý",I suggest being on time.,Tôi đề nghị đến đúng giờ.,https://audio.tudienkala.com/data/cache/images/300x225/s/u/suggest1.jpg,https://audio.tudienkala.com/audio/s/u/suggest.mp3
32,involve,/ɪnˈvɒlv/,v,"bao gồm, liên quan",We've agreed to involve disabled students taking part in our Santa Claus activities for children in the neighbourhood.,Chúng tôi thống nhất để những học sinh khuyết tật tham gia vào các hoạt động ông già Noel cho trẻ em trong vùng.,https://audio.tudienkala.com/data/images_example/300x225/w/e/weve_agree_ex1_56248d127f8b9a020d261a70.jpg,https://audio.tudienkala.com/audio/i/n/involve.mp3
32,keep,/kiːp/,v,"giữ, duy trì",I'm very sorry to keep you waiting.,Tôi rất xin lỗi đã khiến cho bạn chờ đợi.,https://audio.tudienkala.com/data/images_example/300x225/i/m/im_very_so_ex2_582d0f137f8b9aec0d8b4680.jpg,https://audio.tudienkala.com/audio/k/e/keep.mp3
32,miss,/'mis/,v,thấy nhớ (ai đó),I am going to miss talking with her about my confessions.,Tôi sẽ nhớ việc nói chuyện với cô ấy về những lời thú nhận của mình.,https://audio.tudienkala.com/data/cache/images/300x225/m/i/miss1.png,https://audio.tudienkala.com/audio/m/i/miss.mp3
32,mean,/mi:n/,v,"nghĩa là, có nghĩa là","These words mean ""and so on"".","Những từ này có nghĩa là ""còn nữa"".",https://audio.tudienkala.com/data/images_example/300x225/t/h/these_word_ex1_5624bed17f8b9ac711196704.png,https://audio.tudienkala.com/audio/m/e/mean.mp3
32,prevent,/prɪˈvent/,v,"ngăn ngừa, phòng ngừa",This vaccine can prevent having some common childhood diseases.,Loại vắc-xin này có thể phòng ngừa một số loại bệnh thường gặp ở trẻ nhỏ.,https://audio.tudienkala.com/data/cache/images/300x225/p/r/prevent1.png,https://audio.tudienkala.com/audio/p/r/prevent.mp3
32,finish,/'fɪnɪʃ/,v,"hoàn thành, kết thúc",My class finishes studying at 11 o'clock.,Lớp học của tôi kết thúc lúc 11 giờ.,https://audio.tudienkala.com/data/cache/images/300x225/f/i/finish-l61.jpg,https://audio.tudienkala.com/audio/f/i/finish-l6.mp3
32,forgive,/fərˈgɪv/,v,tha thứ,Forgive my interrupting but I really don't agree with that.,Hãy tha thứ cho sự gián đoạn của tôi nhưng tôi thực sự không đồng ý với điều đó.,https://audio.tudienkala.com/data/cache/images/300x225/f/o/forgive1.jpg,https://audio.tudienkala.com/audio/f/o/forgive.mp3
32,delay,/di'lei/,v,"trì hoãn, hoãn lại","He delayed telling her the news, waiting for the right moment.","Anh trì hoãn nói cho cô ấy tin, chờ đợi đúng thời điểm.",https://audio.tudienkala.com/data/cache/images/300x225/d/e/delay1.jpg,https://audio.tudienkala.com/audio/d/e/delay.mp3
32,deny,/dɪˈnaɪ/,v,"chối, phủ nhận",He denies attempting to murder his wife.,Anh ta phủ nhận việc cố giết vợ.,https://audio.tudienkala.com/data/cache/images/300x225/d/e/deny1.jpg,https://audio.tudienkala.com/audio/d/e/deny.mp3
32,detest,/dɪˈtest/,v,cực ghét,There are some vegetables which children truly detest eating.,Có một số loại rau mà trẻ em thực sự ghét ăn.,https://audio.tudienkala.com/data/cache/images/300x225/d/e/detest1.jpg,https://audio.tudienkala.com/audio/d/e/detest.mp3
32,escape,/ɪˈskeɪp/,v,trốn thoát,They narrowly escaped being killed.,Họ trốn thoát khỏi bị giết trong gang tấc.,https://audio.tudienkala.com/data/cache/images/300x225/e/s/escape1.jpg,https://audio.tudienkala.com/audio/e/s/escape.mp3
32,stop,/stɑːp/,v,dừng lại,Please stop making noise.,Dừng làm ồn.,https://audio.tudienkala.com/data/cache/images/300x225/s/t/stop1.jpg,https://audio.tudienkala.com/audio/s/t/stop.mp3
32,resist,/rɪˈzɪst/,v,"kháng cự, chống lại",He couldn't resist showing off his strength.,Anh không thể cưỡng lại phô trương sức mạnh của mình.,https://audio.tudienkala.com/data/cache/images/300x225/r/e/resist2.jpg,https://audio.tudienkala.com/audio/r/e/resist.mp3
33,allow,/ə'lau/,v,"cho phép, chấp nhận",My insurance does not allow choosing my own hospital.,Hợp đồng bảo hiểm của tôi không cho lựa chọn bệnh viện theo ý riêng của tôi.,https://audio.tudienkala.com/data/cache/images/300x225/a/l/allow1.jpg,https://audio.tudienkala.com/audio/a/l/allow.mp3
33,prefer,/prɪˈfɜ:r/,v,thích hơn,I prefer reading a book to watching TV.,Tôi thích đọc sách hơn xem TV.,https://audio.tudienkala.com/data/cache/images/300x225/p/r/prefer1.png,https://audio.tudienkala.com/audio/p/r/prefer.mp3
33,dread,/dred/,v,rất sợ làm gì đó,I really dread speaking in public. I get so nervous that I feel like throwing up.,Tôi thực sự sợ hãi khi nói trước đám đông. Tôi cảm thấy lo lắng đến nỗi như tôi đang nôn ra vậy.,https://audio.tudienkala.com/data/images_example/300x225/i/_/i_really_d_ex1_59a3c2157f8b9ab7078b456e.jpg,https://audio.tudienkala.com/audio/d/r/dread.mp3
33,endure,/ɪnˈdjʊər/,v,"chịu đựng, cam chịu",He can't endure being defeated.,Anh ta không thể chịu đựng bị đánh bại.,https://audio.tudienkala.com/data/images_example/300x225/t/h/they_had_t_ex2_58772ae67f8b9aab308b45ff.jpg,https://audio.tudienkala.com/audio/e/n/endure.mp3
33,imagine,/ɪˈmædʒɪn/,v,"tưởng tượng, hình dung",He imagined walking into the office and handing in his resignation.,Anh tưởng tượng đi vào văn phòng và giao thư từ chức.,https://audio.tudienkala.com/data/cache/images/300x225/i/m/imagine1.png,https://audio.tudienkala.com/audio/i/m/imagine.mp3
33,resent,/rɪˈzent/,v,"phẫn uất, không bằng lòng",He resents being treated like a child.,Anh ấy không bằng lòng khi bị đối xử như một đứa trẻ.,https://audio.tudienkala.com/data/cache/images/300x225/r/e/resent1.jpg,https://audio.tudienkala.com/audio/r/e/resent.mp3
33,risk,/rɪsk/,v,mạo hiểm,We were advised not to risk travelling in these conditions.,Chúng tôi đã được khuyên không nên mạo hiểm đi du lịch trong những điều kiện này.,https://audio.tudienkala.com/data/cache/images/300x225/r/i/risk-v1.jpg,https://audio.tudienkala.com/audio/r/i/risk-v.mp3
33,evade,/ɪˈveɪd/,v,"tránh, tránh khỏi",He sped up on his way to evade being captured by the police.,Anh ta đã tăng tốc trên đường đi để tránh khỏi sự truy bắt của cảnh sát.,https://audio.tudienkala.com/data/cache/images/300x225/e/v/evade1.jpg,https://audio.tudienkala.com/audio/e/v/evade.mp3
33,admit,/ədˈmɪt/,v,"thừa nhận, cho vào",She admits being strict with her children.,Cô ấy thừa nhận đã nghiêm khắc với con cái.,https://audio.tudienkala.com/data/images_example/300x225/s/h/she_admits_ex1_56248d117f8b9a020d261804.jpg,https://audio.tudienkala.com/audio/a/d/admit.mp3
33,recommend,/ˌrekəˈmend/,v,"giới thiệu, tiến cử",He recommended reading the book before seeing the movie.,Ông đề nghị đọc cuốn sách trước khi xem phim.,https://audio.tudienkala.com/data/cache/images/300x225/r/e/recommend1.jpg,https://audio.tudienkala.com/audio/r/e/recommend.mp3
33,practise,/ˈpræktɪs/,v,luyện tập,You need to practise playing ball every day.,Bạn cần phải tập luyện chơi bóng mỗi ngày.,https://audio.tudienkala.com/data/cache/images/300x225/p/r/practise2.jpg,https://audio.tudienkala.com/audio/p/r/practise.mp3
33,like,/laɪk/,v,thích,Do you like learning English?,Bạn có thích học tiếng Anh không?,https://audio.tudienkala.com/data/images_example/300x225/d/o/do_you_lik_ex1_56248cee7f8b9af60c142ee7.png,https://audio.tudienkala.com/audio/l/i/like.mp3
33,mind,/maɪnd/,v,"phiền, bực mình, lo lắng",I don't mind getting cold—it's the rain I don't like.,Tôi không phiền bị nhiễm lạnh-chính mưa là cái tôi không thích.,https://audio.tudienkala.com/data/images_example/300x225/i/_/i_dont_min_ex2_5877291f7f8b9a6c308b457f.png,https://audio.tudienkala.com/audio/m/i/mind.mp3
33,advise,/ədˈvaɪz/,v,khuyên,I think I'd advise leaving the company.,Tôi nghĩ rằng tôi sẽ khuyên rời khỏi công ty.,https://audio.tudienkala.com/data/cache/images/300x225/a/d/advise1.jpg,https://audio.tudienkala.com/audio/a/d/advise.mp3
33,quit,/kwɪt/,v,"nghỉ, bỏ (học, làm việc...)",He quit studying at 16.,Ông ấy bỏ học ở tuổi 16.,https://audio.tudienkala.com/data/images_example/300x225/h/e/he_quit_st_ex1_587727097f8b9ae72f8b4707.jpg,https://audio.tudienkala.com/audio/q/u/quit.mp3
33,hate,/heɪt/,v,"ghét, không thích",I hate eating carrots most.,Tôi ghét nhất là ăn cà rốt.,https://audio.tudienkala.com/data/cache/images/300x225/h/a/hate1.jpg,https://audio.tudienkala.com/audio/h/a/hate.mp3
33,postpone,/pəʊst ˈpəʊn/,v,hoãn lại,They decided to postpone taking their holiday until next year.,Họ quyết định hoãn lại kì nghỉ của họ đến sang năm.,https://audio.tudienkala.com/data/cache/images/300x225/p/o/postpone1.jpg,https://audio.tudienkala.com/audio/p/o/postpone.mp3
33,excuse,/ɪkˈskjuːs/,v,"xin lỗi, thứ lỗi",Excuse my interrupting you.,Xin lỗi vì tôi làm phiền bạn.,https://audio.tudienkala.com/data/cache/images/300x225/e/x/excuse-v1.jpg,https://audio.tudienkala.com/audio/e/x/excuse-v.mp3
33,fancy,/ˈfænsi/,v,ưa thích,Do you fancy going out this evening?,Bạn có thích đi chơi tối nay không?,https://audio.tudienkala.com/data/cache/images/300x225/f/a/fancy-v1.jpg,https://audio.tudienkala.com/audio/f/a/fancy-v.mp3
34,cooperate,/koʊˈɑːpəreɪt/,v,hợp tác,The two groups agreed to cooperate with each other.,Hai nhóm đã đồng ý hợp tác với nhau.,https://audio.tudienkala.com/data/cache/images/300x225/c/o/cooperate1.jpg,https://audio.tudienkala.com/audio/c/o/cooperate.mp3
34,donation,/doʊˈneɪʃən/,n,"sự quyên góp, khoản tiền quyên góp",All kinds of donations are appreciated.,"Sự quyên góp, ủng hộ dưới mọi hình thức đều được trân trọng.",https://audio.tudienkala.com/data/cache/images/300x225/d/o/donation1.jpg,https://audio.tudienkala.com/audio/d/o/donation.mp3
34,gratitude,/ˈgrætɪtjuːd/,n,lòng biết ơn,"On Teachers' Day, students often express their gratitude to their teachers.","Vào ngày nhà giáo, học sinh thường thể hiện lòng biết ơn của mình đối với các thầy cô giáo.",https://audio.tudienkala.com/data/images_example/300x225/o/n/on_teacher_ex1_56248d0a7f8b9a000de3ce01.jpg,https://audio.tudienkala.com/audio/g/r/gratitude.mp3
34,remote,/rɪˈməʊt/,adj,"xa xôi, hẻo lánh",We took the train out of the city and found a remote hotel in the country for the weekend.,Chúng tôi đón xe lửa ra khỏi thành phố và tìm một khách sạn cách biệt ở miền quê vào dịp cuối tuần.,https://audio.tudienkala.com/data/cache/images/300x225/r/e/remote2.png,https://audio.tudienkala.com/audio/r/e/remote.mp3
34,volunteer,/ˌvɒlənˈtɪə(r)/,n,"người tình nguyện, tình nguyện viên",I've worked as a volunteer at a special school twice since I finished Grade 10.,Tôi đã làm tình nguyện viên ở một trường học đặc biệt hai lần kể từ khi tôi học xong lớp 10.,https://audio.tudienkala.com/data/cache/images/300x225/v/o/volunteer1.png,https://audio.tudienkala.com/audio/v/o/volunteer.mp3
34,minority,/maɪˈnɔːrəti/,n,thiểu số,Most ethnic minorities live in the highlands.,Hầu hết các dân tộc thiểu số sống ở vùng cao.,https://audio.tudienkala.com/data/cache/images/300x225/m/i/minority1.png,https://audio.tudienkala.com/audio/m/i/minority.mp3
34,discriminate,/dɪˈskrɪmɪneɪt/,v,phân biệt,She felt she had been discriminated against because of her age.,Cô cảm thấy mình bị phân biệt do tuổi tác của mình.,https://audio.tudienkala.com/data/cache/images/300x225/d/i/discriminate1.jpg,https://audio.tudienkala.com/audio/d/i/discriminate.mp3
34,struggle,/ˈstrʌɡl/,v,đấu tranh,By this time he'd managed to struggle out of bed.,Lần này anh cố gắng đấu tranh ra khỏi giường.,https://audio.tudienkala.com/data/images_example/300x225/b/y/by_this_ti_ex1_56248cfb7f8b9afa0cb17ddc.png,https://audio.tudienkala.com/audio/s/t/struggle.mp3
34,integration,/ˌɪntɪˈgreɪʃən/,n,sự hội nhập,The integration of different kinds of cultures has become a new trend.,Sự hội nhập của nhiều loại nền văn hóa khác nhau đã trở thành một xu hướng mới.,https://audio.tudienkala.com/data/cache/images/300x225/i/n/integration1.jpeg,https://audio.tudienkala.com/audio/i/n/integration.mp3
34,stability,/stəˈbɪlɪti/,n,sự ổn định,ASEAN focuses on maintaining regional peace and stability.,ASEAN tập trung duy trì hòa bình và ổn định trong khu vực.,https://audio.tudienkala.com/data/cache/images/300x225/s/t/stability1.jpg,https://audio.tudienkala.com/audio/s/t/stability.mp3
34,family planning,/ˈfæmili ˈplanɪŋ/,n,kế hoạch hóa gia đình,Family planning is essential for each family and the whole society.,Kế hoạch hóa gia đình là điều cần thiết đối với mỗi gia đình và toàn xã hội.,https://audio.tudienkala.com/data/cache/images/300x225/f/a/family_planning1.jpg,https://audio.tudienkala.com/audio/f/a/family_planning.mp3
34,birth-control method,/bə:θkən'troul 'meθəd/,n,phương pháp hạn chế sinh đẻ,Safe birth-control methods for family planning are not available to those living in the mountainous areas.,Các phương pháp hạn chế sinh đẻ an toàn để kế hoạch hóa gia đình không sẵn có đối với những người sống ở khu vực miền núi.,https://audio.tudienkala.com/data/cache/images/300x225/b/i/birth-control_method1.jpg,https://audio.tudienkala.com/audio/b/i/birth-control_method.mp3
34,epidemic,/ˌepɪˈdemɪk/,n,dịch bệnh,The AIDS epidemic is very dangerous.,Dịch AIDS rất nguy hiểm.,https://audio.tudienkala.com/data/cache/images/300x225/e/p/epidemic1.png,https://audio.tudienkala.com/audio/e/p/epidemic.mp3
34,dedicated,/ˈdedɪkeɪtɪd/,adj,tận tụy,She is the most dedicated doctor in our hospital.,Cô ấy là bác sĩ tận tụy nhất trong bệnh viện của chúng ta.,https://audio.tudienkala.com/data/cache/images_kid/300x225/d/e/dedicated1.jpg,https://audio.tudienkala.com/audio/d/e/dedicated.mp3
34,pioneer,/paɪəˈnɪə(r)/,n,người tiên phong,He was a pioneer in the field of archaeology.,Ông là người tiên phong trong lĩnh vực khảo cổ học.,https://audio.tudienkala.com/data/images_example/300x225/h/e/he_was_a_p_ex1_56248d007f8b9afc0c298011.jpg,https://audio.tudienkala.com/audio/p/i/pioneer.mp3
34,involvement,/ɪnˈvɒlvmənt/,n,sự tham gia,I'm not sure about the team's continued involvement in the competition.,Tôi không chắc đội này có tiếp tục tham gia trong cuộc thi này hay không.,https://audio.tudienkala.com/data/cache/images/300x225/i/n/involvement1.jpg,https://audio.tudienkala.com/audio/i/n/involvement.mp3
34,increase,/ɪnˈkriːs/,v,tăng,The number of injuries from automobile accidents increases every year.,Số lượng thương vong từ các vụ tai nạn ô tô tăng lên hàng năm.,https://audio.tudienkala.com/data/cache/images/300x225/i/n/increase1.png,https://audio.tudienkala.com/audio/i/n/increase.mp3
34,inhabitant,/ɪnˈhæbɪtənt/,n,dân cư,Hanoi is the capital city of Vietnam with more than 6 million inhabitants.,Hà Nội là thủ đô của nước Việt Nam với hơn 6 triệu dân cư.,https://audio.tudienkala.com/data/cache/images/300x225/i/n/inhabitant1.jpg,https://audio.tudienkala.com/audio/i/n/inhabitant.mp3
34,stagnant,/ˈstægnənt/,adj,trì trệ,A stagnant economy is not growing or developing.,Một nền kinh tế trì trệ là nền kinh tế không đang lớn lên hoặc không đang phát triển.,https://audio.tudienkala.com/data/images_example/300x225/a/_/a_stagnant_ex2_56248d117f8b9a020d26187c.jpg,https://audio.tudienkala.com/audio/s/t/stagnant.mp3
34,charity,/ˈtʃærəti/,n,"hội từ thiện, việc từ thiện","At our last meeting, we decided to organize a football match to raise money for charity.","Tại cuộc họp lần cuối, chúng tôi đã quyết định tổ chức một trận đấu bóng đá để quyên tiền từ thiện.",https://audio.tudienkala.com/data/cache/images/300x225/c/h/charity1.png,https://audio.tudienkala.com/audio/c/h/charity.mp3
35,reduction,/ri'dʌkʃn/,n,"sự giảm, thu nhỏ",The outlet store gave a 20 percent reduction in the price of the shelves and bookcases.,Cửa hàng tiêu thụ đã giảm giá 20% với các kệ sách và tủ sách.,https://audio.tudienkala.com/data/cache/images/300x225/r/e/reduction1.jpg,https://audio.tudienkala.com/audio/r/e/reduction.mp3
35,separate,/ˈseprət/,v,"chia, tách",I try to keep meat separate from other food in the fridge.,Tôi cố gắng để thịt riêng biệt với các thực phẩm khác trong tủ lạnh.,https://audio.tudienkala.com/data/images_example/300x225/i/_/i_try_to_k_ex2_56248d007f8b9afc0c298025.jpg,https://audio.tudienkala.com/audio/s/e/separate.mp3
35,review,/rɪˈvjuː/,n,bình luận phim,I actually used to do film reviews for Sick Puppy magazine.,Tôi thực sự đã từng làm những bài phê bình phim cho tạp chí Sick Puppy.,https://audio.tudienkala.com/data/cache/images/300x225/r/e/review-n1.png,https://audio.tudienkala.com/audio/r/e/review-n.mp3
35,regard,/rɪˈɡɑːd/,n,"sự chú ý, quan tâm",Social services should pay proper regard to the needs of inner-city areas.,Xã hội nên chú ý quan tâm thích đáng đến các nhu cầu của các khu vực nội thành phố.,https://audio.tudienkala.com/data/cache/images/300x225/r/e/regard2.jpg,https://audio.tudienkala.com/audio/r/e/regard.mp3
35,prestigious,/presˈtɪdʒ.əs/,adj,"có uy tín, có thanh thế",a prestigious award,một giải thưởng uy tín,https://audio.tudienkala.com/data/cache/images/300x225/p/r/prestigious1.jpg,https://audio.tudienkala.com/audio/p/r/prestigious.mp3
35,sentiment,/ˈsen.tə.mənt/,n,"tình cảm, cảm xúc","We all share the same sentiments of anger, disgust, and frustration.","Tất cả chúng ta cùng chia sẻ những cảm xúc giận dữ, ghê tởm, và thất vọng.",https://audio.tudienkala.com/data/cache/images/300x225/s/e/sentiment1.jpg,https://audio.tudienkala.com/audio/s/e/sentiment.mp3
35,continent,/ˈkɒntɪnənt/,n,"châu lục, lục địa",There are seven continents on Earth.,Có bảy châu lục trên trái đất.,https://audio.tudienkala.com/data/cache/images/300x225/c/o/continent1.png,https://audio.tudienkala.com/audio/c/o/continent.mp3
35,refinery,/rɪˈfaɪ.nɚ.i/,n,nhà máy lọc,an oil refinery,một nhà máy lọc dầu,https://audio.tudienkala.com/data/cache/images/300x225/r/e/refinery1.jpg,https://audio.tudienkala.com/audio/r/e/refinery.mp3
35,remoteness,/rɪˈmoʊt.nəs/,n,sự xa xôi,The remoteness of the location hindered development.,Sự xa xôi của vị trí đã cản trở sự phát triển.,https://audio.tudienkala.com/data/cache/images/300x225/r/e/remoteness1.jpg,https://audio.tudienkala.com/audio/r/e/remoteness.mp3
35,static,/ˈstætɪk/,adj,"tĩnh, không thay đổi, phát triển",The balance sheet provides a static picture of the financial position at a point in time.,Bảng cân đối cung cấp một hình ảnh tĩnh về tình hình tài chính tại một thời điểm.,https://audio.tudienkala.com/data/cache/images/300x225/s/t/static1.jpg,https://audio.tudienkala.com/audio/s/t/static.mp3
35,barbarism,/ˈbɑːr.bɚ.ɪ.zəm/,n,"sự thiếu văn hóa, ngu dốt",He called the ignorance an act of barbarism.,Ông gọi sự thiếu hiểu biết là một hành động ngu dốt.,https://audio.tudienkala.com/data/cache/images/300x225/b/a/barbarism1.jpg,https://audio.tudienkala.com/audio/b/a/barbarism.mp3
35,unproductive,/ˌʌn.prəˈdʌk.tɪv/,a,"không hữu ích, không sản xuất",unproductive meetings,các cuộc họp không hiệu quả,https://audio.tudienkala.com/data/cache/images/300x225/u/n/unproductive1.jpg,https://audio.tudienkala.com/audio/u/n/unproductive.mp3
35,penicillin,/ˌpen.əˈsɪl.ɪn/,n,thuốc kháng sinh,There are patients who are allergic to penicillin.,Có những bệnh nhân dị ứng với thuốc kháng sinh.,https://audio.tudienkala.com/data/cache/images/300x225/p/e/penicillin1.jpg,https://audio.tudienkala.com/audio/p/e/penicillin.mp3
35,attribute,/ˈætrɪbjuːt/,n,"đức tính, đặc tính",Patience is one of the most important attributes in a teacher.,Kiên nhẫn là một trong những đức tính quan trọng nhất trong một giáo viên.,https://audio.tudienkala.com/data/images_example/300x225/p/a/patience_i_ex2_587729cd7f8b9a8e308b4571.jpg,https://audio.tudienkala.com/audio/a/t/attribute.mp3
35,figurative,/ˈfɪɡjərətɪv/,adj,với nghĩa bóng,"Of course, she was using the term ""massacre"" in the figurative sense.","Tất nhiên, cô ấy đã sử dụng thuật ngữ "" thảm sát"" với nghĩa bóng.",https://audio.tudienkala.com/data/cache/images/300x225/f/i/figurative1.jpg,https://audio.tudienkala.com/audio/f/i/figurative.mp3
35,gender gap,/ˈdʒen.dɚ ɡæp/,n,sự chênh lệch giới tính,The gender gap is still huge.,Sự chênh lệch giới tính vẫn còn rất lớn.,https://audio.tudienkala.com/data/cache/images/300x225/g/e/gender_gap1.jpg,https://audio.tudienkala.com/audio/g/e/gender_gap.mp3
35,glass ceiling,/ɡlæs ˈsiːlɪŋ/,n,sự kì thị vô hình đối với phụ nữ trong công việc,She is the first female to break through the glass ceiling in Engineering.,Cô là người phụ nữ đầu tiên vượt qua sự kì thị vô hình đối với phụ nữ trong ngành Kỹ sư.,https://audio.tudienkala.com/data/cache/images/300x225/g/l/glass_ceiling1.jpg,https://audio.tudienkala.com/audio/g/l/glass_ceiling.mp3
35,unification,/ˌjuː.nɪ.fɪˈkeɪ.ʃən/,n,"sự thống nhất, hợp nhất",the costs of German unification,cái giá của sự thống nhất Đức,https://audio.tudienkala.com/data/cache/images/300x225/u/n/unification1.jpg,https://audio.tudienkala.com/audio/u/n/unification.mp3
35,fabulous,/ˈfæb.jʊ.ləs/,a,"chuyên về thần thoại, chuyên về truyện cổ tích",For thousands of years fabulous serpents and dragons have been the stuff of myth.,"Trong hàng ngàn năm, con rắn và rồng cổ tích đã trở thành những câu chuyện thần thoại.",https://audio.tudienkala.com/data/cache/images/300x225/f/a/fabulous1.png,https://audio.tudienkala.com/audio/f/a/fabulous.mp3
35,attractive,/əˈtræk.tɪv/,a,thu hút,I saw a very attractive lady yesterday.,Tôi thấy một phụ nữ rất thu hút vào hôm qua.,https://audio.tudienkala.com/data/cache/images/300x225/a/t/attractive1.jpg,https://audio.tudienkala.com/audio/a/t/attractive.mp3
36,resort to,/rɪˈzɔːrt tu/,phr,phải sử dụng đến cái gì,He has to resort to using calculator in order to solve this problem.,Anh ấy phải sử dụng đến máy tính để giải bài toán này.,https://audio.tudienkala.com/data/cache/images/300x225/r/e/resort_to1.png,https://audio.tudienkala.com/audio/r/e/resort_to.mp3
36,resort to something,/rɪˈzɔːt tuː ˈsʌmθɪŋ/,v,phải sử dụng đến hay viện đến (giải pháp cuối cùng),We may have to resort to using untrained staff,Chúng tôi có thể phải dùng đến cả nhân viên chưa qua đào tạo,https://audio.tudienkala.com/data/cache/images/300x225/r/e/resort_to_something1.jpg,https://audio.tudienkala.com/audio/r/e/resort_to_something.mp3
36,turn up,/ˈtɝːn.ʌp/,phr,xuất hiện,"Finally, he turned up to help us.","Cuối cùng, anh ấy xuất hiện để giúp chúng tôi.",https://audio.tudienkala.com/data/cache/images/300x225/t/u/turn_up1.png,https://audio.tudienkala.com/audio/t/u/turn_up.mp3
36,drop out,/drɒp aʊt//,phr,bỏ học giữa chừng,I guess I didn't think it through when I decided to drop out of college.,Tôi đã không suy nghĩ thấu đáo khi quyết định bỏ học đại học.,https://audio.tudienkala.com/data/cache/images/300x225/d/r/drop_out1.png,https://audio.tudienkala.com/audio/d/r/drop_out.mp3
36,amazed at,/əˈmeɪzd æt/,phr,ngạc nhiên về,He was amazed at how modern everything was.,Anh ngạc nhiên trước sự hiện đại của mọi thứ.,https://audio.tudienkala.com/data/cache/images/300x225/a/m/amazed_at1.jpg,https://audio.tudienkala.com/audio/a/m/amazed_at.mp3
36,striking contrast,/ˈstraɪ.kɪŋ ˈkɑːn.træst/,phr,"sự khác biệt rõ rệt, sự tương phản nổi bật",a striking contrast between rural and urban trends,một sự tương phản nổi bật giữa xu hướng nông thôn và thành thị,https://audio.tudienkala.com/data/cache/images/300x225/s/t/striking_contrast1.jpg,https://audio.tudienkala.com/audio/s/t/striking_contrast.mp3
36,masterpiece,/ˈmɑːstəpiːs/,n,kiệt tác,"The Mona Lisa is a masterpiece by the Italian artist, Leonardo da Vinci.",Bức họa Mona Lisa là một kiệt tác của nghệ sĩ người Ý _Leonardo da Vinci.,https://audio.tudienkala.com/data/images_example/300x225/t/h/the_mona_l_ex2_584680d27f8b9a28088b4634.jpg,https://audio.tudienkala.com/audio/m/a/masterpiece.mp3
36,advocate,/ˈædvəkeɪt/,v,"chủ trương, tán thành",He advocates human rights.,Ông ấy ủng hộ nhân quyền.,https://audio.tudienkala.com/data/cache/images/300x225/a/d/advocate1.png,https://audio.tudienkala.com/audio/a/d/advocate.mp3
36,obsolete,/ˈɒbsəliːt/,adj,"lỗi thời, lạc hậu",With technological changes many traditional skills have become obsolete.,Với những thay đổi của công nghệ nhiều kỹ năng truyền thống đã trở nên lỗi thời.,https://audio.tudienkala.com/data/cache/images/300x225/o/b/obsolete1.jpg,https://audio.tudienkala.com/audio/o/b/obsolete.mp3
36,disastrous,/dɪˈzɑːstrəs/,adj,"tai hại, thảm khốc",a disastrous harvest,một vụ thu hoạch thảm khốc,https://audio.tudienkala.com/data/cache/images/300x225/d/i/disastrous1.jpg,https://audio.tudienkala.com/audio/d/i/disastrous.mp3
36,promote,/prəˈməʊt/,v,"khuyến khích, đẩy mạnh, làm tăng thêm",The youth club in my neighbourhood works to promote awareness of the dangers that threaten our environment.,Câu lạc bộ thanh niên ở vùng tôi hoạt động để tăng thêm nhận thức về những nguy hiểm đe dọa môi trường của chúng ta.,https://audio.tudienkala.com/data/images_example/300x225/t/h/the_youth__ex1_56248d157f8b9a040dc65ef4.jpg,https://audio.tudienkala.com/audio/p/r/promote.mp3
36,cope,/kəʊp/,v,"đối phó, đương đầu thành công (với một điều gì đó khó khăn)",I got to the stage where I wasn't coping any more.,Tôi đã đến giai đoạn mà tôi không đương đầu được nữa.,https://audio.tudienkala.com/data/cache/images/300x225/c/o/cope1.jpg,https://audio.tudienkala.com/audio/c/o/cope.mp3
36,address problem,/ˈæd.res ˈprɑː.bləm/,phr,giải quyết vấn đề,The next meeting will address the problem of truancy.,Cuộc họp tiếp theo sẽ giải quyết vấn đề trốn học.,https://audio.tudienkala.com/data/cache/images/300x225/a/d/address_problem1.jpg,https://audio.tudienkala.com/audio/a/d/address_problem.mp3
36,open up,/ˈoʊ.pən ʌp/,phr,mở ra,Open up or we'll break the door down!,Mở ra hoặc chúng tôi sẽ phá vỡ cánh cửa!,https://audio.tudienkala.com/data/cache/images/300x225/o/p/open_up1.jpg,https://audio.tudienkala.com/audio/o/p/open_up.mp3
36,make a start,/meɪk ə stɑːrt/,phr,bắt đầu làm việc gì đó,He's about to make a start.,Anh ấy sắp bắt đầu.,https://audio.tudienkala.com/data/cache/images/300x225/m/a/make_a_start1.jpg,https://audio.tudienkala.com/audio/m/a/make_a_start.mp3
36,the key to something,/ðə kiː tə ˈsʌm.θɪŋ/,phr,"bí quyết, điều then chốt",Patience is the key to success.,Sự kiên nhẫn là bí quyết thành công.,https://audio.tudienkala.com/data/cache/images/300x225/t/h/the_key_to_something1.jpg,https://audio.tudienkala.com/audio/t/h/the_key_to_something.mp3
36,outlast,/ˌaʊtˈlæst/,phr,tồn tại lâu hơn,Cucumbers outlast in the right conditions.,Dưa chuột tồn tại lâu hơn trong điều kiện thích hợp.,https://audio.tudienkala.com/data/cache/images/300x225/o/u/outlast1.jpg,https://audio.tudienkala.com/audio/o/u/outlast.mp3
36,cumulative,/ˈkjuːmjələtɪv/,adj,tích lũy,Learning is a cumulative process.,Học tập là một quá trình tích luỹ.,https://audio.tudienkala.com/data/images_example/300x225/l/e/learning_i_ex1_58772a627f8b9a9d308b4597.png,https://audio.tudienkala.com/audio/c/u/cumulative.mp3
36,leader,/ˈliːdər/,n,(người) lãnh đạo,She's a born leader.,Cô ấy là một nhà lãnh đạo bẩm sinh.,https://audio.tudienkala.com/data/cache/images/300x225/l/e/leader2.jpg,https://audio.tudienkala.com/audio/l/e/leader.mp3
37,eye contact,/ /aɪ 'kɑːn.tækt//,n,sự giao tiếp bằng mắt,You should learn how to make good eye contact.,Bạn nên học cách giao tiếp bằng ánh mắt tốt.,https://audio.tudienkala.com/data/cache/images/300x225/e/y/eye_contact1.jpg,https://audio.tudienkala.com/audio/e/y/eye_contact.mp3
37,innocent,/ˈɪnəsənt/,adj,vô tội,"Someone told your secret, but it wasn't me. I'm innocent.","Có người nói bí mật của bạn, nhưng đó không phải là tôi. Tôi vô tội.",https://audio.tudienkala.com/data/cache/images/300x225/i/n/innocent2.jpg,https://audio.tudienkala.com/audio/i/n/innocent.mp3
37,affluent,/ˈæfluənt/,adj,giàu có,affluent Western countries,các nước phương Tây giàu có,https://audio.tudienkala.com/data/cache/images/300x225/a/f/affluent1.jpg,https://audio.tudienkala.com/audio/a/f/affluent.mp3
37,herd,/hɝːd/,n,"bầy, đàn",There is a herd of deers.,Có một đàn nai.,https://audio.tudienkala.com/data/cache/images/300x225/h/e/herd1.jpg,https://audio.tudienkala.com/audio/h/e/herd.mp3
37,of poor quality,/ɒv pʊr ˈkwɑː.lə.t̬i/,phr,có chất lượng kém,This one is of poor quality.,Loại này có chất lượng kém.,https://audio.tudienkala.com/data/cache/images/300x225/o/f/of_poor_quality1.png,https://audio.tudienkala.com/audio/o/f/of_poor_quality.mp3
37,give way,/ɡɪv weɪ/,phr,nhường đường,Give way to traffic coming from the right.,Nhường đường cho giao thông đến từ bên phải.,https://audio.tudienkala.com/data/cache/images/300x225/g/i/give_way1.jpg,https://audio.tudienkala.com/audio/g/i/give_way.mp3
37,repeated,/rɪˈpiːtɪd/,adj,lặp đi lặp lại,The marriage failed despite repeated attempts to save it.,Các cuộc hôn nhân thất bại mặc dù những nỗ lực lặp đi lặp lại để bảo vệ nó.,https://audio.tudienkala.com/data/cache/images/300x225/r/e/repeated2.jpg,https://audio.tudienkala.com/audio/r/e/repeated.mp3
37,link to,/lɪŋk tə/,phr,"liên kết, kết nối",a high-speed rail link to the Channel Tunnel,một tuyến đường sắt cao tốc nối với Đường hầm Kênh,https://audio.tudienkala.com/data/cache/images/300x225/l/i/link_to1.jpg,https://audio.tudienkala.com/audio/l/i/link_to.mp3
37,retrieve,/rɪˈtriːv/,v,"lấy lại, mang về",She bent to retrieve her bottle from the floor.,Cô cúi xuống lấy chai nước của mình trên sàn nhà.,https://audio.tudienkala.com/data/cache/images/300x225/r/e/retrieve1.jpg,https://audio.tudienkala.com/audio/r/e/retrieve.mp3
37,entitle,/ɪnˈtaɪt(ə)l/,v,cho phép làm cái gì,"During the holiday rush, a train ticket entitled the passenger to a ride, but not necessarily a seat.","Trong suốt mùa cao điểm nghỉ lễ, vé xe lửa cho phép hành khách lên tàu tàu, nhưng không nhất thiết có một chỗ ngồi.",https://audio.tudienkala.com/data/images_example/300x225/d/u/during_the_ex1_56248d007f8b9afc0c2980c9.jpg,https://audio.tudienkala.com/audio/e/n/entitle.mp3
37,fauna,/ˈfɔːnə/,n,hệ động vật,the local flora and fauna,hệ thực vật và hệ động vật địa phương,https://audio.tudienkala.com/data/cache/images/300x225/f/a/fauna1.jpg,https://audio.tudienkala.com/audio/f/a/fauna.mp3
37,reserved,/rɪˈzɜːrvd/,adj,"kín đáo, dè dặt",Peter is not communicative. He's rather reserved in public.,Peter có vẻ không cởi mở. Anh ấy khá dè dặt ở nơi công cộng.,https://audio.tudienkala.com/data/cache/images/300x225/r/e/reserved1.jpg,https://audio.tudienkala.com/audio/r/e/reserved.mp3
37,come down with,/kʌm daʊn wɪð/,,mắc (phải) bệnh,I don't go to work because I come down with the flu.,Tôi không đi làm được vì tôi mắc bệnh cảm cúm.,https://audio.tudienkala.com/data/cache/images/300x225/c/o/come_down_with1.jpg,https://audio.tudienkala.com/audio/c/o/come_down_with.mp3
37,take up,/ˈteɪk.ʌp/,phr,bắt đầu một việc gì,He left a job in the City to take up farming.,Anh ấy đã bỏ công việc ở thành phố để bắt đầu làm việc ở nông trại.,https://audio.tudienkala.com/data/cache/images/300x225/t/a/take_up1.jpg,https://audio.tudienkala.com/audio/t/a/take_up.mp3
37,put someone up,/pʊt ˈsʌm.wʌn ʌp/,phr,cho ai ở nhờ tạm thời,Could you put me up for the night when I come to London?,Bạn có thể cho tôi ở nhờ môt đêm khi tôi đến London được không?,https://audio.tudienkala.com/data/cache/images/300x225/p/u/put_someone_up1.jpg,https://audio.tudienkala.com/audio/p/u/put_someone_up.mp3
37,make ends meet,/meɪk endz miːt/,phr,kiếm tiền vừa đủ sống,He has three part-time jobs to make ends meet .,Anh ta có ba công việc bán thời gian để kiếm tiền vừa đủ sống.,https://audio.tudienkala.com/data/cache/images/300x225/m/a/make_ends_meet1.jpg,https://audio.tudienkala.com/audio/m/a/make_ends_meet.mp3
37,commercial,/kəˈmɜːʃəl/,adj,"(thuộc) buôn bán, thương mại",The commercial future of the company looks very promising.,Tình hình buôn bán trong tương lai của công ty có vẻ rất hứa hẹn.,https://audio.tudienkala.com/data/images_example/300x225/t/h/the_commer_ex1_56248cf97f8b9afa0cb17b50.jpg,https://audio.tudienkala.com/audio/c/o/commercial.mp3
37,flora,/ˈflɔːrə/,n,hệ thực vật,We were surprised at the various flora in this area.,Chúng tôi rất ngạc nhiên với hệ thực vật đa dạng của vùng này.,https://audio.tudienkala.com/data/cache/images/300x225/f/l/flora1.jpg,https://audio.tudienkala.com/audio/f/l/flora.mp3
37,straight away,/streɪt əˈweɪ/,adv,ngay lập tức,I need those documents straight away.,Tôi cần những tài liệu đó ngay lập tức.,https://audio.tudienkala.com/data/cache/images/300x225/s/t/straight_away1.jpg,https://audio.tudienkala.com/audio/s/t/straight_away.mp3
37,department,/dɪˈpɑːtmənt/,n,"phòng, ban, bộ",She worked in Human Resource department.,Cô ấy làm việc ở bộ phận nhân sự.,https://audio.tudienkala.com/data/cache/images/300x225/d/e/department1.jpg,https://audio.tudienkala.com/audio/d/e/department.mp3
38,vary,/ˈveəri/,v,khác nhau,The boxes vary in size from small to large.,Các hộp thì đa dạng ở kích cỡ từ nhỏ đến lớn.,https://audio.tudienkala.com/data/images_example/300x225/t/h/the_boxes__ex2_587728cb7f8b9a5f308b4585.jpg,https://audio.tudienkala.com/audio/v/a/vary.mp3
38,goof off,/ɡuːf ɒf/,phr,"giết thời gian, thì giờ",Some students were using their computers to goof off or visit unauthorized websites.,Một số sinh viên đã sử dụng máy tính để giết thì giờ hay ghé thăm các trang web trái phép.,https://audio.tudienkala.com/data/cache/images/300x225/g/o/goof_off1.png,https://audio.tudienkala.com/audio/g/o/goof_off.mp3
38,cereal,/ˈsɪriəl/,n,ngũ cốc,"She headed downstairs, and had a bowl of cereal for breakfast.",Cô ấy đi xuống cầu thang và lấy một bát ngũ cốc ăn sáng.,https://audio.tudienkala.com/data/cache/images/300x225/c/e/cereal1.jpg,https://audio.tudienkala.com/audio/c/e/cereal.mp3
38,make room for,/meɪk rʊm fɔːr/,phr,có chỗ trống cho,I cleaned up everything to make room for new furniture.,Tôi dọn mọi thứ để có chỗ cho đồ nội thất mới.,https://audio.tudienkala.com/data/cache/images/300x225/m/a/make_room_for1.jpg,https://audio.tudienkala.com/audio/m/a/make_room_for.mp3
38,stretch,/stretʃ/,v,"kéo dài, căng ra",She stretched out her arm and back.,Cô ấy kéo dãn tay và lưng mình.,https://audio.tudienkala.com/data/cache/images/300x225/s/t/stretch1.png,https://audio.tudienkala.com/audio/s/t/stretch.mp3
38,bring about,/brɪŋ əˈbaʊt/,,"dẫn đến, mang đến",Dieting and exercise will bring about weight loss,Ăn kiêng và tập thể dụng sẽ giúp giảm cân.,https://audio.tudienkala.com/data/cache/images/300x225/b/r/bring_about1.png,https://audio.tudienkala.com/audio/b/r/bring_about.mp3
38,go into detail,/ɡoʊ ˈɪn.tuː dɪˈteɪl/,phr,đi vào chi tiết,I'm going into detail in this issue.,Tôi đang đi vào chi tiết vấn đề này.,https://audio.tudienkala.com/data/cache/images/300x225/g/o/go_into_detail1.jpg,https://audio.tudienkala.com/audio/g/o/go_into_detail.mp3
38,debate,/dɪˈbeɪt/,v,"thảo luận, tranh luận",The question of the origin of the universe is still hotly debated by scientists.,Các câu hỏi về nguồn gốc của vũ trụ vẫn đang được tranh luận sôi nổi bởi các nhà khoa học.,https://audio.tudienkala.com/data/cache/images/300x225/d/e/debate2.jpg,https://audio.tudienkala.com/audio/d/e/debate.mp3
38,off-duty,/ˌɒfˈdjuː.ti/,a,"không làm việc, xuống ca",an off-duty worker,một công nhân xuống ca,https://audio.tudienkala.com/data/cache/images/300x225/o/f/off-duty1.png,https://audio.tudienkala.com/audio/o/f/off-duty.mp3
38,skyrocket,/ˈskaɪˌrɑː.kɪt/,v,tăng nhanh chóng,The cost of housing has skyrocketed.,Chi phí nhà ở đã tăng vọt.,https://audio.tudienkala.com/data/cache/images/300x225/s/k/skyrocket1.jpg,https://audio.tudienkala.com/audio/s/k/skyrocket.mp3
38,undermine,/ˌʌndəˈmaɪn/,v,"làm yếu đi, giảm hiệu quả (nhất là sự tự tin, quyền lực)",This crisis has undermined his position.,Cuộc khủng hoảng này đã làm suy yếu đi vị trí của anh ấy.,https://audio.tudienkala.com/data/cache/images/300x225/u/n/undermine1.jpg,https://audio.tudienkala.com/audio/u/n/undermine.mp3
38,inconceivable,/ˌɪn.kənˈsiː.və.bl̩/,a,không thể tưởng tượng được,It's inconceivable that we won.,Thật không thể tưởng tượng được là chúng ta đã thắng.,https://audio.tudienkala.com/data/cache/images/300x225/i/n/inconceivable1.jpg,https://audio.tudienkala.com/audio/i/n/inconceivable.mp3
38,predictable,/prɪˈdɪktəbl/,adj,đoán trước được,I’m bored with the predictable ending of this Korean film .,Tôi chán ngắt với kết cục đoán trước được của bộ phim Hàn Quốc này.,https://audio.tudienkala.com/data/cache/images_kid/300x225/p/r/predictable1.jpg,https://audio.tudienkala.com/audio/p/r/predictable.mp3
38,pave the way for,/peɪv ðə weɪ fɔːr/,phr,mở đường cho,The proposals will pave the way for a speedy resolution.,Các đề xuất sẽ mở đường cho một giải pháp nhanh chóng.,https://audio.tudienkala.com/data/cache/images/300x225/p/a/pave_the_way_for1.jpg,https://audio.tudienkala.com/audio/p/a/pave_the_way_for.mp3
38,cashless,/ˈkæʃ.ləs/,a,không sử dụng tiền mặt,the cashless society,xã hội không có tiền mặt,https://audio.tudienkala.com/data/cache/images/300x225/c/a/cashless1.png,https://audio.tudienkala.com/audio/c/a/cashless.mp3
38,threat,/θret/,n,lời đe dọa,She is prepared to carry out her threat to resign.,Cô ấy đang chuẩn bị thực hiện lời đe doạ từ chức.,https://audio.tudienkala.com/data/images_example/300x225/s/h/she_is_pre_ex2_587729237f8b9a6c308b4595.jpg,https://audio.tudienkala.com/audio/t/h/threat.mp3
38,allocate,/ˈæləkeɪt/,v,"cấp cho, phân phối",The office manager did not allocate enough money to purchase software.,Người quản lý văn phòng không cấp đủ tiền để mua sắm phần mềm.,https://audio.tudienkala.com/data/cache/images/300x225/a/l/allocate1.png,https://audio.tudienkala.com/audio/a/l/allocate.mp3
38,keep seller on toes,/kiːpˈsel.ɚ ɑːn toʊs/,phr,làm cho người bán hàng đáp ứng với bất kì thay đổi,More competition keeps sellers on their toes.,Nhiều cạnh tranh hơn làm cho người bán hàng đáp ứng với bất kì thay đổi nào.,https://audio.tudienkala.com/data/cache/images/300x225/k/e/keep_seller_on_toes1.jpg,https://audio.tudienkala.com/audio/k/e/keep_seller_on_toes.mp3
38,watch out,/wɑːtʃ aʊt/,phr,"hãy cẩn thận, coi chừng","At the station, we often see the sign ""Watch out for pickpockets"".","Tại các trạm xe, chúng ta thường thấy biển cảnh báo ""Coi chừng kẻ móc túi"".",https://audio.tudienkala.com/data/cache/images/300x225/w/a/watch_out1.png,https://audio.tudienkala.com/audio/w/a/watch_out.mp3
38,bar,/bɑː/,n,quầy rượu,They work in a bar.,Họ làm việc trong quán ba.,https://audio.tudienkala.com/data/cache/images/300x225/b/a/bar2.jpg,https://audio.tudienkala.com/audio/b/a/bar.mp3
39,without question,/wɪˈðaʊt ˈkwes.tʃən/,phr,không có gì phải bàn cãi,He is without question the best player in our team.,Thật không có gì phải bàn cãi rằng cậu ấy là cầu thủ xuất sắc nhất trong đội chúng ta.,https://audio.tudienkala.com/data/cache/images/300x225/w/i/without_question1.png,https://audio.tudienkala.com/audio/w/i/without_question.mp3
39,prehistoric,/ˌpriːhɪˈstɒrɪk/,adj,(thuộc về) tiền sử,Prehistoric hunters and gathers lived prior to the time when people began recording history.,Những người săn bắt và sống tập trung ở thời tiền sử thì sống trong thời kì trước khi con người bắt đầu ghi chép lịch sử.,https://audio.tudienkala.com/data/cache/images/300x225/p/r/prehistoric1.jpg,https://audio.tudienkala.com/audio/p/r/prehistoric.mp3
39,lifelike,/ˈlaɪf.laɪk/,a,giống như thật,This statue is lifelike a real person.,Bức tượng này thì giống như người thật vậy.,https://audio.tudienkala.com/data/cache/images/300x225/l/i/lifelike1.jpg,https://audio.tudienkala.com/audio/l/i/lifelike.mp3
39,ruined,/ˈruː.ɪnd/,adj,"bị hủy hoại, phá hỏng",This area was comprehensively ruined.,Vùng này bị hủy hoại hoàn toàn.,https://audio.tudienkala.com/data/cache/images/300x225/r/u/ruined2.jpg,https://audio.tudienkala.com/audio/r/u/ruined.mp3
39,handheld,/ˈhændheld/,n,thiết bị cầm tay,This handheld is extremely helpful to busy housewives.,Thiết bị cầm tay này đặc biệt hữu ích cho các bà nội trợ bận rộn.,https://audio.tudienkala.com/data/cache/images_kid/300x225/h/a/handheld1.jpg,https://audio.tudienkala.com/audio/h/a/handheld.mp3
39,volume,/ˈvɒljuːm/,n,"âm lượng, lượng, khối lượng",Please turn up the volume.,Cảm phiền chỉnh lớn âm lượng.,https://audio.tudienkala.com/data/cache/images/300x225/v/o/volume1.jpg,https://audio.tudienkala.com/audio/v/o/volume.mp3
39,displace,/dɪˈspleɪs/,v,chiếm chỗ,The destructive fire would displace many people from their homes.,Ngọn lửa huỷ hoại có thể khiến nhiều người phải rời khỏi nhà.,https://audio.tudienkala.com/data/images_example/300x225/t/h/the_destru_ex1_59a6670e7f8b9a21088b457f.jpg,https://audio.tudienkala.com/audio/d/i/displace.mp3
39,death toll,/deθ toʊl/,n,số người chết,Death toll in Taiwan plane crash rised to 31.,Số người chết trong tai nạn máy bay ở Đài Loan đã tăng lên 31.,https://audio.tudienkala.com/data/cache/images/300x225/d/e/death_toll1.jpg,https://audio.tudienkala.com/audio/d/e/death_toll.mp3
39,upthrust,/ˈʌpˌθrʌst/,n,"sự nâng lên, trồi lên","Upthrust is a force that only exists in liquids, such as lakes, oceans, swimming pools and even cups of tea!","""Lực nâng lên"" là một lực chỉ tồn tại trong chất lỏng, chẳng hạn như hồ, đại dương, bể bơi và thậm chí cả chén trà!",https://audio.tudienkala.com/data/cache/images/300x225/u/p/upthrust1.png,https://audio.tudienkala.com/audio/u/p/upthrust.mp3
39,resemble,/rɪˈzem.bl̩/,v,giống với,I've been told that I resemble my mother.,Tôi được bảo rằng tôi giống với mẹ tôi.,https://audio.tudienkala.com/data/cache/images/300x225/r/e/resemble1.jpg,https://audio.tudienkala.com/audio/r/e/resemble.mp3
39,thoughtless,/ˈθɔt·ləs/,a,"không ân cần, không lo lắng, không quan tâm","After missing his anniversary, the thoughtless husband decided to go fishing on his wife’s birthday.","Sau khi quên mất ngày kỷ niệm, người chồng vô tâm lại quyết định đi câu cá vào ngày sinh nhật của vợ anh ta.",https://audio.tudienkala.com/data/cache/images/300x225/t/h/thoughtless1.jpg,https://audio.tudienkala.com/audio/t/h/thoughtless.mp3
39,be laid off,/biː leɪd ɑːf/,phr,bị sa thải,He was laid off.,Cậu ấy đã bị sa thải.,https://audio.tudienkala.com/data/cache/images/300x225/b/e/be_laid_off1.jpg,https://audio.tudienkala.com/audio/b/e/be_laid_off.mp3
39,bring down,/brɪŋ daʊn/,,"lật đổ, hạ bệ",Predators prefer to bring down weak or sick prey.,Những động vật ăn thịt thường hạ gục những con mồi nhỏ bé và yếu ớt.,https://audio.tudienkala.com/data/cache/images/300x225/b/r/bring_down1.jpg,https://audio.tudienkala.com/audio/b/r/bring_down.mp3
39,meet the requirement,/miːt ðə rɪˈkwaɪr.mənt/,phr,đáp ứng được yêu cầu của ai đó,The man did not meet the requirements for this position.,Người đàn ông đã không đáp ứng được nhu cầu cho vị trí này.,https://audio.tudienkala.com/data/cache/images/300x225/m/e/meet_the_requirement1.jpg,https://audio.tudienkala.com/audio/m/e/meet_the_requirement.mp3
39,a 24/7 society,/ə ˌtwen.ti.fɔːr ˈsev.ən səˈsaɪ.ə.ti/,phr,một xã hội hoạt động liên tục 24/7,We are now a 24/7 society where shops and services must be available all hours.,Chúng ta bây giờ là một xã hội hoạt động liên tục 24/7 là nơi mà các cửa hàng và dịch vụ phải hoạt động mọi khung giờ.,https://audio.tudienkala.com/data/cache/images/300x225/a/_/a_247_society1.png,https://audio.tudienkala.com/audio/a/_/a_247_society.mp3
39,irritable,/ˈɪr.ɪ.tə.bl̩/,a,cáu kỉnh,My son is always irritable when he doesn't get enough sleep.,Con trai tôi luôn cáu kỉnh khi cậu không ngủ được.,https://audio.tudienkala.com/data/cache/images/300x225/i/r/irritable1.jpg,https://audio.tudienkala.com/audio/i/r/irritable.mp3
39,speed up,/spiːd ʌp/,v,đẩy nhanh,The new system will speed up the registration process.,Hệ thống mới sẽ đẩy nhanh quy trình đăng ký.,https://audio.tudienkala.com/data/cache/images/300x225/s/p/speed_up1.jpg,https://audio.tudienkala.com/audio/s/p/speed_up.mp3
39,generous,/ˈdʒenərəs/,adj,"rộng rãi, hào phóng",It’s very generous of him to pay all the bill.,Anh ấy thật là hào phóng khi thanh toán toàn bộ hóa đơn.,https://audio.tudienkala.com/data/cache/images/300x225/g/e/generous1.jpg,https://audio.tudienkala.com/audio/g/e/generous.mp3
39,fortunate,/ˈfɔːr.tʃən.ət/,a,"may mắn, có phúc, tốt số","We are very fortunate to be living in such a beautiful, rich country.",Chúng ta rất may mắn khi được sống trong một đất nước xinh đẹp và giàu có.,https://audio.tudienkala.com/data/cache/images/300x225/f/o/fortunate1.jpg,https://audio.tudienkala.com/audio/f/o/fortunate.mp3
39,optimistic,/ˌɒptɪˈmɪstɪk/,adj,lạc quan,He is optimistic about his life.,Anh ấy lạc quan về cuộc sống của anh ấy.,https://audio.tudienkala.com/data/cache/images/300x225/o/p/optimistic1.png,https://audio.tudienkala.com/audio/o/p/optimistic.mp3
