topic,word,pronunciation,word_type,meaning,example_en,example_vi,image_url,audio_url
58,abrasive,/əˈbreɪsɪv/,adj,"thô lỗ, cay nghiệt",She has a rather abrasive manner.,Cô ấy có một thái độ khá thô lỗ.,https://audio.tudienkala.com/data/cache/images/300x225/a/b/abrasive1.jpg,https://audio.tudienkala.com/audio/a/b/abrasive.mp3
58,absolute,/ˈæbsəluːt/,adj,"hoàn toàn, tuyệt đối","You're wrong,’ she said with absolute certainty.","""Bạn sai rồi ""cô ấy nói với sự chắc chắn tuyệt đối.",https://audio.tudienkala.com/data/cache/images/300x225/a/b/absolute1.jpg,https://audio.tudienkala.com/audio/a/b/absolute.mp3
58,abstract,/ˈæbstrækt/,n,"bài tóm lược (cuốn sách, luận án, bài diễn văn...)",An abstract always appears at the beginning of a manuscript or typescript.,Bài tóm lược luôn xuất hiện ở phần đầu của một bài viết hoặc bản sao chép.,https://audio.tudienkala.com/data/images_example/300x225/a/n/an_abstrac_ex2_58772ac97f8b9aab308b4567.jpg,https://audio.tudienkala.com/audio/a/b/abstract.mp3
58,acclaim,/əˈkleɪm/,v,"ca ngợi, tán dương","Despite the critical acclaim, the novel did not sell well.",Mặc dù nhận được lời khen ngợi nhưng tiểu thuyết vẫn không bán tốt.,https://audio.tudienkala.com/data/cache/images/300x225/a/c/acclaim1.png,https://audio.tudienkala.com/audio/a/c/acclaim.mp3
58,acute,/əˈkjuːt/,adj,"nghiêm trọng, nhức nhối (cơn đau)",The government has tried to give many explanations to hide its acute embarrassment.,Chính phủ đã cố gắng đưa ra nhiều lời giải thích để che giấu sự bối rối nghiêm trọng của nó.,https://audio.tudienkala.com/data/images_example/300x225/t/h/the_govern_ex2_587729cc7f8b9a8e308b4569.jpg,https://audio.tudienkala.com/audio/a/c/acute.mp3
58,adamant,/ˈædəmənt/,adj,"cứng rắn, cương quyết",Eva was adamant that she would not come.,Eva đã cương quyết rằng cô ấy sẽ không đến.,https://audio.tudienkala.com/data/cache/images/300x225/a/d/adamant1.jpg,https://audio.tudienkala.com/audio/a/d/adamant.mp3
58,address,/ə'dres/,v,"nhằm vào, trình bày",Marco's business plan addresses the needs of small business owners.,Kế hoạch kinh doanh của Marco nhằm vào nhu cầu của những chủ doanh nghiệp nhỏ.,https://audio.tudienkala.com/data/images_example/300x225/m/a/marcos_bus_ex1_56248cf37f8b9af80c011d69.jpg,https://audio.tudienkala.com/audio/a/d/address.mp3
58,adept,/æˈdept/,adj,"tinh thông, giỏi làm điều gì khó",an adept in philosophy,một người tinh thông triết học,https://audio.tudienkala.com/data/cache/images/300x225/a/d/adept1.jpg,https://audio.tudienkala.com/audio/a/d/adept.mp3
58,adherent,/ədˈhɪərənt/,n,"đảng viên, người ủng hộ, đi theo một đảng chính trị hay hệ tư tưởng",an adherent of free trade,một đảng viên của thương mại tự do,https://audio.tudienkala.com/data/cache/images/300x225/a/d/adherent1.jpg,https://audio.tudienkala.com/audio/a/d/adherent.mp3
58,adversely,/ˈædvɜːsli/,adv,"xấu, tiêu cực",Her health was adversely affected by the climate.,Sức khỏe của cô ấy bị xấu đi bởi ảnh hưởng của khí hậu.,https://audio.tudienkala.com/data/cache/images/300x225/a/d/adversely1.jpg,https://audio.tudienkala.com/audio/a/d/adversely.mp3
58,advocate,/ˈædvəkeɪt/,v,"chủ trương, tán thành",He advocates human rights.,Ông ấy ủng hộ nhân quyền.,https://audio.tudienkala.com/data/cache/images/300x225/a/d/advocate1.png,https://audio.tudienkala.com/audio/a/d/advocate.mp3
58,aesthetic,/esˈθetɪk/,adj,"(thuộc) mỹ học, thẩm mỹ",an aesthetic appreciation of the landscape,một sự đánh giá cao về tính thẩm mỹ của cảnh quan,https://audio.tudienkala.com/data/images_example/300x225/a/n/an_aesthet_ex2_58772bbb7f8b9ac5308b4571.jpeg,https://audio.tudienkala.com/audio/a/e/aesthetic.mp3
58,affinity,/əˈfɪnəti/,n,"sự đồng cảm, sự thu hút, sự ham thích",Sam was born in the country and had a deep affinity with nature.,Sam đã sinh ra trong một đất nước và có sự thích thú sâu sắc với thiên nhiên.,https://audio.tudienkala.com/data/cache/images/300x225/a/f/affinity1.jpg,https://audio.tudienkala.com/audio/a/f/affinity.mp3
58,alleviate,/əˈliːvieɪt/,v,"giảm bớt, xoa dịu",A number of measures were taken to alleviate the problem.,Nhiều biện pháp đã được thực hiện để giảm bớt vấn đề.,https://audio.tudienkala.com/data/cache/images/300x225/a/l/alleviate1.jpg,https://audio.tudienkala.com/audio/a/l/alleviate.mp3
58,allusion,/əˈluːʒən/,n,sự ám chỉ,His statement was seen as an allusion to the recent drug-related killings.,Tuyên bố của ông được xem như là một ám chỉ đến những vụ giết người liên quan đến thuốc gần đây.,https://audio.tudienkala.com/data/cache/images/300x225/a/l/allusion1.png,https://audio.tudienkala.com/audio/a/l/allusion.mp3
58,aloof,/əˈluːf/,adj,"không thân thiện, lạnh nhạt, xa lánh","He was a cold man, aloof and distant.","Ông là một người lạnh lùng, xa cách và lạnh nhạt.",https://audio.tudienkala.com/data/cache/images/300x225/a/l/aloof1.jpg,https://audio.tudienkala.com/audio/a/l/aloof.mp3
58,ambiguous,/æmˈbɪɡjuəs/,adj,"đa nghĩa, mơ hồ","""Internet culture"" is an ambiguous term.",Văn hóa internet là một thuật ngữ mơ hồ.,https://audio.tudienkala.com/data/cache/images/300x225/a/m/ambiguous1.jpg,https://audio.tudienkala.com/audio/a/m/ambiguous.mp3
58,ambivalent,/æmˈbɪvələnt/,adj,"vừa yêu, vừa ghét (cái gì); (cảm xúc) lẫn lộn",She seems to feel ambivalent about her new job.,Cô ấy dường như cảm xúc lẫn lộn với công việc mới của mình.,https://audio.tudienkala.com/data/cache/images/300x225/a/m/ambivalent1.jpg,https://audio.tudienkala.com/audio/a/m/ambivalent.mp3
58,amiable,/ˈeɪmiəbl/,adj,"dễ thương, thân thiện",Her parents seemed very amiable.,Bố mẹ của cô ấy dường như rất tốt bụng.,https://audio.tudienkala.com/data/cache/images/300x225/a/m/amiable1.jpg,https://audio.tudienkala.com/audio/a/m/amiable.mp3
58,analogous,/əˈnæləɡəs/,adj,"tương tự, giống nhau",The two processes are not analogous.,Hai quá trình này không tương tự nhau.,https://audio.tudienkala.com/data/cache/images/300x225/a/n/analogous1.png,https://audio.tudienkala.com/audio/a/n/analogous.mp3
58,analogy,/əˈnælədʒi/,n,"sự so sánh những đặc điểm tương tự; sự tương tự, sự giống nhau",He drew an analogy between the brain and a vast computer.,Anh ta đã đưa ra sự giống nhau giữa bộ não và một máy tính khổng lồ.,https://audio.tudienkala.com/data/cache/images/300x225/a/n/analogy1.jpg,https://audio.tudienkala.com/audio/a/n/analogy.mp3
58,anarchy,/ˈænəki/,n,"sự hỗn loạn; tình trạng vô chính phủ, vô tổ chức",If the pay deal isn't settled amicably there'll be anarchy in the factories.,"Nếu thỏa thuận tiền lương không được giải quyết một cách hữu nghị, sẽ có tình trạng hỗn loạn tại các nhà máy.",https://audio.tudienkala.com/data/cache/images/300x225/a/n/anarchy1.jpg,https://audio.tudienkala.com/audio/a/n/anarchy.mp3
58,anecdote,/ˈænɪkdəʊt/,n,"giai thoại (về người thực, sự kiện)",amusing anecdotes about his brief career as an actor,giai thoại thú vị về sự nghiệp ngắn ngủi của anh ấy khi là một diễn viên,https://audio.tudienkala.com/data/cache/images/300x225/a/n/anecdote1.jpg,https://audio.tudienkala.com/audio/a/n/anecdote.mp3
58,anguish,/ˈæŋɡwɪʃ/,n,"sự đau đớn, sự đau khổ",He groaned in anguish.,Ông ta rên rỉ trong đau đớn.,https://audio.tudienkala.com/data/cache/images/300x225/a/n/anguish1.jpg,https://audio.tudienkala.com/audio/a/n/anguish.mp3
58,animosity,/ˌænɪˈmɒsəti/,n,"sự thù oán, hận thù",He felt no animosity towards his critics.,Anh ấy không cảm thấy oán thù những người đã chỉ trích mình.,https://audio.tudienkala.com/data/cache/images/300x225/a/n/animosity1.jpg,https://audio.tudienkala.com/audio/a/n/animosity.mp3
58,anomaly,/əˈnɒməli/,n,"sự không bình thường, dị thường",This is an anomaly eyes in cat.,Chú mèo có cặp mắt bất thường.,https://audio.tudienkala.com/data/cache/images/300x225/a/n/anomaly1.jpg,https://audio.tudienkala.com/audio/a/n/anomaly.mp3
58,antecedent,/æntiˈsiːdənt/,n,tiền đề,what are the antecedents of the American Revolutionary War?,Tiền đề của Chiến tranh Cách mạng Mỹ là gì?,https://audio.tudienkala.com/data/cache/images/300x225/a/n/antecedent1.gif,https://audio.tudienkala.com/audio/a/n/antecedent.mp3
58,apathy,/ˈæpəθi/,n,"sự lãnh đạm, thờ ơ",There is widespread apathy among the electorate.,Có sự thờ ơ lớn giữa các cử tri.,https://audio.tudienkala.com/data/cache/images/300x225/a/p/apathy1.jpg,https://audio.tudienkala.com/audio/a/p/apathy.mp3
58,appreciate,/əˈpriːʃieɪt/,v,"đánh giá cao, cảm kích",We would appreciate you letting us know of any problems.,Chúng tôi sẽ đánh giá cao việc bạn cho chúng tôi biết về bất kỳ vấn đề nào.,https://audio.tudienkala.com/data/images_example/300x225/y/o/your_suppo_ex1_56248cfa7f8b9afa0cb17cbc.jpg,https://audio.tudienkala.com/audio/a/p/appreciate.mp3
58,apprehension,/ˌæprɪˈhenʃən/,n,sự e sợ (điều không hay có thể xảy ra),There is growing apprehension that fighting will begin again.,Ngày càng có nhiều lo sợ rằng cuộc chiến đấu sẽ bắt đầu lại.,https://audio.tudienkala.com/data/cache/images/300x225/a/p/apprehension1.jpg,https://audio.tudienkala.com/audio/a/p/apprehension.mp3
58,apprehensive,"/,æpri'hensiv/",adj,"sợ hãi, e sợ; hiểu rõ, cảm thấy rõ, tiếp thu nhanh",The mortgage lender was apprehensive about the company's ability to pay.,Người cho vay thế chấp e ngại về khả năng thanh toán của công ty.,https://audio.tudienkala.com/data/cache/images/300x225/a/p/apprehensive2.jpg,https://audio.tudienkala.com/audio/a/p/apprehensive.mp3
58,arable,/ˈærəbl/,adj,liên quan đến trồng trọt,arable farming/farms/crops,hoạt động trồng trọt/ trang trại / cây trồng,https://audio.tudienkala.com/data/cache/images/300x225/a/r/arable1.jpg,https://audio.tudienkala.com/audio/a/r/arable.mp3
58,arbitrary,/ˈɑːbɪtrəri/,adj,"chuyên quyền, độc đoán",It lacks an independent court system capable of overturning arbitrary decisions.,Thiếu một hệ thống tòa án có khả năng bác bỏ các quyết định tùy ý.,https://audio.tudienkala.com/data/cache/images/300x225/a/r/arbitrary1.jpg,https://audio.tudienkala.com/audio/a/r/arbitrary.mp3
58,archaic,/ɑːˈkeɪɪk/,adj,cổ xưa và không còn sử dụng nữa,The system is archaic and unfair and needs changing.,Hệ thống này đã cổ xưa và không công bằng và cần phải thay đổi.,https://audio.tudienkala.com/data/cache/images/300x225/a/r/archaic1.jpg,https://audio.tudienkala.com/audio/a/r/archaic.mp3
58,arduous,/ˈɑːdjuəs/,adj,"khó khăn, gian khổ",This is an arduous journey across the Andes.,Đây là một cuộc hành trình gian khổ qua dãy Andes.,https://audio.tudienkala.com/data/cache/images/300x225/a/r/arduous1.jpg,https://audio.tudienkala.com/audio/a/r/arduous.mp3
58,articulate,/ɑːˈtɪkjəleɪt/,v,"diễn đạt suy nghĩ, cảm xúc một cách rõ ràng bằng lời",He struggled to articulate her thoughts.,Anh ấy đã đấu tranh để nói lên suy nghĩ của mình.,https://audio.tudienkala.com/data/cache/images/300x225/a/r/articulate1.jpg,https://audio.tudienkala.com/audio/a/r/articulate.mp3
58,artisan,/ˌɑːtɪˈzæn/,n,thợ thủ công,The hand-woven textiles were made by skilled local artisans.,Hàng dệt tay đã được thực hiện bởi các nghệ nhân địa phương có tay nghề cao.,https://audio.tudienkala.com/data/cache/images/300x225/a/r/artisan1.jpg,https://audio.tudienkala.com/audio/a/r/artisan.mp3
58,astute,/əˈstjuːt/,adj,"sắc sảo, nhạy bén",She was astute enough to realize that what Jack wanted was her money.,Cô ấy đủ nhạy bén để nhận ra rằng cái Jack muốn là tiền của cô ấy.,https://audio.tudienkala.com/data/cache/images/300x225/a/s/astute1.jpg,https://audio.tudienkala.com/audio/a/s/astute.mp3
58,austere,/ɒsˈtɪər/,adj,"khắt khe, nghiêm khắc (về bề ngoài và hành vi)","My father was a distant, austere man.",Cha tôi là một người đàn ông lạnh lùng và nghiêm khắc.,https://audio.tudienkala.com/data/images_example/300x225/m/y/my_father__ex2_58772bc27f8b9ac5308b4597.jpg,https://audio.tudienkala.com/audio/a/u/austere.mp3
58,austerity,/ɔːˈster.ɪ.ti/,n,sự thắt lưng buộc bụng (nghĩa bóng,War was followed by many years of austerity.,Chiến tranh đã được theo sau bởi nhiều năm thắt lưng buộc bụng.,https://audio.tudienkala.com/data/cache/images/300x225/a/u/austerity1.jpg,https://audio.tudienkala.com/audio/a/u/austerity.mp3
58,autonomous,/ɔːˈtɒnəməs/,adj,tự trị,Teachers aim to help children become autonomous learners.,Giáo viên đặt mục tiêu giúp các trẻ em trở thành người học độc lập.,https://audio.tudienkala.com/data/images_example/300x225/t/e/teachers_a_ex2_58772bc37f8b9ac5308b459b.jpg,https://audio.tudienkala.com/audio/a/u/autonomous.mp3
58,autonomy,/ɔːˈtɒnəmi/,n,"sự, quyền tự trị",a campaign in Wales for greater autonomy,một chiến dịch cho quyền tự chủ lớn hơn ở xứ Wales,https://audio.tudienkala.com/data/cache/images/300x225/a/u/autonomy1.jpg,https://audio.tudienkala.com/audio/a/u/autonomy.mp3
58,beleaguered,/bɪˈliːɡəd/,adj,bị bao vây bởi kẻ thù,supplies for the beleaguered city,nguồn cung cấp cho các thành phố bị bao vây,https://audio.tudienkala.com/data/cache/images/300x225/b/e/beleaguered1.png,https://audio.tudienkala.com/audio/b/e/beleaguered.mp3
58,benefactor,/ˈbenɪfæktər/,n,"nhà hảo tâm, người làm việc thiện",a generous benefactor,một người làm việc thiện hào phóng,https://audio.tudienkala.com/data/cache/images/300x225/b/e/benefactor1.jpg,https://audio.tudienkala.com/audio/b/e/benefactor.mp3
58,benevolent,/bɪˈnevələnt/,adj,"nhân từ, tốt bụng, rộng lượng",He was a benevolent old man and wouldn't hurt a fly.,Anh ấy là một người đàn ông già tốt bụng và không làm tổn thương tới một con ruồi.,https://audio.tudienkala.com/data/cache/images/300x225/b/e/benevolent1.jpg,https://audio.tudienkala.com/audio/b/e/benevolent.mp3
58,benign,/bɪˈnaɪn/,adj,tốt; nhân từ,We were happy to hear that the tumor was benign.,Chúng tôi rất vui khi biết rằng khối u lành tính.,https://audio.tudienkala.com/data/cache/images/300x225/b/e/benign1.jpg,https://audio.tudienkala.com/audio/b/e/benign.mp3
58,blatant,/ˈbleɪtənt/,adj,trắng trợn,It was a blatant lie.,Đó là một lời nói dối trắng trợn.,https://audio.tudienkala.com/data/images_example/300x225/i/t/it_was_a_b_ex2_58772bc57f8b9ac5308b45a6.jpg,https://audio.tudienkala.com/audio/b/l/blatant.mp3
58,bolster,/ˈbəʊlstər/,v,"cải thiện, đẩy mạnh",to bolster somebody's confidence,để củng cố niềm tin của ai đó,https://audio.tudienkala.com/data/cache/images/300x225/b/o/bolster1.jpg,https://audio.tudienkala.com/audio/b/o/bolster.mp3
59,bourgeois,/ˈbɔːʒwɑː/,adj,thuộc tầng lớp trung lưu,a traditional bourgeois family,một gia đình thuộc giai cấp trung lưu truyền thống.,https://audio.tudienkala.com/data/cache/images/300x225/b/o/bourgeois1.jpg,https://audio.tudienkala.com/audio/b/o/bourgeois.mp3
59,bureaucracy,/bjʊəˈrɒkrəsi/,n,"sự quan liêu, thói quan liêu",I had to deal with the university's bureaucracy when I was applying for financial aid.,Tôi phải đối mặt với bộ máy quan liêu của trường đại học khi tôi nộp đơn xin hỗ trợ tài chính.,https://audio.tudienkala.com/data/cache/images/300x225/b/u/bureaucracy1.jpg,https://audio.tudienkala.com/audio/b/u/bureaucracy.mp3
59,buttress,/ˈbʌtrəs/,v,"ủng hộ, làm vững chắc thêm điều gì",The galleries were well buttressed by huge timbers.,Các phòng trưng bày đã được làm vững chắc hơn bằng các loại gỗ lớn.,https://audio.tudienkala.com/data/cache/images/300x225/b/u/buttress1.jpg,https://audio.tudienkala.com/audio/b/u/buttress.mp3
59,caricature,/ˈkærɪkətʃʊər/,n,tranh biếm hoạ,This is a cruel caricature of the prime minister.,Đây là một bức tranh biếm họa về sự độc ác của thủ tướng.,https://audio.tudienkala.com/data/cache/images/300x225/c/a/caricature1.jpg,https://audio.tudienkala.com/audio/c/a/caricature.mp3
59,cerebral,/ˈserəbrəl/,adj,liên quan đến lí trí (hơn là cảm xúc),His poetry is very cerebral.,Thơ của ông ấy rất là lí trí.,https://audio.tudienkala.com/data/cache/images/300x225/c/e/cerebral1.jpg,https://audio.tudienkala.com/audio/c/e/cerebral.mp3
59,chronicle,/ˈkrɒnɪkl/,n,sử biên niên; ký sự niên đại,the Anglo-Saxon Chronicle.,ký sự niên đại Anglo-Saxon.,https://audio.tudienkala.com/data/cache/images/300x225/c/h/chronicle1.jpg,https://audio.tudienkala.com/audio/c/h/chronicle.mp3
59,circumscribe,/ˈsɜːkəmskraɪb/,v,"giới hạn, hạn chế (sự tự do, quyền,...)",The circle is circumscribed by a square.,Vòng tròn được giới hạn với một hình vuông.,https://audio.tudienkala.com/data/images_example/300x225/t/h/the_circle_ex1_58772bc77f8b9ac5308b45b4.gif,https://audio.tudienkala.com/audio/c/i/circumscribe.mp3
59,civil,/ˈsɪvəl/,adj,(thuộc) công dân,A police observes the civil rights.,Cảnh sát tuân thủ quyền công dân.,https://audio.tudienkala.com/data/cache/images/300x225/c/i/civil1.jpg,https://audio.tudienkala.com/audio/c/i/civil.mp3
59,coercion,/kəʊˈɜːʃən/,n,"sự ép buộc, sự áp bức",He claimed he had only acted under coercion.,Ông nói rằng ông chỉ hành động dưới sự ép buộc.,https://audio.tudienkala.com/data/cache/images/300x225/c/o/coercion1.jpg,https://audio.tudienkala.com/audio/c/o/coercion.mp3
59,coherent,/kəʊˈhɪərənt/,adj,"mạch lạc, chặt chẽ","When she calmed down, she was more coherent.","Khi cô ấy bình tĩnh, cô ấy đã trình bày rõ ràng mạch lạc hơn.",https://audio.tudienkala.com/data/cache/images/300x225/c/o/coherent1.jpg,https://audio.tudienkala.com/audio/c/o/coherent.mp3
59,collusion,/kəˈluː.ʒən/,n,"sự câu kết, sự thông đồng",The police were corrupt and were operating in collusion with the drug dealers.,Cảnh sát đã tham nhũng và đã thông đồng với các tổ chức ma túy.,https://audio.tudienkala.com/data/cache/images/300x225/c/o/collusion1.jpg,https://audio.tudienkala.com/audio/c/o/collusion.mp3
59,compelling,/kəmˈpelɪŋ/,adj,thôi thúc; rất mạnh mẽ (khiến bạn phải làm điều gì đó),a compelling commentary,một bài bình luận hấp dẫn.,https://audio.tudienkala.com/data/cache/images/300x225/c/o/compelling1.jpg,https://audio.tudienkala.com/audio/c/o/compelling.mp3
59,complacent,/kəmˈpleɪsənt/,adj,tự mãn,We must not become complacent about progress.,Chúng ta không được trở nên tự mãn với sự tiến bộ này.,https://audio.tudienkala.com/data/images_example/300x225/w/e/we_must_no_ex2_58772bc87f8b9ac5308b45bc.jpg,https://audio.tudienkala.com/audio/c/o/complacent.mp3
59,comprehensive,"/,kɔmpri'hensiv/",adj,"bao hàm, toàn diện","Our travel agent gave us a comprehensive travel package, including rail passes.","Người đại lý du lịch của chúng tôi trao cho một gói du lịch toàn diện, kể cả đi tàu lửa.",https://audio.tudienkala.com/data/cache/images/300x225/c/o/comprehensive2.jpg,https://audio.tudienkala.com/audio/c/o/comprehensive.mp3
59,concede,/kənˈsiːd/,v,"thừa nhận (điều gì là đúng, hợp lí...)","‘Not bad,’ she conceded grudgingly.","""Không tệ,"" cô đã thừa nhận một cách miễn cưỡng.",https://audio.tudienkala.com/data/cache/images/300x225/c/o/concede1.jpg,https://audio.tudienkala.com/audio/c/o/concede.mp3
59,concise,/kənˈsaɪs/,adj,ngắn gọn; súc tích,Make your answers clear and concise.,Hãy làm cho câu trả lời của bạn rõ ràng và ngắn gọn súc tích.,https://audio.tudienkala.com/data/cache/images/300x225/c/o/concise1.jpg,https://audio.tudienkala.com/audio/c/o/concise.mp3
59,congenital,/kənˈdʒenɪtəl/,adj,bẩm sinh,congenital abnormalities,những dị tật bẩm sinh,https://audio.tudienkala.com/data/cache/images/300x225/c/o/congenital1.jpg,https://audio.tudienkala.com/audio/c/o/congenital.mp3
59,conjecture,/kənˈdʒektʃər/,n,"sự phỏng đoán, sự ước đoán",There's been a lot of conjecture in the media recently about the marriage.,Gần đây đã có rất nhiều phỏng đoán trên các phương tiện truyền thông về hôn nhân.,https://audio.tudienkala.com/data/cache/images/300x225/c/o/conjecture1.jpg,https://audio.tudienkala.com/audio/c/o/conjecture.mp3
59,consensus,/kənˈsensəs/,n,"sự đồng thuận, nhất trí",The clients and agency have reached a consensus.,Các khách hàng và đại lý đã đạt được sự đồng thuận.,https://audio.tudienkala.com/data/cache/images/300x225/c/o/consensus1.jpg,https://audio.tudienkala.com/audio/c/o/consensus.mp3
59,conspicuous,/kənˈspɪkjuəs/,adj,dễ thấy hoặc chú ý; nổi bật,Mary's red hair always made her conspicuous at school.,Tóc đỏ của Mary luôn làm cô ấy nổi bật ở trường.,https://audio.tudienkala.com/data/images_example/300x225/m/a/marys_red__ex2_58772bca7f8b9ac5308b45c4.jpg,https://audio.tudienkala.com/audio/c/o/conspicuous.mp3
59,contemporary,/kənˈtem.pə.rer.i/,adj,"cùng thời, đương thời",He was contemporary with Ho Chi Minh President.,Ông ấy ở cùng thời với Bác Hồ.,https://audio.tudienkala.com/data/cache/images/300x225/c/o/contemporary1.jpg,https://audio.tudienkala.com/audio/c/o/contemporary.mp3
59,contentious,/kənˈtenʃəs/,adj,có thể gây ra bất đồng,She has some very contentious views on education.,Cô ấy có một số quan điểm bất đồng về việc giáo dục.,https://audio.tudienkala.com/data/cache/images/300x225/c/o/contentious1.jpg,https://audio.tudienkala.com/audio/c/o/contentious.mp3
59,conventional,/kənˈvenʃənəl/,adj,thông thường; bình thường,a conventional wedding,một lễ cưới bình thường,https://audio.tudienkala.com/data/images_example/300x225/a/_/a_conventi_ex2_587728ad7f8b9a41308b46a5.jpg,https://audio.tudienkala.com/audio/c/o/conventional.mp3
59,corollary,/kəˈrɒl.ər.i/,n,hệ quả tất yếu,"Unfortunately, violence is the inevitable corollary of such a revolutionary change in society.","Thật không may, bạo lực là hệ quả tất yếu của một sự thay đổi mang tính cách mạng trong xã hội.",https://audio.tudienkala.com/data/images_example/300x225/u/n/unfortunat_ex2_58772bcb7f8b9ac5308b45c8.jpg,https://audio.tudienkala.com/audio/c/o/corollary.mp3
59,cosmopolitan,/ˌkɒzməˈpɒlɪtən/,adj,(mang tính) quốc tế,New York is a highly cosmopolitan city.,New York là một thành phố có tính quốc tế cao.,https://audio.tudienkala.com/data/cache/images/300x225/c/o/cosmopolitan1.jpg,https://audio.tudienkala.com/audio/c/o/cosmopolitan.mp3
59,covert,/ˈkəʊvɜːt/,adj,"bí mật, được che đậy, giấu giếm",The government was accused of covert military operations against the regime.,Chính phủ bị cáo buộc về việc hoạt động quân sự bí mật chống lại chế độ.,https://audio.tudienkala.com/data/cache/images/300x225/c/o/covert1.jpg,https://audio.tudienkala.com/audio/c/o/covert.mp3
59,credible,/ˈkredəbl/,adj,có thể tin được,They haven't produced any credible evidence for convicting him.,Họ đã không đưa ra được bất cứ bằng chứng đáng tin cậy nào cho việc kết tội anh ta.,https://audio.tudienkala.com/data/cache/images/300x225/c/r/credible1.jpg,https://audio.tudienkala.com/audio/c/r/credible.mp3
59,criterion,/kraɪˈtɪəriən/,n,tiêu chuẩn,We have specific criteria to decide whether the students will pass.,Chúng tôi có các tiêu chuẩn cụ thể để quyết định xem các sinh viên nào sẽ vượt qua.,https://audio.tudienkala.com/data/cache/images/300x225/c/r/criterion1.jpg,https://audio.tudienkala.com/audio/c/r/criterion.mp3
59,degenerate,/dɪˈdʒenəreɪt/,v,"trở nên tệ hơn (giảm về chất lượng, yếu đi...)",Her health degenerated quickly.,Sức khỏe của cô ấy trở nên yếu đi một cách nhanh chóng.,https://audio.tudienkala.com/data/cache/images/300x225/d/e/degenerate1.jpg,https://audio.tudienkala.com/audio/d/e/degenerate.mp3
59,deliberate,/dɪˈlɪbərət/,adj,"thong thả, cố ý, chủ tâm",She spoke in a slow and deliberate way.,Cô nói một cách chậm rãi và thong thả.,https://audio.tudienkala.com/data/cache/images/300x225/d/e/deliberate1.jpg,https://audio.tudienkala.com/audio/d/e/deliberate.mp3
59,deliberation,/dɪˌlɪbəˈreɪʃən/,n,sự cân nhắc kĩ,"After ten hours of deliberation, the jury returned a verdict of ‘not guilty’.","Sau mười giờ cân nhắc kĩ, ban hội thậm lại đưa ra một phán quyết ""không có tội"".",https://audio.tudienkala.com/data/cache/images/300x225/d/e/deliberation1.jpg,https://audio.tudienkala.com/audio/d/e/deliberation.mp3
59,demise,/dɪˈmaɪz/,n,"sự chấm dứt, thất bại (của một học viện, ý tưởng, công ty...)",Losing this game will mean the team's demise.,Mất trò chơi này sẽ có nghĩa là sự chấm dứt của đội.,https://audio.tudienkala.com/data/cache/images/300x225/d/e/demise1.jpg,https://audio.tudienkala.com/audio/d/e/demise.mp3
59,derivative,/dɪˈrɪvətɪv/,adj,sao chép của ai; không có ý tưởng mới hay đặc sắc,His style is very derivative.,Phong cách của anh ấy rất không đặc sắc.,https://audio.tudienkala.com/data/cache/images/300x225/d/e/derivative1.jpg,https://audio.tudienkala.com/audio/d/e/derivative.mp3
59,deterrent,/dɪˈterənt/,n,"cách ngăn cản, ngăn chặn",Hopefully his punishment will act as a deterrent to others.,Hy vọng rằng hình phạt của mình sẽ đóng vai trò răn đe cho những người khác.,https://audio.tudienkala.com/data/cache/images/300x225/d/e/deterrent1.jpg,https://audio.tudienkala.com/audio/d/e/deterrent.mp3
59,detrimental,/detrɪˈmentəl/,adj,có hại,the sun's detrimental effect on skin,ảnh hưởng gây hại của ánh nắng mặt trời trên da,https://audio.tudienkala.com/data/cache/images/300x225/d/e/detrimental1.jpg,https://audio.tudienkala.com/audio/d/e/detrimental.mp3
59,devious,/ˈdiːviəs/,adj,"không thành thật, thủ đoạn",You have to be devious if you're going to succeed in business.,Bạn phải thủ đoạn nếu như bạn muốn thành công trong kinh doanh.,https://audio.tudienkala.com/data/cache/images/300x225/d/e/devious1.jpg,https://audio.tudienkala.com/audio/d/e/devious.mp3
59,dichotomy,/daɪˈkɒtəmi/,n,sự chia rẽ giữa 2 nhóm khác biệt,Her essay discusses the dichotomy between good and evil in the author's novels.,Bài luận của mình thảo luận về sự phân đôi giữa thiện và ác trong tiểu thuyết của tác giả.,https://audio.tudienkala.com/data/cache/images/300x225/d/i/dichotomy1.png,https://audio.tudienkala.com/audio/d/i/dichotomy.mp3
59,dictum,/ˈdɪk.təm/,n,câu châm ngôn,"the dictum that ‘In politics, there are no friendships.’","Câu châm ngôn rằng ""Trong chính trị, không có tình bạn.""",https://audio.tudienkala.com/data/cache/images/300x225/d/i/dictum1.jpg,https://audio.tudienkala.com/audio/d/i/dictum.mp3
59,discern,/dɪˈsɜːn/,v,"nhận ra, hiểu điều gì (nhất là điều gì đó không rõ ràng)",It is possible to discern a number of different techniques in her work.,Có thể nhận ra một số kỹ thuật khác nhau trong công việc của cô ấy.,https://audio.tudienkala.com/data/images_example/300x225/i/t/it_is_poss_ex2_58772bcf7f8b9ac5308b45da.jpg,https://audio.tudienkala.com/audio/d/i/discern.mp3
59,discrepancy,/dis'krepənsi/,n,"‹sự› khác nhau, trái ngược nhau",We easily explained the discrepancy between the two destiny.,Chúng tôi dễ dàng giải thích sự khác nhau giữa 2 số phận.,https://audio.tudienkala.com/data/cache/images/300x225/d/i/discrepancy1.jpg,https://audio.tudienkala.com/audio/d/i/discrepancy.mp3
59,discriminate,/dɪˈskrɪmɪneɪt/,v,phân biệt,She felt she had been discriminated against because of her age.,Cô cảm thấy mình bị phân biệt do tuổi tác của mình.,https://audio.tudienkala.com/data/cache/images/300x225/d/i/discriminate1.jpg,https://audio.tudienkala.com/audio/d/i/discriminate.mp3
59,disdain,/dɪsˈdeɪn/,n,"sự khinh miệt, khinh người",He regards the political process with disdain.,Ông ấy xem guồng máy chính trị với thái độ khinh miệt.,https://audio.tudienkala.com/data/cache/images/300x225/d/i/disdain2.jpg,https://audio.tudienkala.com/audio/d/i/disdain.mp3
59,disparity,/dɪˈspærəti/,n,"sự cách biệt, sự chênh lệch",the wide disparity between rich and poor,sự chênh lệch lớn giữa người giàu và người nghèo,https://audio.tudienkala.com/data/cache/images/300x225/d/i/disparity1.jpg,https://audio.tudienkala.com/audio/d/i/disparity.mp3
59,dissent,/dɪˈsent/,n,"sự bất đồng quan điểm, sự chống đối","When the time came to approve the proposal, there were one or two voices of dissent.","Khi thời gian phê duyệt đề xuất này bắt đầu, đã có một hoặc 2 quan điểm bất đồng.",https://audio.tudienkala.com/data/cache/images/300x225/d/i/dissent1.jpg,https://audio.tudienkala.com/audio/d/i/dissent.mp3
59,dormant,/ˈdɔːmənt/,adj,"không hoạt động nhưng tiềm tàng, âm ỉ (khả năng)",a dormant volcano,một ngọn núi lửa không hoạt động.,https://audio.tudienkala.com/data/cache/images/300x225/d/o/dormant1.jpg,https://audio.tudienkala.com/audio/d/o/dormant.mp3
59,dubious,/ˈdjuːbiəs/,adj,không chắc chắn; nghi ngờ,I was rather dubious about the whole idea.,Tôi đã khá nghi ngờ về toàn bộ ý tưởng này.,https://audio.tudienkala.com/data/cache/images/300x225/d/u/dubious2.png,https://audio.tudienkala.com/audio/d/u/dubious.mp3
59,eccentric,/ɪkˈsentrɪk/,adj,"kì dị, lập dị",eccentric behaviour,hành vi lập dị,https://audio.tudienkala.com/data/cache/images/300x225/e/c/eccentric1.jpg,https://audio.tudienkala.com/audio/e/c/eccentric.mp3
59,egalitarian,/ɪˌɡælɪˈteəriən/,adj,"dựa trên, giữ quan điểm rằng mọi người đều bình đẳng và nên có quyền và cơ hội ngang nhau",an egalitarian society,một xã hội bình đẳng,https://audio.tudienkala.com/data/cache/images/300x225/e/g/egalitarian1.jpg,https://audio.tudienkala.com/audio/e/g/egalitarian.mp3
59,elicit,/ɪˈlɪsɪt/,v,"khơi gợi, lấy được (thông tin hay phản ứng của ai)",They were able to elicit the support of the public.,Họ có thể khơi gợi sự ủng hộ từ công chúng.,https://audio.tudienkala.com/data/cache/images/300x225/e/l/elicit2.png,https://audio.tudienkala.com/audio/e/l/elicit.mp3
59,elusive,/ɪˈluːsɪv/,adj,"khó tìm thấy, định nghĩa, đạt được","Eric, as elusive as ever, was nowhere to be found.","Eric, như khó nắm bắt hơn bao giờ hết, không được tìm thấy ở đâu.",https://audio.tudienkala.com/data/cache/images/300x225/e/l/elusive2.jpg,https://audio.tudienkala.com/audio/e/l/elusive.mp3
60,empirical,/ɪmˈpɪrɪkəl/,adj,"theo kinh nghiệm, thực tiễn",empirical evidence,bằng chứng thực tiễn,https://audio.tudienkala.com/data/images_example/300x225/e/m/empirical__ex1_58772a6c7f8b9a9d308b45d1.jpg,https://audio.tudienkala.com/audio/e/m/empirical.mp3
60,emulate,/ˈemjəleɪt/,v,noi gương,She hopes to emulate her sister's sporting achievements.,Cô hy vọng sẽ noi gương thành tích thể thao của chị gái.,https://audio.tudienkala.com/data/images_example/300x225/s/h/she_hopes__ex2_58772bd27f8b9ac5308b45ea.jpg,https://audio.tudienkala.com/audio/e/m/emulate.mp3
60,endemic,/enˈdemɪk/,adj,"đặc thù, cố hữu",Malaria is endemic in many hot countries.,Malaria là nước đặt thù trong những nước có khí hậu nóng.,https://audio.tudienkala.com/data/cache/images/300x225/e/n/endemic1.jpg,https://audio.tudienkala.com/audio/e/n/endemic.mp3
60,endorse,/ɪnˈdɔːrs/,v,"xác nhận, chứng thực chất lượng được quảng cáo (của món hàng...)",I wholeheartedly endorse his remarks.,Tôi hết lòng tán thành ý kiến phát biểu của anh ấy.,https://audio.tudienkala.com/data/cache/images/300x225/e/n/endorse1.png,https://audio.tudienkala.com/audio/e/n/endorse.mp3
60,enduring,/ɪnˈdjʊərɪŋ/,adj,"lâu dài, bền vững",What is the reason for the game's enduring appeal?,Lý do sự hấp dẫn lâu dài của trò chơi này là gì?,https://audio.tudienkala.com/data/cache/images/300x225/e/n/enduring1.jpg,https://audio.tudienkala.com/audio/e/n/enduring.mp3
60,enhance,/in'hɑ:ns/,v,"nâng cao, tăng cường",This is an opportunity to enhance the reputation of the company.,Đây là cơ hội để nâng cao danh tiếng của công ty.,https://audio.tudienkala.com/data/cache/images/300x225/e/n/enhance2.png,https://audio.tudienkala.com/audio/e/n/enhance.mp3
60,enigma,/ɪˈnɪɡmə/,n,điều bí ẩn,Even after years he still remains an enigma to me.,Thậm chí sau nhiều năm ông vẫn còn là một bí ẩn đối với tôi.,https://audio.tudienkala.com/data/cache/images/300x225/e/n/enigma1.jpg,https://audio.tudienkala.com/audio/e/n/enigma.mp3
60,equitable,/ˈekwɪtəbl/,adj,"công bằng, hợp lí",an equitable distribution of resources.,phân phối hợp lí các nguồn tài nguyên.,https://audio.tudienkala.com/data/cache/images/300x225/e/q/equitable1.jpg,https://audio.tudienkala.com/audio/e/q/equitable.mp3
60,eradicate,/ɪˈrædɪkeɪt/,v,tiêu hủy,The government claims to be doing all it can to eradicate corruption.,Chính phủ tuyên bố sẽ làm tất cả những gì có thể để diệt trừ tham nhũng.,https://audio.tudienkala.com/data/cache/images/300x225/e/r/eradicate1.jpg,https://audio.tudienkala.com/audio/e/r/eradicate.mp3
60,erratic,/ɪˈrætɪk/,adj,thất thường; không đều; không thể tin cậy,The electricity supply here is quite erratic.,Việc cung cấp điện ở đây là khá thất thường.,https://audio.tudienkala.com/data/cache/images/300x225/e/r/erratic1.jpg,https://audio.tudienkala.com/audio/e/r/erratic.mp3
60,erroneous,/ɪˈrəʊniəs/,adj,không đúng; dựa trên thông tin sai,He seems to be under the erroneous impression that she is in love with him.,Anh ta có vẻ là đang cảm tưởng sai lầm rằng cô ấy đang yêu anh ta.,https://audio.tudienkala.com/data/cache/images/300x225/e/r/erroneous1.jpg,https://audio.tudienkala.com/audio/e/r/erroneous.mp3
60,exemplary,/ɪɡˈzempləri/,adj,"gương mẫu, mẫu mực",Her behaviour was exemplary.,Cách cư xử của cô ấy rất mẫu mực.,https://audio.tudienkala.com/data/cache/images/300x225/e/x/exemplary1.jpg,https://audio.tudienkala.com/audio/e/x/exemplary.mp3
60,exhaustive,/ɪɡˈzɔːstɪv/,adj,"bao gồm mọi thứ có thể; thấu đáo, toàn diện",exhaustive research,nghiên cứu toàn diện,https://audio.tudienkala.com/data/cache/images/300x225/e/x/exhaustive1.jpg,https://audio.tudienkala.com/audio/e/x/exhaustive.mp3
60,exhilarating,/ɪɡˈzɪləreɪtɪŋ/,adj,"rất vui, phấn khởi",My first parachute jump was an exhilarating experience.,Lần đầu tiên tôi nhảy dù là một trãi nghiệm rất vui.,https://audio.tudienkala.com/data/cache/images/300x225/e/x/exhilarating1.jpg,https://audio.tudienkala.com/audio/e/x/exhilarating.mp3
60,expatriate,/ˌeksˈpætriət/,adj,người sinh sống ở một nước không phải là nơi mình sinh ra,American expatriates in Paris.,Việt kiều Mỹ ở Paris.,https://audio.tudienkala.com/data/cache/images/300x225/e/x/expatriate1.jpg,https://audio.tudienkala.com/audio/e/x/expatriate.mp3
60,expedient,/ɪkˈspiːdiənt/,n,"cách, kế (thường không đúng đắn)",It might be expedient not to pay him until the work is finished.,Có lẽ đây là cách để không phải trả tiền cho anh ấy đến khi công việc hoàn thành.,https://audio.tudienkala.com/data/images_example/300x225/i/t/it_might_b_ex2_58772bd57f8b9ac5308b45fa.png,https://audio.tudienkala.com/audio/e/x/expedient.mp3
60,explicit,/ɪkˈsplɪsɪt/,adj,"rõ ràng, dễ hiểu",He gave me very explicit directions on how to get there.,Ông ấy đã hướng dẫn đường đi đến đó rất rõ ràng.,https://audio.tudienkala.com/data/cache/images/300x225/e/x/explicit1.jpg,https://audio.tudienkala.com/audio/e/x/explicit.mp3
60,extant,/ekˈstænt/,adj,"vẫn còn tồn tại, hiện còn",We have some extant parish records from the 16th century.,Chúng tôi hiện vẫn còn một số hồ sơ giáo xứ tồn tại từ thế kỷ thứ 16.,https://audio.tudienkala.com/data/cache/images/300x225/e/x/extant1.jpg,https://audio.tudienkala.com/audio/e/x/extant.mp3
60,faction,/ˈfækʃən/,n,"bè phái, bè cánh",rival factions within the administration,các bè phái trong chính phủ,https://audio.tudienkala.com/data/images_example/300x225/r/i/rival_fact_ex2_58772bd57f8b9ac5308b45fe.jpg,https://audio.tudienkala.com/audio/f/a/faction.mp3
60,feasible,/ˈfiːzəbl/,adj,khả thi,"With the extra resources, the project now seems feasible.","Với các nguồn lực bổ sung, dự án bây giờ có vẻ khả thi.",https://audio.tudienkala.com/data/cache/images/300x225/f/e/feasible1.jpg,https://audio.tudienkala.com/audio/f/e/feasible.mp3
60,fervour,/ˈfɜːrvər/,n,cảm xúc mãnh liệt,She kissed him with unusual fervour.,Cô ta đã hôn anh ấy với một cảm xúc mãnh liệt bất thường.,https://audio.tudienkala.com/data/images_example/300x225/s/h/she_kissed_ex2_58772bd67f8b9ac5308b4600.jpg,https://audio.tudienkala.com/audio/f/e/fervour.mp3
60,fidelity,/fɪˈdeləti/,n,lòng trung thành,fidelity to your principles,hãy trung thành với nguyên tắc của bạn,https://audio.tudienkala.com/data/cache/images/300x225/f/i/fidelity1.jpg,https://audio.tudienkala.com/audio/f/i/fidelity.mp3
60,flamboyant,/flæmˈbɔɪənt/,adj,"sặc sỡ, rực rỡ, khoa trương",The writer's flamboyant lifestyle was well known.,Lối sống khoa trương của nhà văn đã nổi tiếng.,https://audio.tudienkala.com/data/cache/images/300x225/f/l/flamboyant1.jpg,https://audio.tudienkala.com/audio/f/l/flamboyant.mp3
60,foster,/ˈfɔːstər/,v,"ấp ủ, nuôi dưỡng, thúc đẩy",The club's aim is to foster better relations within the community.,Mục đích của câu lạc bộ là để thúc đẩy các mối quan hệ tốt hơn trong cộng đồng.,https://audio.tudienkala.com/data/cache/images/300x225/f/o/foster1.jpg,https://audio.tudienkala.com/audio/f/o/foster.mp3
60,founder,/ˈfaʊndər/,n,nhà sáng lập,Steve Jobs and Steve Wozniak who are joint founders of Apple.,Steve Jobs và Steve Wozniak là những người sáng lập nên hãng Apple.,https://audio.tudienkala.com/data/images_example/300x225/s/t/steve_jobs_ex2_587726f77f8b9ae72f8b46a9.jpg,https://audio.tudienkala.com/audio/f/o/founder.mp3
60,fraudulent,/ˈfrɔːdjələnt/,adj,"gian lận, lừa lọc",A worrying trend for insurers has been a rise in fraudulent claims.,Một xu hướng đáng lo ngại cho các công ty bảo hiểm là sự tăng lên về các yêu cầu gian lận.,https://audio.tudienkala.com/data/cache/images/300x225/f/r/fraudulent1.jpg,https://audio.tudienkala.com/audio/f/r/fraudulent.mp3
60,fundamental,"/,fʌndə'mentl/",adj,"cơ bản, chủ yếu",I need to go to the fundamental food store to buy vegan foods.,Tôi cần đến cửa hàng thực phẩm cơ bản để mua thực phẩm chay.,https://audio.tudienkala.com/data/cache/images/300x225/f/u/fundamental1.jpg,https://audio.tudienkala.com/audio/f/u/fundamental.mp3
60,futile,/ˈfjuːtaɪl/,adj,"vô ích, không hiệu quả",It's completely futile trying to reason with him - he just won't listen.,"Nó hoàn toàn vô ích khi cố gắng giải thích với anh ấy, anh ấy sẽ không lắng nghe đâu.",https://audio.tudienkala.com/data/cache/images/300x225/f/u/futile1.jpg,https://audio.tudienkala.com/audio/f/u/futile.mp3
60,genre,/ˈʒɒnrə/,n,"loại, thể loại (văn học, nghệ thuật, phim ảnh, âm nhạc)",This book is a classic of the mystery genre.,Cuốn sách này là một thể loại huyền bí cổ điện.,https://audio.tudienkala.com/data/cache/images/300x225/g/e/genre1.jpg,https://audio.tudienkala.com/audio/g/e/genre.mp3
60,glacial,/ˈɡleɪsiəl/,adj,"rất lạnh, như băng đá",Her expression was glacial.,Vẻ mặt của cô ấy rất là lạnh lùng.,https://audio.tudienkala.com/data/cache/images/300x225/g/l/glacial1.jpg,https://audio.tudienkala.com/audio/g/l/glacial.mp3
60,grandiose,/ˈɡrændiəʊs/,adj,"có quy mô lớn, phô trương",He could no longer live the grandiose lifestyle to which he had become accustomed.,Anh ấy không còn sống cuộc sống phô trước mà anh ấy đã từng quen thuộc nữa.,https://audio.tudienkala.com/data/cache/images/300x225/g/r/grandiose1.jpg,https://audio.tudienkala.com/audio/g/r/grandiose.mp3
60,gravity,/ˈɡrævəti/,n,tính nghiêm trọng,I don't think you realise the gravity of the situation.,Tôi không nghĩ rằng bạn nhận ra mức độ nghiêm trọng của tình hình.,https://audio.tudienkala.com/data/cache/images/300x225/g/r/gravity1.jpg,https://audio.tudienkala.com/audio/g/r/gravity.mp3
60,hamper,/'hæmpə/,v,"cản trở, gây trở ngại",The lack of supplies hampered our ability to finish on schedule.,Việc thiếu đồ dự trữ đã gây trở ngại cho khả năng hoàn thành đúng thời gian của chúng tôi.,https://audio.tudienkala.com/data/cache/images/300x225/h/a/hamper2.png,https://audio.tudienkala.com/audio/h/a/hamper.mp3
60,heed,/hiːd/,v,"chú ý, lưu ý",They failed to heed the lessons of history.,Họ không để ý đến những bài học lịch sử.,https://audio.tudienkala.com/data/cache/images/300x225/h/e/heed1.jpg,https://audio.tudienkala.com/audio/h/e/heed.mp3
60,heresy,/ˈherəsi/,n,"niềm tin, quan điểm dị giáo (đi ngược lại nguyên tắc của một tôn giáo nào đó)",He was burned at the stake for heresy.,Ông ấy đã bị thiêu sống vì quan điểm dị giáo.,https://audio.tudienkala.com/data/cache/images/300x225/h/e/heresy1.jpg,https://audio.tudienkala.com/audio/h/e/heresy.mp3
60,heyday,/ˈheɪdeɪ/,n,"thời cực thịnh, thời hoàng kim","In its heyday, the company ran trains every fifteen minutes.","Trong thời kì hoàng kim của mình, công ty xe lửa chạy cứ 15 phút một chuyến.",https://audio.tudienkala.com/data/cache/images/300x225/h/e/heyday1.jpg,https://audio.tudienkala.com/audio/h/e/heyday.mp3
60,hierarchy,/ˈhaɪərɑːki/,n,hệ thống cấp bậc,She's quite high up in the management hierarchy.,Cô ấy có vị trí khá là cao trong hệ thống phân cấp quản lý.,https://audio.tudienkala.com/data/cache/images/300x225/h/i/hierarchy1.jpg,https://audio.tudienkala.com/audio/h/i/hierarchy.mp3
60,hinder,/ˈhɪndər/,v,cản trở,Some teachers felt hindered by a lack of resources.,Một số giáo viên cảm thấy sự cản trở vì thiếu nguồn lực.,https://audio.tudienkala.com/data/cache/images/300x225/h/i/hinder1.jpg,https://audio.tudienkala.com/audio/h/i/hinder.mp3
60,homogeneous,/hɒməˈdʒiːniəs/,adj,"đồng nhất, thuần nhất",The population of the village has remained remarkably homogeneous.,Dân số của làng vẫn còn khá đồng nhất.,https://audio.tudienkala.com/data/cache/images/300x225/h/o/homogeneous1.jpg,https://audio.tudienkala.com/audio/h/o/homogeneous.mp3
60,hypothetical,/ˌhaɪpəˈθetɪkəl/,adj,(có tính) giả thuyết; chưa được chứng minh,"Let us take the hypothetical case of Sheila, a mother of two…","Chúng ta hãy lấy tình huống giả định của Sheila, một người mẹ của hai ...",https://audio.tudienkala.com/data/cache/images/300x225/h/y/hypothetical1.jpg,https://audio.tudienkala.com/audio/h/y/hypothetical.mp3
60,illicit,/ɪˈlɪsɪt/,adj,không hợp pháp,There are illicit drugs such as cocaine and cannabis.,Có các loại thuốc bất hợp pháp như cocaine và cần sa.,https://audio.tudienkala.com/data/cache/images/300x225/i/l/illicit1.jpg,https://audio.tudienkala.com/audio/i/l/illicit.mp3
60,illuminate,/i'ju:mineit/,v,"chiếu sáng, làm sáng tỏ",Let me turn on more lights to properly illuminate the back teeth.,Để tôi bật thêm đèn để chiếu sáng đúng mức hàm răng đen.,https://audio.tudienkala.com/data/cache/images/300x225/i/l/illuminate1.png,https://audio.tudienkala.com/audio/i/l/illuminate.mp3
60,impartial,/ɪmˈpɑːʃəl/,adj,"công bằng, không thiên vị","As chairman, I must remain impartial.","Như một người chủ tịch, tôi vẫn phải công bằng.",https://audio.tudienkala.com/data/cache/images/300x225/i/m/impartial1.jpg,https://audio.tudienkala.com/audio/i/m/impartial.mp3
60,impeccable,/ɪmˈpekəbl/,adj,"hoàn hảo, không chê vào đâu được, không tỳ vết (đồ vật...)",Her written English is impeccable.,Kỹ năng viết tiếng anh của cô ấy không thể chê vào đâu được.,https://audio.tudienkala.com/data/images_example/300x225/h/e/her_writte_ex2_58772a797f8b9a9d308b4617.jpg,https://audio.tudienkala.com/audio/i/m/impeccable.mp3
60,impetus,/ˈɪmpɪtəs/,n,"(nghĩa bóng) sự thúc đẩy, động lực",The debate seems to have lost much of its initial impetus.,Các cuộc tranh luận dường như đã mất đi nhiều động lực ban đầu của nó.,https://audio.tudienkala.com/data/cache/images/300x225/i/m/impetus1.jpg,https://audio.tudienkala.com/audio/i/m/impetus.mp3
60,implement,/ˈɪmplɪment/,v,"thi hành, thực hiện",The contract was implemented after everyone agreed.,Hợp đồng đã được thi hành sau khi tất cả mọi người đồng ý.,https://audio.tudienkala.com/data/cache/images/300x225/i/m/implement2.jpg,https://audio.tudienkala.com/audio/i/m/implement.mp3
60,impoverished,/ɪmˈpɒvərɪʃt/,adj,rất nghèo,impoverished peasants,nông dân nghèo khó,https://audio.tudienkala.com/data/cache/images/300x225/i/m/impoverished1.jpg,https://audio.tudienkala.com/audio/i/m/impoverished.mp3
61,indifferent,/ɪnˈdɪfərənt/,adj,"hờ hững, dửng dưng",The government cannot afford to be indifferent to public opinion.,Chính phủ không có đủ khả năng để dửng dưng với dư luận.,https://audio.tudienkala.com/data/cache/images/300x225/i/n/indifferent1.jpg,https://audio.tudienkala.com/audio/i/n/indifferent.mp3
61,indigenous,/ɪnˈdɪdʒɪnəs/,adj,"bản địa, vốn thuộc về một nơi nào đó",the indigenous peoples/languages of the area,các dân tộc bản địa / ngôn ngữ bản địa của khu vực,https://audio.tudienkala.com/data/cache/images/300x225/i/n/indigenous1.jpg,https://audio.tudienkala.com/audio/i/n/indigenous.mp3
61,indignant,/ɪnˈdɪɡnənt/,adj,"căm phẫn, phẫn nộ",She was very indignant at the way she had been treated.,Cô ấy đã rất căm phẫn với cái cách mà cô ấy bị đối xử.,https://audio.tudienkala.com/data/cache/images/300x225/i/n/indignant1.jpg,https://audio.tudienkala.com/audio/i/n/indignant.mp3
61,inert,/ɪˈnɜːt/,adj,trơ,He lay inert with half-closed eyes.,Anh nằm trơ với đôi mắt khép hờ.,https://audio.tudienkala.com/data/images_example/300x225/h/e/he_lay_ine_ex1_58772bdb7f8b9ac5308b4624.jpg,https://audio.tudienkala.com/audio/i/n/inert.mp3
61,infamous,/ˈɪnfəməs/,adj,khét tiếng,a general who was infamous for his brutality.,một vị tướng khét tiếng về sự độc ác của mình.,https://audio.tudienkala.com/data/cache/images/300x225/i/n/infamous1.jpg,https://audio.tudienkala.com/audio/i/n/infamous.mp3
61,infer,/ɪnˈfɜːr/,v,"suy ra, kết luận",Much of the meaning must be inferred from the context.,Phần lớn ý nghĩa phải được suy ra từ ngữ cảnh.,https://audio.tudienkala.com/data/images_example/300x225/m/u/much_of_th_ex2_58772a397f8b9a99308b45e2.jpg,https://audio.tudienkala.com/audio/i/n/infer.mp3
61,ingenious,/ɪnˈdʒiːniəs/,adj,"khéo léo, tài tình, mưu trí",She's very ingenious when it comes to finding excuses.,Cô ấy rất khéo léo khi tìm lời bào chữa.,https://audio.tudienkala.com/data/cache/images/300x225/i/n/ingenious1.jpg,https://audio.tudienkala.com/audio/i/n/ingenious.mp3
61,inherent,/ɪnˈherənt/,adj,"vốn có, cố hữu",the difficulties inherent in a study of this type,những khó khăn vốn có trong nghiên cứu về loại hình này,https://audio.tudienkala.com/data/images_example/300x225/t/h/the_diffic_ex1_58772a397f8b9a99308b45e4.jpg,https://audio.tudienkala.com/audio/i/n/inherent.mp3
61,innate,/ɪˈneɪt/,adj,bẩm sinh,Animals always have the innate ability to learn.,Động vật luôn có khả năng học hỏi bẩm sinh.,https://audio.tudienkala.com/data/cache/images/300x225/i/n/innate1.jpg,https://audio.tudienkala.com/audio/i/n/innate.mp3
61,insinuate,/ɪnˈsɪnjueɪt/,v,"nói bóng gió, ám chỉ",The article insinuated that he was having an affair with his friend's wife.,Bài báo nói bóng gió rằng ông ta đã có quan hệ với vợ của bạn mình.,https://audio.tudienkala.com/data/cache/images/300x225/i/n/insinuate1.jpg,https://audio.tudienkala.com/audio/i/n/insinuate.mp3
61,integral,/'intigrəl/,adj,"cần thiết, không thể thiếu",The battery is an integral part of a watch and without it you would not know the time.,Pin là một phần không thể thiếu của đồng hồ và nếu không có nó bạn sẽ không biết được thời gian.,https://audio.tudienkala.com/data/images_example/300x225/t/h/the_batter_ex1_56248d157f8b9a040dc65f3c.jpg,https://audio.tudienkala.com/audio/i/n/integral.mp3
61,integrity,/in´tegriti/,n,"tính toàn bộ, tính toàn vẹn",upholding territorial integrity and national sovereignty,giữ gìn toàn vẹn lãnh thổ và chủ quyền quốc gia,https://audio.tudienkala.com/data/images_example/300x225/u/p/upholding__ex2_581ab64d7f8b9a529d8b45e8.jpg,https://audio.tudienkala.com/audio/i/n/integrity.mp3
61,intermittent,/ˌɪntəˈmɪtənt/,adj,"lúc có lúc không, không liên tục","Although she made intermittent movie appearances, she was essentially a stage actress.","Mặc dù cô ấy không liên tục xuất hiện trên phim, tuy nhiên cô ấy thật sự là một diễn viên sân khấu.",https://audio.tudienkala.com/data/cache/images/300x225/i/n/intermittent1.jpg,https://audio.tudienkala.com/audio/i/n/intermittent.mp3
61,intricate,/ˈɪntrɪkət/,adj,phức tạp,The watch mechanism is extremely intricate and very difficult to repair.,Cơ chế của chiếc đồng hồ là cực kỳ phức tạp và rất khó để sửa chữa.,https://audio.tudienkala.com/data/images_example/300x225/t/h/the_watch__ex2_58772a847f8b9a9d308b4655.jpg,https://audio.tudienkala.com/audio/i/n/intricate.mp3
61,intrinsic,/ɪnˈtrɪnsɪk/,adj,"nội tại, thực chất bên trong",The intrinsic value of a diamond has nothing to do with its selling price.,Giá trị thực chất của một viên kim cương không liên quan gì đến giá bán của nó.,https://audio.tudienkala.com/data/images_example/300x225/t/h/the_intrin_ex2_58772a857f8b9a9d308b4657.png,https://audio.tudienkala.com/audio/i/n/intrinsic.mp3
61,intuition,/ˌɪntjuˈɪʃən/,n,trực giác,Intuition told her that he had spoken the truth.,Trực giác đã nói với cô ấy rằng anh ta đã nói sự thật.,https://audio.tudienkala.com/data/cache/images/300x225/i/n/intuition1.jpg,https://audio.tudienkala.com/audio/i/n/intuition.mp3
61,ironic,/aɪəˈrɒnɪk/,adj,"mỉa mai, châm biếm",It's ironic that she became a teacher—she used to hate school.,Thật là mỉa mai khi cô ấy đã trở thành một giáo viên - cô đã từng ghét trường học.,https://audio.tudienkala.com/data/images_example/300x225/i/t/its_ironic_ex2_58772bde7f8b9ac5308b4632.jpg,https://audio.tudienkala.com/audio/i/r/ironic.mp3
61,irony,/ˈaɪərəni/,n,"sự châm biếm, mỉa mai, sự trớ trêu","The irony is that when he finally got the job, he discovered he didn't like it.","Điều trớ trêu là khi cuối cùng ông ấy nhận được công việc, ông ấy phát hiện ra mình không thích nó.",https://audio.tudienkala.com/data/cache/images/300x225/i/r/irony1.jpg,https://audio.tudienkala.com/audio/i/r/irony.mp3
61,irrational,/ɪˈræʃənəl/,adj,phi lý,You're being irrational.,Bạn đang rất là phi lí.,https://audio.tudienkala.com/data/images_example/300x225/y/o/youre_bein_ex2_58772bde7f8b9ac5308b4636.jpg,https://audio.tudienkala.com/audio/i/r/irrational.mp3
61,jargon,/ˈdʒɑːɡən/,n,"biệt ngữ, thuật ngữ (dùng bởi một nhóm người hay trong một nghề nghiệp chuyên môn)",Try to avoid using too much technical jargon.,Hãy cố gắng tránh sử dụng quá nhiều thuật ngữ kỹ thuật.,https://audio.tudienkala.com/data/cache/images/300x225/j/a/jargon1.png,https://audio.tudienkala.com/audio/j/a/jargon.mp3
61,labyrinth,/ˈlæb.ə.rɪnθ/,n,mê cung,We lost our way in the labyrinth of streets.,Chúng tôi lạc đường trong mê cung đường phố.,https://audio.tudienkala.com/data/cache/images/300x225/l/a/labyrinth1.png,https://audio.tudienkala.com/audio/l/a/labyrinth.mp3
61,lament,/ləˈment/,v,"thương xót, than van, rên rỉ",In the poem he laments the destruction of the countryside.,Trong bài thơ ông than vãn sự tàn phá của vùng nông thôn.,https://audio.tudienkala.com/data/cache/images/300x225/l/a/lament1.jpg,https://audio.tudienkala.com/audio/l/a/lament.mp3
61,lavish,/ˈlævɪʃ/,adj,"lớn, hoang phí",They lived a very lavish lifestyle.,Họ đã sống một cuộc sống rất hoang phí.,https://audio.tudienkala.com/data/cache/images/300x225/l/a/lavish1.jpg,https://audio.tudienkala.com/audio/l/a/lavish.mp3
61,legacy,/ˈleɡəsi/,n,"tài sản kế thừa, gia tài",They each received a legacy of $5000.,Mỗi người họ nhận được tài sản thừa kế là 5000 đô la.,https://audio.tudienkala.com/data/images_example/300x225/t/h/they_each__ex2_58772be17f8b9ac5308b4640.jpg,https://audio.tudienkala.com/audio/l/e/legacy.mp3
61,lofty,/ˈlɒfti/,adj,"kiêu căng, kiêu ngạo",her lofty disdain for other people,thái độ kiêu ngạo của cô ta đối với người khác,https://audio.tudienkala.com/data/images_example/300x225/h/e/her_lofty__ex2_58772be17f8b9ac5308b4642.jpg,https://audio.tudienkala.com/audio/l/o/lofty.mp3
61,magnate,/ˈmæɡneɪt/,n,"trùm (tư bản); người giàu có, quyền lực và rất thành công (đặc biệt là trong kinh doanh)",The company was owned by shipping magnate Fred Olsen.,Công ty này thuộc sở hữu của ông trùm vận chuyển Fred Olsen.,https://audio.tudienkala.com/data/cache/images/300x225/m/a/magnate1.jpg,https://audio.tudienkala.com/audio/m/a/magnate.mp3
61,mandate,/ˈmændeɪt/,n,tờ uỷ nhiệm,The election victory gave the party a clear mandate to continue its programme of reform.,Các chiến thắng trong cuộc bầu cử đã cho các bên một nhiệm vụ rõ ràng để tiếp tục chương trình cải cách.,https://audio.tudienkala.com/data/cache/images/300x225/m/a/mandate1.png,https://audio.tudienkala.com/audio/m/a/mandate.mp3
61,manifesto,/ˌmænɪˈfestəʊ/,n,bản tuyên ngôn,an election manifesto,một tuyên ngôn tranh cử,https://audio.tudienkala.com/data/images_example/300x225/a/n/an_electio_ex2_58772be27f8b9ac5308b4646.jpg,https://audio.tudienkala.com/audio/m/a/manifesto.mp3
61,mar,/mɑːr/,v,"làm hư, làm hỏng",The game was marred by the behaviour of drunken fans.,Trận đấu đã bị ảnh hưởng bởi hành vi của một người hâm mộ say xỉn.,https://audio.tudienkala.com/data/cache/images/300x225/m/a/mar1.jpg,https://audio.tudienkala.com/audio/m/a/mar.mp3
61,marshal,/ˈmɑːʃəl/,v,tập hợp và sắp xếp lại,They have begun marshalling forces to send relief to the hurricane victims.,Họ đã bắt đầu tập hợp các lực lượng để cứu trợ các nạn nhân của cơn bão.,https://audio.tudienkala.com/data/cache/images/300x225/m/a/marshal1.jpg,https://audio.tudienkala.com/audio/m/a/marshal.mp3
61,meagre,/ˈmiːɡər/,adj,"sơ sài, đạm bạc, ít ỏi",a meagre diet of bread and water,một chế độ ăn ít ỏi với bánh mì và nước,https://audio.tudienkala.com/data/cache/images/300x225/m/e/meagre1.jpg,https://audio.tudienkala.com/audio/m/e/meagre.mp3
61,mentor,/'mentɔ:/,n,thầy hướng dẫn,She is a friend and mentor to many children.,Cô ấy là một người bạn và người hướng dẫn của nhiều đứa trẻ.,https://audio.tudienkala.com/data/cache/images/300x225/m/e/mentor1.png,https://audio.tudienkala.com/audio/m/e/mentor.mp3
61,mercenary,/ˈmɜːsənəri/,n,lính đánh thuê; tay sai,foreign mercenary,lính đánh thuê nước ngoài,https://audio.tudienkala.com/data/cache/images/300x225/m/e/mercenary1.jpg,https://audio.tudienkala.com/audio/m/e/mercenary.mp3
61,metaphor,/ˈmetəfər/,n,phép ẩn dụ,a game of football used as a metaphor for the competitive struggle of life,một trận bóng đá được sử dụng như một phép ẩn dụ cho cuộc đấu tranh cạnh tranh của cuộc sống,https://audio.tudienkala.com/data/cache/images/300x225/m/e/metaphor1.jpg,https://audio.tudienkala.com/audio/m/e/metaphor.mp3
61,meticulous,/məˈtɪkjələs/,adj,"tỉ mỉ, kỹ càng",Their room had been prepared with meticulous care.,Phòng của họ đã được chuẩn bị cẩn thận tỉ mỉ.,https://audio.tudienkala.com/data/cache/images/300x225/m/e/meticulous1.jpg,https://audio.tudienkala.com/audio/m/e/meticulous.mp3
61,momentous,/məʊˈmentəs/,adj,"quan trọng, trọng đại","At the same time, momentous events were taking place in Russia.","Cùng một thời gian, các sự kiện trọng đại đều diễn ra ở Nga.",https://audio.tudienkala.com/data/cache/images/300x225/m/o/momentous1.jpg,https://audio.tudienkala.com/audio/m/o/momentous.mp3
61,monotonous,/məˈnɒtənəs/,adj,"đều đều, đơn điệu, buồn tẻ",New secretaries came and went with monotonous regularity.,Các bí thư mới đến và đi đều đều.,https://audio.tudienkala.com/data/images_example/300x225/n/e/new_secret_ex2_58772a8b7f8b9a9d308b4675.jpg,https://audio.tudienkala.com/audio/m/o/monotonous.mp3
61,mundane,/mʌnˈdeɪn/,adj,"không thú vị, không hấp dẫn; bình thường, nhàm chán","Sitting by a river meditating is nice, but real spirituality comes from making the mundane sacred.","Ngồi một thiền bên sông là tốt đẹp, nhưng tâm linh thật sự xuất phát từ việc biến các việc trần tục trở nên linh thiên.",https://audio.tudienkala.com/data/images_example/300x225/s/i/sitting_by_ex2_58772af37f8b9aab308b4646.jpg,https://audio.tudienkala.com/audio/m/u/mundane.mp3
61,myriad,/ˈmɪr.i.əd/,n,"vô số, rất nhiều",Designs are available in a myriad of colours.,Thiết kế có sẵn có vô số màu sắc.,https://audio.tudienkala.com/data/cache/images/300x225/m/y/myriad1.jpg,https://audio.tudienkala.com/audio/m/y/myriad.mp3
61,naive,/naɪˈiːv/,adj,"thiếu kinh nghiệm, kiến thức, sự đánh giá trong cuộc sống; ngây thơ",I can't believe you were so naive as to trust him!,Tôi không thể tin rằng bạn đã quá ngây thơ khi tin lời anh ta.,https://audio.tudienkala.com/data/images_example/300x225/i/_/i_cant_bel_ex2_58772be47f8b9ac5308b4652.jpg,https://audio.tudienkala.com/audio/n/a/naive.mp3
61,nostalgic,/nɒsˈtældʒɪk/,adj,"luyến tiếc quá khứ, hoài niệm",I feel quite nostalgic for the place where I grew up.,Tôi cảm thấy khá hoài niệm về nơi tôi đã lớn lên.,https://audio.tudienkala.com/data/images_example/300x225/i/_/i_feel_qui_ex2_58772b467f8b9ab7308b460b.jpg,https://audio.tudienkala.com/audio/n/o/nostalgic.mp3
61,novel,/ˈnɑːvl/,n,"truyện, tiểu thuyết",His latest novel is selling really well.,Cuốn tiểu thuyết mới nhất của ông đang bán rất chạy.,https://audio.tudienkala.com/data/cache/images/300x225/n/o/novel1.jpg,https://audio.tudienkala.com/audio/n/o/novel.mp3
61,novice,/ˈnɒvɪs/,n,"người mới học, người chưa có kinh nghiệm",I'm a complete novice at skiing.,Tôi hoàn toàn chưa có kinh nghiệm về trượt tuyết.,https://audio.tudienkala.com/data/images_example/300x225/i/m/im_a_compl_ex2_58772af47f8b9aab308b464d.jpg,https://audio.tudienkala.com/audio/n/o/novice.mp3
61,nuance,/ˈnjuːɑːns/,n,sắc thái,He changed his nuance of expression when he heard this news.,Anh ấy đã thay đổi sắc thái biểu cảm khi nghe thông tin này.,https://audio.tudienkala.com/data/images_example/300x225/h/e/he_changed_ex1_58772a8e7f8b9a9d308b4687.jpg,https://audio.tudienkala.com/audio/n/u/nuance.mp3
61,objective,/əbˈdʒektɪv/,n,"mục tiêu, mục đích, khách quan",The main objective of this meeting is to give more information on our plans.,Mục đích chính của cuộc họp này là để cung cấp thêm thông tin về các kế hoạch của chúng tôi.,https://audio.tudienkala.com/data/cache/images/300x225/o/b/objective1.jpg,https://audio.tudienkala.com/audio/o/b/objective.mp3
61,oblivion,/əˈblɪviən/,n,sự lãng quên,Most of his inventions have been consigned to oblivion.,Hầu hết các phát minh của ông đều bị đi vào quên lãng.,https://audio.tudienkala.com/data/cache/images/300x225/o/b/oblivion1.jpg,https://audio.tudienkala.com/audio/o/b/oblivion.mp3
61,oblivious,/əˈblɪviəs/,adj,không chú ý đến,"He drove off, oblivious of the damage he had caused.","Ông ta lái xe đi, không chú ý đến những thiệt hại mà ông đã gây ra.",https://audio.tudienkala.com/data/images_example/300x225/h/e/he_drove_o_ex2_58772a8f7f8b9a9d308b468b.jpg,https://audio.tudienkala.com/audio/o/b/oblivious.mp3
61,obscure,/əbˈskjʊər/,adj,khó hiểu,I found her lecture very obscure.,Tôi thấy bài giảng của cô rất khó hiểu.,https://audio.tudienkala.com/data/cache/images/300x225/o/b/obscure1.jpg,https://audio.tudienkala.com/audio/o/b/obscure.mp3
61,obsolete,/ˈɒbsəliːt/,adj,"lỗi thời, lạc hậu",With technological changes many traditional skills have become obsolete.,Với những thay đổi của công nghệ nhiều kỹ năng truyền thống đã trở nên lỗi thời.,https://audio.tudienkala.com/data/cache/images/300x225/o/b/obsolete1.jpg,https://audio.tudienkala.com/audio/o/b/obsolete.mp3
62,ominous,/ˈɒmɪnəs/,adj,"báo điềm xấu, đáng ngại",She picked up the phone but there was an ominous silence at the other end.,"Cô nhấc điện thoại lên, nhưng đã có một sự im lặng đáng ngại ở đầu kia.",https://audio.tudienkala.com/data/cache/images/300x225/o/m/ominous1.jpg,https://audio.tudienkala.com/audio/o/m/ominous.mp3
62,onerous,/ˈəʊnərəs/,adj,"cần sự nỗ lực rất lớn; gây khó nhọc, nặng nề",She found the duties of motherhood onerous.,Cô ấy thấy nhiệm vụ của người mẹ thật nặng nhọc.,https://audio.tudienkala.com/data/images_example/300x225/s/h/she_found__ex2_58772be87f8b9ac5308b465a.jpg,https://audio.tudienkala.com/audio/o/n/onerous.mp3
62,opaque,/əʊˈpeɪk/,adj,"khó hiểu, không rõ ràng",I find her poetry a little too opaque.,Tôi thấy thơ của cô ấy có một chút khó hiểu.,https://audio.tudienkala.com/data/cache/images/300x225/o/p/opaque1.jpg,https://audio.tudienkala.com/audio/o/p/opaque.mp3
62,ornate,/ɔːˈneɪt/,adj,trang trí công phu; hoa mĩ (văn phong),a mirror in an ornate gold frame,một tấm gương trong một khung vàng được trang trí công phu,https://audio.tudienkala.com/data/cache/images/300x225/o/r/ornate1.jpg,https://audio.tudienkala.com/audio/o/r/ornate.mp3
62,orthodox,/ˈɔːθədɒks/,adj,thông thường; đi theo những quan điểm thường được chấp nhận,He is very orthodox in his views,Ông là rất chính thống trong quan điểm của mình.,https://audio.tudienkala.com/data/cache/images/300x225/o/r/orthodox1.jpg,https://audio.tudienkala.com/audio/o/r/orthodox.mp3
62,paradigm,/ˈpærədaɪm/,n,"mẫu, mô hình",He need to provide a paradigm for students to copy.,Anh ấy cần cung cấp một mô hình cho sinh viên sao chép.,https://audio.tudienkala.com/data/cache/images/300x225/p/a/paradigm2.png,https://audio.tudienkala.com/audio/p/a/paradigm.mp3
62,paradox,/ˈpærədɒks/,n,"nghịch lí, mâu thuẫn",He was a paradox—a loner who loved to chat to strangers.,"Ông là một người mâu thuẫn, một người cô độc thích trò chuyện với người lạ.",https://audio.tudienkala.com/data/images_example/300x225/h/e/he_was_a_p_ex1_587729ed7f8b9a8e308b4619.jpg,https://audio.tudienkala.com/audio/p/a/paradox.mp3
62,parochial,/pəˈrəʊkiəl/,adj,thiển cận; có tính địa phương,They need to be better informed and less parochial in their thinking.,Họ cần phải am hiểu hơn và ít thiển cận trong suy nghĩ của họ.,https://audio.tudienkala.com/data/cache/images/300x225/p/a/parochial1.jpg,https://audio.tudienkala.com/audio/p/a/parochial.mp3
62,parody,/ˈpærədi/,n,"văn, thơ, hành động nhại lại ai, cái gì đó để giải trí hay gây cười",This is a parody of a horror film.,Đây là một hành động nhại lại bộ phim kinh dị.,https://audio.tudienkala.com/data/cache/images/300x225/p/a/parody1.jpg,https://audio.tudienkala.com/audio/p/a/parody.mp3
62,parry,/ˈpæri/,v,lẩn tránh (trả lời điều gì đó),She parried all questions about their relationship.,Cô gạt tất cả các câu hỏi về mối quan hệ của họ.,https://audio.tudienkala.com/data/cache/images/300x225/p/a/parry1.jpg,https://audio.tudienkala.com/audio/p/a/parry.mp3
62,partisan,/ˌpɑːtɪˈzæn/,adj,"thiên vị, thiên lệch",Most newspapers are politically partisan.,Hầu hết các tờ báo là thiên về chính trị.,https://audio.tudienkala.com/data/cache/images/300x225/p/a/partisan1.jpg,https://audio.tudienkala.com/audio/p/a/partisan.mp3
62,pastoral,/ˈpɑːstərəl/,adj,"(thuộc) mục đồng, người chăn thả súc vật",The painting depicts an idyllic pastoral scene of shepherds watching over their grazing sheep.,Bức tranh miêu tả một cảnh bình dị của người chăn cừu đang chăn thả gia súc của họ.,https://audio.tudienkala.com/data/cache/images/300x225/p/a/pastoral1.jpg,https://audio.tudienkala.com/audio/p/a/pastoral.mp3
62,pedestrian,/pɪˈdestriən/,adj,chán ngắt,Her latest play is more pedestrian and less ambitious than her earlier work.,Trò chơi mới nhất của cô ấy thì chán hơn và ít tham vọng hơn những cái trước đây.,https://audio.tudienkala.com/data/cache/images/300x225/p/e/pedestrian1.jpg,https://audio.tudienkala.com/audio/p/e/pedestrian.mp3
62,perceptive,/pə'septiv/,adj,"nhận thức được, cảm giác được, cảm thụ được",It takes a perceptive person to be a good manager.,Phải là một người có khả năng cảm nhận mới trở thành một nhà quản lý tốt.,https://audio.tudienkala.com/data/cache/images/300x225/p/e/perceptive2.png,https://audio.tudienkala.com/audio/p/e/perceptive.mp3
62,peripheral,/pəˈrɪfərəl/,adj,"(thuộc) chu vi, ngoại biên",peripheral information,thông tin ngoại biên,https://audio.tudienkala.com/data/cache/images/300x225/p/e/peripheral1.jpg,https://audio.tudienkala.com/audio/p/e/peripheral.mp3
62,personification,/pəˌsɒnɪfɪˈkeɪʃn/,n,là một ví dụ điển hình của,She was the personification of elegance.,Cô ấy là một ví dụ điển hình của sự thanh lịch.,https://audio.tudienkala.com/data/images_example/300x225/s/h/she_was_th_ex2_58772bec7f8b9ac5308b4670.jpg,https://audio.tudienkala.com/audio/p/e/personification.mp3
62,pertinent,/'pɔ:tinənt/,adj,"thích hợp, thích đáng, có liên quan",He should speak a pertinent problem.,Anh ất nên nói thẳng vào vấn đề của anh ấy.,https://audio.tudienkala.com/data/cache/images/300x225/p/e/pertinent1.png,https://audio.tudienkala.com/audio/p/e/pertinent.mp3
62,pervasive,/pəˈveɪsɪv/,adj,"toả khắp, lan tràn khắp, phổ biến",a pervasive smell of damp,một mùi ẩm mốc tỏa khắp,https://audio.tudienkala.com/data/images_example/300x225/a/_/a_pervasiv_ex2_58772b237f8b9ab7308b4567.jpg,https://audio.tudienkala.com/audio/p/e/pervasive.mp3
62,pious,/ˈpaɪəs/,adj,ngoan đạo,"She is a pious follower of the faith, never missing her prayers.","Cô ấy là một tín đồ ngoan đạo của đức tin, không bao giờ quên những lời cầu nguyện của mình.",https://audio.tudienkala.com/data/cache/images/300x225/p/i/pious1.jpg,https://audio.tudienkala.com/audio/p/i/pious.mp3
62,plausible,/ˈplɔːzɪbl/,adj,"hợp lí, có vẻ đúng",Her story sounded perfectly plausible.,Câu chuyện của cô ấy nghe có vẻ hoàn toàn hợp lí.,https://audio.tudienkala.com/data/cache/images/300x225/p/l/plausible1.jpg,https://audio.tudienkala.com/audio/p/l/plausible.mp3
62,poignant,/ˈpɔɪnjənt/,adj,"gây xúc động, chua xót, sâu sắc",Her face was a poignant reminder of the passing of time.,Gương mặt cô là một lời nhắc nhở chua xót về sự qua đi của thời gian.,https://audio.tudienkala.com/data/cache/images/300x225/p/o/poignant1.jpg,https://audio.tudienkala.com/audio/p/o/poignant.mp3
62,postulate,/ˈpɒstjʊleɪt/,v,"coi như là đúng, mặc nhiên",They postulated a 500-year lifespan for a plastic container.,Họ mặc nhiên công nhận tuổi thọ 500 năm cho một container nhựa.,https://audio.tudienkala.com/data/cache/images/300x225/p/o/postulate1.jpg,https://audio.tudienkala.com/audio/p/o/postulate.mp3
62,potent,/ˈpəʊtənt/,adj,có ảnh hưởng mạnh (đối với cơ thể hay trí tuệ),Mary’s perfume was so potent it affected my sinuses and caused me to sneeze.,Nước hoa của Mary rất mạnh đã ảnh hưởng đến xoang và khiến tôi hắt hơi.,https://audio.tudienkala.com/data/images_example/300x225/m/a/marys_perf_ex2_58772bee7f8b9ac5308b467a.jpg,https://audio.tudienkala.com/audio/p/o/potent.mp3
62,pragmatic,/præɡˈmætɪk/,adj,giải quyết vấn đề một cách thực tế,a pragmatic approach to management problems,một cách tiếp cận thực tế đến các vấn đề quản lý,https://audio.tudienkala.com/data/cache/images/300x225/p/r/pragmatic1.jpg,https://audio.tudienkala.com/audio/p/r/pragmatic.mp3
62,precarious,/prɪˈkeəriəs/,adj,"bấp bênh, không ổn định; nguy hiểm",He earned a precarious living as an artist.,Ông đã có một cuộc sống bấp bênh như một nghệ sĩ.,https://audio.tudienkala.com/data/images_example/300x225/h/e/he_earned__ex2_58772bef7f8b9ac5308b467e.jpg,https://audio.tudienkala.com/audio/p/r/precarious.mp3
62,precedent,/ˈpresɪdənt/,n,tiền lệ,The ruling set a precedent for future libel cases.,Phán quyết thiết lập một tiền lệ cho trường hợp tội phỉ báng tương lai.,https://audio.tudienkala.com/data/cache/images/300x225/p/r/precedent1.jpg,https://audio.tudienkala.com/audio/p/r/precedent.mp3
62,preclude,/pri'klu:d/,v,"ngăn ngừa, loại trừ",The horrible rainstorm precluded us from traveling any further.,Cơn mưa giông kinh khủng đã ngăn chúng tôi du hành thêm nữa.,https://audio.tudienkala.com/data/cache/images/300x225/p/r/preclude2.jpg,https://audio.tudienkala.com/audio/p/r/preclude.mp3
62,precursor,/ˌpriːˈkɜːsər/,n,tiền thân của,a stringed instrument that was the precursor of the guitar.,một nhạc cụ dây là tiền thân của cây đàn guitar.,https://audio.tudienkala.com/data/images_example/300x225/a/_/a_stringed_ex2_58772bf07f8b9ac5308b4684.jpg,https://audio.tudienkala.com/audio/p/r/precursor.mp3
62,predecessor,/ˈpriːdɪˌsesə/,n,"người đi trước, bậc tiền bối","Unlike his predecessor, the new manager is quite extroverted and sociable.","Không giống như người tiền nhiệm của mình, người quản lí mới khá là hướng ngoại và hòa đồng.",https://audio.tudienkala.com/data/images_example/300x225/u/n/unlike_his_ex2_58772bf07f8b9ac5308b4686.png,https://audio.tudienkala.com/audio/p/r/predecessor.mp3
62,prerogative,/prɪˈrɒɡətɪv/,n,đặc quyền,In many countries education is still the prerogative of the rich.,"Ở nhiều quốc gia, giáo dục là đặc quyền của những người giàu có.",https://audio.tudienkala.com/data/cache/images/300x225/p/r/prerogative1.jpg,https://audio.tudienkala.com/audio/p/r/prerogative.mp3
62,prevalent,/ˈprevələnt/,adj,phổ biến,The disease is even more prevalent in Latin America.,Dịch bệnh này thậm chí còn phổ biến hơn ở các nước Mỹ Latinh.,https://audio.tudienkala.com/data/images_example/300x225/t/h/the_diseas_ex1_587729f07f8b9a8e308b462b.jpg,https://audio.tudienkala.com/audio/p/r/prevalent.mp3
62,profound,/prəˈfaʊnd/,adj,rất lớn; sâu sắc,profound changes in the earth's climate,sự thay đổi rất lớn trong khí hậu của trái đất,https://audio.tudienkala.com/data/images_example/300x225/p/r/profound_c_ex1_587729f17f8b9a8e308b4631.jpg,https://audio.tudienkala.com/audio/p/r/profound.mp3
62,prolific,/prəʊˈlɪfɪk/,adj,tạo ra nhiều sản phẩm...,Picasso was extremely prolific during his Cubist years.,Picasso đã tạo ra nhiều sản phẩm trong những năm lập thể của mình.,https://audio.tudienkala.com/data/images_example/300x225/p/i/picasso_wa_ex2_58772bf17f8b9ac5308b468a.jpg,https://audio.tudienkala.com/audio/p/r/prolific.mp3
62,propensity,/prəʊˈpensəti/,n,thiên hướng,He showed a propensity for violence.,Anh ấy đã cho thấy một thiên hướng bạo lực.,https://audio.tudienkala.com/data/images_example/300x225/h/e/he_showed__ex2_58772bf17f8b9ac5308b468c.jpg,https://audio.tudienkala.com/audio/p/r/propensity.mp3
62,proponent,/prəʊˈpəʊnənt/,n,người ủng hộ một ý tưởng hoặc đường lối hoạt động,He is one of the leading proponents of capital punishment.,Ông là một trong những người ủng hộ hàng đầu về hình phạt tử hình.,https://audio.tudienkala.com/data/cache/images/300x225/p/r/proponent1.jpg,https://audio.tudienkala.com/audio/p/r/proponent.mp3
62,protagonist,/prəʊˈtæɡənɪst/,n,"vai chính (trong một vở kịch, bộ phim, cuốn sách)",Badlands has two protagonists.,Badlands có hai nhân vật chính.,https://audio.tudienkala.com/data/cache/images/300x225/p/r/protagonist1.jpg,https://audio.tudienkala.com/audio/p/r/protagonist.mp3
62,provincial,/prəˈvɪnʃəl/,adj,"cổ hủ; không chịu chấp nhận cái mới, khác biệt","In spite of his education and travels, he has remained very provincial.","Mặc dù với sự giáo dục và những chuyến du hành của mình, anh ấy vẫn rất cổ hủ.",https://audio.tudienkala.com/data/cache/images/300x225/p/r/provincial1.jpg,https://audio.tudienkala.com/audio/p/r/provincial.mp3
62,provisional,/prəˈvɪʒənəl/,adj,"tạm thời, lâm thời",a provisional government,chính phủ lâm thời,https://audio.tudienkala.com/data/cache/images/300x225/p/r/provisional1.jpg,https://audio.tudienkala.com/audio/p/r/provisional.mp3
62,provocative,/prəˈvɒkətɪv/,adj,chọc giận ai; khiêu khích,a provocative remark,một lời nhận xét khiêu khích,https://audio.tudienkala.com/data/cache/images/300x225/p/r/provocative1.jpg,https://audio.tudienkala.com/audio/p/r/provocative.mp3
62,proximity,/prɔk´simiti/,n,"sắp xỉ, sự gần gũi",The fans were worried by the proximity of the storm clouds.,Những người hâm mộ lo lắng bởi đám mây báo bão đến gần.,https://audio.tudienkala.com/data/cache/images/300x225/p/r/proximity1.jpg,https://audio.tudienkala.com/audio/p/r/proximity.mp3
62,prudent,/ˈpruːdənt/,adj,"khôn ngoan, thận trọng",a prudent businessman,một doanh nhân khôn ngoan,https://audio.tudienkala.com/data/images_example/300x225/a/_/a_prudent__ex2_58772bf37f8b9ac5308b4698.jpg,https://audio.tudienkala.com/audio/p/r/prudent.mp3
62,qualify,/ˈkwɒlɪfaɪ/,v,"đủ tư cách, khả năng, điều kiện",How long does it take to qualify?,Phải mất bao lâu mới đủ điều kiện?,https://audio.tudienkala.com/data/cache/images/300x225/q/u/qualify1.jpg,https://audio.tudienkala.com/audio/q/u/qualify.mp3
62,reconcile,/'rekənsail/,v,"chỉnh lý, làm cho phù hợp/nhất trí, hòa giải",The accountant found the error when she reconcile the account.,Nhân viên kế toán tìm ra lỗi khi cô ấy chỉnh lý tài khoản (sửa lại tài khoản cho đúng).,https://audio.tudienkala.com/data/cache/images/300x225/r/e/reconcile1.jpg,https://audio.tudienkala.com/audio/r/e/reconcile.mp3
62,remorse,/rɪˈmɔːs/,n,"sự ăn năn, hối hận",I felt guilty and full of remorse.,Tôi cảm thấy có lỗi và đầy hối hận.,https://audio.tudienkala.com/data/cache/images/300x225/r/e/remorse1.jpg,https://audio.tudienkala.com/audio/r/e/remorse.mp3
62,reprieve,/rɪˈpriːv/,v,(pháp lý) hoãn thi hành một bản án (tử hình),70 jobs have been reprieved until next April.,70 công việc đã được hoãn cho đến tháng tư tới.,https://audio.tudienkala.com/data/cache/images/300x225/r/e/reprieve1.jpg,https://audio.tudienkala.com/audio/r/e/reprieve.mp3
62,reproach,/rɪˈprəʊtʃ/,v,đổ lỗi hoặc chỉ trích ai,She was reproached by colleagues for leaking the story to the press.,Cô đã đổ lỗi cho các đồng nghiệp về việc rò rỉ những câu chuyện cho báo chí.,https://audio.tudienkala.com/data/cache/images/300x225/r/e/reproach1.jpg,https://audio.tudienkala.com/audio/r/e/reproach.mp3
62,resolution,/rɛzəˈluːʃ(ə)n/,n,độ phân giải,high-resolution graphics,đồ họa với độ phân giải cao,https://audio.tudienkala.com/data/cache/images/300x225/r/e/resolution1.jpg,https://audio.tudienkala.com/audio/r/e/resolution.mp3
63,respite,/ˈrespaɪt/,n,thời gian nghỉ ngơi hoặc thoát khỏi điều gì khó khăn hoặc không dễ chịu,She continued to work without respite.,Cô ấy tiếp tục làm việc mà không có thời gian nghỉ ngơi.,https://audio.tudienkala.com/data/images_example/300x225/s/h/she_contin_ex2_58772bf57f8b9ac5308b46a2.jpg,https://audio.tudienkala.com/audio/r/e/respite.mp3
63,resurgence,/rɪˈsɜːdʒəns/,n,"sự hồi sinh, trỗi dậy (nghĩa bóng)",a resurgence of interest in the artist's work,mối quan tâm trỗi dậy với công việc nghệ sĩ,https://audio.tudienkala.com/data/cache/images/300x225/r/e/resurgence1.jpg,https://audio.tudienkala.com/audio/r/e/resurgence.mp3
63,rhetoric,/ˈretərɪk/,n,"lời lẽ hùng hồn (nhưng không hoàn toàn trung thực, chân thành)",His speech was dismissed as mere rhetoric by the opposition.,Bài phát biểu của ông đã bị bác bỏ chỉ vì lời nói hùng hồn của phe đối lập.,https://audio.tudienkala.com/data/images_example/300x225/h/i/his_speech_ex2_58772bf67f8b9ac5308b46a6.png,https://audio.tudienkala.com/audio/r/h/rhetoric.mp3
63,rigorous,/ˈrɪɡərəs/,adj,"khắt khe, nghiêm ngặt",The second team adopted a much more rigorous approach to the problem.,Nhóm nghiên cứu thứ hai đã thông qua một cách tiếp cận vấn đề khắt khe hơn.,https://audio.tudienkala.com/data/images_example/300x225/t/h/the_second_ex2_58772bf67f8b9ac5308b46a8.jpg,https://audio.tudienkala.com/audio/r/i/rigorous.mp3
63,robust,/rəʊˈbʌst/,adj,khoẻ mạnh,"She was almost 90, but still very robust.",Cô ấy gần 90 tuổi những vẫn rất khỏe mạnh.,https://audio.tudienkala.com/data/cache/images/300x225/r/o/robust2.png,https://audio.tudienkala.com/audio/r/o/robust.mp3
63,rudimentary,/ruːdɪˈmentəri/,adj,"sơ bộ, sơ đẳng",They were given only rudimentary training in the job.,Họ chỉ đưa ra khóa đào tạo căn bản trong công việc.,https://audio.tudienkala.com/data/cache/images/300x225/r/u/rudimentary1.jpg,https://audio.tudienkala.com/audio/r/u/rudimentary.mp3
63,rustic,/ˈrʌstɪk/,adj,"dân dã, chất phác; mộc mạc",The property has a certain rustic charm.,Nơi này có một nét duyên dáng mộc mạc nhất định.,https://audio.tudienkala.com/data/cache/images/300x225/r/u/rustic1.jpg,https://audio.tudienkala.com/audio/r/u/rustic.mp3
63,ruthless,/ˈruːθləs/,adj,tàn ác; nhẫn tâm,The way she behaved towards him was utterly ruthless.,Cách cô ấy cư xử đối với anh ta cực kỳ tàn nhẫn.,https://audio.tudienkala.com/data/images_example/300x225/t/h/the_way_sh_ex2_58772bf87f8b9ac5308b46ae.jpg,https://audio.tudienkala.com/audio/r/u/ruthless.mp3
63,sage,/seɪdʒ/,n,người rất khôn ngoan,The wise old sage nodded.,Nhà hiền triết già khôn ngoan đã gật đầu.,https://audio.tudienkala.com/data/cache/images/300x225/s/a/sage1.jpg,https://audio.tudienkala.com/audio/s/a/sage.mp3
63,sanction,/ˈsæŋkʃən/,v,phê chuẩn,The government refused to sanction a further cut in interest rates.,Chính phủ đã từ chối phê duyệt việc cắt giảm thêm lãi suất.,https://audio.tudienkala.com/data/cache/images/300x225/s/a/sanction1.jpg,https://audio.tudienkala.com/audio/s/a/sanction.mp3
63,sarcasm,/ˈsɑːkæzəm/,n,"sự chế nhạo, lời châm biếm","""You have been working hard,"" he said with heavy sarcasm, as he looked at the empty page.","""Bạn đã làm việc chăm chỉ,"" ông nói với vẻ mỉa mai nặng, khi nhìn vào trang trống.",https://audio.tudienkala.com/data/images_example/300x225/y/o/you_have_b_ex2_58772bfa7f8b9ac5308b46b4.jpg,https://audio.tudienkala.com/audio/s/a/sarcasm.mp3
63,sardonic,/sɑːˈdɒn.ɪk/,adj,"nhạo báng, khinh miệt",He looked at her with sardonic amusement.,Anh nhìn cô với vẻ nhạo báng thích thú.,https://audio.tudienkala.com/data/cache/images/300x225/s/a/sardonic1.png,https://audio.tudienkala.com/audio/s/a/sardonic.mp3
63,singular,/ˈsɪŋɡjələr/,adj,rất tuyệt vời hoặc rõ ràng,landscape of singular beauty,cảnh quan với vẻ đẹp tuyệt vời,https://audio.tudienkala.com/data/cache/images/300x225/s/i/singular1.jpg,https://audio.tudienkala.com/audio/s/i/singular.mp3
63,sombre,/ˈsɒmbər/,adj,đau buồn,Paul was in a sombre mood.,Paul đang rất đau buồn.,https://audio.tudienkala.com/data/cache/images/300x225/s/o/sombre1.jpg,https://audio.tudienkala.com/audio/s/o/sombre.mp3
63,sparse,/spɑːs/,adj,"thưa thớt, rải rác",Information coming out of the disaster area is sparse.,Các thông tin từ khu vực thảm họa rất là thưa thớt.,https://audio.tudienkala.com/data/cache/images/300x225/s/p/sparse1.jpg,https://audio.tudienkala.com/audio/s/p/sparse.mp3
63,sporadic,/spəˈrædɪk/,adj,"không thường xuyên; không đều đặn, rải rác",More than 100 people have been killed this year in sporadic outbursts of ethnic violence.,Hơn 100 người đã thiệt mạng trong năm nay trong sự bùng phát rải rác của bạo lực sắc tộc.,https://audio.tudienkala.com/data/cache/images/300x225/s/p/sporadic1.jpg,https://audio.tudienkala.com/audio/s/p/sporadic.mp3
63,spurious,/ˈspjʊəriəs/,adj,"giả, giả mạo",He had managed to create the entirely spurious impression that the company was thriving.,Ông ấy đã cố gắng tạo ra những cảm giác hoàn toàn giả mạo rằng công ty đang phát triển mạnh.,https://audio.tudienkala.com/data/images_example/300x225/h/e/he_had_man_ex2_58772bfc7f8b9ac5308b46c0.jpg,https://audio.tudienkala.com/audio/s/p/spurious.mp3
63,stagnant,/ˈstægnənt/,adj,trì trệ,A stagnant economy is not growing or developing.,Một nền kinh tế trì trệ là nền kinh tế không đang lớn lên hoặc không đang phát triển.,https://audio.tudienkala.com/data/images_example/300x225/a/_/a_stagnant_ex2_56248d117f8b9a020d26187c.jpg,https://audio.tudienkala.com/audio/s/t/stagnant.mp3
63,static,/ˈstætɪk/,adj,"tĩnh, không thay đổi, phát triển",The balance sheet provides a static picture of the financial position at a point in time.,Bảng cân đối cung cấp một hình ảnh tĩnh về tình hình tài chính tại một thời điểm.,https://audio.tudienkala.com/data/cache/images/300x225/s/t/static1.jpg,https://audio.tudienkala.com/audio/s/t/static.mp3
63,staunch,/stɔːntʃ/,adj,trung thành,He gained a reputation as being a staunch defender.,Ông ấy nổi tiếng như là một hậu vệ trung thành.,https://audio.tudienkala.com/data/cache/images/300x225/s/t/staunch1.jpg,https://audio.tudienkala.com/audio/s/t/staunch.mp3
63,stringent,/ˈstrɪndʒənt/,adj,nghiêm ngặt,We need to introduce more stringent security measures such as identity cards.,Chúng tôi cần phải giới thiệu các biện pháp an ninh nghiêm ngặt hơn như chứng minh thư.,https://audio.tudienkala.com/data/cache/images/300x225/s/t/stringent1.jpg,https://audio.tudienkala.com/audio/s/t/stringent.mp3
63,subordinate,/səˈbɔːdənət/,adj,"có địa vị, cấp bậc thấp hơn",In many societies women are subordinate to men.,Nhiều phụ nữ trong xã hội có địa vị thấp hơn đàn ông.,https://audio.tudienkala.com/data/cache/images/300x225/s/u/subordinate1.png,https://audio.tudienkala.com/audio/s/u/subordinate.mp3
63,subtle,/ˈsʌtl/,adj,"khó thấy, không dễ phát hiện",There are subtle differences between the two versions.,Có sự khác biệt khó phát hiện giữa hai phiên bản.,https://audio.tudienkala.com/data/cache/images/300x225/s/u/subtle1.jpg,https://audio.tudienkala.com/audio/s/u/subtle.mp3
63,subversive,/səbˈvɜːsɪv/,adj,"(cố gắng, có khả năng) lật đổ chính phủ hay hệ thống chính trị",subversive activities,các hoạt động lật đổ chính quyền,https://audio.tudienkala.com/data/cache/images/300x225/s/u/subversive1.png,https://audio.tudienkala.com/audio/s/u/subversive.mp3
63,superficial,/ˌsupərˈfɪʃəl/,adj,"nông cạn, hời hợt",a superficial friendship,một mối quan hệ hời hợt,https://audio.tudienkala.com/data/cache/images/300x225/s/u/superficial1.jpg,https://audio.tudienkala.com/audio/s/u/superficial.mp3
63,superfluous,/suːˈpɜːfluəs/,adj,"thừa thãi, không cần thiết",The report was marred by a mass of superfluous detail.,Bản báo cáo bị ảnh hưởng bởi một loạt các chi tiết thừa thãi.,https://audio.tudienkala.com/data/cache/images/300x225/s/u/superfluous1.jpg,https://audio.tudienkala.com/audio/s/u/superfluous.mp3
63,susceptible,/səˈseptəbl/,adj,"dễ bị (ảnh hưởng, tổn thương,...)",He's highly susceptible to flattery.,Anh ấy rất dễ bị ảnh hưởng.,https://audio.tudienkala.com/data/images_example/300x225/h/e/hes_highly_ex1_587729fa7f8b9a8e308b4661.jpg,https://audio.tudienkala.com/audio/s/u/susceptible.mp3
63,sustain,/səˈsteɪn/,v,"giữ vững được, duy trì",Which planets can sustain life?,Những hành tinh nào có thể duy trì sự sống?,https://audio.tudienkala.com/data/images_example/300x225/w/h/which_plan_ex1_58772a417f8b9a99308b460e.png,https://audio.tudienkala.com/audio/s/u/sustain.mp3
63,tacit,/ˈtæsɪt/,adj,"ngầm, không nói ra","By tacit agreement, the subject was never mentioned again.","Theo thỏa thuận ngầm, chủ đề này không bao giờ được đề cập một lần nữa.",https://audio.tudienkala.com/data/cache/images/300x225/t/a/tacit1.jpg,https://audio.tudienkala.com/audio/t/a/tacit.mp3
63,tangible,/'tændʒəbl/,adj,"hữu hình, rõ ràng",We cannot accept his findings without tangible evidence.,Chúng tôi không thể chấp nhận việc tìm kiếm của anh ấy mà không có chứng cứ rõ ràng,https://audio.tudienkala.com/data/cache/images/300x225/t/a/tangible1.jpg,https://audio.tudienkala.com/audio/t/a/tangible.mp3
63,tedious,/'ti:djəs/,adj,"chán ngắt, tẻ nhạt, nhạt nhẽo, buồn tẻ",Counting merchandise all weekend is the most tedious job I can imagine.,Kiểm đếm hàng suốt kỳ nghỉ cuối tuần là một công việc tẻ nhạt nhất tôi có thể hình dung.,https://audio.tudienkala.com/data/cache/images/300x225/t/e/tedious1.png,https://audio.tudienkala.com/audio/t/e/tedious.mp3
63,temper,/ˈtempər/,v,làm ôn hoà hoặc làm dịu đi tác động của cái gì,The hot sunny days were tempered by a light breeze.,Những ngày nắng nóng đã được làm dịu đi bởi một làn gió nhẹ.,https://audio.tudienkala.com/data/cache/images/300x225/t/e/temper1.jpg,https://audio.tudienkala.com/audio/t/e/temper.mp3
63,temperate,/ˈtempərət/,adj,có chừng mực; ôn hoà,He is a temperate man.,Anh ấy là một người đàn ông ôn hòa.,https://audio.tudienkala.com/data/images_example/300x225/h/e/he_is_a_te_ex2_58772bff7f8b9ac5308b46d0.jpg,https://audio.tudienkala.com/audio/t/e/temperate.mp3
63,tentative,/ˈtentətɪv/,adj,tạm thời,I have tentative plans to take a trip to Seattle in July.,Tôi có kế hoạch tạm thời về một chuyến đi đến Seattle vào tháng Bảy.,https://audio.tudienkala.com/data/cache/images/300x225/t/e/tentative1.jpg,https://audio.tudienkala.com/audio/t/e/tentative.mp3
63,tenuous,/ˈtenjuəs/,adj,"yếu ớt, không chắc chắn (hầu như không tồn tại)",The police have only found a tenuous connection between the two robberies.,Cảnh sát chỉ tìm thấy một kết nối yếu ớt giữa hai tên cướp.,https://audio.tudienkala.com/data/cache/images/300x225/t/e/tenuous1.jpg,https://audio.tudienkala.com/audio/t/e/tenuous.mp3
63,transient,/ˈtrænziənt/,adj,"ngắn ngủi, thoáng qua",A glass of whisky has only a transient warming effect.,Một ly whisky chỉ có một hiệu ứng ấm lên thoáng qua.,https://audio.tudienkala.com/data/cache/images/300x225/t/r/transient1.png,https://audio.tudienkala.com/audio/t/r/transient.mp3
63,trivial,/ˈtrɪviəl/,adj,"nhỏ nhặt, lặt vặt",My younger brother and I used to have some arguments about trivial things.,Trước đây em trai tôi và tôi hay tranh cãi nhau về những chuyện nhỏ nhặt.,https://audio.tudienkala.com/data/images_example/300x225/m/y/my_younger_ex1_587729fe7f8b9a8e308b4673.jpg,https://audio.tudienkala.com/audio/t/r/trivial.mp3
63,ubiquitous,/juːˈbɪkwɪtəs/,adj,có ở khắp nơi; rất phổ biến,"Leather is very much in fashion this season, as is the ubiquitous denim.",Da được sử dụng rất nhiều trong thời trang mùa này như một chất liệu phổ biến.,https://audio.tudienkala.com/data/cache/images/300x225/u/b/ubiquitous1.jpg,https://audio.tudienkala.com/audio/u/b/ubiquitous.mp3
63,undermine,/ˌʌndəˈmaɪn/,v,"làm yếu đi, giảm hiệu quả (nhất là sự tự tin, quyền lực)",This crisis has undermined his position.,Cuộc khủng hoảng này đã làm suy yếu đi vị trí của anh ấy.,https://audio.tudienkala.com/data/cache/images/300x225/u/n/undermine1.jpg,https://audio.tudienkala.com/audio/u/n/undermine.mp3
63,unequivocal,/ˌʌnɪˈkwɪvəkəl/,adj,"(thể hiện ý kiến, ý định) rõ ràng và chắc chắn",The answer was an unequivocal ‘no’.,"Câu trả lời rõ ràng là "" không "".",https://audio.tudienkala.com/data/images_example/300x225/t/h/the_answer_ex2_58772c007f8b9ac5308b46d8.jpg,https://audio.tudienkala.com/audio/u/n/unequivocal.mp3
63,unorthodox,/ʌnˈɔːθədɒks/,adj,không chính thống,unorthodox methods,phương pháp không chính thống,https://audio.tudienkala.com/data/cache/images/300x225/u/n/unorthodox1.png,https://audio.tudienkala.com/audio/u/n/unorthodox.mp3
63,unprecedented,/ʌnˈpresɪdəntɪd/,adj,chưa từng có/xảy ra trước đây,The situation is unprecedented in modern times.,Tình huống này là chưa từng xảy ra trước đây trong thời hiện đại.,https://audio.tudienkala.com/data/cache/images/300x225/u/n/unprecedented1.jpg,https://audio.tudienkala.com/audio/u/n/unprecedented.mp3
63,utilitarian,/ˌjuːtɪlɪˈteəriən/,adj,"mang tính hữu dụng, thiết thực","Like many factories, it's a very ugly utilitarian building.","Giống như nhiều nhà máy, đó là một tòa nhà thiết thực rất xấu xí.",https://audio.tudienkala.com/data/cache/images/300x225/u/t/utilitarian1.jpg,https://audio.tudienkala.com/audio/u/t/utilitarian.mp3
63,viable,/ˈvaɪəbl/,adj,có tính khả thi,I am afraid your plan is not viable.,Tôi e rằng kế hoạch của bạn không có tính khả thi.,https://audio.tudienkala.com/data/images_example/300x225/_/i/_i_am_afra_ex1_58772aac7f8b9a9d308b471f.png,https://audio.tudienkala.com/audio/v/i/viable.mp3
63,volatile,/ˈvɒlətaɪl/,adj,nhiều biến động; dễ trở nên xấu đi hay nguy hiểm hơn,a volatile exchange rate,một biến động tỷ giá,https://audio.tudienkala.com/data/cache/images/300x225/v/o/volatile1.png,https://audio.tudienkala.com/audio/v/o/volatile.mp3
63,vulnerable,/ˈvʌlnərəbl ̩/,adj,"dễ bị tổn thương, dễ bị tấn công","Tourists are more vulnerable to attack, because they do not know which areas of the city to avoid.","Khách du lịch dễ bị tấn công, bởi vì họ không biết khu vực nào trong thành phố để tránh.",https://audio.tudienkala.com/data/cache/images/300x225/v/u/vulnerable1.jpg,https://audio.tudienkala.com/audio/v/u/vulnerable.mp3
63,wary,/ˈweəri/,adj,"thận trọng, cảnh giác đối với ai, điều gì",She was wary of getting involved with him.,Cô ấy cẩn thận với việc tham gia với anh ta.,https://audio.tudienkala.com/data/cache/images/300x225/w/a/wary1.jpg,https://audio.tudienkala.com/audio/w/a/wary.mp3
63,watershed,/ˈwɔːtəʃed/,n,"lưu vực sông, đầu nguồn",the Mackenzie River watershed,lưu vực sông Mackenzie,https://audio.tudienkala.com/data/cache/images/300x225/w/a/watershed1.jpg,https://audio.tudienkala.com/audio/w/a/watershed.mp3
63,wry,/raɪ/,adj,"khôi hài, như trò hề","‘At least we got one vote,’ she said with a wry smile.","""Ít nhất chúng tôi đã nhận một phiếu bầu"", cô nói với một nụ cười gượng gạo.",https://audio.tudienkala.com/data/cache/images/300x225/w/r/wry1.jpg,https://audio.tudienkala.com/audio/w/r/wry.mp3
63,zenith,/ˈzenɪθ/,n,"cực điểm, tột đỉnh","In the 1860s, Tolstoy was at the zenith of his achievement.","Trong những năm 1860, Tolstoy đã ở đỉnh cao trong sự nghiệp của mình.",https://audio.tudienkala.com/data/images_example/300x225/i/n/in_the_186_ex2_58772aad7f8b9a9d308b4727.jpg,https://audio.tudienkala.com/audio/z/e/zenith.mp3
64,aberration,/ˌæbəˈreɪʃən/,n,"sự khác thường, sự loạn trí","A childless woman was regarded as an aberration, almost a social outcast.","Một người phụ nữ không có con được coi là một sự khác thường, gần như một kẻ ngoài lề xã hội.",https://audio.tudienkala.com/data/cache/images/300x225/a/b/aberration1.jpg,https://audio.tudienkala.com/audio/a/b/aberration.mp3
64,abrasive,/əˈbreɪsɪv/,adj,"thô lỗ, cay nghiệt",She has a rather abrasive manner.,Cô ấy có một thái độ khá thô lỗ.,https://audio.tudienkala.com/data/cache/images/300x225/a/b/abrasive1.jpg,https://audio.tudienkala.com/audio/a/b/abrasive.mp3
64,accolade,/ˈækəleɪd/,n,"sự vinh danh, phần thưởng cho thành tựu mà mọi người ngưỡng mộ",There is no higher accolade at this school than an honorary degree.,Không có sự vinh danh nào tại trường này cao hơn một tấm bằng danh dự.,https://audio.tudienkala.com/data/cache/images/300x225/a/c/accolade1.jpg,https://audio.tudienkala.com/audio/a/c/accolade.mp3
64,acrid,/ˈakrɪd/,adj,mùi chát,The fog was yellow and acrid.,Sương mù có màu vàng và chát.,https://audio.tudienkala.com/data/cache/images/300x225/a/c/acrid1.jpg,https://audio.tudienkala.com/audio/a/c/acrid.mp3
64,acrimonious,/ˌækrɪˈməʊniəs/,adj,"chua cay, gay gắt",His parents went through an acrimonious divorce.,Cha mẹ của cậu ấy đã trải qua một cuộc ly hôn gay gắt.,https://audio.tudienkala.com/data/cache/images/300x225/a/c/acrimonious1.jpg,https://audio.tudienkala.com/audio/a/c/acrimonious.mp3
64,acumen,/ˈækjʊmən/,n,sự nhạy bén,She has considerable business acumen.,Cô ta có tài kinh doanh nhạy bén.,https://audio.tudienkala.com/data/images_example/300x225/s/h/she_has_co_ex2_58772c047f8b9ac5308b46ea.jpg,https://audio.tudienkala.com/audio/a/c/acumen.mp3
64,adulation,/ˌædjʊˈleɪʃən/,n,"sự ngưỡng mộ, tâng bốc",The band enjoy the adulation of their fans wherever they go.,Ban nhạc tận hưởng sự ngưỡng mộ từ người hâm mộ ở bất cứ nơi nào họ đi qua.,https://audio.tudienkala.com/data/cache/images/300x225/a/d/adulation1.jpg,https://audio.tudienkala.com/audio/a/d/adulation.mp3
64,affable,/ˈæfəbl/,adj,"lịch sự, hoà nhã; niềm nở, ân cần",He greeted everyone in the same relaxed and affable manner.,Anh ấy chào đón tất cả mọi người đều thoải mái và niềm nở.,https://audio.tudienkala.com/data/cache/images/300x225/a/f/affable2.png,https://audio.tudienkala.com/audio/a/f/affable.mp3
64,agnostic,/æɡˈnɒstɪk/,n,người tin rằng không thể biết được rằng liệu Chúa có tồn tại hay không.,"Although he was raised a Catholic, he was an agnostic for most of his adult life.","Mặc dù anh ta lớn lên như một người Công giáo, tuy nhiên anh ta không thể biết được rằng liệu Chúa có tồn tại hay không trong phần lớn cuộc đời của anh ấy.",https://audio.tudienkala.com/data/images_example/300x225/a/l/although_h_ex2_58772c047f8b9ac5308b46ee.jpg,https://audio.tudienkala.com/audio/a/g/agnostic.mp3
64,alacrity,/əˈlækrəti/,n,sự sốt sắng,They accepted the offer with alacrity.,Họ chấp nhận lời đề nghị với một sự sốt sắng.,https://audio.tudienkala.com/data/cache/images/300x225/a/l/alacrity1.jpg,https://audio.tudienkala.com/audio/a/l/alacrity.mp3
64,altruism,/ˈæl.tru.ɪ.zəm/,n,"lòng vị tha, sự quên mình",She's not known for her altruism.,Cô ấy không được biết đến bởi lòng vị tha.,https://audio.tudienkala.com/data/cache/images/300x225/a/l/altruism1.jpg,https://audio.tudienkala.com/audio/a/l/altruism.mp3
64,amalgam,/əˈmæl.ɡəm/,n,"hỗn hợp, sự kết hợp của nhiều thứ",The film script is an amalgam of all three books.,Kịch bản phim là sự kết hợp của cả ba cuốn sách.,https://audio.tudienkala.com/data/cache/images/300x225/a/m/amalgam1.jpg,https://audio.tudienkala.com/audio/a/m/amalgam.mp3
64,amorphous,/əˈmɔːfəs/,adj,"không có hình dạng, cấu trúc xác định",an amorphous mass of jelly,một khối không có hình dạng của mứt,https://audio.tudienkala.com/data/images_example/300x225/a/n/an_amorpho_ex2_58772c057f8b9ac5308b46f4.jpg,https://audio.tudienkala.com/audio/a/m/amorphous.mp3
64,anachronism,/əˈnæk.rə.nɪ.zəm/,n,"người, phong tục, quan niệm lỗi thời",The monarchy is seen by many people as an anachronism in the modern world.,Chế độ quân chủ được nhìn thấy bởi nhiều người có quan niệm lỗi thời trong thế giới hiện đại.,https://audio.tudienkala.com/data/cache/images/300x225/a/n/anachronism1.jpg,https://audio.tudienkala.com/audio/a/n/anachronism.mp3
64,antagonistic,/ænˌtæɡənˈɪstɪk/,adj,"trái ngược, đối lập, cảm thấy sự đối nghịch với ai hay điều gì",He's extremely antagonistic towards all critics.,Anh ấy trái ngược hoàn toàn với tất cả các nhà phê bình.,https://audio.tudienkala.com/data/cache/images/300x225/a/n/antagonistic1.jpg,https://audio.tudienkala.com/audio/a/n/antagonistic.mp3
64,antipathy,/ænˈtɪpəθi/,n,ác cảm,"Despite the deep antipathy between them, the two sides have managed to negotiate an agreement.","Mặc dù có một sự ác cảm sâu sắc giữa họ, tuy nhiên hai bên đã quản lí để đàm phán về một thỏa thuận.",https://audio.tudienkala.com/data/cache/images/300x225/a/n/antipathy1.jpg,https://audio.tudienkala.com/audio/a/n/antipathy.mp3
64,antiquated,/ˈæntɪkweɪtɪd/,adj,"không hợp thời, lạc hậu",It will take many years to modernize these antiquated industries.,Sẽ phải mất nhiều năm để hiện đại hóa các ngành công nghiệp lạc hậu.,https://audio.tudienkala.com/data/images_example/300x225/i/t/it_will_ta_ex2_58772c067f8b9ac5308b46fc.png,https://audio.tudienkala.com/audio/a/n/antiquated.mp3
64,antithesis,/ænˈtɪθəsɪs/,n,sự đối lập với,Love is the antithesis of selfishness.,Tình yêu là sự đối lập của sự ích kỷ.,https://audio.tudienkala.com/data/cache/images/300x225/a/n/antithesis1.jpg,https://audio.tudienkala.com/audio/a/n/antithesis.mp3
64,apathetic,/ˌæpəˈθetɪk/,adj,"lãnh đạm, thờ ơ",The illness made her apathetic and unwilling to meet people.,Căn bệnh khiến cô thờ ơ và không muốn gặp gỡ mọi người.,https://audio.tudienkala.com/data/cache/images/300x225/a/p/apathetic1.jpg,https://audio.tudienkala.com/audio/a/p/apathetic.mp3
64,apocryphal,/əˈpɒkrɪfəl/,adj,"giả mạo, ngụy tạo",Most of the stories about him are apocryphal.,Hầu hết các câu chuyện về ông là ngụy tạo.,https://audio.tudienkala.com/data/cache/images/300x225/a/p/apocryphal1.jpg,https://audio.tudienkala.com/audio/a/p/apocryphal.mp3
64,appease,/əˈpiːz/,v,"làm dịu, xoa dịu",The move was widely seen as an attempt to appease critics of the regime.,Động thái này được nhiều người coi là một nỗ lực nhằm xoa dịu những người chỉ trích chế độ.,https://audio.tudienkala.com/data/images_example/300x225/t/h/the_move_w_ex2_58772a087f8b9a8e308b46ad.jpg,https://audio.tudienkala.com/audio/a/p/appease.mp3
64,arcane,/ɑːˈkeɪn/,adj,"bí ẩn, kì lạ, phức tạp",He was the only person who understood all the arcane details of the agreement.,Ông ta là người duy nhất hiểu rõ tất cả các chi tiết bí ẩn trong bản hợp đồng.,https://audio.tudienkala.com/data/cache/images/300x225/a/r/arcane1.jpg,https://audio.tudienkala.com/audio/a/r/arcane.mp3
64,archetype,/ˈɑːkɪtaɪp/,n,ví dụ điển hình,She is the archetype of an American movie star.,Cô là ví dụ điển hình của một ngôi sao điện ảnh Mỹ.,https://audio.tudienkala.com/data/cache/images/300x225/a/r/archetype1.jpg,https://audio.tudienkala.com/audio/a/r/archetype.mp3
64,artifice,/ˈɑːtɪfɪs/,n,"mưu mẹo, kỹ xảo",She seems almost entirely without artifice.,Cô ấy có vẻ như không có bất kì kỹ xảo nào.,https://audio.tudienkala.com/data/cache/images/300x225/a/r/artifice1.jpg,https://audio.tudienkala.com/audio/a/r/artifice.mp3
64,ascetic,/əˈsetɪk/,adj,khổ hạnh,The monks lived a very ascetic life.,Các tu sĩ đã sống một cuộc sống rất khổ hạnh.,https://audio.tudienkala.com/data/cache/images/300x225/a/s/ascetic1.jpg,https://audio.tudienkala.com/audio/a/s/ascetic.mp3
64,atheist,/ˈeɪθiɪst/,n,người theo thuyết vô thần,Once I became an atheist I really embraced the ideas that were being taught in my science courses.,Một khi tôi đã trở thành một người vô thần tôi thực sự chấp nhận những ý tưởng đã được giảng dạy trong khóa học khoa học của tôi.,https://audio.tudienkala.com/data/images_example/300x225/o/n/once_i_bec_ex2_58772c097f8b9ac5308b4709.jpg,https://audio.tudienkala.com/audio/a/t/atheist.mp3
64,atrophy,/ˈætrəfi/,n,sự teo (cơ),The doctor is concerned about possible atrophy of the shoulder muscles.,Các bác sĩ đang lo ngại về khả năng teo cơ bắp vai.,https://audio.tudienkala.com/data/cache/images/300x225/a/t/atrophy1.jpg,https://audio.tudienkala.com/audio/a/t/atrophy.mp3
64,audacious,/ɔːˈdeɪʃəs/,adj,"gan dạ, táo bạo",an audacious decision,một quyết định táo bạo,https://audio.tudienkala.com/data/cache/images/300x225/a/u/audacious1.jpg,https://audio.tudienkala.com/audio/a/u/audacious.mp3
64,augment,/ɔːɡˈment/,v,làm tăng lên,The money augmented his fortune.,Số tiền này làm tăng lên lượng tài sản của ông ấy.,https://audio.tudienkala.com/data/cache/images/300x225/a/u/augment1.jpg,https://audio.tudienkala.com/audio/a/u/augment.mp3
64,auspicious,/ɔːˈspɪʃəs/,adj,"có điềm tốt, điềm lành; thuận lợi",They won their first match of the season 5–1 which was an auspicious beginning.,Họ đã giành chiến thắng trận đấu đầu tiên của mùa giải với tỉ số 5-1 đó là một khởi đầu tốt lành.,https://audio.tudienkala.com/data/cache/images/300x225/a/u/auspicious1.jpg,https://audio.tudienkala.com/audio/a/u/auspicious.mp3
64,austere,/ɒsˈtɪər/,adj,"khắt khe, nghiêm khắc (về bề ngoài và hành vi)","My father was a distant, austere man.",Cha tôi là một người đàn ông lạnh lùng và nghiêm khắc.,https://audio.tudienkala.com/data/images_example/300x225/m/y/my_father__ex2_58772bc27f8b9ac5308b4597.jpg,https://audio.tudienkala.com/audio/a/u/austere.mp3
64,aversion,/əˈvɜːʒən/,n,"sự ác cảm, không thích",I felt an instant aversion to his parents.,Tôi cảm thấy ác cảm ngay với cha mẹ của anh ấy.,https://audio.tudienkala.com/data/images_example/300x225/i/_/i_felt_an__ex2_58772c0b7f8b9ac5308b4713.jpg,https://audio.tudienkala.com/audio/a/v/aversion.mp3
64,axiom,/ˈæk.si.əm/,n,"chân lý, định lí",the old axiom that you can only succeed through hard work,một chân lí cũ xưa rằng bạn chỉ thành công thông qua những công việc khó khăn,https://audio.tudienkala.com/data/cache/images/300x225/a/x/axiom1.jpg,https://audio.tudienkala.com/audio/a/x/axiom.mp3
64,banal,/bəˈnɑːl/,adj,"thường, vô vị",He just sat there making banal remarks all evening.,Ông ấy chỉ ngồi đó đưa ra những nhận xét tầm thường cả buổi chiều.,https://audio.tudienkala.com/data/cache/images/300x225/b/a/banal1.jpg,https://audio.tudienkala.com/audio/b/a/banal.mp3
64,bastion,/ˈbæstiən/,n,"pháo đài, thành trì (nghĩa bóng)",a bastion of freedom,một pháo đài của tự do,https://audio.tudienkala.com/data/cache/images/300x225/b/a/bastion1.jpg,https://audio.tudienkala.com/audio/b/a/bastion.mp3
64,belligerent,/bəˈlɪdʒərənt/,adj,hay gây sự,She is a belligerent person.,Cô ấy một người hiếu chiến.,https://audio.tudienkala.com/data/cache/images/300x225/b/e/belligerent1.jpg,https://audio.tudienkala.com/audio/b/e/belligerent.mp3
64,blasphemy,/ˈblæsfəmi/,n,"sự báng bổ; hành vi, lời nói xúc phạm hoặc thiếu tôn kính đối với chúa hay tôn giáo nào",She was condemned by the church for uttering blasphemies.,Cô ấy đã bị lên án bởi nhà thờ về việc thiếu tôn kính đối với chúa.,https://audio.tudienkala.com/data/cache/images/300x225/b/l/blasphemy1.jpg,https://audio.tudienkala.com/audio/b/l/blasphemy.mp3
64,brevity,/ˈbrevəti/,n,"tính khúc chiết; sự vắn tắt, sự ngắn gọn",The report is a masterpiece of brevity.,Bản báo cáo này là một kiệt tác của sự ngắn gọn.,https://audio.tudienkala.com/data/images_example/300x225/t/h/the_report_ex2_58772c0e7f8b9ac5308b471f.png,https://audio.tudienkala.com/audio/b/r/brevity.mp3
64,brusque,/bruːsk/,adj,"lỗ mãng, cộc cằn",The doctor spoke in a brusque tone.,Các bác sĩ nói bằng một giọng lỗ mãng.,https://audio.tudienkala.com/data/cache/images/300x225/b/r/brusque1.jpg,https://audio.tudienkala.com/audio/b/r/brusque.mp3
64,callous,/ˈkæləs/,adj,nhẫn tâm,"It might sound callous, but I don't care if he's homeless. He's not living with me!","Nó có vẻ nhẫn tâm, nhưng tôi không quan tâm anh ấy có vô gia cư hay không. Anh ấy không có sống với tôi.",https://audio.tudienkala.com/data/cache/images/300x225/c/a/callous1.jpg,https://audio.tudienkala.com/audio/c/a/callous.mp3
64,candid,/ˈkændɪd/,adj,"ngay thẳng, bộc trực",The two presidents have had candid talks about the current crisis.,Hai vị tổng thống đã có cuộc đàm phán thẳng thắn về cuộc khủng hoảng hiện nay.,https://audio.tudienkala.com/data/cache/images/300x225/c/a/candid1.jpg,https://audio.tudienkala.com/audio/c/a/candid.mp3
64,candour,/ˈkændər/,n,"tính thật thà, ngay thẳng","""We really don't know what to do about it,"" she said with surprising candour.","""Chúng tôi thực sự không biết phải làm gì về nó,"" cô ấy nói thẳng thắn một cách đáng ngạc nhiên.",https://audio.tudienkala.com/data/cache/images/300x225/c/a/candour1.jpg,https://audio.tudienkala.com/audio/c/a/candour.mp3
64,capricious,/kəˈprɪʃəs/,adj,thất thường,"Because of his capricious nature, Kenny found it hard to keep a steady job.","Do bản tính thất thường của mình, Kenny nhận thấy khó để duy trì một công việc ổn định.",https://audio.tudienkala.com/data/cache/images/300x225/c/a/capricious1.jpg,https://audio.tudienkala.com/audio/c/a/capricious.mp3
64,caustic,/ˈkɔːstɪk/,adj,châm biếm; cay độc,Her speech was a caustic attack on government officials.,Bài phát biểu của bà ta là một sự tấn công cay độc vào các quan chức chính phủ.,https://audio.tudienkala.com/data/cache/images/300x225/c/a/caustic1.jpg,https://audio.tudienkala.com/audio/c/a/caustic.mp3
64,censure,/ˈsenʃər/,n,sự chỉ trích mạnh mẽ,a vote of censure on the government's foreign policy,một cuộc bỏ phiếu chỉ trích về chính sách đối ngoại của chính phủ,https://audio.tudienkala.com/data/cache/images/300x225/c/e/censure1.jpg,https://audio.tudienkala.com/audio/c/e/censure.mp3
64,chagrin,/ˈʃæɡrɪn/,n,sự thất vọng hoặc bực mình,"My children have never shown an interest in music, much to my chagrin.","Các con tôi chưa bao giờ tỏ ra quan tâm đến âm nhạc, sự thất vọng của tôi rất nhiều.",https://audio.tudienkala.com/data/images_example/300x225/m/y/my_childre_ex2_58772c107f8b9ac5308b4729.jpg,https://audio.tudienkala.com/audio/c/h/chagrin.mp3
64,charlatan,/ˈʃɑːlətən/,n,kẻ bất tài mà hay loè bịp,He knows nothing about medicine—he's a complete charlatan.,Anh ta không biết gì về thuốc men - anh ta hoàn toàn là một kẻ bất tài.,https://audio.tudienkala.com/data/cache/images/300x225/c/h/charlatan1.jpg,https://audio.tudienkala.com/audio/c/h/charlatan.mp3
64,churlish,/ˈtʃɜːlɪʃ/,adj,"thô lỗ, nóng tính",It would be churlish to refuse such a generous offer.,Đó sẽ là một sự thô lỗ khi từ chối một đề nghị hào phóng như vậy.,https://audio.tudienkala.com/data/cache/images/300x225/c/h/churlish1.jpg,https://audio.tudienkala.com/audio/c/h/churlish.mp3
65,circumspect,/ˈsɜːkəmspekt/,adj,thận trọng,He was very circumspect in his financial affairs.,Anh ấy đã rất thận trọng trong vấn đề tài chính của mình.,https://audio.tudienkala.com/data/cache/images/300x225/c/i/circumspect1.jpg,https://audio.tudienkala.com/audio/c/i/circumspect.mp3
65,circumvent,/ˌsɜːkəmˈvent/,v,tìm cách tránh một khó khăn hoặc một quy định nào đó; lách (luật),They found a way of circumventing the law.,Họ đã tìm ra một cách để lách luật.,https://audio.tudienkala.com/data/cache/images/300x225/c/i/circumvent1.png,https://audio.tudienkala.com/audio/c/i/circumvent.mp3
65,clamour,/ˈklæmər/,v,"đòi một cách ầm ĩ, lớn tiếng",People began to clamour for his resignation.,Mọi người bắt đầu lớn tiếng bởi việc từ chức của ông ta.,https://audio.tudienkala.com/data/cache/images/300x225/c/l/clamour1.png,https://audio.tudienkala.com/audio/c/l/clamour.mp3
65,clandestine,/klænˈdestɪn/,adj,"giấu giếm, bí mật",The group held weekly clandestine meetings in a church.,Nhóm đã tổ chức những cuộc gặp gỡ bí mật hàng tuần trong một nhà thờ.,https://audio.tudienkala.com/data/images_example/300x225/t/h/the_group__ex2_58772b3b7f8b9ab7308b45cf.jpg,https://audio.tudienkala.com/audio/c/l/clandestine.mp3
65,cogent,/ˈkəʊdʒənt/,adj,vững chắc; có sức thuyết phục,She put forward some cogent reasons for abandoning the plan.,Cô ấy đưa ra một số lý do thuyết phục cho việc từ bỏ kế hoạch.,https://audio.tudienkala.com/data/cache/images/300x225/c/o/cogent1.jpg,https://audio.tudienkala.com/audio/c/o/cogent.mp3
65,colloquial,/kəˈləʊkwiəl/,adj,dùng trong hội thoại chứ không phải trong ngữ cảnh trang trọng hay văn viết,colloquial speech,lời nói thông tục,https://audio.tudienkala.com/data/cache/images/300x225/c/o/colloquial1.jpeg,https://audio.tudienkala.com/audio/c/o/colloquial.mp3
65,conciliatory,/kənˈsɪliətəri/,adj,(mang tính) hoà giải,a conciliatory approach,một cách tiếp cận hòa giải,https://audio.tudienkala.com/data/cache/images/300x225/c/o/conciliatory1.jpg,https://audio.tudienkala.com/audio/c/o/conciliatory.mp3
65,concord,/ˈkɒŋ.kɔːd/,n,"sự hòa hợp, hòa thuận",We should live in concord with neighbouring states.,Chúng ta nên sống hòa hợp với các quốc gia láng giềng.,https://audio.tudienkala.com/data/cache/images/300x225/c/o/concord1.jpg,https://audio.tudienkala.com/audio/c/o/concord.mp3
65,concur,/kənˈkɜːr/,v,đồng ý,Historians have concurred with each other in this view.,Các sử gia đã đồng tình với nhau ở điểm này.,https://audio.tudienkala.com/data/cache/images/300x225/c/o/concur1.jpg,https://audio.tudienkala.com/audio/c/o/concur.mp3
65,condone,/kənˈdəʊn/,v,"tha thứ, bỏ qua",Terrorism can never be condoned.,Khủng bố không bao giờ có thể được tha thứ.,https://audio.tudienkala.com/data/cache/images/300x225/c/o/condone1.jpg,https://audio.tudienkala.com/audio/c/o/condone.mp3
65,confound,/kənˈfaʊnd/,v,khiến ai bối rối và ngạc nhiên,The sudden rise in share prices has confounded economists.,Sự gia tăng đột biến trong giá cổ phiếu làm cho các nhà kinh tế học phải ngạc nhiên.,https://audio.tudienkala.com/data/images_example/300x225/t/h/the_sudden_ex2_58772c137f8b9ac5308b473d.jpg,https://audio.tudienkala.com/audio/c/o/confound.mp3
65,congenial,/kənˈdʒiːniəl/,adj,"hợp nhau, ăn ý nhau",a congenial colleague,một đồng nghiệp ăn ý,https://audio.tudienkala.com/data/cache/images/300x225/c/o/congenial1.jpg,https://audio.tudienkala.com/audio/c/o/congenial.mp3
65,connoisseur,/ˌkɒnəˈsɜːr/,n,"chuyên gia (về làm đẹp, nghệ thuật, ẩm thực, âm nhạc)",The exhibition will be a delight for the collector and connoisseur of silver ornaments.,Cuộc triển lãm sẽ là một sự thích thú đối với với các nhà sưu tập và những chuyên gia về đồ trang sức bạc.,https://audio.tudienkala.com/data/cache/images/300x225/c/o/connoisseur1.jpg,https://audio.tudienkala.com/audio/c/o/connoisseur.mp3
65,consummate,/ˈkɒn.sə.mət/,adj,cực kì giỏi; hoàn hảo,She was a consummate performer.,Cô ấy là một diễn viên chuyên nghiệp.,https://audio.tudienkala.com/data/images_example/300x225/s/h/she_was_a__ex2_58772c147f8b9ac5308b4743.jpg,https://audio.tudienkala.com/audio/c/o/consummate.mp3
65,conundrum,/kəˈnʌndrəm/,n,"câu hỏi, vấn đề nan giải",The role of clouds is one of the big conundrums of climatology.,Vai trò của những đám mây là một trong những câu hỏi hóc búa lớn của khí hậu.,https://audio.tudienkala.com/data/images_example/300x225/t/h/the_role_o_ex2_58772c147f8b9ac5308b4745.jpg,https://audio.tudienkala.com/audio/c/o/conundrum.mp3
65,convoluted,/ˈkɒnvəluːtɪd/,adj,cực kì phức tạp và khó theo dõi,a book with a convoluted plot,một cuốn sách với một cốt truyện phức tạp,https://audio.tudienkala.com/data/cache/images/300x225/c/o/convoluted1.jpg,https://audio.tudienkala.com/audio/c/o/convoluted.mp3
65,copious,/ˈkəʊpiəs/,adj,"nhiều, với số lượng lớn",I took copious notes.,Tôi đã ghi chép rất nhiều.,https://audio.tudienkala.com/data/cache/images/300x225/c/o/copious1.jpg,https://audio.tudienkala.com/audio/c/o/copious.mp3
65,cryptic,/ˈkrɪptɪk/,adj,ẩn ý hoặc không dễ hiểu,I got a cryptic text message from Sam.,Tôi đã nhận được một tin nhắn khó hiểu từ Sam.,https://audio.tudienkala.com/data/images_example/300x225/i/_/i_got_a_cr_ex2_58772c167f8b9ac5308b474b.jpg,https://audio.tudienkala.com/audio/c/r/cryptic.mp3
65,cursory,/ˈkɜːsəri/,adj,"qua loa, lướt qua",a cursory examination,một cuộc kiểm tra qua loa,https://audio.tudienkala.com/data/cache/images/300x225/c/u/cursory1.png,https://audio.tudienkala.com/audio/c/u/cursory.mp3
65,curtail,/kɜːˈteɪl/,v,"cắt bớt, rút ngắn",Spending on books has been severely curtailed.,Chi tiêu trên sổ sách đã được cắt giảm nghiêm trọng.,https://audio.tudienkala.com/data/images_example/300x225/s/p/spending_o_ex2_58772c167f8b9ac5308b474f.jpg,https://audio.tudienkala.com/audio/c/u/curtail.mp3
65,cynic,/ˈsɪnɪk/,n,"người tin rằng con người làm mọi điều chỉ để làm lợi cho bản thân, hơn là vì lí do tốt đẹp hay chân thành gì",Don't be such a cynic!,Đừng như một người hay chỉ trích như vậy.,https://audio.tudienkala.com/data/cache/images/300x225/c/y/cynic1.jpg,https://audio.tudienkala.com/audio/c/y/cynic.mp3
65,dearth,/dɜːθ/,n,"sự thiếu, sự khan hiếm",There was a dearth of reliable information on the subject.,Có một sự khan hiếm thông tin đáng tin cậy về đề tài này.,https://audio.tudienkala.com/data/cache/images/300x225/d/e/dearth1.jpg,https://audio.tudienkala.com/audio/d/e/dearth.mp3
65,debacle,/deɪˈbɑː.kl̩/,n,"sự sụp đổ, thất bại hoàn toàn",He should take responsibility for the debacle and resign.,Anh phải chịu trách nhiệm cho sự thất bại và từ chức.,https://audio.tudienkala.com/data/cache/images/300x225/d/e/debacle1.jpg,https://audio.tudienkala.com/audio/d/e/debacle.mp3
65,decorum,/dɪˈkɔːrəm/,n,"sự đứng đắn, lịch thiệp",As young ladies we were expected to behave with proper decorum.,"Như một quý bà trẻ, chúng tôi được mong đợi cư xử một cách lịch thiệp thích hợp.",https://audio.tudienkala.com/data/images_example/300x225/a/s/as_young_l_ex2_58772c177f8b9ac5308b4757.png,https://audio.tudienkala.com/audio/d/e/decorum.mp3
65,deferential,/ˌdefəˈrenʃl/,n,"cung kính, tôn kính",He was always deferential towards his mentor.,Anh ấy luôn luôn tôn kính người thầy của mình.,https://audio.tudienkala.com/data/cache/images/300x225/d/e/deferential2.png,https://audio.tudienkala.com/audio/d/e/deferential.mp3
65,deft,/deft/,adj,khéo léo,Her movements were deft and quick.,Sự chuyển động của cô ấy rất khéo léo và nhanh chóng.,https://audio.tudienkala.com/data/cache/images/300x225/d/e/deft1.jpg,https://audio.tudienkala.com/audio/d/e/deft.mp3
65,deleterious,/delɪˈtɪəriəs/,adj,"có hại, gây phá hoại",the deleterious effect of stress on health,sự ảnh hưởng của việc căng thẳng có hại cho sức khỏe,https://audio.tudienkala.com/data/images_example/300x225/t/h/the_delete_ex2_58772c187f8b9ac5308b475b.jpg,https://audio.tudienkala.com/audio/d/e/deleterious.mp3
65,denounce,/dɪˈnaʊns/,v,chỉ trích mạnh mẽ,The government's economic policy has been denounced on all sides.,Chính sách kinh tế của chính phủ đã bị chỉ trích mạnh mẽ từ tất cả các bên.,https://audio.tudienkala.com/data/cache/images/300x225/d/e/denounce1.jpg,https://audio.tudienkala.com/audio/d/e/denounce.mp3
65,deplore,/dɪˈplɔːr/,v,kịch liệt phản đối,"Like everyone else, I deplore and condemn this killing.","Cũng giống như những người khác, tôi kịch liệt phản đối và lên án vụ giết người này.",https://audio.tudienkala.com/data/cache/images/300x225/d/e/deplore1.jpg,https://audio.tudienkala.com/audio/d/e/deplore.mp3
65,derogatory,/dɪˈrɒɡətəri/,adj,"phê phán, chỉ trích",He made some derogatory remark about her appearance.,Ông ấy đã có một vài lời nhận xét chỉ trích về sự xuất hiện của cô ấy.,https://audio.tudienkala.com/data/cache/images/300x225/d/e/derogatory1.jpg,https://audio.tudienkala.com/audio/d/e/derogatory.mp3
65,despondent,/dɪˈspɒndənt/,adj,"chán nản, thất vọng",She was becoming increasingly despondent about the way things were going.,Cô ấy trở nên ngày càng thất vọng về cái cách mà mọi thứ đã đi qua.,https://audio.tudienkala.com/data/cache/images/300x225/d/e/despondent1.jpg,https://audio.tudienkala.com/audio/d/e/despondent.mp3
65,didactic,/daɪˈdæk.tɪk/,adj,"để dạy ai điều gì, sư phạm","Although the fiction books are not meant to be didactic, they are quite informative.","Mặc dù những cuốn sách tiểu thuyết không có ý nghĩa giáo huấn, nhưng chúng có tác dụng nâng cao ý thức.",https://audio.tudienkala.com/data/cache/images/300x225/d/i/didactic1.jpg,https://audio.tudienkala.com/audio/d/i/didactic.mp3
65,diffident,/ˈdɪfɪdənt/,adj,thiếu tự tin; không muốn nói về bản thân,The diffident girl found it hard to talk to the boy of her dreams.,Các cô gái thiếu tự tin sẽ thấy khó khăn khi nói chuyện với các chàng trai về ước mơ của mình.,https://audio.tudienkala.com/data/cache/images/300x225/d/i/diffident1.jpg,https://audio.tudienkala.com/audio/d/i/diffident.mp3
65,discriminating,/dɪˈskrɪmɪneɪtɪŋ/,adj,"biết phân biệt, biết suy xét",They are very discriminating about what restaurants they go to.,Họ rất biết cách đánh giá về những nhà hàng mà họ đến.,https://audio.tudienkala.com/data/cache/images/300x225/d/i/discriminating1.jpg,https://audio.tudienkala.com/audio/d/i/discriminating.mp3
65,disinterested,/dɪˈsɪntrəstɪd/,adj,"không thiên vị, khách quan",a piece of disinterested advice,một lời khuyên khách quan,https://audio.tudienkala.com/data/cache/images/300x225/d/i/disinterested1.jpg,https://audio.tudienkala.com/audio/d/i/disinterested.mp3
65,dispassionate,/dɪˈspæʃ.ən.ət/,adj,không thiên vị,She is a dispassionate observer.,Cô ấy là một quan sát viên công minh.,https://audio.tudienkala.com/data/cache/images/300x225/d/i/dispassionate1.jpg,https://audio.tudienkala.com/audio/d/i/dispassionate.mp3
65,dispel,/dɪˈspel/,v,"xua đuổi đi, xua tan",His speech dispelled any fears about his health.,Bài phát biểu của ông xua tan mọi nỗi sợ hãi về sức khỏe của ông.,https://audio.tudienkala.com/data/cache/images/300x225/d/i/dispel1.jpg,https://audio.tudienkala.com/audio/d/i/dispel.mp3
65,disseminate,/di'semineit/,v,"truyền bá; phổ biến, gieo rắc (khắp nơi)",The media disseminates news across the world.,Truyền thông đại chúng phổ biến tin tức đi khắp thế giới.,https://audio.tudienkala.com/data/cache/images/300x225/d/i/disseminate.gif,https://audio.tudienkala.com/audio/d/i/disseminate.mp3
65,dissipate,/ˈdɪsɪpeɪt/,v,"xua tan, (làm) tiêu tan","Eventually, his anger dissipated.",Cuối cùng thì cơn giận của cậu ấy cũng tan biến.,https://audio.tudienkala.com/data/images_example/300x225/e/v/eventually_ex2_58772c1c7f8b9ac5308b4771.jpg,https://audio.tudienkala.com/audio/d/i/dissipate.mp3
65,divisive,/dɪˈvaɪsɪv/,adj,gây chia rẽ,The Vietnam war was an extremely divisive issue in the US.,Cuộc chiến tranh Việt Nam là một vấn đề cực kỳ chia rẽ ở Mỹ.,https://audio.tudienkala.com/data/cache/images/300x225/d/i/divisive1.jpg,https://audio.tudienkala.com/audio/d/i/divisive.mp3
65,docile,/ˈdəʊsaɪl/,adj,"dễ bảo, ngoan ngoãn",a docile child/horse,một đứa trẻ/con ngựa dễ bảo,https://audio.tudienkala.com/data/cache/images/300x225/d/o/docile2.png,https://audio.tudienkala.com/audio/d/o/docile.mp3
65,dogmatic,/dɒɡˈmætɪk/,adj,cho rằng hoặc gợi ý rằng cái gì đó là đúng mà chẳng đếm xỉa đến bằng chứng hoặc những ý kiến khác; giáo điều,There is a danger of becoming too dogmatic about teaching methods.,Có nguy cơ trở nên quá máy móc về phương thức giảng dạy.,https://audio.tudienkala.com/data/cache/images/300x225/d/o/dogmatic1.jpg,https://audio.tudienkala.com/audio/d/o/dogmatic.mp3
65,duplicity,/djʊˈplɪsəti/,n,hành vi lừa dối (khiến ai tin vào điều gì không đúng),They were accused of duplicity in their dealings with both sides.,Họ bị cáo buộc lừa dối trong các giao dịch của họ với cả hai bên.,https://audio.tudienkala.com/data/cache/images/300x225/d/u/duplicity1.jpg,https://audio.tudienkala.com/audio/d/u/duplicity.mp3
65,ebullient,/ɪˈbʊliənt/,adj,"sôi nổi, tràn đầy năng lượng",The Prime Minister was in ebullient mood.,Thủ tướng chính phủ trong tâm trạng tràn đầy năng lượng.,https://audio.tudienkala.com/data/cache/images/300x225/e/b/ebullient1.jpg,https://audio.tudienkala.com/audio/e/b/ebullient.mp3
65,eclectic,/ekˈlektɪk/,adj,(triết học) chiết trung; không bị gò bó vào một nguồn tư tưởng... mà chọn lựa và sử dụng từ một phạm vi rộng,She has very eclectic tastes in literature.,Cô có sở thích rất chiết trung trong văn học.,https://audio.tudienkala.com/data/cache/images/300x225/e/c/eclectic1.jpg,https://audio.tudienkala.com/audio/e/c/eclectic.mp3
65,elitism,/ɪˈliːtɪzəm/,n,"cách thức tổ chức hệ thống, xã hội mà chỉ có một số ít người ưu tú có quyền lực hay ảnh hưởng",Many people believe that private education encourages elitism.,Nhiều người cho rằng giáo dục tư nhân khuyến khích sự phát triển các tầng lớp ưu tú trong xã hội.,https://audio.tudienkala.com/data/cache/images/300x225/e/l/elitism1.jpg,https://audio.tudienkala.com/audio/e/l/elitism.mp3
65,elliptical,/ɪˈlɪp.tɪ.kəl/,adj,có hình e-lip,The moon follows an elliptical path around the Earth.,Mặt trăng quay quanh trái đát theo một đường có hình elip.,https://audio.tudienkala.com/data/cache/images/300x225/e/l/elliptical1.png,https://audio.tudienkala.com/audio/e/l/elliptical.mp3
65,elucidate,/ɪˈluːsɪdeɪt/,v,làm sáng tỏ; giải thích,He elucidated a point of grammar.,Cậu ấy đã làm sáng tỏ là một điểm của ngữ pháp.,https://audio.tudienkala.com/data/cache/images/300x225/e/l/elucidate2.png,https://audio.tudienkala.com/audio/e/l/elucidate.mp3
65,engender,/ɪnˈdʒendər/,v,"gây ra, đem lại",The issue engendered controversy.,Vấn đề đã gây ra tranh cãi.,https://audio.tudienkala.com/data/cache/images/300x225/e/n/engender1.gif,https://audio.tudienkala.com/audio/e/n/engender.mp3
66,enmity,/ˈenməti/,n,"sự thù hằn, sự thù hận",personal enmity and political conflict,sự thù hằn cá nhân và các cuộc xung đột chính trị,https://audio.tudienkala.com/data/cache/images/300x225/e/n/enmity1.jpg,https://audio.tudienkala.com/audio/e/n/enmity.mp3
66,ephemeral,/ɪˈfemərəl/,adj,phù du; kéo dài trong thời gian ngắn,He's fed up with ephemeral pleasures.,Anh ta chán ngấy với những thú vui phù du.,https://audio.tudienkala.com/data/cache/images/300x225/e/p/ephemeral1.jpg,https://audio.tudienkala.com/audio/e/p/ephemeral.mp3
66,epitome,/ɪˈpɪtəmi/,n,một ví dụ tiêu biểu của,He is the epitome of a modern young man.,Anh ấy là mẫu người tiêu biểu của một người đàn ông trẻ hiện đại.,https://audio.tudienkala.com/data/cache/images/300x225/e/p/epitome1.jpg,https://audio.tudienkala.com/audio/e/p/epitome.mp3
66,equanimity,/ˌekwəˈnɪməti/,n,"sự bình thản, điềm tĩnh",He received the news of his mother's death with remarkable equanimity.,Ông ấy nhận tin về cái chết của mẹ mình với sự điềm tĩnh khác thường.,https://audio.tudienkala.com/data/cache/images/300x225/e/q/equanimity1.jpg,https://audio.tudienkala.com/audio/e/q/equanimity.mp3
66,equivocal,/ɪˈkwɪv.ə.kəl/,adj,"lập lờ, nước đôi; có thể hiểu theo nhiều cách","She gave an equivocal answer, typical of a politician.","Cô ấy đưa ra một câu trả lời không rõ ràng, điển hình của một chính trị gia.",https://audio.tudienkala.com/data/cache/images/300x225/e/q/equivocal1.jpg,https://audio.tudienkala.com/audio/e/q/equivocal.mp3
66,esoteric,/iːsəˈter.ɪk/,adj,"chỉ những người đặc biệt quan tâm, có kiến thức chuyên môn mới hiểu được",He has an esoteric collection of old toys and games.,Anh ấy có một bộ sưu tập bí truyền về đồ chơi cũ và các loại game.,https://audio.tudienkala.com/data/cache/images/300x225/e/s/esoteric1.jpg,https://audio.tudienkala.com/audio/e/s/esoteric.mp3
66,ethereal,/ɪˈθɪəriəl/,adj,thanh tao; như thuộc về một thế giới khác,ethereal beauty,vẻ đẹp thanh tao,https://audio.tudienkala.com/data/cache/images/300x225/e/t/ethereal1.jpg,https://audio.tudienkala.com/audio/e/t/ethereal.mp3
66,euphemism,/ˈjuːfəmɪzəm/,n,"sự nói giảm, nói tránh, uyển ngữ",‘Pass away’ is a euphemism for ‘die’.,"""Qua đời"" là một sự nói giảm của ""chết"".",https://audio.tudienkala.com/data/images_example/300x225/p/a/pass_away__ex2_58772c227f8b9ac5308b478d.png,https://audio.tudienkala.com/audio/e/u/euphemism.mp3
66,exacerbate,/ɪɡˈzæsəbeɪt/,v,"làm tăng, làm trầm trọng thêm (bệnh, sự tức giận, sự đau đớn)",His aggressive reaction only exacerbated the situation.,Phản ứng hung hăng của anh ta chỉ làm trầm trọng thêm tình hình.,https://audio.tudienkala.com/data/cache/images/300x225/e/x/exacerbate2.png,https://audio.tudienkala.com/audio/e/x/exacerbate.mp3
66,exacting,/ɪɡˈzæktɪŋ/,adj,đòi hỏi nhiều nỗ lực và sự tỉ mỉ,exacting work,công việc tỉ mỉ,https://audio.tudienkala.com/data/cache/images/300x225/e/x/exacting1.jpg,https://audio.tudienkala.com/audio/e/x/exacting.mp3
66,exemplify,/ɪɡˈzemplɪfaɪ/,v,là hình mẫu; là ví dụ cho,These paintings perfectly exemplify the naturalistic style which was so popular at the time.,Những bức tranh này là hình mẫu tiêu biểu cho phong cách tự nhiên rất phổ biến vào thời điểm đó.,https://audio.tudienkala.com/data/cache/images/300x225/e/x/exemplify1.png,https://audio.tudienkala.com/audio/e/x/exemplify.mp3
66,exorbitant,/ɪɡˈzɔːbɪtənt/,adj,"quá cao, cắt cổ (giá...)",Some hotels charge exorbitant rates for phone calls.,Một số khách sạn tính giá cắt cổ cho các cuộc gọi điện thoại.,https://audio.tudienkala.com/data/images_example/300x225/s/o/some_hotel_ex2_58772a707f8b9a9d308b45e9.jpg,https://audio.tudienkala.com/audio/e/x/exorbitant.mp3
66,extraneous,/ɪkˈstreɪniəs/,adj,không trực tiếp liên quan đến (vấn đề đang giải quyết...),We do not want any extraneous information on the page.,Chúng tôi không muốn có bất kỳ thông tin nào không liên quan trên trang web.,https://audio.tudienkala.com/data/cache/images/300x225/e/x/extraneous1.jpg,https://audio.tudienkala.com/audio/e/x/extraneous.mp3
66,extricate,/ˈekstrɪkeɪt/,v,giải thoát (khỏi một tình huống khó khăn),I tried to extricate myself from the situation.,Tôi đã cố gắng giải thoát bản thân khỏi tình huống ấy.,https://audio.tudienkala.com/data/cache/images/300x225/e/x/extricate1.jpg,https://audio.tudienkala.com/audio/e/x/extricate.mp3
66,facile,/ˈfæsaɪl/,adj,"dễ dãi, hời hợt",a facile explanation,một lời giải thích dễ dãi,https://audio.tudienkala.com/data/cache/images/300x225/f/a/facile1.jpg,https://audio.tudienkala.com/audio/f/a/facile.mp3
66,fanaticism,/fəˈnætɪsɪzəm/,n,sự cuồng tín,driven by religious fanaticism,bị thúc đẩy bởi sự cuồng tín tôn giáo,https://audio.tudienkala.com/data/cache/images/300x225/f/a/fanaticism1.jpg,https://audio.tudienkala.com/audio/f/a/fanaticism.mp3
66,fastidious,/fæsˈtɪdiəs/,adj,"tỉ mỉ, kĩ lưỡng",Everything was planned in fastidious detail.,Mọi thứ đã được lên kế hoạch chi tiết kĩ lưỡng.,https://audio.tudienkala.com/data/cache/images/300x225/f/a/fastidious1.jpg,https://audio.tudienkala.com/audio/f/a/fastidious.mp3
66,fickle,/ˈfɪkl/,adj,"hay thay đổi, không kiên định",The weather here is notoriously fickle.,Thời tiết ở đây nổi tiếng là hay thay đổi.,https://audio.tudienkala.com/data/cache/images/300x225/f/i/fickle2.jpg,https://audio.tudienkala.com/audio/f/i/fickle.mp3
66,figurative,/ˈfɪɡjərətɪv/,adj,với nghĩa bóng,"Of course, she was using the term ""massacre"" in the figurative sense.","Tất nhiên, cô ấy đã sử dụng thuật ngữ "" thảm sát"" với nghĩa bóng.",https://audio.tudienkala.com/data/cache/images/300x225/f/i/figurative1.jpg,https://audio.tudienkala.com/audio/f/i/figurative.mp3
66,finesse,/fɪˈnes/,n,sự khéo léo (trong giao tiếp),It was a disappointing performance that lacked finesse.,Đó là một buổi trình diễn đáng thất vọng thiếu sự khéo léo.,https://audio.tudienkala.com/data/cache/images/300x225/f/i/finesse1.jpg,https://audio.tudienkala.com/audio/f/i/finesse.mp3
66,flagrant,/ˈfleɪɡrənt/,adj,trắng trợn,There is a flagrant abuse of human rights.,Có một sự lạm dụng trắng trợn nhân quyền.,https://audio.tudienkala.com/data/cache/images/300x225/f/l/flagrant1.jpg,https://audio.tudienkala.com/audio/f/l/flagrant.mp3
66,flaunt,/flɔːnt/,v,khoe khoang,She flaunts her new clothes today.,Hôm nay cô ấy chưng diện quần áo mới.,https://audio.tudienkala.com/data/cache/images/300x225/f/l/flaunt1.jpg,https://audio.tudienkala.com/audio/f/l/flaunt.mp3
66,florid,/ˈflɒrɪd/,adj,bóng bẩy (nghĩa bóng); quá nhiều sự trang trí hay chi tiết,a florid architectural style,một phong cách kiến trúc bóng bẩy,https://audio.tudienkala.com/data/cache/images/300x225/f/l/florid1.jpg,https://audio.tudienkala.com/audio/f/l/florid.mp3
66,fortitude,/ˈfɔːtɪtjuːd/,n,"sự ngoan cường (khi đối mặt khó khăn, sự đau đớn)",She endured her illness with great fortitude.,Cô đã chịu đựng căn bệnh của mình rất ngoan cường.,https://audio.tudienkala.com/data/cache/images/300x225/f/o/fortitude1.jpg,https://audio.tudienkala.com/audio/f/o/fortitude.mp3
66,fortuitous,/fɔːˈtjuː.ɪ.təs/,adj,tình cờ (nhất là một điều may mắn),This is a fortuitous meeting.,Đây là một cuộc gặp gỡ tình cờ.,https://audio.tudienkala.com/data/images_example/300x225/t/h/this_is_a__ex2_58772c287f8b9ac5308b47ab.jpg,https://audio.tudienkala.com/audio/f/o/fortuitous.mp3
66,frivolous,/ˈfrɪvələs/,adj,không nghiêm túc,I think he sees her as a frivolous young woman.,Tôi nghĩ anh ấy xem cô ấy như một người phụ nữ trẻ không nghiêm túc.,https://audio.tudienkala.com/data/cache/images/300x225/f/r/frivolous1.jpg,https://audio.tudienkala.com/audio/f/r/frivolous.mp3
66,furtive,/ˈfɜːtɪv/,adj,"lén lút, bí mật",She cast a furtive glance over her shoulder.,Cô liếc trộm qua vai cô.,https://audio.tudienkala.com/data/cache/images/300x225/f/u/furtive1.jpg,https://audio.tudienkala.com/audio/f/u/furtive.mp3
66,gratuitous,/ɡrəˈtjuːɪtəs/,adj,"không có lí do, mục đích gì, không cần thiết",gratuitous violence on television,bạo lực không cần thiết trên truyền hình,https://audio.tudienkala.com/data/images_example/300x225/g/r/gratuitous_ex2_58772a767f8b9a9d308b4609.jpg,https://audio.tudienkala.com/audio/g/r/gratuitous.mp3
66,gregarious,/ɡrɪˈɡeəriəs/,adj,thích giao lưu,She's very outgoing and gregarious.,Cô ấy rất cởi mở và thích giao lưu.,https://audio.tudienkala.com/data/cache/images/300x225/g/r/gregarious1.jpg,https://audio.tudienkala.com/audio/g/r/gregarious.mp3
66,gullible,/ˈɡʌlɪbl/,adj,cả tin,The advertisement is aimed at gullible young women worried about their weight.,"Quảng cáo là hướng đến những phụ nữ trẻ cả tin, lo lắng về cân nặng của mình.",https://audio.tudienkala.com/data/cache/images/300x225/g/u/gullible1.jpg,https://audio.tudienkala.com/audio/g/u/gullible.mp3
66,hallowed,/ˈhæləʊd/,adj,linh thiêng,one of the theatre's most hallowed traditions,một trong những truyền thống thiêng liêng nhất của nhà hát,https://audio.tudienkala.com/data/cache/images/300x225/h/a/hallowed1.jpg,https://audio.tudienkala.com/audio/h/a/hallowed.mp3
66,haughty,/ˈhɔːti/,adj,"kiêu căng, ngạo mạn",He replied with haughty disdain.,Ông ta trả lời với thái độ khinh thị ngạo mạn.,https://audio.tudienkala.com/data/cache/images/300x225/h/a/haughty1.jpg,https://audio.tudienkala.com/audio/h/a/haughty.mp3
66,hiatus,/haɪˈeɪtəs/,n,quãng nghỉ,"After a five-month hiatus, the talks resumed.","Sau một thời gian gián đoạn năm tháng, các cuộc đàm phán được nối lại.",https://audio.tudienkala.com/data/cache/images/300x225/h/i/hiatus1.jpg,https://audio.tudienkala.com/audio/h/i/hiatus.mp3
66,husbandry,/ˈhʌz.bən.dri/,n,việc sử dụng các nguồn lực một cách cẩn thận,"In accordance with his practice of good husbandry, he never buys anything on credit","Để phù hợp với việc luyện tập sử dụng tốt các nguồn lực một cách cẩn thận, anh ấy không bao giờ mua bất cứ thứ gì bằng thẻ tín dụng.",https://audio.tudienkala.com/data/cache/images/300x225/h/u/husbandry1.jpg,https://audio.tudienkala.com/audio/h/u/husbandry.mp3
66,hyperbole,/haɪˈpɜːbəli/,n,lối nói cường điệu,The film is being promoted with all the usual hyperbole.,Bộ phim đang được quảng bá với tất cả sự cường điệu như thường lệ.,https://audio.tudienkala.com/data/images_example/300x225/t/h/the_film_i_ex2_58772c2a7f8b9ac5308b47b9.jpg,https://audio.tudienkala.com/audio/h/y/hyperbole.mp3
66,hypocrite,/ˈhɪpəkrɪt/,n,kẻ đạo đức giả,Charles was a liar and a hypocrite who married her for money.,"Charles là một kẻ nói dối và một kẻ đạo đức giả, anh ta đã cưới cô vì tiền.",https://audio.tudienkala.com/data/cache/images/300x225/h/y/hypocrite1.jpg,https://audio.tudienkala.com/audio/h/y/hypocrite.mp3
66,idiosyncrasy,/ɪd.i.əˈsɪŋ.krə.si/,n,phong cách riêng (nhất là bất bình thường); đặc tính không bình thường,"Wearing a raincoat, even on a hot day, is one of her idiosyncrasies.","Mặc một chiếc áo mưa, thậm chí vào một ngày nóng, là một trong những phong cách riêng của cô ấy.",https://audio.tudienkala.com/data/cache/images/300x225/i/d/idiosyncrasy1.jpg,https://audio.tudienkala.com/audio/i/d/idiosyncrasy.mp3
66,illusory,/ɪˈluːsəri/,adj,"không có thực, giả tạo",Any power she may seem to have is purely illusory.,Bất cứ quyền lực nào mà bà dường như đang có là hoàn toàn không có thực.,https://audio.tudienkala.com/data/cache/images/300x225/i/l/illusory1.jpg,https://audio.tudienkala.com/audio/i/l/illusory.mp3
66,immutable,/ɪˈmjuːtəbl/,adj,không thể thay đổi được; bất biến,This decision should not be seen as immutable.,Quyết định này không nên xem như là không thay đổi được.,https://audio.tudienkala.com/data/images_example/300x225/t/h/this_decis_ex2_58772c2b7f8b9ac5308b47c1.jpg,https://audio.tudienkala.com/audio/i/m/immutable.mp3
66,impasse,/ˈæmpæs/,n,thế bế tắc,"The dispute had reached an impasse, as neither side would compromise.","Cuộc tranh chấp rơi vào bế tắc, không bên nào chịu thỏa hiệp.",https://audio.tudienkala.com/data/cache/images/300x225/i/m/impasse1.jpg,https://audio.tudienkala.com/audio/i/m/impasse.mp3
66,impede,/ɪmˈpiːd/,v,"cản trở, ngăn cản",Work on the building was impeded by severe weather.,Làm việc trên các tòa nhà đã bị cản trở bởi thời tiết khắc nghiệt.,https://audio.tudienkala.com/data/cache/images/300x225/i/m/impede1.gif,https://audio.tudienkala.com/audio/i/m/impede.mp3
66,imperious,/ɪmˈpɪəriəs/,adj,hống hách; độc đoán,The professor was as imperious as ever.,Vị giáo sư hống hách hơn bao giờ hết.,https://audio.tudienkala.com/data/cache/images/300x225/i/m/imperious1.jpg,https://audio.tudienkala.com/audio/i/m/imperious.mp3
66,impervious,/ɪmˈpɜːviəs/,adj,"không cho chất lỏng, khí thấm hay đi qua được",She was impervious to his charms.,Cô ấy vẫn trơ trơ trước sự quyến rũ của anh ta.,https://audio.tudienkala.com/data/images_example/300x225/s/h/she_was_im_ex2_58772c2c7f8b9ac5308b47c9.jpg,https://audio.tudienkala.com/audio/i/m/impervious.mp3
66,impetuous,/ɪmˈpetʃuəs/,adj,bốc đồng,an impetuous young woman,một người phụ nữ trẻ bốc đồng,https://audio.tudienkala.com/data/images_example/300x225/a/n/an_impetuo_ex2_58772c2d7f8b9ac5308b47cb.jpg,https://audio.tudienkala.com/audio/i/m/impetuous.mp3
66,implacable,/ɪmˈplækəbl/,adj,không thể thay đổi được,He's my an implacable enemy.,Anh ta là một kẻ thù không đội trời chung của tôi.,https://audio.tudienkala.com/data/images_example/300x225/a/n/an_implaca_ex2_58772a7a7f8b9a9d308b461d.jpg,https://audio.tudienkala.com/audio/i/m/implacable.mp3
66,implausible,/ɪmˈplɔːzəbl/,adj,"đáng ngờ; không có vẻ hợp lý, có thật",The whole plot of the film is ridiculously implausible.,Toàn bộ cốt truyện của bộ phim không hợp lý một cách nực cười.,https://audio.tudienkala.com/data/images_example/300x225/t/h/the_whole__ex2_58772c2d7f8b9ac5308b47cd.jpg,https://audio.tudienkala.com/audio/i/m/implausible.mp3
66,impromptu,/ɪmˈprɒmptjuː/,adj,ngẫu hứng; không có sự chuẩn bị trước,an impromptu speech,một bài phát biểu ngẫu hứng,https://audio.tudienkala.com/data/cache/images/300x225/i/m/impromptu1.jpg,https://audio.tudienkala.com/audio/i/m/impromptu.mp3
66,incense,/ɪnˈsens/,v,làm ai nổi giận,The decision incensed the workforce.,Quyết định ấy đã làm cho lực lượng lao động nổi giận.,https://audio.tudienkala.com/data/cache/images/300x225/i/n/incense1.jpg,https://audio.tudienkala.com/audio/i/n/incense.mp3
66,incessant,/ɪnˈsesənt/,adj,"không dứt, liên miên",There has been a week of almost incessant rain.,Đã một tuần mưa liên miên.,https://audio.tudienkala.com/data/cache/images/300x225/i/n/incessant1.jpg,https://audio.tudienkala.com/audio/i/n/incessant.mp3
66,incipient,/ɪnˈsɪpiənt/,adj,"chớm nở, mới bắt đầu",signs of incipient unrest,dấu hiệu mới bắt đầu của tình trạng bất ổn định,https://audio.tudienkala.com/data/cache/images/300x225/i/n/incipient1.jpg,https://audio.tudienkala.com/audio/i/n/incipient.mp3
67,incisive,/ɪnˈsaɪsɪv/,adj,"sắc sảo, sâu sắc",I admire those who have an incisive mind.,Tôi ngưỡng mộ những ai có trí óc sắc sảo.,https://audio.tudienkala.com/data/images_example/300x225/a/n/an_incisiv_ex2_58772a7d7f8b9a9d308b462f.jpg,https://audio.tudienkala.com/audio/i/n/incisive.mp3
67,incoherent,/ˌɪnkəʊˈhɪərənt/,adj,"rời rạc, không mạch lạc",an incoherent policy,một chính sách rời rạc,https://audio.tudienkala.com/data/cache/images/300x225/i/n/incoherent1.jpg,https://audio.tudienkala.com/audio/i/n/incoherent.mp3
67,incongruous,/ɪnˈkɒŋɡruəs/,adj,"kì lạ, và không phù hợp với một tình huống nào đó",Such traditional methods seem incongruous in our technical age.,Phương pháp truyền thống như vậy dường như không thích hợp cho độ tuổi công nghệ của chúng tôi.,https://audio.tudienkala.com/data/images_example/300x225/s/u/such_tradi_ex2_58772c2e7f8b9ac5308b47d5.jpg,https://audio.tudienkala.com/audio/i/n/incongruous.mp3
67,inconsequential,/ɪnˌkɒnsɪˈkwenʃəl/,adj,không quan trọng,inconsequential details,những chi tiết không quan trọng,https://audio.tudienkala.com/data/cache/images/300x225/i/n/inconsequential1.jpg,https://audio.tudienkala.com/audio/i/n/inconsequential.mp3
67,inconspicuous,/ˌɪnkənˈspɪkjuəs/,adj,kín đáo; không dễ thấy,She tried to look as inconspicuous as possible.,Cô ấy đã cố gắng trông kín đáo nhất có thể.,https://audio.tudienkala.com/data/images_example/300x225/s/h/she_tried__ex2_58772c2f7f8b9ac5308b47d9.jpg,https://audio.tudienkala.com/audio/i/n/inconspicuous.mp3
67,indiscriminate,/ˌɪndɪˈskrɪmɪnət/,adj,thiếu suy nghĩ; bất cẩn,There was indiscriminate attacks on motorists by youths throwing stones.,Đã có một cuộc tấn công khủng bố thiếu suy nghĩ vào dân thường.,https://audio.tudienkala.com/data/cache/images/300x225/i/n/indiscriminate1.jpg,https://audio.tudienkala.com/audio/i/n/indiscriminate.mp3
67,indulgent,/ɪnˈdʌldʒənt/,adj,"hay nuông chiều, hay chiều theo",Mothers tend to be more indulgent towards sons.,Các bà mẹ có khuynh hướng hay nuông chiều con trai hơn.,https://audio.tudienkala.com/data/cache/images/300x225/i/n/indulgent1.gif,https://audio.tudienkala.com/audio/i/n/indulgent.mp3
67,inept,/ɪˈnept/,adj,"không có khả năng, vụng về; ngu ngốc",She was left feeling inept and inadequate.,Cô bị bỏ lại cảm thấy ngu ngốc và không đầy đủ.,https://audio.tudienkala.com/data/cache/images/300x225/i/n/inept1.jpg,https://audio.tudienkala.com/audio/i/n/inept.mp3
67,inert,/ɪˈnɜːt/,adj,trơ,He lay inert with half-closed eyes.,Anh nằm trơ với đôi mắt khép hờ.,https://audio.tudienkala.com/data/images_example/300x225/h/e/he_lay_ine_ex1_58772bdb7f8b9ac5308b4624.jpg,https://audio.tudienkala.com/audio/i/n/inert.mp3
67,inexorable,/ɪˈneksərəbl/,adj,"không thể ngăn cản, thay đổi được",the inexorable rise of crime,sự gia tăng tội phạm không thể ngăn cản,https://audio.tudienkala.com/data/images_example/300x225/t/h/the_inexor_ex2_58772a7f7f8b9a9d308b463b.jpg,https://audio.tudienkala.com/audio/i/n/inexorable.mp3
67,inimical,/ɪˈnɪm.ɪ.kəl/,adj,có hại cho,These policies are inimical to the interests of society.,Những chính sách này là có hại cho lợi ích của xã hội.,https://audio.tudienkala.com/data/cache/images/300x225/i/n/inimical1.jpg,https://audio.tudienkala.com/audio/i/n/inimical.mp3
67,innocuous,/ɪˈnɒkjuəs/,adj,"không có hại; vô thưởng, vô phạt",It seemed a perfectly innocuous remark.,Đó dường như là một nhận xét hoàn toàn vô hại.,https://audio.tudienkala.com/data/images_example/300x225/i/t/it_seemed__ex2_58772c307f8b9ac5308b47e1.jpg,https://audio.tudienkala.com/audio/i/n/innocuous.mp3
67,innuendo,/ˌɪnjuˈendəʊ/,n,"lời nói bóng nói gió, lời nói cạnh khóe",He had been subject to a campaign of innuendo in the press.,Anh ta là đối tượng của một chiến dịch nói cạnh nói khoé trên báo chí.,https://audio.tudienkala.com/data/cache/images/300x225/i/n/innuendo2.jpg,https://audio.tudienkala.com/audio/i/n/innuendo.mp3
67,insatiable,/ɪnˈseɪʃəbl/,adj,"không thể thoả mãn được, không chán","He was accused of sacrificing all, including justice, to his insatiable ambition.","Ông bị cáo buộc hy sinh tất cả, kể cả công lý, cho tham vọng vô độ của mình.",https://audio.tudienkala.com/data/cache/images/300x225/i/n/insatiable1.jpg,https://audio.tudienkala.com/audio/i/n/insatiable.mp3
67,inscrutable,/ɪnˈskruːtɪbl/,adj,"bí hiểm, khó hiểu (khó biết được suy nghĩ hay cảm xúc của họ)",She has an inscrutable smile.,Cô ấy có một nụ cười bí hiểm.,https://audio.tudienkala.com/data/images_example/300x225/s/h/she_has_an_ex2_58772c317f8b9ac5308b47e5.jpg,https://audio.tudienkala.com/audio/i/n/inscrutable.mp3
67,insidious,/ɪnˈsɪdiəs/,adj,"âm ỉ, ngấm ngầm (gây ra tác hại nghiêm trọng)",There are the insidious effects of polluted water supplies.,Có những tác động ngầm của các nguồn nước bị ô nhiễm.,https://audio.tudienkala.com/data/images_example/300x225/t/h/there_are__ex2_58772c317f8b9ac5308b47e7.jpg,https://audio.tudienkala.com/audio/i/n/insidious.mp3
67,insolent,/ˈɪnsələnt/,adj,xấc xược,an insolent child,một đứa trẻ xấc xược,https://audio.tudienkala.com/data/images_example/300x225/a/n/an_insolen_ex2_58772c327f8b9ac5308b47e9.jpg,https://audio.tudienkala.com/audio/i/n/insolent.mp3
67,insolvent,/ɪnˈsɒlvənt/,adj,"vỡ nợ, phá sản",The company has been declared insolvent.,Công ty đã tuyên bố phá sản.,https://audio.tudienkala.com/data/images_example/300x225/t/h/the_compan_ex2_58772c327f8b9ac5308b47eb.jpg,https://audio.tudienkala.com/audio/i/n/insolvent.mp3
67,insurgent,/ɪnˈsɜːdʒənt/,n,"người nổi loạn, nổi dậy",an attack by armed insurgents,một cuộc tấn công của quân nổi dậy có vũ trang,https://audio.tudienkala.com/data/cache/images/300x225/i/n/insurgent1.jpg,https://audio.tudienkala.com/audio/i/n/insurgent.mp3
67,intractable,/ɪnˈtræk.tə.bl̩/,adj,khó giải quyết (vấn đề); bướng bỉnh (người),Unemployment was proving to be an intractable problem.,Tỷ lệ thất nghiệp đã được chứng minh là một vấn đề nan giải.,https://audio.tudienkala.com/data/images_example/300x225/u/n/unemployme_ex2_58772c337f8b9ac5308b47ef.jpg,https://audio.tudienkala.com/audio/i/n/intractable.mp3
67,intrepid,/ɪnˈtrepɪd/,adj,"gan dạ, dũng cảm",He used to be an intrepid explorer.,Anh ta từng là một nhà thám hiểm dũng cảm.,https://audio.tudienkala.com/data/cache/images/300x225/i/n/intrepid1.jpg,https://audio.tudienkala.com/audio/i/n/intrepid.mp3
67,introspective,/ˌɪntrəʊˈspektɪv/,adj,hay tự xem xét nội tâm; hướng nội,There were a lot of family problems and Jim became increasingly introspective.,Có rất nhiều vấn đề trong gia đình và Jim càng trở nên nội tâm.,https://audio.tudienkala.com/data/cache/images/300x225/i/n/introspective1.jpg,https://audio.tudienkala.com/audio/i/n/introspective.mp3
67,irony,/ˈaɪərəni/,n,"sự châm biếm, mỉa mai, sự trớ trêu","The irony is that when he finally got the job, he discovered he didn't like it.","Điều trớ trêu là khi cuối cùng ông ấy nhận được công việc, ông ấy phát hiện ra mình không thích nó.",https://audio.tudienkala.com/data/cache/images/300x225/i/r/irony1.jpg,https://audio.tudienkala.com/audio/i/r/irony.mp3
67,irreverent,/ɪˈrevərənt/,adj,"thiếu tôn kính, bất kính",an irreverent attitude,một thái độ bất kính,https://audio.tudienkala.com/data/images_example/300x225/a/n/an_irrever_ex2_58772c337f8b9ac5308b47f3.jpg,https://audio.tudienkala.com/audio/i/r/irreverent.mp3
67,irrevocable,/ɪˈrevəkəbl/,adj,không thể thay đổi được,an irrevocable decision,một quyết định không thể thay đổi được,https://audio.tudienkala.com/data/cache/images/300x225/i/r/irrevocable1.jpg,https://audio.tudienkala.com/audio/i/r/irrevocable.mp3
67,itinerant,/aɪˈtɪnərənt/,adj,đi hết nơi này đến nơi khác; lưu động,to lead an itinerant life,để sống một cuộc sống lưu động,https://audio.tudienkala.com/data/cache/images/300x225/i/t/itinerant1.jpg,https://audio.tudienkala.com/audio/i/t/itinerant.mp3
67,jaded,/ˈdʒeɪdɪd/,adj,mệt mỏi; chán ngấy,I felt terribly jaded after working all weekend.,Tôi cảm thấy vô cùng mệt mỏi sau khi làm việc tất cả các ngày cuối tuần.,https://audio.tudienkala.com/data/cache/images/300x225/j/a/jaded1.jpg,https://audio.tudienkala.com/audio/j/a/jaded.mp3
67,jubilant,/ˈdʒuːbɪlənt/,adj,"vui sướng, mừng rỡ",The fans were in jubilant mood after the victory.,Các fan hâm mộ ở trong tâm trạng hân hoan sau chiến thắng.,https://audio.tudienkala.com/data/cache/images/300x225/j/u/jubilant1.jpg,https://audio.tudienkala.com/audio/j/u/jubilant.mp3
67,judicious,/dʒuːˈdɪʃəs/,adj,"sáng suốt, khôn ngoan, có suy xét",We should make judicious use of the resources available to us.,Chúng ta nên sáng suốt trong việc sử dụng nguồn lực sẵn có của chúng ta.,https://audio.tudienkala.com/data/images_example/300x225/w/e/we_should__ex2_58772c357f8b9ac5308b47fb.jpg,https://audio.tudienkala.com/audio/j/u/judicious.mp3
67,languid,/ˈlæŋɡwɪd/,adj,"di chuyển chậm rãi, từ tốn",a languid afternoon in the sun,một buổi chiều chậm rãi trong ánh mặt trời,https://audio.tudienkala.com/data/cache/images/300x225/l/a/languid1.jpg,https://audio.tudienkala.com/audio/l/a/languid.mp3
67,lethargy,/ˈleθədʒi/,n,"trạng thái mê mệt, uể oải","Symptoms include loss of appetite, lethargy, and vomiting.","Các triệu chứng bao gồm chán ăn, thờ ơ, và ói mửa.",https://audio.tudienkala.com/data/cache/images/300x225/l/e/lethargy1.jpg,https://audio.tudienkala.com/audio/l/e/lethargy.mp3
67,lithe,/laɪð/,adj,"mềm mại, uyển chuyển","He had the lithe, athletic body of a ballet dancer.","Anh ấy có một cơ thể uyển chuyển, lực lưỡng của một vũ công ballet.",https://audio.tudienkala.com/data/cache/images/300x225/l/i/lithe1.jpg,https://audio.tudienkala.com/audio/l/i/lithe.mp3
67,lucid,/ˈluːsɪd/,adj,rõ ràng; dễ hiểu,She gave a clear and lucid account of her plans for the company's future.,Cô ấy đã đưa ra một tính toán rõ ràng và sáng suốt cho kế hoạch của cô ấy về tương lai của công ty.,https://audio.tudienkala.com/data/cache/images/300x225/l/u/lucid1.jpg,https://audio.tudienkala.com/audio/l/u/lucid.mp3
67,malaise,/mælˈeɪz/,n,"nỗi khó chịu, sự phiền muộn",a serious malaise among the staff,một sự phiền muộn nghiêm trọng giữa các nhân viên,https://audio.tudienkala.com/data/cache/images/300x225/m/a/malaise1.jpg,https://audio.tudienkala.com/audio/m/a/malaise.mp3
67,malleable,/ˈmæliəbl/,adj,"dễ uốn, dễ tạo hình",Lead and tin are malleable metals.,Chì và thiếc là kim loại dễ uốn.,https://audio.tudienkala.com/data/cache/images/300x225/m/a/malleable1.jpg,https://audio.tudienkala.com/audio/m/a/malleable.mp3
67,maverick,/ˈmævərɪk/,n,"người cư xử hoặc suy nghĩ không như người khác, nhưng có những ý kiến độc lập, khác lạ.",a political maverick,một chính trị gia có chính kiến riêng,https://audio.tudienkala.com/data/cache/images/300x225/m/a/maverick1.jpg,https://audio.tudienkala.com/audio/m/a/maverick.mp3
67,meander,/miˈændər/,v,"đi lang thang, đi vơ vẩn",They meandered around the old town admiring the architecture.,Họ đi lang thang xung quanh phố cổ để chiêm ngưỡng các kiến trúc.,https://audio.tudienkala.com/data/images_example/300x225/t/h/they_meand_ex2_58772c3c7f8b9ac5308b4809.jpg,https://audio.tudienkala.com/audio/m/e/meander.mp3
67,mercurial,/mɜːˈkjʊəriəl/,adj,hay thay đổi hoặc phản ứng một cách bất ngờ,Emily's mercurial temperament made her difficult to live with.,Tính cách hay thay đổi của Emily khiến cho cô ấy khó có thể sống chung.,https://audio.tudienkala.com/data/images_example/300x225/e/m/emilys_mer_ex2_58772c3c7f8b9ac5308b480b.jpg,https://audio.tudienkala.com/audio/m/e/mercurial.mp3
67,milieu,/mɪˈljɜː/,n,"môi trường xã hội (sống, làm việc)",It is a study of the social and cultural milieu in which Michelangelo lived and worked.,Đây là một nghiên cứu về môi trường xã hội và văn hóa mà Michelangelo đã sống và làm việc.,https://audio.tudienkala.com/data/cache/images/300x225/m/i/milieu1.jpg,https://audio.tudienkala.com/audio/m/i/milieu.mp3
67,misnomer,/mɪsˈnəʊmər/,n,"sự nhầm tên, sự dùng từ sai, sự dùng thuật ngữ sai","Since Fred is very skinny, calling him Fat Fred is indeed a misnomer.","Kể từ khi Fred trông rất gầy, người ta vẫn gọi ông Fat Fred quả thực là một cách gọi nhầm lẫn.",https://audio.tudienkala.com/data/cache/images/300x225/m/i/misnomer1.png,https://audio.tudienkala.com/audio/m/i/misnomer.mp3
67,mitigate,/ˈmɪtɪɡeɪt/,v,"giảm nhẹ, làm dịu bớt",It is unclear how to mitigate the effects of tourism on the island.,Hiện chưa rõ làm thế nào để giảm thiểu các tác động của du lịch trên đảo.,https://audio.tudienkala.com/data/images_example/300x225/i/t/it_is_uncl_ex2_58772c3d7f8b9ac5308b4811.jpg,https://audio.tudienkala.com/audio/m/i/mitigate.mp3
67,moribund,/ˈmɒrɪbʌnd/,adj,ở tình trạng rất tệ; sắp chết,How can the department be revived from its present moribund state?,Làm thế nào các bộ phận có thể được hồi sinh từ tình trạng rất tệ như hiện hiện nay?,https://audio.tudienkala.com/data/cache/images/300x225/m/o/moribund1.jpg,https://audio.tudienkala.com/audio/m/o/moribund.mp3
67,morose,/məˈrəʊs/,adj,"buồn rầu, rầu rĩ, ủ ê",She seems a bit morose today.,Hôm nay cô ấy có vẻ hơi rầu rĩ.,https://audio.tudienkala.com/data/cache/images/300x225/m/o/morose1.jpg,https://audio.tudienkala.com/audio/m/o/morose.mp3
67,myopia,/maɪˈəʊpiə/,n,tật cận thị,He wore spectacles to correct a mild degree of myopia.,Anh ấy đeo kính để điều chỉnh một mức độ cận thị nhẹ.,https://audio.tudienkala.com/data/cache/images/300x225/m/y/myopia1.jpg,https://audio.tudienkala.com/audio/m/y/myopia.mp3
67,negate,/nɪˈɡeɪt/,v,"phủ nhận, bác bỏ",Alcohol negates the effects of the drug.,Rượu làm vô hiệu hóa tác dụng của thuốc.,https://audio.tudienkala.com/data/cache/images/300x225/n/e/negate1.jpg,https://audio.tudienkala.com/audio/n/e/negate.mp3
67,notoriety,/ˌnəʊtərˈaɪəti/,n,tiếng xấu,She achieved notoriety for her affair with the senator.,Cô ấy mang tiếng xấu vì cuộc tình với thượng nghị sĩ.,https://audio.tudienkala.com/data/images_example/300x225/s/h/she_achiev_ex2_58772c3e7f8b9ac5308b4819.jpg,https://audio.tudienkala.com/audio/n/o/notoriety.mp3
67,noxious,/ˈnɒkʃəs/,adj,độc hại,noxious fumes,khói độc hại,https://audio.tudienkala.com/data/cache/images/300x225/n/o/noxious1.jpg,https://audio.tudienkala.com/audio/n/o/noxious.mp3
67,oblique,/əʊˈbliːk/,adj,"quanh co, không thẳng thắn",an oblique comment,một lời nhận xét quanh co,https://audio.tudienkala.com/data/cache/images/300x225/o/b/oblique1.jpg,https://audio.tudienkala.com/audio/o/b/oblique.mp3
67,obliterate,/əˈblɪtəreɪt/,v,xóa sạch dấu vết,The building was completely obliterated by the bomb.,Tòa nhà đã hoàn toàn bị xóa sổ bởi bom.,https://audio.tudienkala.com/data/images_example/300x225/t/h/the_buildi_ex2_58772c3f7f8b9ac5308b481f.jpg,https://audio.tudienkala.com/audio/o/b/obliterate.mp3
67,opulent,/ˈɒpjələnt/,adj,"được làm, trang trí với chất liệu đắt tiền",opulent fabrics,các loại vải đắt tiền,https://audio.tudienkala.com/data/images_example/300x225/o/p/opulent_fa_ex2_58772c3f7f8b9ac5308b4821.jpg,https://audio.tudienkala.com/audio/o/p/opulent.mp3
68,ostentatious,/ˌɒstenˈteɪʃəs/,adj,"phô trương, khoe khoang",They criticized the ostentatious lifestyle of their leaders.,Họ chỉ trích lối sống phô trương của các nhà lãnh đạo của họ.,https://audio.tudienkala.com/data/cache/images/300x225/o/s/ostentatious1.jpg,https://audio.tudienkala.com/audio/o/s/ostentatious.mp3
68,painstaking,/ˈpeɪnzˌteɪkɪŋ/,adj,cần nhiều nỗ lực và sự tỉ mỉ,It took months of painstaking research to write the book.,Phải mất nhiều tháng nghiên cứu kỹ lưỡng để viết cuốn sách.,https://audio.tudienkala.com/data/cache/images/300x225/p/a/painstaking1.jpg,https://audio.tudienkala.com/audio/p/a/painstaking.mp3
68,palpable,/ˈpælpəbl/,adj,có thể nhận thấy hay sờ mó được,Her joy was palpable.,Niềm vui của cô ấy có thể nhận thấy được.,https://audio.tudienkala.com/data/cache/images/300x225/p/a/palpable1.png,https://audio.tudienkala.com/audio/p/a/palpable.mp3
68,paltry,/ˈpɔːltri/,adj,không đáng kể,"The company offered Frazer a paltry sum, which he refused.","Công ty đã đề nghị với Frazer một số tiền ít ỏi, mà ông đã từ chối.",https://audio.tudienkala.com/data/images_example/300x225/t/h/the_compan_ex2_58772d147f8b9ade308b456d.jpg,https://audio.tudienkala.com/audio/p/a/paltry.mp3
68,panacea,/ˌpænəˈsiːə/,n,"thuốc bách bệnh, thần dược",There is no single panacea for the problem of unemployment.,Không có thần dược duy nhất nào cho vấn đề thất nghiệp cả.,https://audio.tudienkala.com/data/images_example/300x225/t/h/there_is_n_ex2_58772a917f8b9a9d308b4697.jpg,https://audio.tudienkala.com/audio/p/a/panacea.mp3
68,paragon,/ˈpær.ə.ɡən/,n,người hoàn hảo hoặc là một mẫu mực của đức tính gì tốt đẹp,"In the novel, Constanza is a paragon of virtue.","Trong tiểu thuyết, Constanza là một người chuẩn mực về đạo đức.",https://audio.tudienkala.com/data/cache/images/300x225/p/a/paragon1.jpg,https://audio.tudienkala.com/audio/p/a/paragon.mp3
68,pathos,/ˈpeɪθɒs/,n,"tính chất, sự cảm động",The scene was full of pathos.,Khung cảnh đầy cảm động.,https://audio.tudienkala.com/data/images_example/300x225/t/h/the_scene__ex2_58772d157f8b9ade308b4571.png,https://audio.tudienkala.com/audio/p/a/pathos.mp3
68,paucity,/ˈpɔː.sɪ.ti/,n,số lượng nhỏ; sự thiếu thốn,There is a paucity of information on the ingredients of many cosmetics.,Có ít thông tin về các thành phần của nhiều loại mỹ phẩm.,https://audio.tudienkala.com/data/cache/images/300x225/p/a/paucity1.jpg,https://audio.tudienkala.com/audio/p/a/paucity.mp3
68,pedantic,/pəˈdæntɪk/,adj,"quá quan tâm về những chi tiết, quy tắc nhỏ nhặt","Sometimes, Peter is so pedantic in writing the perfect paper that he forgets to properly manage his time.","Đôi khi Peter lại quá quan trọng tiểu tiết để viết những trang giấy hoàn hảo, mà anh quên quản lý thời gian của mình một cách hợp lí.",https://audio.tudienkala.com/data/cache/images/300x225/p/e/pedantic1.jpg,https://audio.tudienkala.com/audio/p/e/pedantic.mp3
68,pejorative,/pɪˈdʒɒrətɪv/,adj,"theo nghĩa xấu, phê phán",I'm using the word ‘academic’ here in a pejorative sense.,"Tôi đang sử dụng từ ""học thuật"" ở đây theo nghĩa miệt thị.",https://audio.tudienkala.com/data/cache/images/300x225/p/e/pejorative1.png,https://audio.tudienkala.com/audio/p/e/pejorative.mp3
68,penchant,/ˈpɒnʃɒŋ/,n,"thiên hướng thích cái gì, sở thích",She has a penchant for champagne.,Cô có thiên hướng thích sâm-panh.,https://audio.tudienkala.com/data/images_example/300x225/s/h/she_has_a__ex2_58772a927f8b9a9d308b469f.jpg,https://audio.tudienkala.com/audio/p/e/penchant.mp3
68,peremptory,/pəˈremptəri/,adj,cưỡng bách,a peremptory summons,một giấy triệu tập cưỡng bách,https://audio.tudienkala.com/data/cache/images/300x225/p/e/peremptory1.jpg,https://audio.tudienkala.com/audio/p/e/peremptory.mp3
68,perfunctory,/pəˈfʌŋk.tər.i/,adj,"chiếu lệ, đại khái",His smile was perfunctory.,Nụ cười của anh ấy rất hời hợt.,https://audio.tudienkala.com/data/images_example/300x225/h/i/his_smile__ex2_58772d167f8b9ade308b457b.jpg,https://audio.tudienkala.com/audio/p/e/perfunctory.mp3
68,peripheral,/pəˈrɪfərəl/,adj,"(thuộc) chu vi, ngoại biên",peripheral information,thông tin ngoại biên,https://audio.tudienkala.com/data/cache/images/300x225/p/e/peripheral1.jpg,https://audio.tudienkala.com/audio/p/e/peripheral.mp3
68,pernicious,/pəˈnɪʃəs/,adj,"độc hại, nguy hiểm (nhất là một cách từ từ, không dễ nhận thấy)",the pernicious influence of TV violence on children,những ảnh hưởng nguy hại của bạo lực trên truyền hình đối với trẻ em,https://audio.tudienkala.com/data/cache/images/300x225/p/e/pernicious1.jpg,https://audio.tudienkala.com/audio/p/e/pernicious.mp3
68,personification,/pəˌsɒnɪfɪˈkeɪʃn/,n,là một ví dụ điển hình của,She was the personification of elegance.,Cô ấy là một ví dụ điển hình của sự thanh lịch.,https://audio.tudienkala.com/data/images_example/300x225/s/h/she_was_th_ex2_58772bec7f8b9ac5308b4670.jpg,https://audio.tudienkala.com/audio/p/e/personification.mp3
68,petulant,/ˈpetʃələnt/,adj,nóng nảy và quá đáng,He behaved like a petulant child and refused to cooperate.,Anh ấy cư xử như một đứa trẻ nóng nảy và từ chối hợp tác.,https://audio.tudienkala.com/data/cache/images/300x225/p/e/petulant1.jpg,https://audio.tudienkala.com/audio/p/e/petulant.mp3
68,philanthropy,/fɪˈlænθrəpi/,n,"hành động thương người, từ thiện",Hospitals were built as a result of private philanthropy and government intervention.,Bệnh viện được xây dựng như một kết quả của các hoạt động từ thiện tư nhân và sự can thiệp của chính phủ.,https://audio.tudienkala.com/data/cache/images/300x225/p/h/philanthropy1.jpg,https://audio.tudienkala.com/audio/p/h/philanthropy.mp3
68,philistine,/ˈfɪlɪstaɪn/,n,"người không thích hoặc không am hiểu về nghệ thuật, văn học, âm nhạc...",In artistic matters he's a complete philistine.,"Trong các vấn đề nghệ thuật, ông là một người không có am hiểu.",https://audio.tudienkala.com/data/cache/images/300x225/p/h/philistine1.jpg,https://audio.tudienkala.com/audio/p/h/philistine.mp3
68,pivotal,/ˈpɪvətəl/,adj,"then chốt, mấu chốt",a pivotal role in European affairs,một vai trò then chốt trong các vấn đề châu Âu,https://audio.tudienkala.com/data/cache/images/300x225/p/i/pivotal1.png,https://audio.tudienkala.com/audio/p/i/pivotal.mp3
68,placate,/pləˈkeɪt/,v,xoa dịu (ai); làm (ai) nguôi giận,The concessions did little to placate the students.,Sự nhượng bộ đã xoa dịu các bạn sinh viên một chút.,https://audio.tudienkala.com/data/images_example/300x225/t/h/the_conces_ex2_58772d187f8b9ade308b4587.jpg,https://audio.tudienkala.com/audio/p/l/placate.mp3
68,placid,/ˈplæsɪd/,adj,"bình thản, điềm tĩnh",It's the same in the fishing hamlets by this now calm and placid sea.,Lúc này các xóm chài tại biển bình lặng và yên tĩnh như nhau.,https://audio.tudienkala.com/data/images_example/300x225/i/t/its_the_sa_ex2_58772a937f8b9a9d308b46a5.jpg,https://audio.tudienkala.com/audio/p/l/placid.mp3
68,platitude,/ˈplætɪtjuːd/,n,"lời nhận xét, câu phát biểu vô vị, tầm thường",a political speech full of platitudes and empty promises,một bài phát biểu chính trị đầy vô vị và những lời hứa suông,https://audio.tudienkala.com/data/cache/images/300x225/p/l/platitude1.png,https://audio.tudienkala.com/audio/p/l/platitude.mp3
68,plethora,/ˈpleθərə/,n,"(tình trạng) quá thừa, quá nhiều",The report contained a plethora of detail.,Bản báo cáo chứa quá nhiều các chi tiết.,https://audio.tudienkala.com/data/cache/images/300x225/p/l/plethora1.jpg,https://audio.tudienkala.com/audio/p/l/plethora.mp3
68,polemical,/pəˈlemɪkl/,adj,gây tranh cãi,a polemical attack,một cuộc tấn công gây tranh cãi,https://audio.tudienkala.com/data/cache/images/300x225/p/o/polemical1.jpg,https://audio.tudienkala.com/audio/p/o/polemical.mp3
68,ponderous,/ˈpɒndərəs/,adj,rất nhàm chán và chậm chạp,Sam quickly fell asleep during the ponderous movie.,Sam đã nhanh chống buồn ngủ trong suốt bộ phim dài nhàm chán.,https://audio.tudienkala.com/data/cache/images/300x225/p/o/ponderous1.jpg,https://audio.tudienkala.com/audio/p/o/ponderous.mp3
68,posthumous,/ˈpɒstjəməs/,adj,"(xảy ra, thực hiện, xuất bản...) sau khi ai đó chết",a posthumous award for bravery,một giải thưởng sau khi chết cho sự dũng cảm,https://audio.tudienkala.com/data/images_example/300x225/a/_/a_posthumo_ex2_58772d1a7f8b9ade308b458f.jpg,https://audio.tudienkala.com/audio/p/o/posthumous.mp3
68,precept,/ˈpriː.sept/,n,châm ngôn,This policy goes against common precepts of decency.,Chính sách này đi ngược lại với giáo huấn đạo đức chung.,https://audio.tudienkala.com/data/cache/images/300x225/p/r/precept1.jpg,https://audio.tudienkala.com/audio/p/r/precept.mp3
68,precipitous,/prɪˈsɪp.ɪ.təs/,adj,"vội vàng, hấp tấp",precipitous intervention,sự can thiệp nhanh,https://audio.tudienkala.com/data/images_example/300x225/p/r/precipitou_ex2_58772b4b7f8b9ab7308b4620.jpg,https://audio.tudienkala.com/audio/p/r/precipitous.mp3
68,precocious,/prɪˈkəʊʃəs/,adj,sớm phát triển; có một số khả năng được phát triển ở tuổi sớm hơn bình thường,a precocious child who started her acting career at the age of 5,một đứa trẻ sớm phát triển đã bắt đầu sự nghiệp diễn xuất khi 5 tuổi,https://audio.tudienkala.com/data/cache/images/300x225/p/r/precocious1.jpg,https://audio.tudienkala.com/audio/p/r/precocious.mp3
68,predilection,/ˌpriːdɪˈlekʃən/,n,"sự ưa chuộng, sự ưa thích đặc biệt (cái gì)",an artist with a predilection for bright colours,một nghệ sĩ với một sự yêu thích những màu sắc tươi sáng,https://audio.tudienkala.com/data/cache/images/300x225/p/r/predilection1.jpg,https://audio.tudienkala.com/audio/p/r/predilection.mp3
68,pre-eminent,/ˌpriːˈemɪnənt/,adj,"vượt trội hơn, hơn hẳn",Dickens was pre-eminent among English writers of his day.,Dickens đã vượt trội hơn trong số các nhà văn Anh vào thời của ông.,https://audio.tudienkala.com/data/cache/images/300x225/p/r/pre-eminent2.jpg,https://audio.tudienkala.com/audio/p/r/pre-eminent.mp3
68,pretentious,/prɪˈtenʃəs/,adj,"giả vờ, giả tạo",He's so pretentious!,Anh ta rất là giả tạo!,https://audio.tudienkala.com/data/cache/images/300x225/p/r/pretentious1.jpg,https://audio.tudienkala.com/audio/p/r/pretentious.mp3
68,pristine,/ˈprɪstiːn/,adj,"nguyên sơ, còn mới nguyên; tươi, sạch sẽ như mới",The car is in pristine condition.,Chiếc xe trong tình trạng còn mới nguyên.,https://audio.tudienkala.com/data/images_example/300x225/t/h/the_car_is_ex2_58772a957f8b9a9d308b46af.jpg,https://audio.tudienkala.com/audio/p/r/pristine.mp3
68,prodigal,/ˈprɒdɪɡəl/,adj,"hoang phí (tiền bạc, thời gian, tài nguyên...)",a prodigal administration,một chính quyền hoang phí,https://audio.tudienkala.com/data/cache/images/300x225/p/r/prodigal1.jpg,https://audio.tudienkala.com/audio/p/r/prodigal.mp3
68,prodigious,/prəˈdɪdʒəs/,adj,"to lớn, lớn lao; phi thường",She was a prodigious musician.,Cô ấy là một nghệ sĩ phi thường.,https://audio.tudienkala.com/data/cache/images/300x225/p/r/prodigious1.jpg,https://audio.tudienkala.com/audio/p/r/prodigious.mp3
68,prodigy,/ˈprɒdɪdʒi/,n,thần đồng,"Mozart was a famous child prodigy, he composed music at the age of four.","Mozart là một thần đồng nhỏ tuổi nổi tiếng, ông soạn nhạc lúc 4 tuổi.",https://audio.tudienkala.com/data/cache/images/300x225/p/r/prodigy1.jpg,https://audio.tudienkala.com/audio/p/r/prodigy.mp3
68,profane,/prəˈfeɪn/,adj,báng bổ (thần thánh),profane language,ngôn ngữ tục tĩu,https://audio.tudienkala.com/data/cache/images/300x225/p/r/profane1.jpg,https://audio.tudienkala.com/audio/p/r/profane.mp3
68,proliferate,/prəʊˈlɪfəreɪt/,v,tăng nhanh,Books and articles on the subject have proliferated over the last year.,Sách và các bài viết về chủ đề này đã tăng lên nhanh chóng trong năm qua.,https://audio.tudienkala.com/data/cache/images/300x225/p/r/proliferate1.png,https://audio.tudienkala.com/audio/p/r/proliferate.mp3
68,propriety,/prəˈpraɪəti/,n,"sự đúng đắn, sự đúng mực",Nobody questioned the propriety of her being there alone.,Không ai nghi ngờ tính đúng đắn về việc cô ấy ở đó một mình.,https://audio.tudienkala.com/data/cache/images/300x225/p/r/propriety1.jpg,https://audio.tudienkala.com/audio/p/r/propriety.mp3
68,prosaic,/prəʊˈzeɪɪk/,adj,"buồn tẻ, không thể hiện trí tưởng tượng",a prosaic style,một phong cách tầm thường,https://audio.tudienkala.com/data/cache/images/300x225/p/r/prosaic1.jpg,https://audio.tudienkala.com/audio/p/r/prosaic.mp3
68,quiescent,/kwiˈes.ənt/,adj,tĩnh lặng; không hoạt động,The political situation was now relatively quiescent.,Tình hình chính trị hiện nay là tương đối tĩnh lặng.,https://audio.tudienkala.com/data/images_example/300x225/t/h/the_politi_ex2_58772d1d7f8b9ade308b45a7.png,https://audio.tudienkala.com/audio/q/u/quiescent.mp3
68,ramble,/ˈræmbl/,v,đi dạo chơi (nhất là ở nông thôn),We spent the summer rambling in Ireland.,Chúng tôi đã dành cả mùa hè dạo chơi ở Ireland.,https://audio.tudienkala.com/data/cache/images/300x225/r/a/ramble1.jpg,https://audio.tudienkala.com/audio/r/a/ramble.mp3
68,rant,/rænt/,v,"nói, phàn nàn về điều gì một cách to tiếng và, hoặc giận dữ",He's always ranting (on) about the government.,Anh ấy luôn luôn phàn nàn về chính phủ.,https://audio.tudienkala.com/data/images_example/300x225/h/e/hes_always_ex2_58772d1e7f8b9ade308b45ab.jpg,https://audio.tudienkala.com/audio/r/a/rant.mp3
68,ratify,/ˈrætɪfaɪ/,v,phê chuẩn,The treaty was ratified by all the member states.,Hiệp ước đã được phê chuẩn bởi tất cả các quốc gia thành viên.,https://audio.tudienkala.com/data/cache/images/300x225/r/a/ratify1.jpg,https://audio.tudienkala.com/audio/r/a/ratify.mp3
68,raucous,/ˈrɔːkəs/,adj,khàn khàn; to và khàn,a raucous voice,một giọng nói khàn khàn,https://audio.tudienkala.com/data/images_example/300x225/a/_/a_raucous__ex2_58772d1e7f8b9ade308b45af.jpg,https://audio.tudienkala.com/audio/r/a/raucous.mp3
68,recalcitrant,/rɪˈkælsɪtrənt/,adj,"ương ngạnh, cứng đầu",a recalcitrant child,một đứa trẻ ương ngạnh,https://audio.tudienkala.com/data/cache/images/300x225/r/e/recalcitrant1.jpg,https://audio.tudienkala.com/audio/r/e/recalcitrant.mp3
68,recluse,/rɪˈkluːs/,n,người sống ẩn dật,He is a millionaire recluse who refuses to give interviews.,"Ông ấy là một nhà triệu phú sống ẩn dật, từ chối trả lời các cuộc phỏng vấn.",https://audio.tudienkala.com/data/cache/images/300x225/r/e/recluse1.jpg,https://audio.tudienkala.com/audio/r/e/recluse.mp3
68,recrimination,/rɪˌkrɪmɪˈneɪʃən/,n,"sự buộc tội, tố cáo lẫn nhau",We spent the rest of the evening in mutual recrimination.,Chúng tôi đã dành phần còn lại của buổi chiều để tố cáo lẫn nhau.,https://audio.tudienkala.com/data/cache/images/300x225/r/e/recrimination1.jpg,https://audio.tudienkala.com/audio/r/e/recrimination.mp3
68,refute,/rɪˈfjuːt/,v,bác bỏ; chứng minh điều gì là sai,She refutes any suggestion that she behaved unprofessionally.,Cô ấy bác bỏ bất kì ý kiến nào nói rằng cô ấy cư xử không chuyên nghiệp.,https://audio.tudienkala.com/data/cache/images/300x225/r/e/refute1.jpg,https://audio.tudienkala.com/audio/r/e/refute.mp3
69,relinquish,/ri'liɳkwiʃ/,v,"từ bỏ, buông thả","After Claude married Kiki, he had to relinquish his exclusive hold on the kitchen and learn to share the joys of cooking.","Sau khi Claude lấy Kiki, anh ta đã phải từ bỏ độc quyền nắm giữ nhà bếp và biết chia sẻ niềm vui nấu nướng.",https://audio.tudienkala.com/data/cache/images/300x225/r/e/relinquish1.jpg,https://audio.tudienkala.com/audio/r/e/relinquish.mp3
69,renegade,/ˈrenɪɡeɪd/,n,"kẻ phản bội (phản đảng, phản đạo)","A renegade is a person who leaves one political, religious, etc. group to join another that has very different views.","Một kẻ phản bội là người rời bỏ một nhóm chính trị, tôn giáo... để tham gia một nhóm khác có quan điểm rất khác nhau.",https://audio.tudienkala.com/data/images_example/300x225/a/_/a_renegade_ex2_58772d207f8b9ade308b45b9.jpg,https://audio.tudienkala.com/audio/r/e/renegade.mp3
69,renounce,/rɪˈnaʊns/,v,"công khai từ bỏ một danh hiệu, chức vụ",Gandhi renounced the use of violence.,Gandhi công khai từ bỏ việc sử dụng bạo lực.,https://audio.tudienkala.com/data/cache/images/300x225/r/e/renounce1.jpg,https://audio.tudienkala.com/audio/r/e/renounce.mp3
69,repudiate,/rɪˈpjuːdieɪt/,v,"từ chối, cự tuyệt, bác bỏ",I utterly repudiate those remarks.,Tôi hoàn toàn bác bỏ những lời nhận xét đó.,https://audio.tudienkala.com/data/images_example/300x225/i/_/i_utterly__ex2_58772d207f8b9ade308b45bd.jpg,https://audio.tudienkala.com/audio/r/e/repudiate.mp3
69,rescind,/rɪˈsɪnd/,v,"bãi bỏ (luật, hợp đồng, quyết định...)",The navy rescinded its ban on women sailors.,Hải quân đã bãi bỏ lệnh cấm nữ thủy thủ.,https://audio.tudienkala.com/data/cache/images/300x225/r/e/rescind1.jpg,https://audio.tudienkala.com/audio/r/e/rescind.mp3
69,resilient,/rɪˈzɪliənt/,adj,kiên cường; nhanh chóng phục hồi sau một cú sốc hoặc chấn thương...,She's a resilient girl - she won't be unhappy for long.,Cô ấy là một cô gái kiên cường - cô ấy sẽ không buồn lâu đâu.,https://audio.tudienkala.com/data/cache/images/300x225/r/e/resilient1.jpg,https://audio.tudienkala.com/audio/r/e/resilient.mp3
69,resolute,/ˈrezəluːt/,adj,"cương quyết, quyết tâm cao",She's utterly resolute in her refusal to apologize.,Cô ấy hoàn toàn cương quyết trong việc từ chối xin lỗi.,https://audio.tudienkala.com/data/cache/images/300x225/r/e/resolute1.jpg,https://audio.tudienkala.com/audio/r/e/resolute.mp3
69,resplendent,/rɪˈsplen.dənt/,adj,"rực rỡ, lộng lẫy","He glimpsed Sonia, resplendent in a red dress.","Ông thoáng thấy Sonia, rực rỡ trong chiếc váy đỏ.",https://audio.tudienkala.com/data/cache/images/300x225/r/e/resplendent1.jpg,https://audio.tudienkala.com/audio/r/e/resplendent.mp3
69,reticent,/ˈretɪsənt/,adj,"kín đáo trong lời nói, ít nói",She was shy and reticent.,Cô ấy nhút nhát và kín đáo.,https://audio.tudienkala.com/data/images_example/300x225/s/h/she_was_sh_ex2_58772d227f8b9ade308b45c7.jpg,https://audio.tudienkala.com/audio/r/e/reticent.mp3
69,salutary,/ˈsæljʊtəri/,adj,"có lợi, có ảnh hưởng tốt với (mặc dù đôi lúc dường như không thoải mái)",The accident was a salutary reminder of the dangers of climbing.,Các vụ tai nạn là một lời nhắc nhở có ích về sự nguy hiểm của việc leo núi.,https://audio.tudienkala.com/data/cache/images/300x225/s/a/salutary1.jpg,https://audio.tudienkala.com/audio/s/a/salutary.mp3
69,sanguine,/ˈsæŋɡwɪn/,adj,"lạc quan, đầy hy vọng",It amazes me how having cancer does not prevent him from being sanguine!,Tôi ngạc nhiên vì ung thư không ngăn cản anh ta trở nên lạc quan!,https://audio.tudienkala.com/data/images_example/300x225/i/t/it_amazes__ex2_58772d237f8b9ade308b45cb.jpg,https://audio.tudienkala.com/audio/s/a/sanguine.mp3
69,scrupulous,/ˈskruːpjələs/,adj,"đắn đo, thận trọng",He was scrupulous in all his business dealings.,Ông thận trọng trong tất cả các giao dịch kinh doanh của mình.,https://audio.tudienkala.com/data/cache/images/300x225/s/c/scrupulous1.jpg,https://audio.tudienkala.com/audio/s/c/scrupulous.mp3
69,serene,/sɪˈriːn/,adj,"yên lặng, thanh bình","Although the children are gone for two days, my husband and I cannot enjoy a serene weekend because of the neighbor’s noisy dog.","Dù cho những đứa trẻ đã đi được 2 ngày, nhưng tôi và chồng tôi không thể có được cuối tuần thanh tịnh vì sự ồn ào của những chú chó hàng xóm.",https://audio.tudienkala.com/data/cache/images/300x225/s/e/serene1.jpg,https://audio.tudienkala.com/audio/s/e/serene.mp3
69,servile,/ˈsɜːvaɪl/,adj,"hoàn toàn lệ thuộc, mù quáng (nghĩa bóng)",Parents have no right to demand servile obedience from their children.,Cha mẹ không có quyền đòi hỏi sự vâng lời mù quáng từ con trẻ.,https://audio.tudienkala.com/data/images_example/300x225/p/a/parents_ha_ex2_58772d247f8b9ade308b45ce.jpg,https://audio.tudienkala.com/audio/s/e/servile.mp3
69,slander,/ˈslɑːndər/,n,"sự vu khống, lời vu cáo",The doctor is suing his partner for slander.,Bác sĩ đang kiện đối tác của ông ấy vì lời vu khống.,https://audio.tudienkala.com/data/cache/images/300x225/s/l/slander1.jpg,https://audio.tudienkala.com/audio/s/l/slander.mp3
69,solace,/ˈsɒləs/,n,"sự, niềm an ủi",He sought solace in the whisky bottle.,Anh ấy tìm kiếm sự an ủi trong chai rượu whisky.,https://audio.tudienkala.com/data/cache/images/300x225/s/o/solace1.jpg,https://audio.tudienkala.com/audio/s/o/solace.mp3
69,squalor,/ˈskwɒlər/,n,tình trạng bẩn thỉu và khó chịu,He had lost his job and was living in squalor.,Anh ta mất việc và sống trong tình trạng bẩn thỉu.,https://audio.tudienkala.com/data/cache/images/300x225/s/q/squalor1.jpg,https://audio.tudienkala.com/audio/s/q/squalor.mp3
69,stanza,/ˈstæn.zə/,n,"đoạn thơ, khổ thơ",This short poem by Emily Dickinson has two stanzas of four lines each.,Bài thơ ngắn này của Emily Dickinson có hai đoạn thơ với bốn dòng mỗi đoạn.,https://audio.tudienkala.com/data/cache/images/300x225/s/t/stanza1.jpg,https://audio.tudienkala.com/audio/s/t/stanza.mp3
69,strident,/ˈstraɪdənt/,adj,"điếc tai, đinh tai nhức óc",a strident voice,một giọng nói the thé,https://audio.tudienkala.com/data/cache/images/300x225/s/t/strident1.jpg,https://audio.tudienkala.com/audio/s/t/strident.mp3
69,strut,/strʌt/,v,"đi khệnh khạng, nghênh ngang",The boys strutted around trying to get the attention of a group of girls who were nearby.,Các chàng trai đi xung quanh nghênh ngang cố gắng gây chú ý với một nhóm các cô gái ở gần đó.,https://audio.tudienkala.com/data/cache/images/300x225/s/t/strut1.jpg,https://audio.tudienkala.com/audio/s/t/strut.mp3
69,substantiate,/səbˈstænʃieɪt/,v,chứng minh,The results of the tests substantiated his claims.,Các kết quả của các cuộc thử nghiệm đã chứng minh luận điểm của anh ta.,https://audio.tudienkala.com/data/images_example/300x225/t/h/the_result_ex2_58772d267f8b9ade308b45dc.jpg,https://audio.tudienkala.com/audio/s/u/substantiate.mp3
69,succinct,/səkˈsɪŋkt/,adj,"ngắn gọn, cô đọng",Keep your answers as succinct as possible.,Giữ câu trả lời của bạn càng ngắn gọn càng tốt.,https://audio.tudienkala.com/data/images_example/300x225/k/e/keep_your__ex2_58772d267f8b9ade308b45de.jpg,https://audio.tudienkala.com/audio/s/u/succinct.mp3
69,tactile,/ˈtæktaɪl/,adj,"(thuộc) xúc giác, sờ mó được",visual and tactile communication,truyền thông bằng hình ảnh và xúc giác.,https://audio.tudienkala.com/data/cache/images/300x225/t/a/tactile1.jpg,https://audio.tudienkala.com/audio/t/a/tactile.mp3
69,tantamount,/ˈtæntəmaʊnt/,adj,"đồng nghĩa với, tương đương với",If he resigned it would be tantamount to admitting that he was guilty.,"Nếu ông từ chức, nó sẽ tương đương với việc thừa nhận rằng ông đã phạm tội.",https://audio.tudienkala.com/data/images_example/300x225/i/f/if_he_resi_ex2_58772aa47f8b9a9d308b46fd.jpg,https://audio.tudienkala.com/audio/t/a/tantamount.mp3
69,tenable,/ˈten.ə.bl̩/,adj,"có thể đứng vững, bảo vệ được (nghĩa bóng)",The old idea that this work was not suitable for women was no longer tenable.,Quan niệm cũ rằng công việc này không thích hợp cho phụ nữ đã không còn đứng vững được nữa.,https://audio.tudienkala.com/data/cache/images/300x225/t/e/tenable1.jpg,https://audio.tudienkala.com/audio/t/e/tenable.mp3
69,tenacious,/tɪˈneɪʃəs/,adj,"bền bỉ, ngoan cường; quyết tâm",She's a tenacious woman. She never gives up,Cô ấy là một phụ nữ ngoan cường. Cô ấy không bao giờ từ bỏ.,https://audio.tudienkala.com/data/images_example/300x225/s/h/shes_a_ten_ex2_58772d277f8b9ade308b45e4.jpg,https://audio.tudienkala.com/audio/t/e/tenacious.mp3
69,terse,/tɜːs/,adj,"ngắn gọn, cụt ngủn (thường có vẻ không lịch sự, thân thiện)","""Are you feeling any better?"" ""No!"" was the terse reply.","""Bạn cảm thấy đỡ hơn chưa?"" ""No!"" là câu trả lời cụt ngủn.",https://audio.tudienkala.com/data/images_example/300x225/a/r/are_you_fe_ex2_58772d277f8b9ade308b45e6.png,https://audio.tudienkala.com/audio/t/e/terse.mp3
69,thwart,/θwɔːt/,v,cản trở,to thwart somebody's plans,để cản trở kế hoạch của ai đó,https://audio.tudienkala.com/data/cache/images/300x225/t/h/thwart1.jpg,https://audio.tudienkala.com/audio/t/h/thwart.mp3
69,tirade,/taɪˈreɪd/,n,"một tràng, diễn văn đả kích",She launched into a tirade of abuse against politicians.,Cô ấy đã đưa ra một tràng đả kích chống đối các chính trị gia.,https://audio.tudienkala.com/data/cache/images/300x225/t/i/tirade1.jpg,https://audio.tudienkala.com/audio/t/i/tirade.mp3
69,tout,/taʊt/,v,"tâng bốc, khen ngợi",She's being touted as the next leader of the party.,Cô đang được khen ngợi như là lãnh đạo kế tiếp của đảng.,https://audio.tudienkala.com/data/cache/images/300x225/t/o/tout1.jpeg,https://audio.tudienkala.com/audio/t/o/tout.mp3
69,transcend,/trænˈsend/,v,"vượt qua, hơn",The best films are those which transcend national or cultural barriers.,Những bộ phim hay nhất là những phim vượt qua rào cản quốc gia hay văn hóa.,https://audio.tudienkala.com/data/cache/images/300x225/t/r/transcend1.jpg,https://audio.tudienkala.com/audio/t/r/transcend.mp3
69,trepidation,/ˌtrepɪˈdeɪʃən/,n,"sự lo lắng, sợ hãi rất lớn",He knocked on the door with some trepidation.,Anh ta gõ cửa với sự lo lắng.,https://audio.tudienkala.com/data/cache/images/300x225/t/r/trepidation1.jpg,https://audio.tudienkala.com/audio/t/r/trepidation.mp3
69,trite,/traɪt/,adj,"sáo, nhàm chán (bởi vì đã được lặp lại nhiều lần); không phải nguyên gốc",That argument has become trite.,Cuộc tranh cãi trở nên nhàm chán.,https://audio.tudienkala.com/data/cache/images/300x225/t/r/trite1.jpg,https://audio.tudienkala.com/audio/t/r/trite.mp3
69,unconventional,/ˌʌnkənˈvenʃənəl/,adj,"trái với thói thường, độc đáo",unconventional views,những cách nhìn độc đáo,https://audio.tudienkala.com/data/cache/images/300x225/u/n/unconventional1.jpg,https://audio.tudienkala.com/audio/u/n/unconventional.mp3
69,undaunted,/ʌnˈdɔːntɪd/,adj,"không nản chí, không bị khuất phục",He seemed undaunted by all the opposition to his idea.,Anh ấy dường như không hề nản chí bởi những ý kiến trái ngược với anh ấy.,https://audio.tudienkala.com/data/cache/images/300x225/u/n/undaunted1.jpg,https://audio.tudienkala.com/audio/u/n/undaunted.mp3
69,understatement,/ˌʌndəˈsteɪtmənt/,n,"sự nói bớt, sự nói giảm đi",To say we were pleased is an understatement (= we were extremely pleased).,Nói chúng tôi hài lòng là một cách nói giảm đi (= chúng tôi cực kì hài lòng),https://audio.tudienkala.com/data/cache/images/300x225/u/n/understatement2.jpg,https://audio.tudienkala.com/audio/u/n/understatement.mp3
69,unwarranted,/ʌnˈwɒrəntɪd/,adj,không chính đáng; không phù hợp,Much of the criticism was totally unwarranted.,Phần lớn những lời chỉ trích là hoàn toàn không có cơ sở.,https://audio.tudienkala.com/data/cache/images/300x225/u/n/unwarranted1.jpg,https://audio.tudienkala.com/audio/u/n/unwarranted.mp3
69,unwitting,/ʌnˈwɪtɪŋ/,adj,"vô tình, không chủ tâm",She was the unwitting cause of the argument.,Cô ấy vô tình là nguyên nhân của cuộc tranh cãi.,https://audio.tudienkala.com/data/images_example/300x225/s/h/she_was_th_ex2_58772d2a7f8b9ade308b45fa.png,https://audio.tudienkala.com/audio/u/n/unwitting.mp3
69,urbane,/ɜːˈbeɪn/,adj,biết cách cư xử; thoải mái và tự tin,"Herschel was an urbane, kindly, and generous man.","Herschel là một người đàn ông tao nhã, lịch sự và hào phóng.",https://audio.tudienkala.com/data/images_example/300x225/h/e/herschel_w_ex2_58772d2a7f8b9ade308b45fc.jpg,https://audio.tudienkala.com/audio/u/r/urbane.mp3
69,variegated,/ˈveə.rɪ.ɡeɪ.tɪd/,adj,"có đốm màu khác nhau, lẫn màu",a plant with variegated leaves,một cây có lá loang lổ,https://audio.tudienkala.com/data/cache/images/300x225/v/a/variegated1.jpg,https://audio.tudienkala.com/audio/v/a/variegated.mp3
69,vehement,/ˈviːəmənt/,adj,"kịch liệt, dữ dội","a vehement denial/attack/protest, etc.","từ chối kịch liệt / tấn công kịch liệt / chống đối kịch liệt, vv",https://audio.tudienkala.com/data/cache/images/300x225/v/e/vehement1.jpg,https://audio.tudienkala.com/audio/v/e/vehement.mp3
69,vicarious,/vɪˈkeəriəs/,adj,trải qua một cách gián tiếp (xem hoặc đọc); do người khác làm,She took a vicarious pleasure in her friend's achievements.,Cô ấy vui với những thành tích của bạn mình.,https://audio.tudienkala.com/data/cache/images/300x225/v/i/vicarious1.jpg,https://audio.tudienkala.com/audio/v/i/vicarious.mp3
69,vindictive,/vɪnˈdɪktɪv/,adj,"hay báo thù, thù oán",He accused her of being vindictive.,Anh ấy cáo buộc cô ta để báo thù.,https://audio.tudienkala.com/data/images_example/300x225/h/e/he_accused_ex2_58772d2b7f8b9ade308b4602.jpg,https://audio.tudienkala.com/audio/v/i/vindictive.mp3
69,virtuoso,/ˌvɜːtjuˈəʊsəʊ/,n,bậc thầy về (nhất là chơi nhạc cụ),a piano virtuoso,một bậc thầy về piano,https://audio.tudienkala.com/data/images_example/300x225/a/_/a_piano_vi_ex2_58772d2b7f8b9ade308b4604.jpg,https://audio.tudienkala.com/audio/v/i/virtuoso.mp3
69,virulent,/ˈvɪrʊlənt/,adj,"cực kì nguy hiểm, có hại và có ảnh hưởng rất nhanh",a virulent form of influenza,một hình thái cực kì nguy hiểm của bệnh cúm.,https://audio.tudienkala.com/data/images_example/300x225/a/_/a_virulent_ex2_58772d2c7f8b9ade308b4606.jpg,https://audio.tudienkala.com/audio/v/i/virulent.mp3
69,voluminous,/vəˈluːmɪnəs/,adj,rất lớn,I sank down into a voluminous armchair.,Tôi bị chìm xuống một chiếc ghế bành rất lớn.,https://audio.tudienkala.com/data/images_example/300x225/i/_/i_sank_dow_ex2_58772d2c7f8b9ade308b4608.jpg,https://audio.tudienkala.com/audio/v/o/voluminous.mp3
69,whimsical,/ˈwɪmzɪkəl/,adj,"kỳ quái, kỳ dị",to have a whimsical sense of humour,có một cảm giác hài hước kì quái,https://audio.tudienkala.com/data/cache/images/300x225/w/h/whimsical1.jpg,https://audio.tudienkala.com/audio/w/h/whimsical.mp3
69,wilful,/ˈwɪlfəl/,adj,cố ý,The present crisis is the result of years of wilful neglect by the council.,Cuộc khủng hoảng hiện nay là kết quả của việc cố tình bỏ bê của hội đồng.,https://audio.tudienkala.com/data/cache/images/300x225/w/i/wilful1.jpg,https://audio.tudienkala.com/audio/w/i/wilful.mp3
69,wistful,/ˈwɪstfəl/,adj,"tiếc nuối, buồn bã (nhất là điều gì trong quá khứ)",I thought about those days in Spain and grew wistful.,Tôi đã nghĩ về những ngày ở Tây Ban Nha và cực kì tiếc nuối.,https://audio.tudienkala.com/data/cache/images/300x225/w/i/wistful1.jpg,https://audio.tudienkala.com/audio/w/i/wistful.mp3
69,zealot,/ˈzel.ət/,n,"người cuồng tín, quá khích (nhất là trong tôn giáo hoặc chính trị)",a religious zealot,một người cuồng tín tôn giáo.,https://audio.tudienkala.com/data/cache/images/300x225/z/e/zealot1.jpg,https://audio.tudienkala.com/audio/z/e/zealot.mp3
70,abate,/əˈbeɪt/,v,"(làm) dịu đi, yếu đi, giảm bớt",The storm showed no signs of abating.,Các cơn bão cho thấy không có dấu hiệu giảm bớt.,https://audio.tudienkala.com/data/cache/images/300x225/a/b/abate1.jpg,https://audio.tudienkala.com/audio/a/b/abate.mp3
70,abhor,/əbˈhɔːr/,v,ghê tởm; ghét cay ghét đắng,I abhor all forms of racism.,Tôi ghét cay ghét đắng tất cả các hình thức phân biệt chủng tộc.,https://audio.tudienkala.com/data/cache/images/300x225/a/b/abhor1.jpg,https://audio.tudienkala.com/audio/a/b/abhor.mp3
70,abridge,/əˈbrɪdʒ/,v,"rút ngắn lại, cắt bớt (sách, vở kịch,...)",The book was abridged for children.,Cuốn sách đã được rút ngắn bớt cho trẻ em.,https://audio.tudienkala.com/data/cache/images/300x225/a/b/abridge1.jpg,https://audio.tudienkala.com/audio/a/b/abridge.mp3
70,abstemious,/æbˈstiː.mi.əs/,adj,"tiết chế, có điều độ",He was a hard-working man with abstemious habits.,Anh ấy là người đàn ông làm việc chăm chỉ với những thói quen điều độ.,https://audio.tudienkala.com/data/images_example/300x225/h/e/he_was_a_h_ex2_58772d2e7f8b9ade308b4614.jpg,https://audio.tudienkala.com/audio/a/b/abstemious.mp3
70,abstruse,/æbˈstruːs/,adj,khó hiểu,an abstruse philosophical essay,một bài tiểu luận triết học khó hiểu,https://audio.tudienkala.com/data/cache/images/300x225/a/b/abstruse1.jpg,https://audio.tudienkala.com/audio/a/b/abstruse.mp3
70,acerbic,/əˈsɜːbɪk/,adj,"phê bình một cách chua chát, gay gắt",The letter was written in her usual acerbic style.,Lá thư được viết theo một phong cách chua chát thường thấy của cô ấy.,https://audio.tudienkala.com/data/cache/images/300x225/a/c/acerbic1.png,https://audio.tudienkala.com/audio/a/c/acerbic.mp3
70,acolyte,/ˈæk.əl.aɪt/,n,"người đi theo và giúp đỡ một thủ lĩnh, lãnh đạo",the Emperor's faithful acolytes,người theo hầu trung thành của Hoàng Đế,https://audio.tudienkala.com/data/cache/images/300x225/a/c/acolyte1.jpg,https://audio.tudienkala.com/audio/a/c/acolyte.mp3
70,acquiesce,/ˌækwiˈes/,v,"bằng lòng, ưng thuận, đồng ý; bằng lòng ngầm, mặc nhận",Senior government figures must have acquiesced in the cover-up.,Những nhân vật cao cấp của chính phủ phải nhượng bộ ưng thuận ngầm.,https://audio.tudienkala.com/data/images_example/300x225/s/e/senior_gov_ex2_58772b377f8b9ab7308b45b9.jpg,https://audio.tudienkala.com/audio/a/c/acquiesce.mp3
70,address,/ə'dres/,v,"nhằm vào, trình bày",Marco's business plan addresses the needs of small business owners.,Kế hoạch kinh doanh của Marco nhằm vào nhu cầu của những chủ doanh nghiệp nhỏ.,https://audio.tudienkala.com/data/images_example/300x225/m/a/marcos_bus_ex1_56248cf37f8b9af80c011d69.jpg,https://audio.tudienkala.com/audio/a/d/address.mp3
70,admonish,/ədˈmɒnɪʃ/,v,"khiển trách, la rầy",She was admonished for chewing gum in class.,Cô đã bị khiển trách vì nhai kẹo cao su trong lớp.,https://audio.tudienkala.com/data/cache/images/300x225/a/d/admonish1.jpg,https://audio.tudienkala.com/audio/a/d/admonish.mp3
70,adroit,/əˈdrɔɪt/,adj,khéo léo (nhất là trong giao tiếp với người khác),She became adroit at dealing with difficult questions.,Cô ấy trở nên khéo léo trong việc giải quyết các câu hỏi khó.,https://audio.tudienkala.com/data/images_example/300x225/s/h/she_became_ex2_58772d2f7f8b9ade308b461c.jpg,https://audio.tudienkala.com/audio/a/d/adroit.mp3
70,ameliorate,/əˈmiːliəreɪt/,v,cải thiện điều gì,Foreign aid is badly needed to ameliorate the effects of the drought.,Viện trợ nước ngoài là rất cần thiết để cải thiện các ảnh hưởng của hạn hán.,https://audio.tudienkala.com/data/images_example/300x225/f/o/foreign_ai_ex2_58772d2f7f8b9ade308b461e.jpg,https://audio.tudienkala.com/audio/a/m/ameliorate.mp3
70,antediluvian,/æn.ti.dɪˈluː.vi.ən/,adj,"cũ kỹ, không hợp thời",criticism of Britain's antediluvian blasphemy law,những lời chỉ trích về luật báng bổ cũ kỹ của nước Anh.,https://audio.tudienkala.com/data/cache/images/300x225/a/n/antediluvian1.jpg,https://audio.tudienkala.com/audio/a/n/antediluvian.mp3
70,assiduous,/əˈsɪdjuəs/,adj,"chuyên cần, siêng năng",He is one of the most assiduous members of the team.,Anh ta là một trong những thành viên siêng năng nhất của đội bóng.,https://audio.tudienkala.com/data/images_example/300x225/h/e/he_is_one__ex2_58772d307f8b9ade308b4622.jpg,https://audio.tudienkala.com/audio/a/s/assiduous.mp3
70,assuage,/əˈsweɪdʒ/,v,"làm dịu bớt, làm khuây (nỗi đau buồn)",His reply did little to assuage my suspicions.,Câu trả lời của ông ấy đã làm dịu đi sự nghi ngờ của tôi.,https://audio.tudienkala.com/data/cache/images/300x225/a/s/assuage1.jpg,https://audio.tudienkala.com/audio/a/s/assuage.mp3
70,avuncular,/əˈvʌŋkjʊlər/,adj,"cư xử như bác, chú; tốt bụng",This young foreman always adopts an avuncular tone of voice when speaking to his workwomen.,Anh quản đốc trẻ này luôn lên giọng chú bác khi nói chuyện với các nữ công nhân do mình quản lý.,https://audio.tudienkala.com/data/cache/images/300x225/a/v/avuncular1.jpg,https://audio.tudienkala.com/audio/a/v/avuncular.mp3
70,bane,/beɪn/,n,"điều gây ra rắc rối, buồn phiền cho ai",The neighbours' kids are the bane of my life.,Những đứa trẻ hàng xóm là điều gây rắc rối cho cuộc sống của tôi.,https://audio.tudienkala.com/data/cache/images/300x225/b/a/bane1.jpg,https://audio.tudienkala.com/audio/b/a/bane.mp3
70,belabour,/bɪˈleɪbə(r)/,v,"lặp đi lặp lại một điều gì (nhằm nhấn mạnh, nhất là khi nó đã được đề cập hoặc được hiểu)",There's no need to belabour the point.,Không cần phải nhấn mạnh vấn đề này.,https://audio.tudienkala.com/data/cache/images/300x225/b/e/belabour1.jpg,https://audio.tudienkala.com/audio/b/e/belabour.mp3
70,belie,/bɪˈlaɪ/,v,"tạo ra ấn tượng sai về ai, điều gì",Her calm face belied the terror she was feeling.,Khuôn mặt bình tĩnh của cô ấy trái ngược với nỗi sợ hãi mà cô ấy đang cảm thấy.,https://audio.tudienkala.com/data/images_example/300x225/h/e/her_calm_f_ex2_58772d317f8b9ade308b462c.jpg,https://audio.tudienkala.com/audio/b/e/belie.mp3
70,belittle,/bɪˈlɪtl/,v,"coi nhẹ, xem thường",She felt her husband constantly belittled her achievements.,Cô cảm thấy chồng mình liên tục coi thường những thành tựu của mình.,https://audio.tudienkala.com/data/images_example/300x225/s/h/she_felt_h_ex2_58772d327f8b9ade308b462e.jpg,https://audio.tudienkala.com/audio/b/e/belittle.mp3
70,bellicose,/ˈbelɪkəʊs/,adj,"hiếu chiến, hay gây gỗ",The general made some bellicose statements about his country's military strength.,Vị tướng thực hiện một số lệnh hiếu chiến về sức mạnh quân sự của đất nước mình.,https://audio.tudienkala.com/data/cache/images/300x225/b/e/bellicose1.jpg,https://audio.tudienkala.com/audio/b/e/bellicose.mp3
70,bemoan,/bɪˈməʊn/,v,"phàn nàn về, than vãn",They sat bemoaning the fact that no one would give them a chance.,Họ ngồi than vãn về một thực tế là không ai có thể cho họ một cơ hội.,https://audio.tudienkala.com/data/cache/images/300x225/b/e/bemoan1.jpg,https://audio.tudienkala.com/audio/b/e/bemoan.mp3
70,bequeath,/bɪˈkwiːð/,v,để lại (bằng chúc thư),Her father bequeathed her the family fortune in his will.,Cha cô để lại cho cô gia sản trong di chúc của ông ấy.,https://audio.tudienkala.com/data/cache/images/300x225/b/e/bequeath1.jpg,https://audio.tudienkala.com/audio/b/e/bequeath.mp3
70,blithe,/blaɪð/,adj,"vô tư, không lo lắng",He drove with blithe disregard for the rules of the road.,Anh lái xe vô tư bất chấp các luật lệ giao thông.,https://audio.tudienkala.com/data/cache/images/300x225/b/l/blithe1.jpg,https://audio.tudienkala.com/audio/b/l/blithe.mp3
70,bombast,/ˈbɒmbæst/,n,lời nói khoa trương,His speech was full of bombast.,Bài phát biểu của ông ấy đầy khoa trương.,https://audio.tudienkala.com/data/cache/images/300x225/b/o/bombast1.jpg,https://audio.tudienkala.com/audio/b/o/bombast.mp3
70,boorish,/ˈbʊərɪʃ/,adj,thô lỗ,"I hate boorish behaviors, such as yelling for service in restaurants.","Tôi ghét những hành vi thô lỗ, như là la hét để được phục vụ trong nhà hàng.",https://audio.tudienkala.com/data/cache/images/300x225/b/o/boorish1.jpg,https://audio.tudienkala.com/audio/b/o/boorish.mp3
70,braggart,/ˈbræɡət/,n,người khoe khoang khoác lác,a braggart who was always talking about how much money he made,một người khoe hoang là người luôn luôn nói về số tiền mà anh ta kiếm được,https://audio.tudienkala.com/data/cache/images/300x225/b/r/braggart1.jpg,https://audio.tudienkala.com/audio/b/r/braggart.mp3
70,broach,/brəʊtʃ/,v,bắt đầu (cuộc thảo luận...); đề cập (một vấn đề...),She was dreading having to broach the subject of money to her father.,Cô ấy sợ hãi khi đề cập tới vấn đề tiền của cha cô.,https://audio.tudienkala.com/data/cache/images/300x225/b/r/broach1.jpg,https://audio.tudienkala.com/audio/b/r/broach.mp3
70,bucolic,/bjuˈkɒlɪk/,adj,"(thuộc) thôn quê, cuộc sống nông thôn",The painting shows a typically bucolic scene with peasants.,Bức tranh cho thấy một cảnh thường thấy ở nông thôn với những người nông dân.,https://audio.tudienkala.com/data/cache/images/300x225/b/u/bucolic1.jpg,https://audio.tudienkala.com/audio/b/u/bucolic.mp3
70,burgeon,/ˈbɜːdʒən/,v,"bắt đầu lớn lên, phát triển nhanh chóng",Love burgeoned between them.,Tình yêu lớn dần giữa họ.,https://audio.tudienkala.com/data/images_example/300x225/l/o/love_burge_ex2_58772b3a7f8b9ab7308b45cb.jpg,https://audio.tudienkala.com/audio/b/u/burgeon.mp3
70,cacophony,/kəˈkɒfəni/,n,tiếng lộn xộn chối tai,What a cacophony!,Thật là một tiếng chói tai.,https://audio.tudienkala.com/data/cache/images/300x225/c/a/cacophony1.jpg,https://audio.tudienkala.com/audio/c/a/cacophony.mp3
70,cajole,/kəˈdʒəʊl/,v,"dụ dỗ, nịnh nọt",He cajoled me into agreeing to do the work.,Anh ta dụ dỗ tôi đồng ý làm việc.,https://audio.tudienkala.com/data/cache/images/300x225/c/a/cajole2.png,https://audio.tudienkala.com/audio/c/a/cajole.mp3
70,callow,/ˈkæləʊ/,adj,"non nớt (nghĩa bóng), không có kinh nghiệm",Mark was just a callow youth of 16 when he arrived in Paris.,Mark chỉ là một thanh niên non nớt ở tuổi 16 khi anh ấy đến Paris.,https://audio.tudienkala.com/data/cache/images/300x225/c/a/callow1.png,https://audio.tudienkala.com/audio/c/a/callow.mp3
70,cantankerous,/kænˈtæŋkərəs/,adj,"nóng tính, hay phàn nàn",He's getting a bit cantankerous in his old age.,Ông ấy trở nên nóng tính một chút bởi tuổi già.,https://audio.tudienkala.com/data/cache/images/300x225/c/a/cantankerous1.jpg,https://audio.tudienkala.com/audio/c/a/cantankerous.mp3
70,capitulate,/kəˈpɪtjʊleɪt/,v,"đầu hàng, nhượng bộ",They were finally forced to capitulate to the terrorists' demands.,Họ cuối cùng đã buộc phải nhượng bộ những yêu cầu của bọn khủng bố.,https://audio.tudienkala.com/data/images_example/300x225/t/h/they_were__ex2_58772d367f8b9ade308b4648.jpg,https://audio.tudienkala.com/audio/c/a/capitulate.mp3
70,castigate,/ˈkæstɪɡeɪt/,v,"chỉ trích ai, điều gì một cách nghiêm khắc",He castigated himself for being so stupid.,Cậu ấy tự khiển trách bản thân vì đã quá ngu ngốc.,https://audio.tudienkala.com/data/images_example/300x225/h/e/he_castiga_ex2_58772d367f8b9ade308b464a.jpg,https://audio.tudienkala.com/audio/c/a/castigate.mp3
70,catharsis,/kəˈθɑːsɪs/,n,quá trình giải phóng cảm xúc mạnh mẽ (qua hoạt động nghệ thuật),Painting is a catharsis for me.,Mức tranh gây một cảm xúc mạnh mẽ trong tôi.,https://audio.tudienkala.com/data/cache/images/300x225/c/a/catharsis1.png,https://audio.tudienkala.com/audio/c/a/catharsis.mp3
70,censorious,/senˈsɔːriəs/,adj,"đầy khiển trách, phê bình",She fixed her daughter with a censorious eye.,Cô ấy nhìn chằm chằm con gái mình với một con mắt đầy khiển trách.,https://audio.tudienkala.com/data/images_example/300x225/s/h/she_fixed__ex2_58772d377f8b9ade308b464e.jpg,https://audio.tudienkala.com/audio/c/e/censorious.mp3
70,certitude,/ˈsɜːtɪtjuːd/,n,"sự chắc chắn, sự tin chắc","‘You will like Rome,’ he said, with absolute certitude.","""Bạn sẽ giống như Rome"" ông nói với sự chắc chắn tuyệt đối.",https://audio.tudienkala.com/data/images_example/300x225/y/o/you_will_l_ex2_58772d377f8b9ade308b4650.jpg,https://audio.tudienkala.com/audio/c/e/certitude.mp3
70,chicanery,/ʃɪˈkeɪnəri/,n,"việc dùng mánh khóe, sự nói chuyện khôn khéo để lừa gạt người khác",He resorted to the worst flattery and chicanery to win the job.,Anh ta đã phải dùng đến sự tâng bốc tồi tệ nhất và xảo ngôn để giành chiến thắng trong công việc.,https://audio.tudienkala.com/data/images_example/300x225/h/e/he_resorte_ex2_58772d377f8b9ade308b4652.jpg,https://audio.tudienkala.com/audio/c/h/chicanery.mp3
70,choleric,/kɒlˈerɪk/,adj,"hay cáu, nóng tính",Jeanne was a choleric person and a miser.,Jeanne là một kẻ nóng tính và hà tiện.,https://audio.tudienkala.com/data/cache/images/300x225/c/h/choleric1.jpg,https://audio.tudienkala.com/audio/c/h/choleric.mp3
70,circuitous,/sɜːˈkjuː.ɪ.təs/,adj,"loanh quanh, lòng vòng",He took us on a circuitous route to the hotel.,Anh ấy đưa chúng tôi đi một con đường vòng quanh khách sạn.,https://audio.tudienkala.com/data/cache/images/300x225/c/i/circuitous1.jpg,https://audio.tudienkala.com/audio/c/i/circuitous.mp3
70,circumlocution,/sɜː.kəm.ləˈkjuː.ʃən/,n,"sự nói, viết dài dòng và quanh co",I'm trying to avoid circumlocutions in my writing.,Tôi đang cố gắng tránh việc viết lòng vòng và quanh co.,https://audio.tudienkala.com/data/images_example/300x225/i/m/im_trying__ex2_58772d387f8b9ade308b4658.jpg,https://audio.tudienkala.com/audio/c/i/circumlocution.mp3
70,circumscribe,/ˈsɜːkəmskraɪb/,v,"giới hạn, hạn chế (sự tự do, quyền,...)",The circle is circumscribed by a square.,Vòng tròn được giới hạn với một hình vuông.,https://audio.tudienkala.com/data/images_example/300x225/t/h/the_circle_ex1_58772bc77f8b9ac5308b45b4.gif,https://audio.tudienkala.com/audio/c/i/circumscribe.mp3
70,clairvoyance,/kleəˈvɔɪəns/,n,khả năng tiên đoán sự việc hoặc giao tiếp với người đã khuất hay ở xa,She stared at the card as if she could contact its writer by clairvoyance.,Cô nhìn chằm chằm vào lá bài như thể cô có thể liên lạc với nhà văn bằng khả năng tiên đoán.,https://audio.tudienkala.com/data/cache/images/300x225/c/l/clairvoyance1.jpg,https://audio.tudienkala.com/audio/c/l/clairvoyance.mp3
70,clemency,/ˈklemənsi/,n,"sự khoan hồng, lòng khoan dung",His lawyers appealed for clemency on the grounds of ill health.,Luật sự kêu gọi sự khoan hồng với lý do sức khỏe.,https://audio.tudienkala.com/data/cache/images/300x225/c/l/clemency1.jpg,https://audio.tudienkala.com/audio/c/l/clemency.mp3
70,coalesce,/kəʊəˈles/,v,"hợp lại, hợp nhất",The puddles had coalesced into a small stream.,Các vũng nước đã kết hợp lại thành một dòng suối nhỏ.,https://audio.tudienkala.com/data/cache/images/300x225/c/o/coalesce1.jpg,https://audio.tudienkala.com/audio/c/o/coalesce.mp3
70,condescend,/ˌkɒndɪˈsend/,v,"hạ cố, chiếu cố",We had to wait almost an hour before he condescended to see us.,Chúng tôi đã phải chờ đợi gần một giờ trước khi ông ta chiếu cố gặp chúng tôi.,https://audio.tudienkala.com/data/cache/images/300x225/c/o/condescend1.jpg,https://audio.tudienkala.com/audio/c/o/condescend.mp3
70,conflagration,/kɒnfləˈɡreɪʃən/,n,vụ cháy lớn,The historic tavern burned to the ground in a horrible conflagration.,Các quán rượu lịch sử đã bị đốt trụi trong một đám cháy khủng khiếp.,https://audio.tudienkala.com/data/cache/images/300x225/c/o/conflagration1.jpg,https://audio.tudienkala.com/audio/c/o/conflagration.mp3
70,consecrate,/ˈkɒnsɪkreɪt/,v,dùng cho mục đích tôn giáo,The church was consecrated in 1853.,Nhà thờ được dùng cho mục đích tôn giáo vào năm 1853.,https://audio.tudienkala.com/data/cache/images/300x225/c/o/consecrate1.jpg,https://audio.tudienkala.com/audio/c/o/consecrate.mp3
71,contrite,/ˈkəntraɪt/,adj,"ăn năn, hối hận",Her expression was contrite.,Biểu hiện của cô ấy là đã hối hận.,https://audio.tudienkala.com/data/cache/images/300x225/c/o/contrite1.jpg,https://audio.tudienkala.com/audio/c/o/contrite.mp3
71,convivial,/kənˈvɪv.i.əl/,adj,"vui tươi, thân thiện (bầu không khí, tính cách)",Anna was a convivial party host who made everyone feel at home.,"Anna là cô chủ tiệc thân thiện, cô đã làm mọi người cảm thấy như ở nhà.",https://audio.tudienkala.com/data/cache/images/300x225/c/o/convivial1.jpg,https://audio.tudienkala.com/audio/c/o/convivial.mp3
71,corroborate,/kəˈrɒbəreɪt/,v,"chứng thực, làm vững thêm (ý kiến, lí thuyết...)",The evidence was corroborated by two independent witnesses.,Bằng chứng đã được chứng thực bởi hai nhân chứng độc lập.,https://audio.tudienkala.com/data/cache/images/300x225/c/o/corroborate1.jpg,https://audio.tudienkala.com/audio/c/o/corroborate.mp3
71,covet,/ˈkʌvɪt/,v,"thèm thuồng, thèm muốn",He had long coveted the chance to work with a famous musician.,Cậu ấy từ lâu đã khao khát có cơ hội làm việc với một nhạc sĩ nổi tiếng.,https://audio.tudienkala.com/data/cache/images/300x225/c/o/covet1.jpg,https://audio.tudienkala.com/audio/c/o/covet.mp3
71,credulity,/krəˈdjuːləti/,n,sự tin tưởng vào điều gì là có thật,The young man smiled at her credulity and enthusiasm.,Người thanh niên mỉm cười với sự cả tin và lòng nhiệt tình của cô gái ấy.,https://audio.tudienkala.com/data/cache/images/300x225/c/r/credulity1.jpg,https://audio.tudienkala.com/audio/c/r/credulity.mp3
71,credulous,/ˈkred.jʊ.ləs/,adj,"cả tin, nhẹ dạ",Few people are credulous enough to believe such nonsense.,Có vài người nhẹ dạ đến mức lại tin những điều vô lý như vậy.,https://audio.tudienkala.com/data/images_example/300x225/f/e/few_people_ex2_58772d3c7f8b9ade308b4670.jpg,https://audio.tudienkala.com/audio/c/r/credulous.mp3
71,daunt,/ˈdɔːnt/,v,làm nản chí,She was not at all daunted by the size of the problem.,Cô đã không hề nản lòng bởi mức độ của vấn đề.,https://audio.tudienkala.com/data/cache/images/300x225/d/a/daunt1.png,https://audio.tudienkala.com/audio/d/a/daunt.mp3
71,debilitate,/dɪˈbɪl.ɪ.teɪt/,v,"làm cơ thể, trí tuệ ai đó yếu đi",Chemotherapy exhausted and debilitated him.,Hóa trị làm cho anh ấy kiệt sức và suy nhược.,https://audio.tudienkala.com/data/images_example/300x225/c/h/chemothera_ex2_58772d3c7f8b9ade308b4672.jpg,https://audio.tudienkala.com/audio/d/e/debilitate.mp3
71,debunk,/ˌdiːˈbʌŋk/,v,"vạch trần, lật tẩy",His theories have been debunked by recent research.,Lý thuyết của ông đã bị vạch trần bởi các nghiên cứu gần đây.,https://audio.tudienkala.com/data/cache/images/300x225/d/e/debunk1.jpg,https://audio.tudienkala.com/audio/d/e/debunk.mp3
71,decorous,/ˈdekərəs/,adj,"phải phép, đúng mực",a decorous kiss,một nụ hôn đúng mực,https://audio.tudienkala.com/data/cache/images/300x225/d/e/decorous1.jpg,https://audio.tudienkala.com/audio/d/e/decorous.mp3
71,defame,/dɪˈfeɪm/,v,"nói xấu, phỉ báng, làm mất danh dự",Mr Turnock claimed the editorial had defamed him.,Mr Turnock khẳng định bài xã luận đã nói xấu anh ấy.,https://audio.tudienkala.com/data/images_example/300x225/m/r/mr_turnock_ex2_58772d3d7f8b9ade308b4678.jpg,https://audio.tudienkala.com/audio/d/e/defame.mp3
71,delineate,/dɪˈlɪnɪeɪt/,v,"định hình, phát thảo",Our objectives need to be precisely delineated.,Mục tiêu của chúng ta cần được định hình một cách chính xác,https://audio.tudienkala.com/data/cache/images/300x225/d/e/delineate1.jpg,https://audio.tudienkala.com/audio/d/e/delineate.mp3
71,demagogue,/ˈdeməɡɒɡ/,n,"(chính trị gia, người cầm quyền) kẻ mị dân",Only a demagogue could persuade so many people to rebel against authority.,Chỉ có một kẻ mị dân mới có thể thuyết phục được rất nhiều người nổi dậy chống lại chính quyền.,https://audio.tudienkala.com/data/cache/images/300x225/d/e/demagogue1.jpg,https://audio.tudienkala.com/audio/d/e/demagogue.mp3
71,depravity,/dɪˈprævəti/,n,tình trạng suy đồi; sự sa đoạ,a life of depravity,một cuộc sống đồi bại,https://audio.tudienkala.com/data/cache/images/300x225/d/e/depravity1.jpg,https://audio.tudienkala.com/audio/d/e/depravity.mp3
71,deprecate,/ˈdep.rə.keɪt/,v,"phản đối mạnh, không tán thành",Your children will not respect you if you constantly deprecate them.,Con bạn sẽ không tôn trọng bạn nếu bạn liên tục không tán thành chúng.,https://audio.tudienkala.com/data/images_example/300x225/y/o/your_child_ex2_58772d3e7f8b9ade308b467e.jpg,https://audio.tudienkala.com/audio/d/e/deprecate.mp3
71,deride,/dɪˈraɪd/,v,"cười nhạo, chế giễu",His views were derided as old-fashioned.,Những quan điểm của ông đã bị chế giễu là lỗi thời.,https://audio.tudienkala.com/data/cache/images/300x225/d/e/deride1.jpg,https://audio.tudienkala.com/audio/d/e/deride.mp3
71,despot,/ˈdespɒt/,n,kẻ chuyên quyền; kẻ bạo ngược,an enlightened despot (= one who tries to use his/her power in a good way),một bạo chúa giác ngộ (= một người cố gắng sử dụng quyền lực của ông/bà ta một cách tốt),https://audio.tudienkala.com/data/cache/images/300x225/d/e/despot1.jpg,https://audio.tudienkala.com/audio/d/e/despot.mp3
71,dexterous,/ˈdekstrəs/,adj,khéo léo; được làm một cách thành thục,a dexterous pianist,một nghệ sĩ dương cầm khéo léo,https://audio.tudienkala.com/data/images_example/300x225/a/_/a_dexterou_ex2_58772d3e7f8b9ade308b4680.jpg,https://audio.tudienkala.com/audio/d/e/dexterous.mp3
71,digress,/daɪˈɡres/,v,lạc đề,He digressed so often that it was hard to follow what he was saying.,Anh ta quá thường xuyên lạc đề như vậy rất khó để làm theo điều mà anh ta đang nói.,https://audio.tudienkala.com/data/cache/images/300x225/d/i/digress1.jpg,https://audio.tudienkala.com/audio/d/i/digress.mp3
71,dilatory,/ˈdɪlətəri/,adj,chậm trễ; trì hoãn,The government has been dilatory in dealing with the problem of unemployment.,Chính phủ đã chậm chạp trong việc giải quyết vấn đề thất nghiệp.,https://audio.tudienkala.com/data/cache/images/300x225/d/i/dilatory1.jpg,https://audio.tudienkala.com/audio/d/i/dilatory.mp3
71,dilettante,/ˌdɪl.əˈtæn.ti/,n,người không chuyên sâu (không tập trung đi sâu vào cái gì); nghiệp dư,"Although Gary purchased an expensive camera, he is a dilettante because he rarely takes pictures.","Dù Gary đã mua một chiếc máy ảnh đắt tiền, nhưng anh ấy chỉ là người nghiệp dư, vì anh hiếm khi chụp ảnh.",https://audio.tudienkala.com/data/cache/images/300x225/d/i/dilettante1.jpg,https://audio.tudienkala.com/audio/d/i/dilettante.mp3
71,dirge,/dɜːdʒ/,n,"bài hát truy điệu, bài hát khóc thương ai đó qua đời",bagpipes played a haunting dirge at the funeral for the fallen leader,kèn túi chơi một bài hát truy điệu tại lễ tang cho các nhà lãnh đạo đã ngã xuống,https://audio.tudienkala.com/data/cache/images/300x225/d/i/dirge1.jpg,https://audio.tudienkala.com/audio/d/i/dirge.mp3
71,disingenuous,/dɪs.ɪnˈdʒen.ju.əs/,adj,không thành thật (nhất là khi bạn giả vờ không biết điều gì đó),It would be disingenuous of me to claim I had never seen it.,Sẽ là không trung thực khi tôi nói là tôi chưa bao giờ nhìn thấy nó.,https://audio.tudienkala.com/data/cache/images/300x225/d/i/disingenuous1.jpg,https://audio.tudienkala.com/audio/d/i/disingenuous.mp3
71,disparage,/dɪˈspærɪdʒ/,v,"xem thường, miệt thị",I don't mean to disparage your achievements.,Tôi không có ý xem thường những thành tựu của bạn.,https://audio.tudienkala.com/data/images_example/300x225/i/_/i_dont_mea_ex2_58772d407f8b9ade308b468c.jpg,https://audio.tudienkala.com/audio/d/i/disparage.mp3
71,droll,/drəʊl/,adj,"khôi hài, như trò hề",a droll remark,một lời nhận xét khôi hài,https://audio.tudienkala.com/data/images_example/300x225/a/_/a_droll_re_ex2_58772d417f8b9ade308b468e.png,https://audio.tudienkala.com/audio/d/r/droll.mp3
71,edify,/ˈed.ɪ.faɪ/,v,"mở mang trí óc (ai), soi sáng ai (nghĩa bóng)",These books will both entertain and edify readers.,Những quyển sách sẽ mang cả tính giải trí và mở mang trí óc cho độc giả.,https://audio.tudienkala.com/data/cache/images/300x225/e/d/edify1.jpg,https://audio.tudienkala.com/audio/e/d/edify.mp3
71,efface,/ɪˈfeɪs/,v,xoá bỏ,The whole country had tried to efface the memory of the old dictatorship.,Cả nước đã cố gắng xóa bỏ ký ức về chế độ cũ.,https://audio.tudienkala.com/data/cache/images/300x225/e/f/efface1.jpg,https://audio.tudienkala.com/audio/e/f/efface.mp3
71,effusive,/ɪˈfjuːsɪv/,adj,dạt dào (tình cảm...),He was effusive in his praise.,Ông ấy dạt dào tình cảm trong lời khen ngợi của mình.,https://audio.tudienkala.com/data/images_example/300x225/h/e/he_was_eff_ex2_58772d417f8b9ade308b4692.jpg,https://audio.tudienkala.com/audio/e/f/effusive.mp3
71,egoism,/ˈiːɡəʊɪzəm/,n,tính ích kỷ,His egoism prevented him from really loving anyone but himself.,Sự ích kỷ của anh ta đã cản trở anh ta yêu bất kì ai ngoài bản thân anh ta.,https://audio.tudienkala.com/data/cache/images/300x225/e/g/egoism1.jpg,https://audio.tudienkala.com/audio/e/g/egoism.mp3
71,egregious,/ɪˈɡriːdʒəs/,adj,"cực kì xấu xa, tệ",He has a egregious behaviour.,Anh ta có một lối cư xử tệ hại.,https://audio.tudienkala.com/data/cache/images/300x225/e/g/egregious1.jpg,https://audio.tudienkala.com/audio/e/g/egregious.mp3
71,embellish,/ɪmˈbelɪʃ/,v,"tô điểm, làm đẹp thêm",The huge carved door was embellished with brass door knockers.,Cánh cửa điêu khắc khổng lồ được tô điểm với người gõ cửa bằng đồng thau.,https://audio.tudienkala.com/data/images_example/300x225/t/h/the_huge_c_ex2_58772d427f8b9ade308b4698.jpg,https://audio.tudienkala.com/audio/e/m/embellish.mp3
71,empathetic,/ˌempəˈθetɪk/,adj,"có sự đồng cảm, thông cảm",A kind and empathetic friend.,Một người bạn tốt bụng và biết cảm thông.,https://audio.tudienkala.com/data/images_example/300x225/a/_/a_kind_and_ex2_58772d437f8b9ade308b469a.jpg,https://audio.tudienkala.com/audio/e/m/empathetic.mp3
71,enervate,/ˈenəveɪt/,v,làm ai yếu và mệt đi,Shun all that may enervate or diminish your youthful energies.,Hãy tránh xa tất cả những gì có thể làm bạn yếu đi hoặc làm giảm sự trẻ trung của bạn.,https://audio.tudienkala.com/data/cache/images/300x225/e/n/enervate1.jpg,https://audio.tudienkala.com/audio/e/n/enervate.mp3
71,enfranchise,/ɪnˈfræn.tʃaɪz/,v,cho ai được quyền bầu cử,Women in Britain were first enfranchised in 1918.,Phụ nữ ở Anh lần đầu tiên được bầu cử vào năm 1918.,https://audio.tudienkala.com/data/cache/images/300x225/e/n/enfranchise1.jpg,https://audio.tudienkala.com/audio/e/n/enfranchise.mp3
71,enumerate,/ɪˈnjuːməreɪt/,v,liệt kê,She enumerated the main points.,Cô ấy liệt kê những điểm chính.,https://audio.tudienkala.com/data/images_example/300x225/s/h/she_enumer_ex2_58772d447f8b9ade308b46a0.png,https://audio.tudienkala.com/audio/e/n/enumerate.mp3
71,epicure,/ˈepɪkjʊər/,n,người sành ăn uống,Thomas Jefferson was one of America's first great epicures.,Thomas Jefferson là một trong những người rất sành ăn đầu tiên của nước Mỹ.,https://audio.tudienkala.com/data/cache/images/300x225/e/p/epicure1.jpg,https://audio.tudienkala.com/audio/e/p/epicure.mp3
71,equivocate,/ɪˈkwɪv.ə.keɪt/,v,"nói lập lờ, nói nước đôi","When asked about her tax plan, the candidate didn't equivocate.","Khi được hỏi về kế hoạch thuế của cô ấy, ứng cử viên không nói lập lờ.",https://audio.tudienkala.com/data/cache/images/300x225/e/q/equivocate1.jpg,https://audio.tudienkala.com/audio/e/q/equivocate.mp3
71,erudite,/ˈer.ʊ.daɪt/,adj,"học rộng, uyên bác",She could turn any conversation into an erudite discussion.,Cô ấy có thể biến bất kỳ cuộc trò chuyện nào thành một cuộc thảo luận uyên bác.,https://audio.tudienkala.com/data/cache/images/300x225/e/r/erudite2.png,https://audio.tudienkala.com/audio/e/r/erudite.mp3
71,erudition,/ˌeruˈdɪʃn/,n,kiến thức uyên bác,a scholar of undoubted erudition,một học giả có kiến thức uyên bác bất ngờ,https://audio.tudienkala.com/data/cache/images/300x225/e/r/erudition1.jpg,https://audio.tudienkala.com/audio/e/r/erudition.mp3
71,espouse,/ɪˈspaʊz/,v,"tán thành, ủng hộ (niềm tin, chính sách...)",They espoused the notion of equal opportunity for all people in education.,Họ tán thành quan điểm về cơ hội bình đẳng cho tất cả mọi người trong giáo dục.,https://audio.tudienkala.com/data/cache/images/300x225/e/s/espouse1.jpg,https://audio.tudienkala.com/audio/e/s/espouse.mp3
71,eulogy,/ˈjuː.lə.dʒi/,n,"bài tán dương, bài ca tụng",The song was a eulogy to the joys of travelling.,Bài hát là một bài tán dương về niềm vui của du lịch.,https://audio.tudienkala.com/data/cache/images/300x225/e/u/eulogy1.jpg,https://audio.tudienkala.com/audio/e/u/eulogy.mp3
71,evanescent,/iːvəˈnesənt/,adj,chóng phai mờ,But even that joy was fleeting and evanescent: they never reached maturity.,Nhưng ngay cả khi niềm vui đó chỉ là một cảm giác thoáng qua và phù du: họ không bao giờ trưởng thành được.,https://audio.tudienkala.com/data/images_example/300x225/b/u/but_even_t_ex2_58772d467f8b9ade308b46ac.jpg,https://audio.tudienkala.com/audio/e/v/evanescent.mp3
71,exalt,/ɪɡˈzɒlt/,v,ca ngợi,His son was exalted to a high position in the government through family connections.,Con trai ông ấy đã được đưa lên đến một vị trí cao trong chính phủ nhờ vào mối quan hệ gia đình.,https://audio.tudienkala.com/data/cache/images/300x225/e/x/exalt1.jpg,https://audio.tudienkala.com/audio/e/x/exalt.mp3
71,exasperate,/ɪɡˈzæspəreɪt/,v,"làm ai bực tức, phát cáu",No answer he could have made could have more exasperated her.,"Không có câu trả lời, anh ấy có thể càng làm cho cô ấy thêm bực tức.",https://audio.tudienkala.com/data/cache/images/300x225/e/x/exasperate1.jpg,https://audio.tudienkala.com/audio/e/x/exasperate.mp3
71,exhort,/ɪɡˈzɔːt/,v,"hô hào, cổ vũ, khích lệ",The party leader exhorted his members to start preparing for government.,Các lãnh đạo đảng hô hào các thành viên của mình bắt đầu chuẩn bị cho chính phủ.,https://audio.tudienkala.com/data/cache/images/300x225/e/x/exhort1.jpg,https://audio.tudienkala.com/audio/e/x/exhort.mp3
71,exonerate,/ɪɡˈzɒnəreɪt/,v,"giải, miễn tội cho (ai) (một cách chính thức)",The police report exonerated Lewis from all charges of corruption.,Báo cáo của cảnh sát đã minh oan cho Lewis khỏi những cáo buộc về tội tham nhũng.,https://audio.tudienkala.com/data/cache/images/300x225/e/x/exonerate1.jpg,https://audio.tudienkala.com/audio/e/x/exonerate.mp3
71,expedite,/ˈekspɪdaɪt/,v,"xúc tiến, đẩy nhanh",We have developed rapid order processing to expedite deliveries to customers.,Chúng tôi đã phát triển việc xử lý đơn hàng một nhanh chóng để xúc tiến việc giao hàng cho khách hàng.,https://audio.tudienkala.com/data/cache/images/300x225/e/x/expedite1.jpg,https://audio.tudienkala.com/audio/e/x/expedite.mp3
71,extol,/ɪkˈstəʊl/,v,"tán dương, khen ngợi",Doctors often extol the virtues of eating less fat.,Các bác sĩ thường khen ngợi tác dụng của việc ăn ít chất béo;,https://audio.tudienkala.com/data/images_example/300x225/d/o/doctors_of_ex2_58772a727f8b9a9d308b45f3.jpg,https://audio.tudienkala.com/audio/e/x/extol.mp3
71,extrapolate,/ɪkˈstræp.ə.leɪt/,v,"suy ra, dự đoán dựa trên dữ liệu đã biết",Try not to extrapolate too much from your own experience.,Cố gắng đừng suy luận quá nhiều từ kinh nghiệm của bạn.,https://audio.tudienkala.com/data/cache/images/300x225/e/x/extrapolate1.png,https://audio.tudienkala.com/audio/e/x/extrapolate.mp3
71,fabricate,/ˈfæbrɪkeɪt/,v,bịa đặt,The evidence was totally fabricated.,Bằng chứng được bịa đặt hoàn toàn.,https://audio.tudienkala.com/data/cache/images/300x225/f/a/fabricate1.jpg,https://audio.tudienkala.com/audio/f/a/fabricate.mp3
72,facetious,/fəˈsiːʃəs/,adj,"cố gắng tỏ ra đùa cợt (một cách không phù hợp, không đúng lúc)","Because Jane was overbearing and often facetious, she had few friends.","Vì Jane độc đoán và hay đùa cợt, nên cô có ít bạn.",https://audio.tudienkala.com/data/cache/images/300x225/f/a/facetious1.jpg,https://audio.tudienkala.com/audio/f/a/facetious.mp3
72,fallacious,/fəˈleɪ.ʃəs/,adj,"sai lầm, lầm lạc",a fallacious argument,một lập luận sai,https://audio.tudienkala.com/data/images_example/300x225/a/_/a_fallacio_ex2_58772d487f8b9ade308b46ba.jpg,https://audio.tudienkala.com/audio/f/a/fallacious.mp3
72,fatuous,/ˈfætjuəs/,adj,ngu ngốc,It was a fatuous choice to carry so many glass cups at once.,Đó là một sự lựa chọn ngu ngốc khi mang theo quá nhiều ly thủy tinh cùng một lúc.,https://audio.tudienkala.com/data/images_example/300x225/i/t/it_was_a_f_ex2_58772d487f8b9ade308b46bc.jpg,https://audio.tudienkala.com/audio/f/a/fatuous.mp3
72,fecund,/ˈfek.ənd/,adj,"mắn đẻ, sai quả, màu mỡ (đất)",a fecund breed of cattle,Một giống gia súc sinh sản tốt,https://audio.tudienkala.com/data/cache/images/300x225/f/e/fecund1.jpg,https://audio.tudienkala.com/audio/f/e/fecund.mp3
72,fickle,/ˈfɪkl/,adj,"hay thay đổi, không kiên định",The weather here is notoriously fickle.,Thời tiết ở đây nổi tiếng là hay thay đổi.,https://audio.tudienkala.com/data/cache/images/300x225/f/i/fickle2.jpg,https://audio.tudienkala.com/audio/f/i/fickle.mp3
72,fitful,/ˈfɪtfəl/,adj,"chập chờn, không liên tục",a fitful night's sleep,một giấc ngủ chập chờn,https://audio.tudienkala.com/data/cache/images/300x225/f/i/fitful1.jpg,https://audio.tudienkala.com/audio/f/i/fitful.mp3
72,flippant,/ˈflɪpənt/,adj,"thiếu nghiêm trang, khiếm nhã",a flippant attitude,một thái độ khiếm nhã,https://audio.tudienkala.com/data/cache/images/300x225/f/l/flippant1.jpg,https://audio.tudienkala.com/audio/f/l/flippant.mp3
72,flout,/flaʊt/,v,"coi thường (luật pháp,...)",Motorists regularly flout the law.,Người lái xe thường xuyên coi thường pháp luật.,https://audio.tudienkala.com/data/cache/images/300x225/f/l/flout1.jpg,https://audio.tudienkala.com/audio/f/l/flout.mp3
72,forsake,/fəˈseɪk/,v,"bỏ rơi, từ bỏ",He had made it clear to his wife that he would never forsake her.,Anh đã nói rõ với vợ rằng anh sẽ không bao giờ bỏ rơi cô.,https://audio.tudienkala.com/data/cache/images/300x225/f/o/forsake1.jpg,https://audio.tudienkala.com/audio/f/o/forsake.mp3
72,frugal,/ˈfruːɡəl/,adj,tiết kiệm,He chose a frugal life.,Anh ấy chọn một cuộc sống tiết kiệm.,https://audio.tudienkala.com/data/cache/images/300x225/f/r/frugal1.jpg,https://audio.tudienkala.com/audio/f/r/frugal.mp3
72,galvanize,/ˈɡælvənaɪz/,v,"kích động, khích động ai",The urgency of his voice galvanized them into action.,Giọng nói khẩn cấp của anh ấy kích động mọi người hành động.,https://audio.tudienkala.com/data/cache/images/300x225/g/a/galvanize1.jpg,https://audio.tudienkala.com/audio/g/a/galvanize.mp3
72,garrulous,/ˈɡærələs/,adj,"nói nhiều, lắm mồm",He became positively garrulous after a few glasses of wine.,Ông ấy trở nên lắm mồm sau khi uống vài ly rượu vang,https://audio.tudienkala.com/data/cache/images/300x225/g/a/garrulous1.jpg,https://audio.tudienkala.com/audio/g/a/garrulous.mp3
72,germane,/dʒɜːˈmeɪn/,adj,"phù hợp, có liên quan với",Her remarks could not have been more germane to the discussion.,Lời nhận xét của cô ấy không thể phủ hợp hơn cho buổi thảo luận,https://audio.tudienkala.com/data/cache/images/300x225/g/e/germane1.jpg,https://audio.tudienkala.com/audio/g/e/germane.mp3
72,guile,/ɡaɪl/,n,"sự lừa đảo, thủ đoạn",George was a man completely lacking in guile.,George là một người đàn ông hoàn toàn thiếu thủ đoạn.,https://audio.tudienkala.com/data/cache/images/300x225/g/u/guile1.jpg,https://audio.tudienkala.com/audio/g/u/guile.mp3
72,hackneyed,/ˈhæk.nid/,adj,nhàm; được dùng quá nhiều,The plot of the film is just a hackneyed boy-meets-girl scenario.,Cốt truyện của bộ phim chỉ là một kịch bản nhàm chán về chàng trai gặp cô gái.,https://audio.tudienkala.com/data/cache/images/300x225/h/a/hackneyed1.jpg,https://audio.tudienkala.com/audio/h/a/hackneyed.mp3
72,hedonism,/ˈhed.ən.ɪ.zəm/,n,chủ nghĩa khoái lạc,Their spring break trip to Mexico became an exercise in heedless hedonism,Kỳ nghỉ xuân đến Mexico của họ trở thành một trải nghiệm chủ nghĩa khoái lạc không chủ ý.,https://audio.tudienkala.com/data/cache/images/300x225/h/e/hedonism1.jpg,https://audio.tudienkala.com/audio/h/e/hedonism.mp3
72,histrionic,/hɪstriˈɒnɪk/,adj,"đạo đức giả, có vẻ đóng kịch",She put on a histrionic display of grief at the funeral.,Cô ta khoác lên mình vẻ mặt giả dối về sự đau buồn trong tan lễ.,https://audio.tudienkala.com/data/cache/images/300x225/h/i/histrionic1.jpg,https://audio.tudienkala.com/audio/h/i/histrionic.mp3
72,hone,/houn/,v,mài dũa,The knife had been honed to razor sharpness.,con dao đã được mài dũa để sắc bén hơn,https://audio.tudienkala.com/data/cache/images/300x225/h/o/hone1.jpg,https://audio.tudienkala.com/audio/h/o/hone.mp3
72,hubris,/ˈhjuː.brɪs/,n,"sự ngạo mạn, sự kiêu căng",His failure was brought on by his hubris.,Thất bại của anh ấy là do bởi sự ngạo mạng của chính anh ấy.,https://audio.tudienkala.com/data/images_example/300x225/h/i/his_failur_ex2_58772d4c7f8b9ade308b46d5.jpg,https://audio.tudienkala.com/audio/h/u/hubris.mp3
72,iconoclast,/aɪˈkɒnəklæst/,n,(nghĩa bóng) người đả phá những tín ngưỡng lâu đời,"Notorious as an iconoclast, that music critic isn't afraid to go after sacred cows","Notorious như một người đả phá tín ngưỡng, rằng nhà phê bình âm nhạc không sợ đi sau những con bò linh thiêng.",https://audio.tudienkala.com/data/cache/images/300x225/i/c/iconoclast1.jpg,https://audio.tudienkala.com/audio/i/c/iconoclast.mp3
72,ignominious,/ˌɪɡnəʊˈmɪniəs/,adj,nhục nhã,an ignominious defeat,một thất bại nhục nhã,https://audio.tudienkala.com/data/cache/images/300x225/i/g/ignominious1.jpg,https://audio.tudienkala.com/audio/i/g/ignominious.mp3
72,ignominy,/ˈɪɡ.nə.mɪ.ni/,n,"sự nhục nhã, sự ô nhục",They suffered the ignominy of defeat.,Họ đã trãi qua một sự thất bại nhục nhã.,https://audio.tudienkala.com/data/cache/images/300x225/i/g/ignominy1.jpg,https://audio.tudienkala.com/audio/i/g/ignominy.mp3
72,impecunious,/ɪm.pəˈkjuː.ni.əs/,adj,"nghèo, túng thiếu",an impecunious student,một học sinh nghèo,https://audio.tudienkala.com/data/cache/images/300x225/i/m/impecunious1.jpg,https://audio.tudienkala.com/audio/i/m/impecunious.mp3
72,inane,/ɪˈneɪn/,adj,"ngu ngốc, ngớ ngẩn; vô nghĩa",an inane remark,một lời nhận xét ngu ngốc,https://audio.tudienkala.com/data/cache/images/300x225/i/n/inane1.jpg,https://audio.tudienkala.com/audio/i/n/inane.mp3
72,inaugurate,/ɪˈnɔːɡjəreɪt/,v,khai mạc; tấn phong,He will be inaugurated (as) President in January.,Ông ấy sẽ được nhậm chức Tổng thống vào tháng giêng.,https://audio.tudienkala.com/data/cache/images/300x225/i/n/inaugurate1.jpg,https://audio.tudienkala.com/audio/i/n/inaugurate.mp3
72,incantation,/ˌɪn.kænˈteɪ.ʃən/,n,câu thần chú; sự niệm thần chú,"Hovering over the sick child, the witch doctor muttered mysterious incantations.","Treo đứa trẻ đang bị ốm, vị bác sĩ phù thủy lẫm bẫm câu thần chú bí ẩn.",https://audio.tudienkala.com/data/cache/images/300x225/i/n/incantation1.jpg,https://audio.tudienkala.com/audio/i/n/incantation.mp3
72,incontrovertible,/ˌɪnˌkɒntrəˈvɜːtəbl/,adj,"không thể chối cãi, hiển nhiên",This is an incontrovertible evidence.,Đây là chứng cớ rành rành.,https://audio.tudienkala.com/data/cache/images/300x225/i/n/incontrovertible1.jpg,https://audio.tudienkala.com/audio/i/n/incontrovertible.mp3
72,incorrigible,/ɪnˈkɒrɪdʒəbl/,adj,(có những thói xấu) không thể thay đổi hay cải thiện được,Her husband is an incorrigible flirt.,Chồng của cô ấy có tật xất tán tỉnh các cô gái không thể bỏ được.,https://audio.tudienkala.com/data/images_example/300x225/h/e/her_husban_ex2_58772d507f8b9ade308b46e7.jpg,https://audio.tudienkala.com/audio/i/n/incorrigible.mp3
72,indelible,/ɪnˈdeləbl/,adj,không thể quên hay xóa bỏ,The experience made an indelible impression on me.,Trải nghiệm ấy đã gây ấn tượng không thể xóa bỏ trong tối.,https://audio.tudienkala.com/data/cache/images/300x225/i/n/indelible1.jpg,https://audio.tudienkala.com/audio/i/n/indelible.mp3
72,indigent,/ˈɪn.dɪ.dʒənt/,adj,rất nghèo,The clinic provides free care for indigent patients.,Phòng khám cung cấp dịch vụ chăm sóc miễn phí cho bệnh nhân nghèo.,https://audio.tudienkala.com/data/cache/images/300x225/i/n/indigent1.jpg,https://audio.tudienkala.com/audio/i/n/indigent.mp3
72,indolent,/ˈɪn.dəl.ən/,adj,"lười biếng, biếng nhác",They were indolent and addicted to a life of pleasure.,Họ lười biếng và nghiện một cuộc sống tràn ngập niềm vui.,https://audio.tudienkala.com/data/cache/images/300x225/i/n/indolent1.jpg,https://audio.tudienkala.com/audio/i/n/indolent.mp3
72,indomitable,/ɪnˈdɒmɪtəbl/,adj,bất khuất; dũng cảm và kiên định,an indomitable spirit,Một tinh thần bất khuất,https://audio.tudienkala.com/data/cache/images/300x225/i/n/indomitable1.jpg,https://audio.tudienkala.com/audio/i/n/indomitable.mp3
72,ineffable,/ɪˈnef.ə.bl̩/,adj,"tuyệt vời, đẹp không diễn tả bằng lời được",ineffable joy,niềm vui không thể diễn tả bằng lời,https://audio.tudienkala.com/data/cache/images/300x225/i/n/ineffable1.jpg,https://audio.tudienkala.com/audio/i/n/ineffable.mp3
72,infinitesimal,/ɪn.fɪ.nɪˈtes.ɪ.məl/,adj,cực kì nhỏ,Don't underestimate an infinitesimal risk.,Đừng đánh giá thấp một sự rủi ro vô cùng nhỏ.,https://audio.tudienkala.com/data/cache/images/300x225/i/n/infinitesimal1.jpg,https://audio.tudienkala.com/audio/i/n/infinitesimal.mp3
72,ingenuous,/ɪnˈdʒen.ju.əs/,adj,"trung thực, ngây thơ",You're too ingenuous.,Bạn quá ngây thơ rồi đấy.,https://audio.tudienkala.com/data/cache/images/300x225/i/n/ingenuous1.jpg,https://audio.tudienkala.com/audio/i/n/ingenuous.mp3
72,insightful,/ˈɪnsaɪtfʊl/,adj,"sâu sắc, sáng suốt",One particular author seems to be more insightful than the rest.,Một tác giả cụ thể có vẻ sâu sắc hơn những người còn lại.,https://audio.tudienkala.com/data/cache/images/300x225/i/n/insightful1.jpg,https://audio.tudienkala.com/audio/i/n/insightful.mp3
72,insinuate,/ɪnˈsɪnjueɪt/,v,"nói bóng gió, ám chỉ",The article insinuated that he was having an affair with his friend's wife.,Bài báo nói bóng gió rằng ông ta đã có quan hệ với vợ của bạn mình.,https://audio.tudienkala.com/data/cache/images/300x225/i/n/insinuate1.jpg,https://audio.tudienkala.com/audio/i/n/insinuate.mp3
72,insipid,/ɪnˈsɪpɪd/,adj,"vô vị, nhạt nhẽo",a cup of insipid coffee,một tách cà phê nhạt nhẽo,https://audio.tudienkala.com/data/images_example/300x225/a/_/a_cup_of_i_ex2_58772d537f8b9ade308b46f7.jpg,https://audio.tudienkala.com/audio/i/n/insipid.mp3
72,instigate,/ˈɪnstɪɡeɪt/,v,"xúi giục, kích động",They were accused of instigating racial violence.,Họ bị cáo buộc xúi giục bạo lực sắc tộc.,https://audio.tudienkala.com/data/cache/images/300x225/i/n/instigate1.jpg,https://audio.tudienkala.com/audio/i/n/instigate.mp3
72,intransigent,/ɪnˈtræn.zɪ.dʒənt/,adj,ngoan cố,an intransigent attitude,một thái độ ngoan cố,https://audio.tudienkala.com/data/images_example/300x225/a/n/an_intrans_ex2_58772d537f8b9ade308b46fb.jpg,https://audio.tudienkala.com/audio/i/n/intransigent.mp3
72,inundate,/ˈɪnʌndeɪt/,v,làm ngập nước,Flood waters inundate the river plain each spring.,Nước lũ làm cho con sông vùng đồng bằng ngập nước vào mỗi mùa xuân.,https://audio.tudienkala.com/data/cache/images/300x225/i/n/inundate1.jpg,https://audio.tudienkala.com/audio/i/n/inundate.mp3
72,inveterate,/ɪnˈvetərət/,adj,"thâm căn cố đế, ăn sâu (tật...); lâu năm (bệnh)","He was a congenital reformer, an inveterate crusader.","Ông là một nhà cải cách bẩm sinh, một thập tự chinh thâm căn cố đế.",https://audio.tudienkala.com/data/images_example/300x225/h/e/he_was_a_c_ex2_58772a857f8b9a9d308b4659.jpg,https://audio.tudienkala.com/audio/i/n/inveterate.mp3
72,irascible,/ɪˈræs.ə.bl̩/,adj,dễ nổi nóng,He has an irascible disposition.,Ông ấy có tính khí nóng nảy.,https://audio.tudienkala.com/data/cache/images/300x225/i/r/irascible1.jpg,https://audio.tudienkala.com/audio/i/r/irascible.mp3
72,irreproachable,/ɪrɪˈprəʊtʃəbl̩/,adj,không thể chê trách được,His conduct as a police officer was irreproachable.,Hành vi của anh ấy như một sĩ quan cảnh sát là không thể chê vào đâu được.,https://audio.tudienkala.com/data/cache/images/300x225/i/r/irreproachable1.jpg,https://audio.tudienkala.com/audio/i/r/irreproachable.mp3
72,irresolute,/ɪˈrez.əl.uːt/,adj,"thiếu quả quyết, do dự",The committee was timid and mediocre and irresolute.,"Ủy ban đã nhút nhát, thiếu quả quyết và không cương quyết.",https://audio.tudienkala.com/data/cache/images/300x225/i/r/irresolute1.jpg,https://audio.tudienkala.com/audio/i/r/irresolute.mp3
72,jeopardize,/ˈdʒepədaɪz/,v,"gây nguy hiểm, đe dọa",He would never do anything to jeopardize his career.,Anh ta sẽ không bao giờ làm bất cứ điều gì gây nguy hiểm cho sự nghiệp của mình.,https://audio.tudienkala.com/data/cache/images/300x225/j/e/jeopardize1.jpg,https://audio.tudienkala.com/audio/j/e/jeopardize.mp3
72,jocular,/ˈdʒɒk.jʊ.lər/,adj,hài hước,a jocular comment,một lời bình luận hài hước,https://audio.tudienkala.com/data/cache/images/300x225/j/o/jocular1.jpg,https://audio.tudienkala.com/audio/j/o/jocular.mp3
72,juxtapose,/ˌdʒʌkstəˈpəʊz/,v,để cạnh nhau (thể hiện sự tương phản hay mối quan hệ mới giữa chúng),"In the exhibition, abstract paintings are juxtaposed with shocking photographs.","Trong cuộc triển lãm, các bức tranh trừu tượng được đặt cạnh nhau với những hình ảnh gây sốc.",https://audio.tudienkala.com/data/cache/images/300x225/j/u/juxtapose1.jpg,https://audio.tudienkala.com/audio/j/u/juxtapose.mp3
72,kindle,/ˈkɪn.dl̩/,v,"bốc cháy; đốt, nhen, nhóm (lửa...)",We watched as the fire slowly kindled.,Chúng tôi xem ngọn lửa từ từ bốc cháy.,https://audio.tudienkala.com/data/images_example/300x225/w/e/we_watched_ex2_58772d567f8b9ade308b470b.jpg,https://audio.tudienkala.com/audio/k/i/kindle.mp3
73,lackadaisical,/ˌlæk.əˈdeɪ.zɪ.kəl/,adj,thiếu quan tâm hay nhiệt tình,He has a lackadaisical approach to finding a job.,Anh ta tiếp cận thiếu quan tâm trong việc tìm kiếm một công việc.,https://audio.tudienkala.com/data/cache/images/300x225/l/a/lackadaisical1.jpg,https://audio.tudienkala.com/audio/l/a/lackadaisical.mp3
73,laconic,/ləˈkɒnɪk/,adj,"vắn tắt, súc tích",a laconic comment,Một lời nhận xét ngắn gọn,https://audio.tudienkala.com/data/images_example/300x225/a/_/a_laconic__ex2_58772d577f8b9ade308b470f.jpg,https://audio.tudienkala.com/audio/l/a/laconic.mp3
73,lampoon,/læmˈpuːn/,v,"đả kích, châm biếm",The magazine is famed for its merciless political lampoons.,Tạp chí nối tiếng với bài văn chỉ trích chính trị tàn nhẫn.,https://audio.tudienkala.com/data/cache/images/300x225/l/a/lampoon1.jpg,https://audio.tudienkala.com/audio/l/a/lampoon.mp3
73,languish,/ˈlæŋɡwɪʃ/,v,suy yếu,The share price languished at 102p.,Giá cổ phiếu suy yếu dẫn ở 102p,https://audio.tudienkala.com/data/cache/images/300x225/l/a/languish1.jpg,https://audio.tudienkala.com/audio/l/a/languish.mp3
73,largesse,/lɑːˈʒes/,n,sự hào phóng; tiền bố thí,to dispense largesse to the poor,phân phát hào phóng cho người nghèo,https://audio.tudienkala.com/data/cache/images/300x225/l/a/largesse1.jpeg,https://audio.tudienkala.com/audio/l/a/largesse.mp3
73,lassitude,/ˈlæsɪtjuːd/,n,sự mệt mỏi; sự uể oải,Shareholders are blaming the company's problems on the lassitude of the CEO.,Các cổ đông đang đổ lỗi các vấn đề của công ty về sự mệt mỏi của các CEO.,https://audio.tudienkala.com/data/cache/images/300x225/l/a/lassitude1.jpg,https://audio.tudienkala.com/audio/l/a/lassitude.mp3
73,laud,/lɔːd/,v,"ca ngợi, khen ngợi",He was lauded for his courage.,Anh ấy được ca ngợi vì lòng dũng cảm của mình.,https://audio.tudienkala.com/data/cache/images/300x225/l/a/laud1.jpg,https://audio.tudienkala.com/audio/l/a/laud.mp3
73,levity,/ˈlevɪti/,n,"sự coi nhẹ, khinh suất",a brief moment of levity amid the solemn proceedings,một khoảnh khắc khinh suất trong bối cảnh các thủ tục tố tụng trang trọng,https://audio.tudienkala.com/data/cache/images/300x225/l/e/levity1.jpg,https://audio.tudienkala.com/audio/l/e/levity.mp3
73,loquacious,/ləʊˈkweɪʃəs/,adj,nói nhiều,He is particularly loquacious on the topic of politics.,Ông ấy đặc biệt nói nhiều về chủ đề chính trị.,https://audio.tudienkala.com/data/cache/images/300x225/l/o/loquacious2.jpg,https://audio.tudienkala.com/audio/l/o/loquacious.mp3
73,lugubrious,/luːˈɡuː.bri.əs/,adj,"sầu thảm, bi thảm",a lugubrious expression,một biểu hiện sầu thảm,https://audio.tudienkala.com/data/cache/images/300x225/l/u/lugubrious1.jpg,https://audio.tudienkala.com/audio/l/u/lugubrious.mp3
73,magnanimous,/mæɡˈnæn.ɪ.məs/,adj,"hào hiệp, cao thượng (nhất là với kẻ thù, đối thủ)",a magnanimous gesture,một cử chỉ hào hùng,https://audio.tudienkala.com/data/cache/images/300x225/m/a/magnanimous1.jpg,https://audio.tudienkala.com/audio/m/a/magnanimous.mp3
73,maladroit,/ˌmæl.əˈdrɔɪt/,adj,"vụng về, không khôn khéo",Both parties are unhappy about the maladroit handling of the whole affair.,Cả hai bên đều không hài lòng về cách xử lý vụng về trong toàn bộ sự việc.,https://audio.tudienkala.com/data/cache/images/300x225/m/a/maladroit1.jpg,https://audio.tudienkala.com/audio/m/a/maladroit.mp3
73,malinger,/məˈlɪŋɡər/,v,giả ốm để trốn việc,His boss suspected him of malingering because of his frequent absences from work.,Ông chủ của anh ta nghi ngờ anh ta giả ốm để trốn việc vì sự vắng mặt thường xuyên của của anh ta.,https://audio.tudienkala.com/data/cache/images/300x225/m/a/malinger1.jpg,https://audio.tudienkala.com/audio/m/a/malinger.mp3
73,martinet,/mɑːtɪˈnet/,n,người theo kỷ luật chặt chẽ,The prison's warden was a cruel martinet.,Cai ngục của nhà tù là một người theo kỷ luật nghiêm khắc độc ác.,https://audio.tudienkala.com/data/cache/images/300x225/m/a/martinet1.jpg,https://audio.tudienkala.com/audio/m/a/martinet.mp3
73,maudlin,/ˈmɔːdlɪn/,adj,"lè nhè, đặc biệt khi say",He gets very maudlin after a few drinks.,Anh ta trở nên lè nhè sau một vài ly.,https://audio.tudienkala.com/data/images_example/300x225/h/e/he_gets_ve_ex2_58772d5b7f8b9ade308b4729.jpg,https://audio.tudienkala.com/audio/m/a/maudlin.mp3
73,mellifluous,/melˈɪf.lu.əs/,adj,"ngọt ngào, dễ nghe (giọng nói, lời nói)",a softly mellifluous voice,một giọng nói nhẹ nhàng êm ái,https://audio.tudienkala.com/data/cache/images/300x225/m/e/mellifluous1.jpg,https://audio.tudienkala.com/audio/m/e/mellifluous.mp3
73,mendacious,/menˈdeɪʃəs/,adj,"sai sự thật, dối trá",Some of these statements are misleading and some are down right mendacious.,Một số trong các báo cáo gây hiểu nhầm và một số là hết sức gian dối.,https://audio.tudienkala.com/data/cache/images/300x225/m/e/mendacious1.jpg,https://audio.tudienkala.com/audio/m/e/mendacious.mp3
73,misanthrope,/ˈmɪsənθrəʊp/,n,kẻ ghét mọi người và tránh xa xã hội loài người; kẻ ghét đời,The young people thought him a gloomy misanthrope.,Giới trẻ nghĩ rằng ông ta là một kẻ chán đời ảm đảm.,https://audio.tudienkala.com/data/cache/images/300x225/m/i/misanthrope1.jpg,https://audio.tudienkala.com/audio/m/i/misanthrope.mp3
73,modicum,/ˈmɒdɪkəm/,n,"số lượng ít ỏi, số lượng nhỏ, chút ít","They should win, given a modicum of luck.","Họ nên chiến thắng, cho họ một chút ít may mắn.",https://audio.tudienkala.com/data/cache/images/300x225/m/o/modicum1.jpg,https://audio.tudienkala.com/audio/m/o/modicum.mp3
73,mollify,/ˈmɒlɪfaɪ/,v,"làm dịu đi, xoa dịu (cơn giận, sự đau buồn)",His explanation failed to mollify her.,Việc giải thích của ông đã thất bại trong việc xoa dịu cô ấy.,https://audio.tudienkala.com/data/cache/images/300x225/m/o/mollify1.jpg,https://audio.tudienkala.com/audio/m/o/mollify.mp3
73,moribund,/ˈmɒrɪbʌnd/,adj,ở tình trạng rất tệ; sắp chết,How can the department be revived from its present moribund state?,Làm thế nào các bộ phận có thể được hồi sinh từ tình trạng rất tệ như hiện hiện nay?,https://audio.tudienkala.com/data/cache/images/300x225/m/o/moribund1.jpg,https://audio.tudienkala.com/audio/m/o/moribund.mp3
73,munificent,/mjuːˈnɪf.ɪ.sənt/,adj,cực kì hào phóng,A former student has donated a munificent sum of money to the college.,Một cựu sinh viên đã quyên góp một số tiền cực kì hào phóng cho trường đại học.,https://audio.tudienkala.com/data/cache/images/300x225/m/u/munificent1.jpg,https://audio.tudienkala.com/audio/m/u/munificent.mp3
73,myopia,/maɪˈəʊpiə/,n,tật cận thị,He wore spectacles to correct a mild degree of myopia.,Anh ấy đeo kính để điều chỉnh một mức độ cận thị nhẹ.,https://audio.tudienkala.com/data/cache/images/300x225/m/y/myopia1.jpg,https://audio.tudienkala.com/audio/m/y/myopia.mp3
73,nebulous,/ˈneb.jʊ.ləs/,adj,không rõ ràng,a nebulous concept,một khái niệm mơ hồ,https://audio.tudienkala.com/data/cache/images/300x225/n/e/nebulous1.jpg,https://audio.tudienkala.com/audio/n/e/nebulous.mp3
73,nefarious,/nəˈfeəriəs/,adj,hung ác; bất chính,nefarious activities,những hành động bất chính,https://audio.tudienkala.com/data/cache/images/300x225/n/e/nefarious1.jpg,https://audio.tudienkala.com/audio/n/e/nefarious.mp3
73,neologism,/niˈɒl.ə.dʒɪ.zəm/,n,"từ, cụm từ mới, nghĩa mới của một từ",He also joined words together to create neologisms.,Anh ấy cũng đã kết hợp các từ với nhau để tạo các cụm từ mới.,https://audio.tudienkala.com/data/cache/images/300x225/n/e/neologism1.jpg,https://audio.tudienkala.com/audio/n/e/neologism.mp3
73,nihilism,/ˈnaɪ.ə.lɪ.zəm/,n,thuyết hư vô (tin rằng mọi thứ đều không có giá trị gì),Nietzsche dared to look into the abyss of modern nihilism.,Nietzsche dám nhìn vào hố sâu của chủ nghĩa hư vô hiện đại.,https://audio.tudienkala.com/data/cache/images/300x225/n/i/nihilism1.jpg,https://audio.tudienkala.com/audio/n/i/nihilism.mp3
73,nonchalant,/ˌnɑːnʃəˈlɑːnt/,n,"bình thản, thản nhiên","‘It'll be fine,’ she replied, with a nonchalant shrug.","""Sẽ ổn thôi,"" cô đáp lại với một cái nhún vai bình thản.",https://audio.tudienkala.com/data/cache/images/300x225/n/o/nonchalant1.png,
73,nondescript,/ˈnɒndɪskrɪpt/,adj,không có đặc điểm gì đặc biệt hoặc thú vị; bình thường,a nondescript person,một người bình thường,https://audio.tudienkala.com/data/cache/images/300x225/n/o/nondescript1.jpg,https://audio.tudienkala.com/audio/n/o/nondescript.mp3
73,nonentity,/nɒnˈen.tɪ.ti/,n,"người không có phẩm chất gì đặc biệt, không đạt được điều gì quan trọng",He was so quiet that he was almost a nonentity at the meeting.,Ông ấy đã quá yên lặng nên ông gần như không đạt được điều gì quan trọng tại cuộc họp.,https://audio.tudienkala.com/data/cache/images/300x225/n/o/nonentity1.jpg,https://audio.tudienkala.com/audio/n/o/nonentity.mp3
73,nullify,/ˈnʌlɪfaɪ/,v,"huỷ bỏ, vô hiệu hóa (làm mất đi hiệu lực pháp lí)",Judges were unwilling to nullify government decisions.,Thẩm phán đã không sẵn lòng để vô hiệu hóa các quyết định của chính phủ.,https://audio.tudienkala.com/data/cache/images/300x225/n/u/nullify1.jpg,https://audio.tudienkala.com/audio/n/u/nullify.mp3
73,obdurate,/ˈɒb.djʊ.rət/,adj,"ngoan cố, bướng bỉnh",an obdurate attitude,một thái độ ngoan cố,https://audio.tudienkala.com/data/cache/images/300x225/o/b/obdurate1.jpg,https://audio.tudienkala.com/audio/o/b/obdurate.mp3
73,obfuscate,/ˈɒbfʌskeɪt/,v,(cố tình) làm điều gì trở nên khó hiểu,Their explanations only serve to obfuscate and confuse.,Việc giải thích của họ chỉ dùng để làm nó trở khó hiểu và nhầm lẫn.,https://audio.tudienkala.com/data/cache/images/300x225/o/b/obfuscate1.jpg,https://audio.tudienkala.com/audio/o/b/obfuscate.mp3
73,obscure,/əbˈskjʊər/,adj,khó hiểu,I found her lecture very obscure.,Tôi thấy bài giảng của cô rất khó hiểu.,https://audio.tudienkala.com/data/cache/images/300x225/o/b/obscure1.jpg,https://audio.tudienkala.com/audio/o/b/obscure.mp3
73,obsequious,/əbˈsiːkwiəs/,adj,"khúm núm, quỵ lụy, xun xoe",an obsequious manner,một cách khúm núm,https://audio.tudienkala.com/data/cache/images/300x225/o/b/obsequious1.jpg,https://audio.tudienkala.com/audio/o/b/obsequious.mp3
73,obstreperous,/əbˈstrep.ər.əs/,adj,"om sòm, ầm ĩ",a room full of obstreperous children,một căn phòng toàn tiếng ầm ĩ của trẻ em,https://audio.tudienkala.com/data/cache/images/300x225/o/b/obstreperous1.jpg,https://audio.tudienkala.com/audio/o/b/obstreperous.mp3
73,obtrusive,/əbˈtruː.sɪv/,adj,gây khó chịu; dễ nhận thấy một cách khó chịu,"The soldiers were in civilian clothes, to make their presence less obtrusive.","Các binh sĩ trong bộ quần áo dân sự, làm cho sự hiện diện của họ gây chút ít khó chịu.",https://audio.tudienkala.com/data/cache/images/300x225/o/b/obtrusive1.jpg,https://audio.tudienkala.com/audio/o/b/obtrusive.mp3
73,obtuse,/əbˈtjuːs/,adj,"chậm hiểu, không muốn hiểu",Are you being deliberately obtuse?,Bạn đang cố tình chậm hiểu phải không?,https://audio.tudienkala.com/data/images_example/300x225/a/r/are_you_be_ex2_58772a8f7f8b9a9d308b468d.jpg,https://audio.tudienkala.com/audio/o/b/obtuse.mp3
73,officious,/əˈfɪʃ.əs/,adj,"hay lăng xăng, nhiễu sự",a nasty officious little man,một người đàng ông nhỏ tuổi lăng xăng khó chịu,https://audio.tudienkala.com/data/cache/images/300x225/o/f/officious1.jpeg,https://audio.tudienkala.com/audio/o/f/officious.mp3
73,omnipotent,/ɒmˈnɪp.ə.tənt/,adj,toàn năng; có thể làm bất cứ điều gì,My teenager daughter likes to believe she is omnipotent in our household.,Cô con gái nhỏ của tôi tin rằng cô ấy có thể làm mọi công việc nhà.,https://audio.tudienkala.com/data/cache/images/300x225/o/m/omnipotent1.jpg,https://audio.tudienkala.com/audio/o/m/omnipotent.mp3
73,overwrought,/ˌəʊ.vəˈrɔːt/,adj,rất lo lâu; cuống cuồng,She became overwrought when she heard that her child was missing.,Cô ấy trở nên căng thẳng khi cô nghe rằng con của cô bị mất tích.,https://audio.tudienkala.com/data/cache/images/300x225/o/v/overwrought1.jpg,https://audio.tudienkala.com/audio/o/v/overwrought.mp3
73,parsimonious,/ˌpɑːsɪˈməʊniəs/,adj,"dè sẻn, bủn xỉn",She's too parsimonious to heat the house properly.,Cô ấy quá bủn xỉn để làm nóng ngôi nhà đúng cách.,https://audio.tudienkala.com/data/cache/images/300x225/p/a/parsimonious1.jpg,https://audio.tudienkala.com/audio/p/a/parsimonious.mp3
73,parsimony,/ˈpɑːsɪməni/,n,"sự hà tiện, bủn xỉn",Her parsimony was so extreme that she'd walk five miles to the store to save a few cents on gas,Cô ta cực kì bủn xỉn đến nổi mà cô ta muốn đi bộ năm dặm đến cửa hàng để tiết kiệm một vài đồng tiền xăng.,https://audio.tudienkala.com/data/cache/images/300x225/p/a/parsimony1.jpg,https://audio.tudienkala.com/audio/p/a/parsimony.mp3
73,patronize,/ˈpætrənaɪz/,v,"bảo trợ, đỡ đầu",Some television programmes tend to patronize children.,Một số chương trình truyền hình có xu hướng bảo trợ trẻ em.,https://audio.tudienkala.com/data/cache/images/300x225/p/a/patronize1.jpg,https://audio.tudienkala.com/audio/p/a/patronize.mp3
73,peccadillo,/pekəˈdɪləʊ/,n,lỗi nhỏ,She forgave her husband's sexual peccadilloes.,Cô ta đã tha thứ một vài lỗi nhỏ vể tình dục của chồng cô ta.,https://audio.tudienkala.com/data/cache/images/300x225/p/e/peccadillo1.jpg,https://audio.tudienkala.com/audio/p/e/peccadillo.mp3
73,pensive,/ˈpen.sɪv/,adj,"trầm ngâm, đăm chiêu (nhất là vì chán hay lo lắng)",a pensive mood,một tâm trạng trầm ngâm,https://audio.tudienkala.com/data/cache/images/300x225/p/e/pensive1.jpg,https://audio.tudienkala.com/audio/p/e/pensive.mp3
73,perfidy,/ˈpɜːfɪdi/,n,"sự bội bạc, phản bội",In Act 2 he learns of Giovanni's perfidy and swears revenge.,"Trong cảnh 2, anh ta đã biết về sự phản bội cỉa Giovanni và thề trả thù.",https://audio.tudienkala.com/data/cache/images/300x225/p/e/perfidy1.jpg,https://audio.tudienkala.com/audio/p/e/perfidy.mp3
73,peripatetic,/perɪpəˈtetɪk/,adj,đi hết nơi này đến nơi khác; lưu động,a peripatetic music teacher,một giáo viên âm nhạc đi hết nơi này đến nơi khác,https://audio.tudienkala.com/data/cache/images/300x225/p/e/peripatetic1.jpg,https://audio.tudienkala.com/audio/p/e/peripatetic.mp3
73,perjury,/ˈpɜːdʒəri/,n,tội khai man trước toà,to commit perjury,cam kết tội khai man,https://audio.tudienkala.com/data/cache/images/300x225/p/e/perjury1.jpg,https://audio.tudienkala.com/audio/p/e/perjury.mp3
73,perturb,/pəˈtɜːb/,v,khiến ai lo lắng,I was perturbed by his lack of interest.,Tôi đã lo lắng bởi sự thiếu quan tâm của anh ấy.,https://audio.tudienkala.com/data/cache/images/300x225/p/e/perturb1.jpg,https://audio.tudienkala.com/audio/p/e/perturb.mp3
74,peruse,/pəˈruːz/,v,"đọc kỹ, nghiên cứu",A copy of the report is available for you to peruse at your leisure.,Một bản sao của báo cáo có sẵn cho bạn để nghiên cứu vào lúc bạn rãnh rỗi.,https://audio.tudienkala.com/data/cache/images/300x225/p/e/peruse1.jpg,https://audio.tudienkala.com/audio/p/e/peruse.mp3
74,phlegmatic,/fleɡˈmætɪk/,adj,điềm tĩnh,a phlegmatic temperament,một tính cách điềm tĩnh,https://audio.tudienkala.com/data/cache/images/300x225/p/h/phlegmatic1.jpg,https://audio.tudienkala.com/audio/p/h/phlegmatic.mp3
74,pliant,/ˈplaɪ.ənt/,adj,linh động; dễ ảnh hưởng hoặc kiểm soát,He was deposed and replaced by a more pliant successor.,Ông ấy đã bị phế truất và thay thế bằng một người kế nhiệm linh động hơn.,https://audio.tudienkala.com/data/cache/images/300x225/p/l/pliant1.jpg,https://audio.tudienkala.com/audio/p/l/pliant.mp3
74,polarize,/ˈpəʊləraɪz/,v,"phân cực (nghĩa bóng); hình thành hai nhóm xung đột, hoàn toàn đối lập với nhau (quan điểm..)",Public opinion has polarized on this issue.,Dư luận đã hình thành 2 nhóm đối lập nhau về vấn đề này.,https://audio.tudienkala.com/data/cache/images/300x225/p/o/polarize1.png,https://audio.tudienkala.com/audio/p/o/polarize.mp3
74,portent,/ˈpɔːtent/,n,điềm báo,The event proved to be a portent of the disaster that was to come.,Sự kiện này đã chứng tỏ là một điềm báo của việc thảm họa sẽ xảy đến.,https://audio.tudienkala.com/data/cache/images/300x225/p/o/portent1.jpg,https://audio.tudienkala.com/audio/p/o/portent.mp3
74,prattle,/ˈprætl/,v,"nói chuyện tầm phào, nói vớ vẩn",She prattled on about her children all evening.,Cô ấy nói chuyện tầm pháo với các con của cô ấy vào mỗi buổi tối.,https://audio.tudienkala.com/data/cache/images/300x225/p/r/prattle1.png,https://audio.tudienkala.com/audio/p/r/prattle.mp3
74,prescient,/ˈpres.i.ənt/,adj,"(dường như) biết trước chuyện sẽ xảy ra, tiên tri",prescient warnings,cảnh báo tiên tri,https://audio.tudienkala.com/data/cache/images/300x225/p/r/prescient1.jpg,https://audio.tudienkala.com/audio/p/r/prescient.mp3
74,presumptuous,/prɪˈzʌmptʃuəs/,adj,"tự phụ, quá tự tin",Would it be presumptuous of me to ask to borrow your car?,Việc tôi hỏi mượn xe của bạn có tự phụ hay không?,https://audio.tudienkala.com/data/cache/images/300x225/p/r/presumptuous1.jpg,https://audio.tudienkala.com/audio/p/r/presumptuous.mp3
74,proclivity,/prəˈklɪvɪti/,n,"khuynh hướng (làm hoặc cảm thấy điều gì, thường là không tốt)",his criminal proclivity,khuynh hướng phạm tội của anh ấy,https://audio.tudienkala.com/data/images_example/300x225/h/i/his_crimin_ex2_58772d687f8b9ade308b4774.jpg,https://audio.tudienkala.com/audio/p/r/proclivity.mp3
74,procrastinate,/prəʊˈkræstɪneɪt/,v,"trì hoãn, chần chừ",People were dying of starvation while governments procrastinated.,Nhiều người chết vì đói trong khi chính phủ thì chần chừ.,https://audio.tudienkala.com/data/cache/images/300x225/p/r/procrastinate1.jpg,https://audio.tudienkala.com/audio/p/r/procrastinate.mp3
74,profligate,/ˈprɒflɪɡət/,adj,"phung phí, trác táng",profligate spending,chi tiêu hoang phí,https://audio.tudienkala.com/data/cache/images/300x225/p/r/profligate1.jpg,https://audio.tudienkala.com/audio/p/r/profligate.mp3
74,profundity,/prəˈfʌndɪti/,n,"sự sâu sắc, chiều sâu (nghĩa bóng)",He lacked profundity and analytical precision.,Ông ấy thiếu sự sâu sắc và phân tích chính xác.,https://audio.tudienkala.com/data/cache/images/300x225/p/r/profundity1.jpg,https://audio.tudienkala.com/audio/p/r/profundity.mp3
74,propitious,/prəˈpɪʃ.əs/,adj,thuận lợi; có khả năng tạo ra kết quả tốt,It was not a propitious time to start a new business.,Đó không phải là một thời gian thuận lợi để bắt đầu một doanh nghiệp mới.,https://audio.tudienkala.com/data/images_example/300x225/i/t/it_was_not_ex2_58772d697f8b9ade308b477c.jpg,https://audio.tudienkala.com/audio/p/r/propitious.mp3
74,proscribe,/prəʊˈskraɪb/,v,"cấm, bài trừ",proscribed organizations,tổ chức bị cấm,https://audio.tudienkala.com/data/images_example/300x225/p/r/proscribed_ex2_58772d697f8b9ade308b477e.jpg,https://audio.tudienkala.com/audio/p/r/proscribe.mp3
74,protean,/prəʊˈtiːən/,adj,hay thay đổi,a protean character,một nhân vật hay thay đổi,https://audio.tudienkala.com/data/cache/images/300x225/p/r/protean1.jpg,https://audio.tudienkala.com/audio/p/r/protean.mp3
74,punctilious,/pʌŋkˈtɪl.i.əs/,adj,cẩn thận trong việc cư xử cho đúng hoặc thực hiện nhiệm vụ một cách chính xác,He was always punctilious in his manners.,Ông luôn luôn quá câu nệ trong cách cư xử của mình.,https://audio.tudienkala.com/data/images_example/300x225/h/e/he_was_alw_ex2_58772d6a7f8b9ade308b4782.jpg,https://audio.tudienkala.com/audio/p/u/punctilious.mp3
74,quandary,/ˈkwɒndəri/,n,tình thế khó xử,George was in a quandary—should he go or shouldn't he?,George đã ở trong tình thế khó khăn là ông nên đi hay không nên đi?,https://audio.tudienkala.com/data/images_example/300x225/g/e/george_was_ex2_58772d6a7f8b9ade308b4784.png,https://audio.tudienkala.com/audio/q/u/quandary.mp3
74,querulous,/ˈkwer.ʊ.ləs/,adj,"hay than phiền; cáu kỉnh, bực mình",He complained in a querulous voice about having been woken up.,Ông ấy phàn nàn với một giọng nói cáu kỉnh về việc bị đánh thức.,https://audio.tudienkala.com/data/images_example/300x225/h/e/he_complai_ex2_58772d6a7f8b9ade308b4786.jpg,https://audio.tudienkala.com/audio/q/u/querulous.mp3
74,quixotic,/kwɪkˈsɒtɪk/,adj,viển vông,They had quixotic dreams about the future.,Họ có những giấc mơ viễn vong về tương lai.,https://audio.tudienkala.com/data/cache/images/300x225/q/u/quixotic1.jpg,https://audio.tudienkala.com/audio/q/u/quixotic.mp3
74,rancour,/ˈræŋkər/,n,sự thù oán; ác ý,There was rancour in his voice.,Có sự thù oán trong giọng nói của anh ấy.,https://audio.tudienkala.com/data/cache/images/300x225/r/a/rancour1.jpg,https://audio.tudienkala.com/audio/r/a/rancour.mp3
74,raze,/reɪz/,v,"san bằng, phá trụi",The building was razed by fire.,Tòa nhà đã bị phá trụi bởi lửa.,https://audio.tudienkala.com/data/images_example/300x225/t/h/the_buildi_ex2_58772d6b7f8b9ade308b478c.jpg,https://audio.tudienkala.com/audio/r/a/raze.mp3
74,rebut,/rɪˈbʌt/,v,"bác bỏ (câu nói của người nào, sự chỉ trích...)",an attempt to publicly rebut rumours of a divorce,một nỗ lực để công khai bác bỏ tin đồn ly hôn,https://audio.tudienkala.com/data/cache/images/300x225/r/e/rebut1.jpg,https://audio.tudienkala.com/audio/r/e/rebut.mp3
74,recant,/rɪˈkænt/,v,"công khai rút lui (ý kiến, niềm tin mà bạn có trước đó)","After a year spent in solitary confinement, he publicly recanted (his views).","Sau một năm biệt giam, ông công khai từ bỏ quan điểm của mình.",https://audio.tudienkala.com/data/images_example/300x225/a/f/after_a_ye_ex2_58772d6c7f8b9ade308b4790.jpg,https://audio.tudienkala.com/audio/r/e/recant.mp3
74,reciprocate,/rɪˈsɪprəkeɪt/,v,đáp lại (tình cảm),Her passion for him was not reciprocated.,Sự say mê của cô dành cho anh ta không được đáp lại.,https://audio.tudienkala.com/data/cache/images/300x225/r/e/reciprocate1.jpg,https://audio.tudienkala.com/audio/r/e/reciprocate.mp3
74,reconcile,/'rekənsail/,v,"chỉnh lý, làm cho phù hợp/nhất trí, hòa giải",The accountant found the error when she reconcile the account.,Nhân viên kế toán tìm ra lỗi khi cô ấy chỉnh lý tài khoản (sửa lại tài khoản cho đúng).,https://audio.tudienkala.com/data/cache/images/300x225/r/e/reconcile1.jpg,https://audio.tudienkala.com/audio/r/e/reconcile.mp3
74,rectitude,/ˈrektɪtjuːd/,n,thái độ đúng đắn; tính ngay thẳng,She is a model of rectitude.,Cô ấy là một mẫu người ngay thẳng.,https://audio.tudienkala.com/data/cache/images/300x225/r/e/rectitude1.png,https://audio.tudienkala.com/audio/r/e/rectitude.mp3
74,redolent,/ˈred.əl.ənt/,adj,"sực mùi, thơm phức",a kitchen redolent with the smell of baking,căn bếp thơm nồng mùi bánh nướng,https://audio.tudienkala.com/data/cache/images/300x225/r/e/redolent1.jpg,https://audio.tudienkala.com/audio/r/e/redolent.mp3
74,relegate,/ˈrelɪɡeɪt/,v,"giáng chức; giao cho ai một vị trí, cấp bậc kém quan trọng hơn trước",She was then relegated to the role of assistant.,"Sau đó, cô giáng chức xuống vai trò trợ lý.",https://audio.tudienkala.com/data/images_example/300x225/s/h/she_was_th_ex2_58772d6e7f8b9ade308b4798.jpg,https://audio.tudienkala.com/audio/r/e/relegate.mp3
74,remiss,/rɪˈmɪs/,adj,"cẩu thả, chểnh mảng",It was remiss of them not to inform us of these changes sooner.,Đó là sự chểnh mảng của họ khi không thông báo cho chúng ta về những thay đổi này sớm hơn.,https://audio.tudienkala.com/data/images_example/300x225/i/t/it_was_rem_ex2_58772d6e7f8b9ade308b479a.jpg,https://audio.tudienkala.com/audio/r/e/remiss.mp3
74,replete,/rɪˈpliːt/,adj,tràn đầy; có đầy,Literature is replete with drama and excitement.,Văn học tràn đầy kịch tính và thú vị.,https://audio.tudienkala.com/data/cache/images/300x225/r/e/replete2.jpg,https://audio.tudienkala.com/audio/r/e/replete.mp3
74,reprehensible,/ˌreprɪˈhensəbl/,adj,đáng chỉ trích,Her conduct was thoroughly reprehensible.,Hành vi của cô ấy là hoàn toàn đáng trách.,https://audio.tudienkala.com/data/images_example/300x225/h/e/her_conduc_ex2_58772d6f7f8b9ade308b479e.png,https://audio.tudienkala.com/audio/r/e/reprehensible.mp3
74,reprobate,/ˈrep.rə.beɪt/,n,kẻ vô lại,reprobate behaviour,hành vi kẻ vô lại,https://audio.tudienkala.com/data/cache/images/300x225/r/e/reprobate1.png,https://audio.tudienkala.com/audio/r/e/reprobate.mp3
74,reprove,/rɪˈpruːv/,v,khiển trách,The teacher gently reproved the boys for not paying attention.,Giáo viên nhẹ nhàng khiển trách các cậu con trai về việc không chú ý.,https://audio.tudienkala.com/data/cache/images/300x225/r/e/reprove1.jpg,https://audio.tudienkala.com/audio/r/e/reprove.mp3
74,retraction,/rɪˈtrækʃn/,n,"sự rút lại (lời đã nói, viết trước đó là không đúng)",He demanded a full retraction of the allegations against him.,Ông yêu cầu rút tất cả các đơn về cáo buộc chống lại ông.,https://audio.tudienkala.com/data/cache/images/300x225/r/e/retraction1.jpg,https://audio.tudienkala.com/audio/r/e/retraction.mp3
74,revere,/rɪˈvɪər/,v,"tôn kính, kính trọng",I revere my mother the most for I've seen her burn the midnight oil in order to finance my education.,Tôi kính trọng mẹ tôi nhất vi tôi đã nhìn thấy bà đốt dầu vào nửa đêm để kím tiền cho tôi học hành.,https://audio.tudienkala.com/data/images_example/300x225/i/_/i_revere_m_ex2_58772a9c7f8b9a9d308b46d3.jpg,https://audio.tudienkala.com/audio/r/e/revere.mp3
74,reverent,/ˈrevərənt/,adj,"tôn kính, kính trọng",A reverent silence fell over the crowd.,Một sự im lặng đáng kính rơi xuống đám đông.,https://audio.tudienkala.com/data/cache/images/300x225/r/e/reverent1.jpg,https://audio.tudienkala.com/audio/r/e/reverent.mp3
74,ruminate,/ˈruː.mɪ.neɪt/,v,ngẫm nghĩ về điều gì,The question got us ruminating on the real value of wealth.,Câu hỏi đã đẩy chúng ta ngẫm nghĩ về giá trị thực sự của sự giàu có.,https://audio.tudienkala.com/data/images_example/300x225/t/h/the_questi_ex2_58772d707f8b9ade308b47a8.jpg,https://audio.tudienkala.com/audio/r/u/ruminate.mp3
74,sacrosanct,/ˈsækrəʊsæŋkt/,adj,rất quan trọng (không thể thay đổi hay nghi ngờ),You can't reduce expenditures on scientific researches - that's sacrosanct !,Anh không được giảm chi phí nghiên cứu khoa học - đó là điều bất khả xâm phạm!,https://audio.tudienkala.com/data/images_example/300x225/y/o/you_cant_r_ex2_58772d717f8b9ade308b47aa.png,https://audio.tudienkala.com/audio/s/a/sacrosanct.mp3
74,sagacious,/səˈɡeɪʃəs/,adj,"khôn ngoan, sắc sảo",a sagacious critique of the current social climate in our nation,một sự phê phán sắc sảo về môi trường xã hội hiện nay ở đất nước chúng ta,https://audio.tudienkala.com/data/cache/images/300x225/s/a/sagacious1.jpg,https://audio.tudienkala.com/audio/s/a/sagacious.mp3
74,sanctimonious,/sæŋktɪˈməʊniəs/,adj,đạo đức giả,a sanctimonious voice,một giọng nói đạo đức giả,https://audio.tudienkala.com/data/images_example/300x225/a/_/a_sanctimo_ex2_58772d717f8b9ade308b47ae.jpg,https://audio.tudienkala.com/audio/s/a/sanctimonious.mp3
74,scrutinize,/ˈskruːtɪnaɪz/,v,xem xét kĩ lưỡng,He leaned forward to scrutinize his face in the mirror.,Cậu bé ngả người về phía trước để xem xét kỹ lưỡng khuôn mặt của cậu trong gương.,https://audio.tudienkala.com/data/images_example/300x225/h/e/he_leaned__ex2_58772d717f8b9ade308b47b0.jpg,https://audio.tudienkala.com/audio/s/c/scrutinize.mp3
74,serendipity,/ˌserənˈdɪpəti/,n,"sự may mắn, vận may","Meeting her like that, and there of all places, was true serendipity!","Gặp cô ấy như thế, và ở tất cả mọi nơi, đó thật là điều may mắn!",https://audio.tudienkala.com/data/images_example/300x225/m/e/meeting_he_ex2_58772a9f7f8b9a9d308b46e7.jpg,https://audio.tudienkala.com/audio/s/e/serendipity.mp3
74,skeptic,/ˈskeptɪk/,n,"người hay hoài nghi, người theo chủ nghĩa hoài nghi",I am a born skeptic.,Tôi sinh ra là một người hay hoài nghi.,https://audio.tudienkala.com/data/cache/images/300x225/s/k/skeptic1.png,https://audio.tudienkala.com/audio/s/k/skeptic.mp3
74,skeptical,/ˈskeptɪkəl/,adj,hoài nghi,Many experts remain skeptical about his claims.,Nhiều chuyên gia vẫn còn hoài nghi về những tuyên bố của ông ta.,https://audio.tudienkala.com/data/cache/images/300x225/s/k/skeptical1.jpg,https://audio.tudienkala.com/audio/s/k/skeptical.mp3
74,solicit,/səˈlɪsɪt/,v,"xin ai điều gì (sự hỗ trợ, tiền bạc, thông tin...); cố gắng có được hoặc thuyết phục ai làm gì",They were planning to solicit funds from a number of organizations.,Họ đã lập kế hoạch để thu hút nguồn vốn từ một số tổ chức.,https://audio.tudienkala.com/data/images_example/300x225/t/h/they_were__ex2_58772d727f8b9ade308b47b4.jpg,https://audio.tudienkala.com/audio/s/o/solicit.mp3
74,solicitous,/səˈlɪsɪtəs/,adj,"ân cần, rất quan tâm đến ai",She was very solicitous for our welfare.,Cô đã rất quan tâm đến hạnh phúc của chúng tôi.,https://audio.tudienkala.com/data/cache/images/300x225/s/o/solicitous1.jpg,https://audio.tudienkala.com/audio/s/o/solicitous.mp3
74,sophistry,/ˈsɒfɪstri/,n,sự nguỵ biện,Convincing myself that I had gained in some way from my loss was just pure sophistry.,Thuyết phục bản thân mình rằng tôi đã đạt được một cách nào đó khỏi mất mát của tôi chỉ là ngụy biện thuần khiết.,https://audio.tudienkala.com/data/cache/images/300x225/s/o/sophistry1.jpg,https://audio.tudienkala.com/audio/s/o/sophistry.mp3
74,soporific,/sɒpərˈɪfɪk/,adj,gây buồn ngủ,the soporific effect of the sun,tác dụng gây buồn ngủ của mặt trời,https://audio.tudienkala.com/data/cache/images/300x225/s/o/soporific1.jpg,https://audio.tudienkala.com/audio/s/o/soporific.mp3
74,specious,/ˈspiː.ʃəs/,adj,có vẻ hợp lý,a specious argument,Một cuộc tranh luận có vẻ hợp lí,https://audio.tudienkala.com/data/cache/images/300x225/s/p/specious1.jpg,https://audio.tudienkala.com/audio/s/p/specious.mp3
74,squander,/ˈskwɒndər/,v,"phung phí, hoang phí",He squandered all his money on gambling.,Ông ta phung phí tất cả tiền của mình vào cờ bạc.,https://audio.tudienkala.com/data/cache/images/300x225/s/q/squander1.jpg,https://audio.tudienkala.com/audio/s/q/squander.mp3
75,steadfast,/ˈstedfɑːst/,adj,"kiên định, trước sau như một",steadfast loyalty,lòng trung thành kiên định,https://audio.tudienkala.com/data/cache/images/300x225/s/t/steadfast1.jpg,https://audio.tudienkala.com/audio/s/t/steadfast.mp3
75,stigmatize,/ˈstɪɡ.mə.taɪz/,v,"bêu xấu (ai), làm ô danh",She was stigmatized by society because she had a child out of wedlock.,Cô đã bị sự kỳ thị của xã hội bởi vì cô đã có một đứa con ngoài giá thú.,https://audio.tudienkala.com/data/cache/images/300x225/s/t/stigmatize1.jpg,https://audio.tudienkala.com/audio/s/t/stigmatize.mp3
75,stoic,/ˈstəʊɪk/,n,người có thể chịu đựng nỗi đau hoặc rắc rối mà không phàn nàn hay thể hiện cảm xúc,His stoic endurance,sức chịu đựng bền bỉ của cậu ấy,https://audio.tudienkala.com/data/images_example/300x225/h/i/his_stoic__ex2_58772d757f8b9ade308b47c4.jpg,https://audio.tudienkala.com/audio/s/t/stoic.mp3
75,stoicism,/ˈstəʊɪsɪzəm/,n,"chủ nghĩa Stôic (chịu đựng đau đớn, khó khăn mà không than phiền hay thể hiện ra)",She showed great stoicism through all the pain.,Cô đã cho thấy sự chấp nhận vượt qua nổi đau một cách tuyệt vời.,https://audio.tudienkala.com/data/cache/images/300x225/s/t/stoicism1.jpg,https://audio.tudienkala.com/audio/s/t/stoicism.mp3
75,stymie,/ˈstaɪ.mi/,v,cản trở; ngăn chặn,He found himself stymied by an old opponent.,Ông ấy thấy mình bị cản trở bởi một đối thủ cũ.,https://audio.tudienkala.com/data/images_example/300x225/h/e/he_found_h_ex2_58772d757f8b9ade308b47c8.jpg,https://audio.tudienkala.com/audio/s/t/stymie.mp3
75,supercilious,/suːpəˈsɪliəs/,adj,"kiêu kỳ, khinh khỉnh",The dress shop assistant was very supercilious.,Những người bán hàng ở cửa hàng quần áo rất kiêu kỳ.,https://audio.tudienkala.com/data/images_example/300x225/t/h/the_dress__ex2_58772d767f8b9ade308b47ca.jpg,https://audio.tudienkala.com/audio/s/u/supercilious.mp3
75,supplant,/səˈplɑːnt/,v,"thay thế (nhất là điều gì, ai già hơn hay kém hiện đại hơn)",Printed books will soon be supplanted by e-books.,Các loại sách in sẽ sớm được thay thế bởi sách điện tử.,https://audio.tudienkala.com/data/cache/images/300x225/s/u/supplant1.jpg,https://audio.tudienkala.com/audio/s/u/supplant.mp3
75,surfeit,/ˈsɜːfɪt/,n,một lượng quá nhiều,Indigestion can be brought on by a surfeit of rich food.,Chứng khó tiêu có thể được gây ra bởi một tình trạng quá nhiều thực phẩm béo.,https://audio.tudienkala.com/data/images_example/300x225/i/n/indigestio_ex2_58772d767f8b9ade308b47ce.jpg,https://audio.tudienkala.com/audio/s/u/surfeit.mp3
75,surreptitious,/ˌsʌrəpˈtɪʃəs/,adj,"bí mật, lén lút",She sneaked a surreptitious glance at her watch.,Cô ấy liếc trộm đồng hồ của cô ấy một cách lén lút.,https://audio.tudienkala.com/data/cache/images/300x225/s/u/surreptitious2.jpg,https://audio.tudienkala.com/audio/s/u/surreptitious.mp3
75,sycophant,/ˈsɪkəfænt/,n,"người nịnh hót, người bợ đỡ",The prime minister is surrounded by sycophants.,Thủ tướng được bao quanh bởi những người nịnh hót.,https://audio.tudienkala.com/data/cache/images/300x225/s/y/sycophant1.jpg,https://audio.tudienkala.com/audio/s/y/sycophant.mp3
75,taciturn,/ˈtæsɪtɜːn/,adj,"ít nói, lầm lì, không cởi mở",a taciturn and serious young man,một thanh niên ít nói và nghiêm túc,https://audio.tudienkala.com/data/cache/images/300x225/t/a/taciturn1.jpg,https://audio.tudienkala.com/audio/t/a/taciturn.mp3
75,tangential,/tænˈdʒenʃl/,adj,thuộc tiếp tuyến,a tangential argument,một đối số tiếp tuyến,https://audio.tudienkala.com/data/cache/images/300x225/t/a/tangential1.png,https://audio.tudienkala.com/audio/t/a/tangential.mp3
75,torpor,/ˈtɔː.pər/,n,"trạng thái mê mệt, uể oải",In the heat they sank into a state of torpor.,"Trong cái nóng, họ chìm vào trạng thái ngủ mê.",https://audio.tudienkala.com/data/images_example/300x225/i/n/in_the_hea_ex2_58772d787f8b9ade308b47d6.jpg,https://audio.tudienkala.com/audio/t/o/torpor.mp3
75,tractable,/ˈtræk.tə.bl̩/,adj,"dễ xử lí, dễ kiểm soát",This approach helps to make the issues more tractable.,Cách tiếp cận này giúp để làm cho vấn đề dễ xử lý hơn.,https://audio.tudienkala.com/data/images_example/300x225/t/h/this_appro_ex2_58772d787f8b9ade308b47d8.jpg,https://audio.tudienkala.com/audio/t/r/tractable.mp3
75,transgress,/trænzˈɡres/,v,vi phạm; vượt quá giới hạn cho phép (đạo đức hoặc pháp luật),They had transgressed the bounds of decency.,Họ đã vượt quá giới hạn đạo đức.,https://audio.tudienkala.com/data/cache/images/300x225/t/r/transgress1.jpg,https://audio.tudienkala.com/audio/t/r/transgress.mp3
75,turpitude,/ˈtɜː.pɪ.tjuːd/,n,việc làm xấu xa,crimes of moral turpitude,tội ác xấu xa về mặt đạo đức,https://audio.tudienkala.com/data/images_example/300x225/c/r/crimes_of__ex2_58772d787f8b9ade308b47dc.jpg,https://audio.tudienkala.com/audio/t/u/turpitude.mp3
75,uncouth,/ʌnˈkuːθ/,adj,"thô lỗ, bất lịch sự",uncouth posture,tư thế bất lịch sự,https://audio.tudienkala.com/data/images_example/300x225/u/n/uncouth_po_ex2_58772d797f8b9ade308b47de.jpg,https://audio.tudienkala.com/audio/u/n/uncouth.mp3
75,unctuous,/ˈʌŋk.tju.əs/,adj,(nghĩa bóng) ngọt xớt (lời nói),his unctuous voice,giọng nói ngọt xớt của anh ta,https://audio.tudienkala.com/data/images_example/300x225/h/i/his_unctuo_ex2_58772d7a7f8b9ade308b47e0.jpg,https://audio.tudienkala.com/audio/u/n/unctuous.mp3
75,underscore,/ˌʌndəˈskɔːr/,v,nhấn mạnh,The report underscores the importance of pre-school education.,Báo cáo nhấn mạnh tầm quan trọng của giáo dục mầm non.,https://audio.tudienkala.com/data/cache/images/300x225/u/n/underscore1.jpg,https://audio.tudienkala.com/audio/u/n/underscore.mp3
75,unflappable,/ʌnˈflæp.ə.bl̩/,adj,"bình tĩnh, không nao núng trong tình huống khó khăn",She's totally unflappable - you have to be when working in such a high-pressure environment.,Cô ấy hoàn toàn bình tĩnh - bạn phải có tính cách đó khi làm việc trong một môi trường áp lực cao như vậy.,https://audio.tudienkala.com/data/cache/images/300x225/u/n/unflappable1.jpg,https://audio.tudienkala.com/audio/u/n/unflappable.mp3
75,upbraid,/ʌpˈbreɪd/,v,trách mắng,His wife upbraided him for his irresponsible handling of the family finances,Vợ của anh ta đã trách mắng anh ta về cách xử lý vô trách nhiệm của anh về tài chính của gia đình.,https://audio.tudienkala.com/data/cache/images/300x225/u/p/upbraid1.jpg,https://audio.tudienkala.com/audio/u/p/upbraid.mp3
75,usurp,/juːˈzɜːp/,v,"chiếm đoạt (vị trí, quyền lực của ai)",Some people have accused city council members of trying to usurp the mayor's power.,Một số người đã buộc tội các thành viên hội đồng thành phố đang cố gắng để chiếm đoạt quyền lực của thị trưởng.,https://audio.tudienkala.com/data/cache/images/300x225/u/s/usurp1.jpg,https://audio.tudienkala.com/audio/u/s/usurp.mp3
75,vacillate,/ˈvæs.ɪ.leɪt/,v,"do dự, dao động",The country's leaders are still vacillating between confrontation and compromise.,Các nhà lãnh đạo của đất nước vẫn còn đang do dự giữa đối đầu và thỏa hiệp.,https://audio.tudienkala.com/data/images_example/300x225/t/h/the_countr_ex2_58772d7b7f8b9ade308b47ea.jpg,https://audio.tudienkala.com/audio/v/a/vacillate.mp3
75,vapid,/ˈvæp.ɪd/,adj,"nhạt nhẽo, không hứng thú","She's attractive, but vapid.",Cô ta hấp dẫn nhưng nhạt nhẽo.,https://audio.tudienkala.com/data/cache/images/300x225/v/a/vapid1.jpg,https://audio.tudienkala.com/audio/v/a/vapid.mp3
75,venal,/ˈviː.nəl/,adj,"dễ mua chuộc, dễ hối lộ",venal journalists,những nhà báo dễ bị mua chuộc,https://audio.tudienkala.com/data/cache/images/300x225/v/e/venal1.jpg,https://audio.tudienkala.com/audio/v/e/venal.mp3
75,venerate,/ˈvenəreɪt/,v,"sùng kính, coi như là thiêng liêng; tôn kính",The monk was subsequently venerated as a saint.,Các tu sĩ sau đó đã được sùng kính như một vị thánh.,https://audio.tudienkala.com/data/cache/images/300x225/v/e/venerate1.jpg,https://audio.tudienkala.com/audio/v/e/venerate.mp3
75,veracity,/vəˈræs.ɪ.ti/,n,tính xác thực; sự trung thực,They questioned the veracity of her story.,Họ đặt câu hỏi về tính xác thực của câu chuyện của cô.,https://audio.tudienkala.com/data/images_example/300x225/t/h/they_quest_ex2_58772d7c7f8b9ade308b47f0.jpg,https://audio.tudienkala.com/audio/v/e/veracity.mp3
75,verbose,/vɜːˈbəʊs/,adj,dài dòng,a verbose speaker,một người nói dài dòng,https://audio.tudienkala.com/data/cache/images/300x225/v/e/verbose1.jpg,https://audio.tudienkala.com/audio/v/e/verbose.mp3
75,viable,/ˈvaɪəbl/,adj,có tính khả thi,I am afraid your plan is not viable.,Tôi e rằng kế hoạch của bạn không có tính khả thi.,https://audio.tudienkala.com/data/images_example/300x225/_/i/_i_am_afra_ex1_58772aac7f8b9a9d308b471f.png,https://audio.tudienkala.com/audio/v/i/viable.mp3
75,vignette,/vɪˈnjet/,n,"đoản văn, đoạn kịch ngắn (mô tả cái gì, tính cách của một con người..)",a charming vignette of Edwardian life,một đoạn kịch ngắn quyến rũ về cuộc sống của Edwardian,https://audio.tudienkala.com/data/cache/images/300x225/v/i/vignette1.jpg,https://audio.tudienkala.com/audio/v/i/vignette.mp3
75,vilify,/ˈvɪlɪfaɪ/,v,"gièm pha, nói xấu",He was vilified in the press for his comments.,Anh ấy đã bị nói xấu trên báo chí về những lời nhận xét của anh ấy,https://audio.tudienkala.com/data/images_example/300x225/h/e/he_was_vil_ex2_58772d7e7f8b9ade308b47f6.jpg,https://audio.tudienkala.com/audio/v/i/vilify.mp3
75,vindicate,/ˈvɪndɪkeɪt/,v,"chứng minh, bào chữa, minh oan",I have every confidence that this decision will be fully vindicated.,Tôi có mọi sự tự tin rằng quyết định này sẽ được bào chữa hoàn toàn.,https://audio.tudienkala.com/data/images_example/300x225/i/_/i_have_eve_ex2_58772aac7f8b9a9d308b4723.jpg,https://audio.tudienkala.com/audio/v/i/vindicate.mp3
75,vitriolic,/ˌvɪtriˈɒlɪk/,adj,đầy căm giận; cay độc (nghĩa bóng),The newspaper launched a vitriolic attack on the president.,Tờ báo đã phát động một cuộc tấn công cay độc về tổng thống.,https://audio.tudienkala.com/data/cache/images/300x225/v/i/vitriolic1.jpg,https://audio.tudienkala.com/audio/v/i/vitriolic.mp3
75,volatile,/ˈvɒlətaɪl/,adj,nhiều biến động; dễ trở nên xấu đi hay nguy hiểm hơn,a volatile exchange rate,một biến động tỷ giá,https://audio.tudienkala.com/data/cache/images/300x225/v/o/volatile1.png,https://audio.tudienkala.com/audio/v/o/volatile.mp3
75,voluble,/ˈvɒljʊbl/,adj,"Lưu loát, trơn tru, trôi chảy",a voluble speech,một bài diễn văn lưu loát,https://audio.tudienkala.com/data/images_example/300x225/a/_/a_voluble__ex2_58772d7f7f8b9ade308b47fa.jpg,https://audio.tudienkala.com/audio/v/o/voluble.mp3
75,voracious,/vəˈreɪʃəs/,adj,"tham ăn, phàm ăn",a voracious eater,một người ăn phàm ăn,https://audio.tudienkala.com/data/images_example/300x225/a/_/a_voraciou_ex2_58772d7f7f8b9ade308b47fc.jpg,https://audio.tudienkala.com/audio/v/o/voracious.mp3
75,watershed,/ˈwɔːtəʃed/,n,"lưu vực sông, đầu nguồn",the Mackenzie River watershed,lưu vực sông Mackenzie,https://audio.tudienkala.com/data/cache/images/300x225/w/a/watershed1.jpg,https://audio.tudienkala.com/audio/w/a/watershed.mp3
