topic,word,pronunciation,word_type,meaning,example_en,example_vi,image_url,audio_url
40,abstract,/ˈæbstrækt/,n,"bài tóm lược (cuốn sách, luận án, bài diễn văn...)",An abstract always appears at the beginning of a manuscript or typescript.,Bài tóm lược luôn xuất hiện ở phần đầu của một bài viết hoặc bản sao chép.,https://audio.tudienkala.com/data/images_example/300x225/a/n/an_abstrac_ex2_58772ac97f8b9aab308b4567.jpg,https://audio.tudienkala.com/audio/a/b/abstract.mp3
40,access,/ˈækses/,n,"quyền truy cập, sự tiếp cận",I cannot easily get access to the Internet.,Tôi không thể dễ dàng có được quyền truy cập vào Internet.,https://audio.tudienkala.com/data/cache/images/300x225/a/c/access1.jpg,https://audio.tudienkala.com/audio/a/c/access.mp3
40,accommodate,/əˈkɒmədeɪt/,v,"cho trọ, cung cấp chỗ ở",The hotel can accommodate up to 500 guests.,Khách sạn có sức chứa lên đến 500 khách.,https://audio.tudienkala.com/data/cache/images/300x225/a/c/accommodate-11.jpg,https://audio.tudienkala.com/audio/a/c/accommodate-1.mp3
40,accuracy,/ˈækjərəsi/,n,sự chính xác,They questioned the accuracy of the information in the file.,Họ đặt nghi vấn về tính chính xác của các thông tin trong file.,https://audio.tudienkala.com/data/cache/images/300x225/a/c/accuracy1.jpg,https://audio.tudienkala.com/audio/a/c/accuracy.mp3
40,accused,/əˈkjuːzd/,n,bị cáo,The accused was found innocent.,Bị cáo đã được xác minh vô tội.,https://audio.tudienkala.com/data/cache/images/300x225/a/c/accused1.jpg,https://audio.tudienkala.com/audio/a/c/accused.mp3
40,acquire,/ə'kwaiə/,v,"đạt được, thu được",He has acquired a good knowledge of English.,Cậu ấy đã đạt được một kiến thức tốt về tiếng Anh.,https://audio.tudienkala.com/data/cache/images/300x225/a/c/acquire1.png,https://audio.tudienkala.com/audio/a/c/acquire.mp3
40,acute,/əˈkjuːt/,adj,"nghiêm trọng, nhức nhối (cơn đau)",The government has tried to give many explanations to hide its acute embarrassment.,Chính phủ đã cố gắng đưa ra nhiều lời giải thích để che giấu sự bối rối nghiêm trọng của nó.,https://audio.tudienkala.com/data/images_example/300x225/t/h/the_govern_ex2_587729cc7f8b9a8e308b4569.jpg,https://audio.tudienkala.com/audio/a/c/acute.mp3
40,address,/ə'dres/,v,"nhằm vào, trình bày",Marco's business plan addresses the needs of small business owners.,Kế hoạch kinh doanh của Marco nhằm vào nhu cầu của những chủ doanh nghiệp nhỏ.,https://audio.tudienkala.com/data/images_example/300x225/m/a/marcos_bus_ex1_56248cf37f8b9af80c011d69.jpg,https://audio.tudienkala.com/audio/a/d/address.mp3
40,adequate,/ˈædɪkwət /,adj,đầy đủ,Make sure that the lighting is adequate so that the guests can see what they are eating.,"Hãy đảm bảo đủ ánh sáng, để khách khứa có thể nhìn thấy rõ là họ đang ăn những gì.",https://audio.tudienkala.com/data/images_example/300x225/m/a/make_sure__ex1_56248cfb7f8b9afa0cb17da8.jpg,https://audio.tudienkala.com/audio/a/d/adequate.mp3
40,adopt,/əˈdɑːpt/,v,"chọn, áp dụng, chấp nhận và làm theo",The couple have decided to adopt a foreign child.,Cặp vợ chồng đã quyết định nhận nuôi một đứa trẻ ngoại quốc.,https://audio.tudienkala.com/data/cache/images/300x225/a/d/adopt1.jpg,https://audio.tudienkala.com/audio/a/d/adopt.mp3
40,affect,/əˈfekt/,v,ảnh hưởng,The divorce affected every aspect of her life.,Việc ly hôn ảnh hưởng mọi mặt của cuộc sống của cô.,https://audio.tudienkala.com/data/cache/images/300x225/a/f/affect1.jpg,https://audio.tudienkala.com/audio/a/f/affect.mp3
40,ageing,/ˈeɪdʒɪŋ/,n,sự lão hóa,signs of ageing,các dấu hiệu lão hóa,https://audio.tudienkala.com/data/cache/images/300x225/a/g/ageing1.jpg,https://audio.tudienkala.com/audio/a/g/ageing.mp3
40,alternative,/ɔ:l'tə:nətiv/,adj,"xen kẽ, thay thế, luân phiên",Have you thought of an alternative plan?,Bạn đã nghĩ đến kế hoạch thay thế chưa?,https://audio.tudienkala.com/data/cache/images/300x225/a/l/alternative.jpg,https://audio.tudienkala.com/audio/a/l/alternative.mp3
40,analyse,/ˈænəlaɪz/,v,phân tích,The job involves gathering and analysing data.,Công việc liên quan đến việc thu thập và phân tích dữ liệu.,https://audio.tudienkala.com/data/cache/images/300x225/a/n/analyse1.jpg,https://audio.tudienkala.com/audio/a/n/analyse.mp3
40,appreciate,/əˈpriːʃieɪt/,v,"đánh giá cao, cảm kích",We would appreciate you letting us know of any problems.,Chúng tôi sẽ đánh giá cao việc bạn cho chúng tôi biết về bất kỳ vấn đề nào.,https://audio.tudienkala.com/data/images_example/300x225/y/o/your_suppo_ex1_56248cfa7f8b9afa0cb17cbc.jpg,https://audio.tudienkala.com/audio/a/p/appreciate.mp3
40,appropriate,/əˈprəʊpriət/,adj,"thích hợp, thích đáng",The book was written in a style appropriate to the age of the children,Cuốn sách được viết bằng một phong cách thích hợp với lứa tuổi của trẻ em,https://audio.tudienkala.com/data/images_example/300x225/t/h/the_book_w_ex2_587728087f8b9a0d308b468a.jpg,https://audio.tudienkala.com/audio/a/p/appropriate.mp3
40,artificial,/ˌɑːtɪˈfɪʃəl/,adj,nhân tạo,Sputnik is the first artificial satellite.,Sputnik là vệ tinh nhân tạo đầu tiên.,https://audio.tudienkala.com/data/cache/images/300x225/a/r/artificial1.png,https://audio.tudienkala.com/audio/a/r/artificial.mp3
40,aspect,/ˈæspekt/,n,khía cạnh,She felt she had looked at the problem from every aspect.,Cô ấy cảm thấy rằng cô ấy đã nhìn nhận vấn đề từ mọi khía cạnh.,https://audio.tudienkala.com/data/cache/images/300x225/a/s/aspect1.jpg,https://audio.tudienkala.com/audio/a/s/aspect.mp3
40,assess,/ə'ses/,v,"đánh giá, ước lượng",The insurance rate Mr. Victor was assessed went up this year after he admitted that he had started smoking again.,Mức phí bảo hiểm mà ông Victor được định giá tăng lên sau khi ông thú nhận đã bắt đầu hút thuốc trở lại.,https://audio.tudienkala.com/data/cache/images/300x225/a/s/assess1.png,https://audio.tudienkala.com/audio/a/s/assess.mp3
40,asset,/'æset/,n,"tài sản, của cải",The company's asset are worth millions of dollars.,Tài sản của công ty trị giá hàng triệu đô-la.,https://audio.tudienkala.com/data/cache/images/300x225/a/s/asset1.png,https://audio.tudienkala.com/audio/a/s/asset.mp3
40,assignment,/əˈsaɪnmənt/,n,bài tập,I have a lot of assignments to complete before the end of ​term.,Tôi có rất nhiều bài tập cần hoàn thành trước khi kết thúc học kì.,https://audio.tudienkala.com/data/images_example/300x225/i/_/i_have_a_l_ex1_58772acb7f8b9aab308b456f.jpg,https://audio.tudienkala.com/audio/a/s/assignment.mp3
40,assist,/ə'sist/,v,"giúp đỡ, có mặt",Bonnie hired a secretary to assist her with the many details of the event.,Bonnie đã thuê một thư ký để trợ giúp cô về rất nhiều chi tiết của sự kiện.,https://audio.tudienkala.com/data/cache/images/300x225/a/s/assist1.png,https://audio.tudienkala.com/audio/a/s/assist.mp3
40,atmosphere,/ˈætməsfɪər /,n,không khí,There's a very relaxed atmosphere in our office.,Không khí trong văn phòng của chúng tôi rất là dễ chịu.,https://audio.tudienkala.com/data/cache/images/300x225/a/t/atmosphere1.jpg,https://audio.tudienkala.com/audio/a/t/atmosphere.mp3
40,attitude,/'ætitju:d/,n,thái độ,Each person has his or her own attitude towards life.,Mỗi người có thái độ sống riêng.,https://audio.tudienkala.com/data/cache/images/300x225/a/t/attitude1.jpg,https://audio.tudienkala.com/audio/a/t/attitude.mp3
40,automatic,/ˌɔːtəˈmætɪk/,adj,tự động,They use an automatic balance.,Họ dùng một cái cân tự động.,https://audio.tudienkala.com/data/cache/images/300x225/a/u/automatic1.jpg,https://audio.tudienkala.com/audio/a/u/automatic.mp3
40,balance,/'bæləns/,v,quyết toán,It took him over an hour to balance his checkbook.,Nó lấy mất của anh hơn một tiếng đồng hồ để quyết toán tập chi phiếu.,https://audio.tudienkala.com/data/cache/images/300x225/b/a/balance1.png,https://audio.tudienkala.com/audio/b/a/balance.mp3
40,ban,/bæn/,n,luật cấm,There is to be a total ban on smoking in the office.,Sẽ có một luật cấm hút thuốc trong văn phòng.,https://audio.tudienkala.com/data/cache/images/300x225/b/a/ban2.png,https://audio.tudienkala.com/audio/b/a/ban.mp3
40,barrier,/ˈbæriər/,n,"rào cản, chướng ngại vật","When you are good at English, the language barrier is not a big problem with you.","Khi bạn giỏi Tiếng Anh, rào cản ngôn ngữ không còn là vấn đề lớn với bạn nữa.",https://audio.tudienkala.com/data/cache/images/300x225/b/a/barrier2.jpg,https://audio.tudienkala.com/audio/b/a/barrier.mp3
40,beneficial,/ˌbenɪˈfɪʃəl/,adj,"có ích, có lợi",A good diet is beneficial to health.,Một chế độ ăn tốt có lợi cho sức khỏe.,https://audio.tudienkala.com/data/images_example/300x225/a/_/a_good_die_ex2_58772acb7f8b9aab308b4571.jpg,https://audio.tudienkala.com/audio/b/e/beneficial.mp3
40,benefit,/'benifit/,n,lợi ích,The discovery of oil brought many benefits to the country.,Việc phát hiện ra dầu hỏa mang đến nhiều lợi ích cho đất nước đó.,https://audio.tudienkala.com/data/images_example/300x225/t/h/the_discov_ex1_56248d157f8b9a040dc65ecc.jpg,https://audio.tudienkala.com/audio/b/e/benefit.mp3
40,bias,/ˈbaɪəs/,n,"thành kiến, thiên vị",Some institutions still have a strong bias against women.,Một số tổ chức vẫn còn có thành kiến mạnh mẽ chống lại phụ nữ.,https://audio.tudienkala.com/data/images_example/300x225/s/e/sexual_ori_ex2_587729ce7f8b9a8e308b4575.jpg,https://audio.tudienkala.com/audio/b/i/bias.mp3
40,boom,/buːm/,v,"phất lên (công việc buôn bán...), phát đạt",The booming economy still cannot help iron ore manufacturers.,Bùng nổ nền kinh tế vẫn không thể giúp các nhà sản xuất quặng sắt.,https://audio.tudienkala.com/data/cache/images/300x225/b/o/boom1.jpg,https://audio.tudienkala.com/audio/b/o/boom.mp3
40,bound,/baʊnd/,adj,"chắc chắn hoặc có khả năng (xảy ra, thực hiện...)",There are bound to be changes when the new system is introduced.,Chắc chắn sẽ có những thay đổi khi hệ thống mới được giới thiệu.,https://audio.tudienkala.com/data/images_example/300x225/t/h/there_are__ex2_58772acb7f8b9aab308b4573.jpg,https://audio.tudienkala.com/audio/b/o/bound.mp3
40,brand,/brænd/,n,"nhãn hiệu, nhãn hàng, chi nhánh",All brands of aspirin are the same.,Mọi nhãn hiệu về thuốc giảm đau aspirin là như nhau.,https://audio.tudienkala.com/data/cache/images/300x225/b/r/brand2.png,https://audio.tudienkala.com/audio/b/r/brand.mp3
40,budget,/ˈbʌdʒɪt/,n,"ngân sách, ngân quỹ",The company will have to prepare bigger budget for this department next year.,Công ty sẽ phải dự thảo ngân sách nhiều hơn cho bộ phận này vào năm sau.,https://audio.tudienkala.com/data/cache/images/300x225/b/u/budget1.jpg,https://audio.tudienkala.com/audio/b/u/budget.mp3
40,burden,/'bə:dn/,n,gánh nặng,"I never consider looking after my elderly parents as a burden, but a token of gratitude.","Tôi không bao giờ coi việc chăm sóc bố mẹ già là một gánh nặng, mà coi đó là biểu hiện của lòng biết ơn.",https://audio.tudienkala.com/data/cache/images/300x225/b/u/burden2.jpg,https://audio.tudienkala.com/audio/b/u/burden.mp3
40,casual,/ˈkaʒjʊəl/,adj,"bình thường, thường ngày",Wearing casual clothes gives me comfort.,Mặc quần áo thường ngày tạo cho tôi sự thoải mái.,https://audio.tudienkala.com/data/cache/images/300x225/c/a/casual1.jpg,https://audio.tudienkala.com/audio/c/a/casual.mp3
40,casualty,/ˈkæʒjuəlti/,n,"nạn nhân, thương vong (chiến tranh, tai nạn)",road casualties,những thương vong đường xá,https://audio.tudienkala.com/data/cache/images/300x225/c/a/casualty1.jpg,https://audio.tudienkala.com/audio/c/a/casualty.mp3
40,challenge,/ˈtʃælɪndʒ/,n,thử thách,The role will be the biggest challenge of his acting career.,Vai diễn này sẽ là thử thách lớn nhất trong sự nghiệp diễn xuất của anh ấy,https://audio.tudienkala.com/data/cache/images/300x225/c/h/challenge1.jpg,https://audio.tudienkala.com/audio/c/h/challenge.mp3
40,chronic,/ˈkrɒnɪk/,adj,"kinh niên (y học), ăn sâu",Those with chronic bronchitis and heart disease should take the necessary precautions to reduce their chances of exposure to the dust.,Những người có bệnh viêm phế quản mãn tính và bệnh tim nên có những biện pháp phòng ngừa cần thiết để giảm nguy cơ tiếp xúc với bụi.,https://audio.tudienkala.com/data/images_example/300x225/t/h/those_with_ex2_587729cf7f8b9a8e308b457f.jpg,https://audio.tudienkala.com/audio/c/h/chronic.mp3
40,cognitive,/ˈkɒɡnətɪv/,adj,liên quan đến nhận thức,There are students suffering from cognitive problems in the school we visited two months ago.,"Ở ngôi trường mà chúng tôi đi thăm hai tháng trước, có những học sinh gặp phải những vấn đề về nhận thức.",https://audio.tudienkala.com/data/cache/images/300x225/c/o/cognitive1.jpg,https://audio.tudienkala.com/audio/c/o/cognitive.mp3
40,communicate,/kəˈmjuːnɪkeɪt/,v,giao tiếp,"Thanks to the invention of the telephone, we can communicate with others all over the world.","Nhờ sự ra đời của điện thoại, chúng ta có thể giao tiếp với những người khác trên thế giới.",https://audio.tudienkala.com/data/images_example/300x225/t/h/thanks_to__ex1_582bca8a7f8b9aa1078b4642.jpg,https://audio.tudienkala.com/audio/c/o/communicate.mp3
40,compete,/kəmˈpiːt/,v,"đua tài, cạnh tranh",Both girls compete for their father's attention.,Cả hai cô con gái đều cạnh tranh để dành sự chú ý của bố mình.,https://audio.tudienkala.com/data/cache/images/300x225/c/o/compete1.jpg,https://audio.tudienkala.com/audio/c/o/compete.mp3
40,competitive,/kəmˈpetətɪv/,adj,"tính cạnh tranh, đua tranh",He isn’t a competitive person. He just wants to have a peaceful life.,Anh ấy không phải là một người thích đua tranh. Anh ấy chỉ muốn có một cuộc sống yên bình.,https://audio.tudienkala.com/data/cache/images/300x225/c/o/competitive1.jpg,https://audio.tudienkala.com/audio/c/o/competitive.mp3
40,complicated,/ˈkɒmplɪkeɪtɪd/,adj,"phức tạp, rắc rối",The story is extremely complicated.,Câu chuyện cực kỳ phức tạp.,https://audio.tudienkala.com/data/cache/images/300x225/c/o/complicated1.jpg,https://audio.tudienkala.com/audio/c/o/complicated.mp3
40,compound,/ˈkɒmpaʊnd/,n,hợp chất,Common salt is a compound of sodium and chlorine.,Muối thường là một hợp chất của natri và clo.,https://audio.tudienkala.com/data/cache/images/300x225/c/o/compound1.png,https://audio.tudienkala.com/audio/c/o/compound.mp3
40,compromise,/'kɔmprəmaiz/,n,sự thoả hiệp,After lengthy talks the two sides finally reached a compromise.,Sau cuộc đàm phán kéo dài hai bên cuối cùng đã đạt đến một thỏa hiệp.,https://audio.tudienkala.com/data/cache/images/300x225/c/o/compromise2.jpg,https://audio.tudienkala.com/audio/c/o/compromise.mp3
40,concept,/ˈkɒnsept/,n,khái niệm,Can you grasp the concept of marketing?,Bạn có nắm bắt được khái niệm marketing không?,https://audio.tudienkala.com/data/images_example/300x225/c/a/can_you_gr_ex1_587727587f8b9af52f8b45e4.jpg,https://audio.tudienkala.com/audio/c/o/concept.mp3
40,conclude,/kən'klu:d/,v,"kết luận, quyết định","After long discussions, the board has concluded that the project has to be canceled.","Sau những cuộc tranh luận dài, ủy ban đã kết luận rằng dự án phải bị hủy bỏ.",https://audio.tudienkala.com/data/images_example/300x225/a/f/after_long_ex1_56248d167f8b9a040dc66060.jpg,https://audio.tudienkala.com/audio/c/o/conclude.mp3
40,concrete,/ˈkɒŋkriːt/,adj,cụ thể,Nothing concrete was made about the case.,Không có gì cụ thể đã được thực hiện về trường hợp này.,https://audio.tudienkala.com/data/cache/images/300x225/c/o/concrete-adj1.jpg,https://audio.tudienkala.com/audio/c/o/concrete-adj.mp3
41,conduct,/'kɔndəkt/,v,"tiến hành, cư xử",Interviews were conducted over a period of three weeks.,Các cuộc phỏng vấn được tổ chức trong suốt giai đoạn kéo dài 3 tuần.,https://audio.tudienkala.com/data/cache/images/300x225/c/o/conduct1.jpg,https://audio.tudienkala.com/audio/c/o/conduct.mp3
41,connection,/kə´nekʃən/,n,sự kết nối,I'm having problems with my Internet connection.,Tôi có vấn đề với kết nối internet,https://audio.tudienkala.com/data/cache/images/300x225/c/o/connection1.jpg,https://audio.tudienkala.com/audio/c/o/connection.mp3
41,consistent,/kənˈsɪstənt/,adj,"kiên định, nhất quán",The university has a consistent approach to addressing sexual violence on campuses.,Trường đại học có cách tiếp cận kiên định để giải quyết bạo lực tình dục tại các trường.,https://audio.tudienkala.com/data/images_example/300x225/t/h/the_univer_ex2_587729d27f8b9a8e308b458d.jpg,https://audio.tudienkala.com/audio/c/o/consistent.mp3
41,construct,/kənˈstrʌkt/,v,xây dựng,When was the bridge constructed?,Cây cầu được xây dựng khi nào?,https://audio.tudienkala.com/data/cache/images/300x225/c/o/construct1.jpg,https://audio.tudienkala.com/audio/c/o/construct.mp3
41,contribute,/kən'tribju:t/,v,đóng góp,Do you contribute anything to this charity?,Bạn có đóng góp gì cho buổi từ thiện này không?,https://audio.tudienkala.com/data/cache/images/300x225/c/o/contribute1.jpg,https://audio.tudienkala.com/audio/c/o/contribute.mp3
41,controversial,/ˌkɒntrəˈvɜːʃəl/,adj,"có thể gây ra tranh luận, có thể bàn cãi được (vấn đề...)","It is, however, a highly controversial measure.","Tuy nhiên, đó là một biện pháp gây nhiều tranh cãi.",https://audio.tudienkala.com/data/images_example/300x225/i/t/it_is_howe_ex2_587729d37f8b9a8e308b4593.png,https://audio.tudienkala.com/audio/c/o/controversial.mp3
41,convert,/kənˈvəːt/,v,chuyển đổi,"Can you help me convert file PDF to Word, please?",Bạn có thể giúp mình chuyển đổi bản thảo từ PDF sang Word được không?,https://audio.tudienkala.com/data/cache/images/300x225/c/o/convert1.png,https://audio.tudienkala.com/audio/c/o/convert.mp3
41,cope,/kəʊp/,v,"đối phó, đương đầu thành công (với một điều gì đó khó khăn)",I got to the stage where I wasn't coping any more.,Tôi đã đến giai đoạn mà tôi không đương đầu được nữa.,https://audio.tudienkala.com/data/cache/images/300x225/c/o/cope1.jpg,https://audio.tudienkala.com/audio/c/o/cope.mp3
41,correspondence,/ˌkɒrɪˈspɒndəns/,n,"sự tương ứng, sự phù hợp",There is a close correspondence between the two extracts.,Có một sự tương ứng chặt chẽ giữa hai chiết xuất.,https://audio.tudienkala.com/data/cache/images/300x225/c/o/correspondence1.jpg,https://audio.tudienkala.com/audio/c/o/correspondence.mp3
41,coverage,/ˈkʌvərɪdʒ/,n,"việc đưa tin về những sự kiện (báo chí, radio, tv...)",press coverage,đưa tin sự kiện báo chí,https://audio.tudienkala.com/data/images_example/300x225/p/r/press_cove_ex2_58772acd7f8b9aab308b4579.jpg,https://audio.tudienkala.com/audio/c/o/coverage.mp3
41,criminal,/ˈkrɪmɪnəl/,n,phạm tội/tội phạm,He must be a dangerous criminal.,Ông ta quả là một tên tội phạm nguy hiểm.,https://audio.tudienkala.com/data/cache/images/300x225/c/r/criminal1.png,https://audio.tudienkala.com/audio/c/r/criminal.mp3
41,crowded,/ˈkraʊdɪd/,adj,đông đúc,"Many people live in Hanoi, so it's very crowded.","Nhiều người sống ở Hà Nội, nên thành phố này rất đông đúc.",https://audio.tudienkala.com/data/cache/images/300x225/c/r/crowded1.jpg,https://audio.tudienkala.com/audio/c/r/crowded.mp3
41,cure,/kjʊə(r)/,n,"thuốc, phương thuốc, cách chữa bệnh",The scientists are still studying a new cure for cancer.,Các nhà khoa học vẫn đang nghiên cứu một phương thuốc mới để chữa ung thư.,https://audio.tudienkala.com/data/cache/images/300x225/c/u/cure1.jpg,https://audio.tudienkala.com/audio/c/u/cure.mp3
41,decent,/ˈdiːsənt/,adj,"đứng đắn, tao nhã",Your decent behaviours are much approved.,Hành vi đứng đắn của bạn được chấp thuận nhiều.,https://audio.tudienkala.com/data/images_example/300x225/y/o/your_decen_ex2_58772a337f8b9a99308b45c4.jpg,https://audio.tudienkala.com/audio/d/e/decent.mp3
41,decline,/dɪˈklaɪn/,n,sự suy giảm,a rapid decline,sự suy giảm nhanh chóng,https://audio.tudienkala.com/data/cache/images/300x225/d/e/decline1.jpg,https://audio.tudienkala.com/audio/d/e/decline.mp3
41,deliver,/dɪˈlɪvər/,v,"phân phát (thư), giao (hàng), đưa ai đến đâu",Leaflets have been delivered to every household.,Tờ rơi đã được giao cho mỗi hộ gia đình.,https://audio.tudienkala.com/data/cache/images/300x225/d/e/deliver1.jpg,https://audio.tudienkala.com/audio/d/e/deliver.mp3
41,demanding,/dɪˈmɑːndɪŋ/,adj,"khó khăn, đòi hỏi khắt khe",Her songs are technically more demanding than other contestants'.,Các ca khúc của cô ấy đòi hỏi nhiều hơn về mặt kỹ thuật so với của những thí sinh khác.,https://audio.tudienkala.com/data/cache/images/300x225/d/e/demanding1.jpg,https://audio.tudienkala.com/audio/d/e/demanding.mp3
41,demonstrate,/'demənstreit/,v,"bày tỏ, biểu lộ, cho thấy; chứng minh, giải thích",Let me demonstrate to you some of the difficulties we are facing.,Hãy để tôi trình bày cho bạn một số khó khăn mà chúng ta đang phải đối mặt.,https://audio.tudienkala.com/data/cache/images/300x225/d/e/demonstrate.jpg,https://audio.tudienkala.com/audio/d/e/demonstrate.mp3
41,depression,/dɪˈpreʃən/,n,"chán nản, buồn rầu",Do you know what often causes depression?,Các em có biết cái gì thường gây ra chán nản không?,https://audio.tudienkala.com/data/cache/images/300x225/d/e/depression1.jpg,https://audio.tudienkala.com/audio/d/e/depression.mp3
41,design,/dɪˈzaɪn/,n,"kiểu dáng, thiết kế",This dress has a beautiful design.,Trang phục này có một thiết kế đẹp.,https://audio.tudienkala.com/data/images_example/300x225/t/h/this_dress_ex1_56248d007f8b9afc0c298055.jpg,https://audio.tudienkala.com/audio/d/e/design.mp3
41,destination,"/,desti'neiʃn/",n,"nơi đến, nơi tới, đích đến, mục đích",The next destination is Ha Long bay.,Điểm đến tiếp theo là vịnh Hạ Long.,https://audio.tudienkala.com/data/cache/images/300x225/d/e/destination.jpg,https://audio.tudienkala.com/audio/d/e/destination.mp3
41,determination,"/di,tə:mi'neiʃn/",n,sự quyết tâm,I admire her determination to get the best result in every exam.,Tôi ngưỡng mộ sự quyết tâm của cô ấy để đạt được kết quả tốt nhất trong mọi kỳ thi.,https://audio.tudienkala.com/data/cache/images/300x225/d/e/determination1.jpg,https://audio.tudienkala.com/audio/d/e/determination.mp3
41,develop,/di'veləp/,v,phát triển,This job can give you an opportunity to develop new skills.,Công việc này có thể cho bạn cơ hội phát triển các kỹ năng mới.,https://audio.tudienkala.com/data/cache/images/300x225/d/e/develop1.jpg,https://audio.tudienkala.com/audio/d/e/develop.mp3
41,device,/dɪˈvaɪs/,n,thiết bị,Our lives have been made easier thanks to modern devices.,Cuộc sống của chúng ta trở nên dễ dàng hơn nhờ có các thiết bị hiện đại.,https://audio.tudienkala.com/data/cache/images/300x225/d/e/device1.jpg,https://audio.tudienkala.com/audio/d/e/device.mp3
41,digital,/ˈdɪdʒɪtəl/,adj,"thuộc về số, kĩ thuật số",I bought a digital camera yesterday.,Hôm qua mình đã mua một chiếc máy ảnh kĩ thuật số.,https://audio.tudienkala.com/data/images_example/300x225/i/_/i_bought_a_ex1_56248d0b7f8b9a000de3cf59.jpg,https://audio.tudienkala.com/audio/d/i/digital.mp3
41,dilemma,/dʌɪˈlɛmə/,n,tình trạng khó xử,I have to face a dilemma.,Tôi phải đối mặt với một tình thế khó xử.,https://audio.tudienkala.com/data/cache/images/300x225/d/i/dilemma1.jpg,https://audio.tudienkala.com/audio/d/i/dilemma.mp3
41,discharge,/dɪsˈtʃɑːdʒ/,v,"thải ra, đổ ra",The river is diverted through the power station before discharging into the sea.,Con sông được chuyển hướng qua trạm điện trước khi đổ ra biển.,https://audio.tudienkala.com/data/cache/images/300x225/d/i/discharge1.jpg,https://audio.tudienkala.com/audio/d/i/discharge.mp3
41,discipline,/ˈdɪsəplɪn/,n,kỷ luật,Discipline is necessary in any school.,Kỷ luật là cần thiết trong bất kỳ trường học nào.,https://audio.tudienkala.com/data/cache/images/300x225/d/i/discipline1.jpg,https://audio.tudienkala.com/audio/d/i/discipline.mp3
41,distinguish,/dis'tiɳgwiʃ/,v,"phân biệt, nhận ra, nhận biết; phân thành, chia thành, xếp thành loại",We must distinguish between two kinds of holidays.,Chúng ta phải phân biệt giữa hai loại lễ.,https://audio.tudienkala.com/data/cache/images/300x225/d/i/distinguish2.jpg,https://audio.tudienkala.com/audio/d/i/distinguish.mp3
41,diversity,/da ɪˈvɜːsɪti/,n,"sự khác biệt, đa dạng",Is America the most ethnic diversity country in the world?,Mỹ có phải là nước đa dạng sắc tộc nhất trên thế giới?,https://audio.tudienkala.com/data/cache/images/300x225/d/i/diversity1.png,https://audio.tudienkala.com/audio/d/i/diversity.mp3
41,doubtful,/ˈdaʊtfəl/,adj,"không chắc chắn, nghi ngờ",Rose was doubtful about the whole idea.,Rose đã nghi ngờ về toàn bộ ý tưởng.,https://audio.tudienkala.com/data/cache/images/300x225/d/o/doubtful1.jpg,https://audio.tudienkala.com/audio/d/o/doubtful.mp3
41,drive,/draɪv/,v,khiến ai tức giận/nổi điên; khiến ai làm điều gì tồi tệ,to drive somebody crazy,khiến ai đó nổi điên,https://audio.tudienkala.com/data/images_example/300x225/_/t/_to_drive__ex2_587864c67f8b9afd078b456d.jpg,https://audio.tudienkala.com/audio/d/r/drive-v1.mp3
41,earn,/ɜːrn/,v,kiếm được (tiền...),He earns about $40000 a year.,Ông kiếm được khoảng $ 40.000 một năm.,https://audio.tudienkala.com/data/cache/images/300x225/e/a/earn1.jpg,https://audio.tudienkala.com/audio/e/a/earn.mp3
41,ease,/i:z/,v,làm dịu đi,These pills will ease the pain.,Những viên thuốc này sẽ làm dịu cơn đau.,https://audio.tudienkala.com/data/cache/images/300x225/e/a/ease1.jpg,https://audio.tudienkala.com/audio/e/a/ease.mp3
41,eligible,/ˈɛlɪdʒɪb(ə)l/,adj,"thích hợp, đủ tư cách, đủ tiêu chuẩn; có thể chọn được",Who is eligible to become president?,Ai sẽ đủ tiêu chuẩn để trở thành tổng thống?,https://audio.tudienkala.com/data/cache/images/300x225/e/l/eligible2.jpg,https://audio.tudienkala.com/audio/e/l/eligible.mp3
41,embrace,/ɪmˈbreɪs/,v,"chấp nhận (ý tưởng, đề nghị, hệ tư tưởng,...)",His colleagues embraced his proposals.,Các đồng nghiệp của ông chấp nhận những đề xuất của ông ấy.,https://audio.tudienkala.com/data/cache/images/300x225/e/m/embrace-v11.jpg,https://audio.tudienkala.com/audio/e/m/embrace-v1.mp3
41,emerge,/ɪˈmɜːdʒ/,v,"đi ra từ một nơi tối, hạn hẹp hay ẩn; nổi lên, hiện ra",Several possible candidates have emerged.,Một số ứng viên tiềm năng đã xuất hiện.,https://audio.tudienkala.com/data/images_example/300x225/s/e/several_po_ex1_587727af7f8b9a01308b4633.png,https://audio.tudienkala.com/audio/e/m/emerge.mp3
41,emission,/ɪˈmɪʃən/,n,"chất thải phát ra (khí, gas, ...)",The government has pledged to clean up industrial emissions.,Chính phủ đã cam kết sẽ làm sạch khí thải công nghiệp.,https://audio.tudienkala.com/data/cache/images/300x225/e/m/emission1.jpg,https://audio.tudienkala.com/audio/e/m/emission.mp3
41,empirical,/ɪmˈpɪrɪkəl/,adj,"theo kinh nghiệm, thực tiễn",empirical evidence,bằng chứng thực tiễn,https://audio.tudienkala.com/data/images_example/300x225/e/m/empirical__ex1_58772a6c7f8b9a9d308b45d1.jpg,https://audio.tudienkala.com/audio/e/m/empirical.mp3
41,engage,/in'geidʤ/,v,"thu hút (sự chú ý…), giành được (tình cảm…)","He really wants to engage his classmates, but he doesn't know how to do that.","Cậu ấy thực sự muốn giành được cảm tình của các bạn cùng lớp, nhưng cậu ấy không biết cách làm thế nào.",https://audio.tudienkala.com/data/cache/images/300x225/e/n/engage.jpg,https://audio.tudienkala.com/audio/e/n/engage.mp3
41,enhance,/in'hɑ:ns/,v,"nâng cao, tăng cường",This is an opportunity to enhance the reputation of the company.,Đây là cơ hội để nâng cao danh tiếng của công ty.,https://audio.tudienkala.com/data/cache/images/300x225/e/n/enhance2.png,https://audio.tudienkala.com/audio/e/n/enhance.mp3
41,enjoy,/ɪnˈdʒɔɪ/,v,"yêu thích, thưởng thức",I really enjoyed watching that film.,Tôi thật sự rất thích xem bộ phim đó.,https://audio.tudienkala.com/data/cache/images/300x225/e/n/enjoy1.png,https://audio.tudienkala.com/audio/e/n/enjoy.mp3
41,enterprise,/'entəpraiz/,n,"hãng, công ty, xí nghiệp",The new enterprise quickly established an account with the office supply store.,"Công ty mới thiết lập một cách nhanh chóng bản thanh toán với cửa hàng đồ dùng văn phòng (bàn ghế, văn phòng phẩm, máy fax...).",https://audio.tudienkala.com/data/cache/images/300x225/e/n/enterprise1.jpg,https://audio.tudienkala.com/audio/e/n/enterprise.mp3
41,era,/ˈɪərə/,n,"thời kì, kỉ nguyên",post-war era,thời sau chiến tranh,https://audio.tudienkala.com/data/cache/images/300x225/e/r/era1.jpg,https://audio.tudienkala.com/audio/e/r/era.mp3
41,essential,/ɪˈsenʃəl/,adj,"cần thiết, quan trọng",A map is essential for this trip to explore the forest.,Một chiếc bản đồ là cần thiết cho chuyến đi khám phá khu rừng này.,https://audio.tudienkala.com/data/images_example/300x225/a/_/a_map_is_e_ex1_587727f77f8b9a0d308b4628.png,https://audio.tudienkala.com/audio/e/s/essential.mp3
41,ethnic,/ˈeθnɪk/,adj,thuộc về dân tộc,Vietnam has 54 ethnic groups with a population of 86 million people.,Việt Nam có 54 dân tộc với dân số 86 triệu người.,https://audio.tudienkala.com/data/cache/images/300x225/e/t/ethnic1.jpg,https://audio.tudienkala.com/audio/e/t/ethnic.mp3
41,evidence,/ˈevɪdəns/,n,bằng chứng,There was no obvious evidence of a break-in.,Không có bằng chứng rõ ràng của một cuộc đột nhập.,https://audio.tudienkala.com/data/cache/images/300x225/e/v/evidence1.jpg,https://audio.tudienkala.com/audio/e/v/evidence.mp3
41,evident,/'evidənt/,adj,"hiển nhiên, rõ ràng",The presence of a wisdom tooth was not evident until the dentist started to examine the patient.,Sự có mặt của cái răng khôn thì không rõ ràng cho đến khi nha sĩ bắt đầu khám bệnh nhân.,https://audio.tudienkala.com/data/cache/images/300x225/e/v/evident1.png,https://audio.tudienkala.com/audio/e/v/evident.mp3
41,exceptional,/ɪkˈsepʃənəl/,adj,"xuất chúng, đặc biệt",At the age of five he showed exceptional talent as a musician.,Vào năm năm tuổi ông đã cho thấy tài năng đặc biệt như một nhạc sĩ.,https://audio.tudienkala.com/data/cache/images/300x225/e/x/exceptional1.jpg,https://audio.tudienkala.com/audio/e/x/exceptional.mp3
41,exclude,/ɪksˈkluːd/,v,loại trừ,We must not exclude any clean energy source including nuclear.,Chúng ta phải không loại trừ bất kỳ nguồn năng lượng sạch nào bao gồm cả hạt nhân.,https://audio.tudienkala.com/data/cache/images/300x225/e/x/exclude1.jpg,https://audio.tudienkala.com/audio/e/x/exclude.mp3
42,exercise,/ˈeksəsaɪz/,v,"sử dụng (quyền, khả năng, ...)",When she appeared in court she exercised her right to remain silent.,"Khi cô xuất hiện tại tòa án, cô thực hiện quyền của mình để giữ im lặng.",https://audio.tudienkala.com/data/images_example/300x225/w/h/when_she_a_ex2_58786e8a7f8b9a990b8b456e.jpg,https://audio.tudienkala.com/audio/e/x/exercise-v1.mp3
42,experience,/ɪkˈspɪriəns/,n,kinh nghiệm,Do you have any experience in teaching children?,Bạn có kinh nghiệm dạy trẻ con không?,https://audio.tudienkala.com/data/cache/images/300x225/e/x/experience1.jpg,https://audio.tudienkala.com/audio/e/x/experience.mp3
42,expertise,/ˌekspɜːˈtiːz/,n,"kiến thức, kĩ năng chuyên môn",This is a demanding position where you will make significant use of your scientific expertise.,Đây là một vị trí đòi hỏi nơi bạn sử dụng đáng kể kĩ năng chuyên môn khoa học của bạn.,https://audio.tudienkala.com/data/cache/images/300x225/e/x/expertise1.jpg,https://audio.tudienkala.com/audio/e/x/expertise.mp3
42,exploit,/ɪkˈsplɔɪt/,v,"khai thác, bóc lột",We need to make sure that we exploit our resources as fully as possible.,Chúng ta cần phải chắc chắn rằng chúng ta khai thác các nguồn tài nguyên đầy đủ nhất có thể.,https://audio.tudienkala.com/data/cache/images/300x225/e/x/exploit1.png,https://audio.tudienkala.com/audio/e/x/exploit.mp3
42,exploration,/ekspləˈreɪʃən/,n,"sự thăm dò, sự thám hiểm",The aim is to pay more attention to the human factor of space exploration.,Mục đích là chú ý hơn đến yếu tố con người thám hiểm không gian.,https://audio.tudienkala.com/data/cache/images/300x225/e/x/exploration1.jpg,https://audio.tudienkala.com/audio/e/x/exploration.mp3
42,exposure,/ɪkˈspəʊʒə/,n,"việc được đề cập, bàn luận nhiều (trên tivi, báo chí...)",Her new movie has had a lot of exposure in the media.,Bộ phim mới của cô đã được bàn luận nhiều trên các phương tiện truyền thông.,https://audio.tudienkala.com/data/images_example/300x225/h/e/her_new_mo_ex2_58786eca7f8b9a90078b4572.jpg,https://audio.tudienkala.com/audio/e/x/exposure-n1.mp3
42,express,/iks'pres/,adj,"nhanh, hỏa tốc, tốc hành.","It's important that this document be there tomorrow, so please send it express mail.","Việc tài liệu này phải có ở chổ ngày mai vì nó rất quan trọng, do đó nên hãy gửi thư chuyển phát nhanh.",https://audio.tudienkala.com/data/cache/images/300x225/e/x/express1.png,https://audio.tudienkala.com/audio/e/x/express.mp3
42,extended family,/ɪkˈstendɪd ˈfæməli/,n,"gia đình mở rộng; một nhóm gia đình có mối quan hệ thân thiết, không chỉ bao gồm bố mẹ và con cái mà có cả cô (dì), chú (bác), ông bà",She grew up surrounded by a large extended family.,Cô ấy lớn lên bao quanh bởi một đại gia đình lớn.,https://audio.tudienkala.com/data/cache/images/300x225/e/x/extended_family1.jpg,https://audio.tudienkala.com/audio/e/x/extended_family.mp3
42,extraordinary,/ɪkˈstrɔːdənəri/,adj,"lạ thường, khác thường",It's extraordinary that he managed to sleep through the party.,Thật là lạ thường khi anh ta vẫn tiếp tục ngủ trong suốt bữa tiệc.,https://audio.tudienkala.com/data/cache/images/300x225/e/x/extraordinary1.jpg,https://audio.tudienkala.com/audio/e/x/extraordinary.mp3
42,factor,/'fæktə/,n,"nhân tố, yếu tố",The result will depend on a number of different factors.,Kết quả sẽ phụ thuộc vào một số lượng những nhân tố khác nhau.,https://audio.tudienkala.com/data/cache/images/300x225/f/a/factor1.png,https://audio.tudienkala.com/audio/f/a/factor.mp3
42,faculty,/ˈfækəlti/,n,năng lực,"It is said that with fading age, the physical and mental faculties do not remain as strong.","Người ta nói rằng khi lớn tuổi dần, năng lực thể chất và trí óc không còn khỏe mạnh.",https://audio.tudienkala.com/data/cache/images/300x225/f/a/faculty-n11.jpg,https://audio.tudienkala.com/audio/f/a/faculty-n1.mp3
42,fame,/feim/,n,"tiếng tăm, danh tiếng",She went to Hollywood in search of fame and fortune.,Cô ấy đã đến Hollywood để tìm kiếm danh vọng và vận may,https://audio.tudienkala.com/data/cache/images/300x225/f/a/fame1.jpg,https://audio.tudienkala.com/audio/f/a/fame.mp3
42,fantastic,/fænˈtæstɪk/,adj,tuyệt diệu,The football player scored a fantastic goal.,Cầu thủ bóng đá đã ghi được một bàn thắng tuyệt diệu.,https://audio.tudienkala.com/data/cache/images/300x225/f/a/fantastic1.jpg,https://audio.tudienkala.com/audio/f/a/fantastic.mp3
42,fatal,/ˈfeɪtəl/,adj,"gây tử vong, gây chết người",The result of a fatal accident inquiry into her death is due later this year.,Kết quả cuộc điều tra tai nạn chết người của cô ấy hoàn tất vào cuối năm nay.,https://audio.tudienkala.com/data/cache/images/300x225/f/a/fatal1.jpg,https://audio.tudienkala.com/audio/f/a/fatal.mp3
42,flexible,/ˈfleksəbl/,adj,"linh động, linh hoạt",You need to be more flexible and imaginative in your approach.,Bạn cần phải linh hoạt hơn và giàu trí tưởng tượng trong cách tiếp cận của mình.,https://audio.tudienkala.com/data/cache/images/300x225/f/l/flexible1.jpg,https://audio.tudienkala.com/audio/f/l/flexible.mp3
42,flora,/ˈflɔːrə/,n,hệ thực vật,We were surprised at the various flora in this area.,Chúng tôi rất ngạc nhiên với hệ thực vật đa dạng của vùng này.,https://audio.tudienkala.com/data/cache/images/300x225/f/l/flora1.jpg,https://audio.tudienkala.com/audio/f/l/flora.mp3
42,fond,/fɒnd/,adj,"yêu mến, thích","My sister-in-law and I didn't get along well at first, but now we have grown quite fond of one another.","Chị dâu của tôi và tôi đã không hòa hợp lúc đầu, nhưng bây giờ chúng tôi đã yêu mến nhau hơn.",https://audio.tudienkala.com/data/cache/images/300x225/f/o/fond1.jpg,https://audio.tudienkala.com/audio/f/o/fond.mp3
42,formerly,/ˈfɔːməli/,adv,trước đây,"This country, formerly two kingdoms, is one of the richest countries in Africa.","Đất nước này, trước đây là hai vương quốc, là một trong những nước giàu nhất ở châu Phi.",https://audio.tudienkala.com/data/cache/images/300x225/f/o/formerly1.jpg,https://audio.tudienkala.com/audio/f/o/formerly.mp3
42,fossil fuel,/ˈfɑːsəl fjʊəl/,n,nhiên liệu hóa thạch,"Fossil fuels include fuels such as gas, coal and oil formed underground millions of years ago from plant and animal remains .","Nhiên liệu hóa thạch bao gồm các nhiên liệu như gas, than đá, và dầu được hình thành dưới lòng đất từ xác chết của động thực vật hàng triệu năm trước đây.",https://audio.tudienkala.com/data/cache/images/300x225/f/o/fossil_fuel1.jpg,https://audio.tudienkala.com/audio/f/o/fossil_fuel.mp3
42,foundation,/faʊnˈdeɪʃən/,n,"nền tảng, cơ sở",I will build a solid foundation for my career.,Tôi sẽ xây dựng một nền tảng vững chắc cho sự nghiệp của tôi.,https://audio.tudienkala.com/data/cache/images/300x225/f/o/foundation-n11.png,https://audio.tudienkala.com/audio/f/o/foundation-n1.mp3
42,fraud,/frɔːd/,n,"sự gian lận, sự lừa gạt",I don't want to be charged with credit card fraud.,Tôi không muốn bị buộc tội gian lận thẻ tín dụng.,https://audio.tudienkala.com/data/images_example/300x225/i/_/i_dont_wan_ex2_58772a377f8b9a99308b45da.jpg,https://audio.tudienkala.com/audio/f/r/fraud.mp3
42,fulfill,/ful'fil/,v,"thực hiện, thi hành; hoàn thành, làm tròn",I fulfilled my promise to treat him to dinner.,Tôi đã thực hiện lời hứa của mình là đãi cậu ấy bữa tối.,https://audio.tudienkala.com/data/images_example/300x225/i/_/i_fulfille_ex1_580de4697f8b9a84688b45a1.jpg,https://audio.tudienkala.com/audio/f/u/fulfill.mp3
42,functional,/ˈfʌŋkʃənəl/,adj,"thiết thực, thực dụng",Bathrooms don't have to be purely functional.,Phòng tắm không nhất thiết phải hoàn toàn thực dụng.,https://audio.tudienkala.com/data/cache/images/300x225/f/u/functional1.jpg,https://audio.tudienkala.com/audio/f/u/functional.mp3
42,fundamental,"/,fʌndə'mentl/",adj,"cơ bản, chủ yếu",I need to go to the fundamental food store to buy vegan foods.,Tôi cần đến cửa hàng thực phẩm cơ bản để mua thực phẩm chay.,https://audio.tudienkala.com/data/cache/images/300x225/f/u/fundamental1.jpg,https://audio.tudienkala.com/audio/f/u/fundamental.mp3
42,further,/ˈfɜːðər/,v,"thúc đẩy, giúp cho",They hoped the new venture would further the cause of cultural cooperation in Europe.,Họ hy vọng các liên doanh mới sẽ tiếp tục thúc đẩy sự hợp tác văn hóa ở châu Âu.,https://audio.tudienkala.com/data/images_example/300x225/t/h/they_hoped_ex2_5878734d7f8b9a9a0b8b4570.jpg,https://audio.tudienkala.com/audio/f/u/further-v.mp3
42,gain,/ɡeɪn/,v,"đạt được, giành được",The price of what we have gained by that process is eternal vigilance.,Cái giá của những gì chúng tôi đã đạt được từ quá trình đó là sự cảnh giác vĩnh cửu.,https://audio.tudienkala.com/data/cache/images/300x225/g/a/gain-v1.jpg,https://audio.tudienkala.com/audio/g/a/gain-v.mp3
42,gap,/ɡæp/,n,"khoảng cách, khoảng trống",the gap between rich and poor,khoảng cách giữa giàu và nghèo,https://audio.tudienkala.com/data/cache/images/300x225/g/a/gap2.gif,https://audio.tudienkala.com/audio/g/a/gap.mp3
42,generate,/'dʤenəreit/,v,"làm ra, tạo ra, phát ra",The new training program generated a lot of interest among employees.,Chương trình huấn luyện mới đã tạo ra nhiều lợi ích cho mỗi nhân viên.,https://audio.tudienkala.com/data/cache/images/300x225/g/e/generate1.png,https://audio.tudienkala.com/audio/g/e/generate.mp3
42,genuine,/´dʒenjuin/,adj,"chân thực, xác thực",a very genuine person,một người rất chân thật,https://audio.tudienkala.com/data/cache/images/300x225/g/e/genuine1.jpg,https://audio.tudienkala.com/audio/g/e/genuine.mp3
42,gesture,/ˈdʒestʃər/,n,"điệu bộ, cử chỉ",The angry fans made rude gestures at the striker.,Các fan hâm mộ giận dữ làm những cử chỉ thô lỗ đối với các tiền đạo.,https://audio.tudienkala.com/data/images_example/300x225/t/h/the_angry__ex2_58772a2a7f8b9a99308b4593.jpg,https://audio.tudienkala.com/audio/g/e/gesture.mp3
42,grant,/ɡrɑːnt/,n,"khoản tiền tài trợ; trợ cấp, học bổng",These discretionary grants are offered to help businesses carry out research or development work that will lead to technologically innovative products or processes.,Các khoản tài trợ tùy ý được cung cấp để giúp các doanh nghiệp thực hiện các nghiên cứu hoặc phát triển công việc để tạo ra sản phẩm công nghệ sáng tạo hoặc các quy trình làm việc.,https://audio.tudienkala.com/data/cache/images/300x225/g/r/grant-n1.jpg,https://audio.tudienkala.com/audio/g/r/grant-n.mp3
42,grasp,/ɡrɑːsp/,n,"sự hiểu biết (về một môn học, vấn đề khó khăn nào đó,...)",He has a good grasp of German grammar.,Ông ấy hiểu biết sáu sắc về ngữ pháp Đức.,https://audio.tudienkala.com/data/cache/images/300x225/g/r/grasp1.png,https://audio.tudienkala.com/audio/g/r/grasp.mp3
42,gravity,/ˈɡrævəti/,n,tính nghiêm trọng,I don't think you realise the gravity of the situation.,Tôi không nghĩ rằng bạn nhận ra mức độ nghiêm trọng của tình hình.,https://audio.tudienkala.com/data/cache/images/300x225/g/r/gravity1.jpg,https://audio.tudienkala.com/audio/g/r/gravity.mp3
42,greenhouse effect,/ˈɡriːnhaʊs ɪˈfekt/,n,"hiệu ứng nhà kính (sự gia tăng nhiệt độ của khí quyển trái đất, gây ra bởi sự gia tăng của khí CO2 trong không khí bao quanh trái đất, và khí CO2 hấp thụ nhiệt)",The destruction of forests is contributing to the greenhouse effect.,Việc phá rừng đang góp phần vào hiệu ứng nhà kính.,https://audio.tudienkala.com/data/cache/images/300x225/g/r/greenhouse_effect1.png,https://audio.tudienkala.com/audio/g/r/greenhouse_effect.mp3
42,guideline,/ˈɡaɪdlaɪn/,n,"hướng dẫn, nguyên tắc chỉ đạo",The doctor has drawn up guidelines on the treatment of the mentally ill.,Các bác sĩ đã đưa ra các hướng dẫn về điều trị bệnh tâm thần.,https://audio.tudienkala.com/data/cache/images/300x225/g/u/guideline1.jpg,https://audio.tudienkala.com/audio/g/u/guideline.mp3
42,habitat,/ˈhæbɪtæt/,n,môi trường sống,Can we have natural resources without destroying wildlife habitat?,Chúng ta có thể có nguồn tài nguyên thiên nhiên mà không phá hủy môi trường sống của động vật hoang dã hay không?,https://audio.tudienkala.com/data/cache/images/300x225/h/a/habitat1.jpg,https://audio.tudienkala.com/audio/h/a/habitat.mp3
42,harsh,/hɑːʃ/,adj,"cay nghiệt, cay độc",The punishment was harsh and unfair.,Các hình phạt là khắc nghiệt và bất công.,https://audio.tudienkala.com/data/cache/images/300x225/h/a/harsh1.jpg,https://audio.tudienkala.com/audio/h/a/harsh.mp3
42,hazard,/ˈhæzəd/,n,"mối nguy, rủi ro",The doctor delivered a speech on the hazards of smoking.,Các bác sĩ đã phát biểu về các mối nguy hiểm của việc hút thuốc.,https://audio.tudienkala.com/data/cache/images/300x225/h/a/hazard1.jpg,https://audio.tudienkala.com/audio/h/a/hazard.mp3
42,height,/hait/,n,"chiều cao, đỉnh cao",The height of this room is 3 meters.,Chiều cao của căn phòng này là 3 mét.,https://audio.tudienkala.com/data/cache/images/300x225/h/e/height1.png,https://audio.tudienkala.com/audio/h/e/height.mp3
42,horizon,/həˈraɪzən/,n,"tầm nhận thức, phạm vi hiểu biết",She wanted to travel to broaden her horizons.,Cô muốn đi du lịch để mở rộng tầm nhìn của mình.,https://audio.tudienkala.com/data/cache/images/300x225/h/o/horizon1.jpg,https://audio.tudienkala.com/audio/h/o/horizon.mp3
42,illusion,/ɪˈluːʒən/,n,ảo tưởng,He's under the illusion that(= believes wrongly that) he is a giant.,Anh ấy ảo tưởng rằng anh ấy là một người khổng lồ.,https://audio.tudienkala.com/data/images_example/300x225/h/e/hes_under__ex2_58772ad37f8b9aab308b4595.png,https://audio.tudienkala.com/audio/i/l/illusion.mp3
42,illustrate,/ˈɪləstreɪt/,v,minh họa,The lecturer illustrated his point with a diagram on the blackboard.,Giảng viên đó đã minh họa quan điểm của mình bằng một biểu đồ trên bảng đen.,https://audio.tudienkala.com/data/images_example/300x225/t/h/the_lectur_ex1_582c2b0f7f8b9ac7938b461b.jpg,https://audio.tudienkala.com/audio/i/l/illustrate.mp3
42,impact,/ˈɪmpakt/,n,"sự tác động mạnh, ảnh hưởng mạnh",The story of the presidential scandal had a huge impact on the public.,Bài báo về vụ bê bối của tổng thống đã có tác động to lớn đến công chúng.,https://audio.tudienkala.com/data/cache/images/300x225/i/m/impact1.png,https://audio.tudienkala.com/audio/i/m/impact.mp3
42,imply,/im'plai/,v,"ngụ ý, hàm ý, ẩn ý, ý nói",The guarantees on the Walkman imply that all damages were covered under warranty for one year.,Giấy bảo đảm theo máy nghe nhạc Walkman đã ngụ ý rằng mọi hư hỏng đều được bao gồm trong thời hạn bảo hành là 1 năm.,https://audio.tudienkala.com/data/cache/images/300x225/i/m/imply2.jpg,https://audio.tudienkala.com/audio/i/m/imply.mp3
42,increase,/ɪnˈkriːs/,v,tăng,The number of injuries from automobile accidents increases every year.,Số lượng thương vong từ các vụ tai nạn ô tô tăng lên hàng năm.,https://audio.tudienkala.com/data/cache/images/300x225/i/n/increase1.png,https://audio.tudienkala.com/audio/i/n/increase.mp3
42,indicate,/ˈɪndɪkeɪt/,v,"chỉ ra, cho biết điều gì",This indicates that the Euro is undervalued.,Điều này chỉ ra rằng đồng Euro bị định giá thấp.,https://audio.tudienkala.com/data/cache/images/300x225/i/n/indicate1.jpg,https://audio.tudienkala.com/audio/i/n/indicate.mp3
42,individual,"/,indi'vidjuəl/",adj,"cá nhân, riêng biệt",We had the delivery man mark the contents of each individual order.,Chúng tôi đã được người giao hàng đánh dấu nội dung cho mỗi đơn hàng riêng biệt.,https://audio.tudienkala.com/data/cache/images/300x225/i/n/individual1.png,https://audio.tudienkala.com/audio/i/n/individual.mp3
42,inequality,/ˌɪnɪˈkwɒləti/,n,"sự không bình đẳng, sự không đồng đều",The free market program implemented by successive governments has widened social inequality to an unprecedented degree.,Chương trình thị trường tự do được thực hiện bởi chính phủ kế nhiệm đã mở rộng sự bất bình đẳng xã hội ở một mức độ chưa từng thấy.,https://audio.tudienkala.com/data/cache/images/300x225/i/n/inequality2.png,https://audio.tudienkala.com/audio/i/n/inequality.mp3
42,inevitable,/in´evitəbl/,adj,"không thể tránh được, chắc chắn xảy ra",It was an inevitable consequence of the decision.,Đó là một hệ quả không thể tránh khỏi của quyết định,https://audio.tudienkala.com/data/cache/images/300x225/i/n/inevitable1.png,https://audio.tudienkala.com/audio/i/n/inevitable.mp3
42,infant,/ˈɪnfənt/,n,"trẻ con, nhi đồng",Ever since he was an infant he has loved the sound of music.,"Kể từ khi anh ta còn nhỏ, anh ta đã yêu thích âm nhạc.",https://audio.tudienkala.com/data/cache/images/300x225/i/n/infant1.png,https://audio.tudienkala.com/audio/i/n/infant.mp3
43,inflation,/ɪnˈfleɪʃən/,n,lạm phát,The rate of inflation this year is ten percent.,Tỷ lệ lạm phát năm nay là mười phần trăm.,https://audio.tudienkala.com/data/cache/images/300x225/i/n/inflation1.png,https://audio.tudienkala.com/audio/i/n/inflation.mp3
43,influence,/ˈɪnfluəns/,v,"ảnh hưởng, tác động",Research shows that most young smokers are influenced by their friends,Nghiên cứu cho thấy rằng hầu hết những người hút thuốc trẻ bị ảnh hưởng bởi bạn bè của họ,https://audio.tudienkala.com/data/cache/images/300x225/i/n/influence1.jpg,https://audio.tudienkala.com/audio/i/n/influence.mp3
43,influential,/ˌɪnfluˈenʃl/,adj,có ảnh hưởng,She wanted to work for a bigger and more influential newspaper.,Cô ấy muốn làm việc cho một tờ báo to hơn và có ảnh hưởng hơn.,https://audio.tudienkala.com/data/cache/images/300x225/i/n/influential1.jpg,https://audio.tudienkala.com/audio/i/n/influential.mp3
43,inform,/ɪnˈfɔːrm/,v,báo tin cho; cho biết; cung cấp tin tức,We regret to inform you that your account has been suspended.,Chúng tôi rất tiếc phải thông báo rằng tài khoản của bạn đã bị treo.,https://audio.tudienkala.com/data/cache/images/300x225/i/n/inform1.jpg,https://audio.tudienkala.com/audio/i/n/inform.mp3
43,ingredient,/in'gri:djənt/,n,"thành phần, nguyên liệu","We want to make a special cake. To do that, we need to buy all the ingredients.","Chúng tôi muốn làm một chiếc bánh đặc biệt. Để làm được điều đó, chúng tôi cần mua đầy đủ các nguyên liệu.",https://audio.tudienkala.com/data/cache/images/300x225/i/n/ingredient1.png,https://audio.tudienkala.com/audio/i/n/ingredient.mp3
43,inhabitant,/ɪnˈhæbɪtənt/,n,dân cư,Hanoi is the capital city of Vietnam with more than 6 million inhabitants.,Hà Nội là thủ đô của nước Việt Nam với hơn 6 triệu dân cư.,https://audio.tudienkala.com/data/cache/images/300x225/i/n/inhabitant1.jpg,https://audio.tudienkala.com/audio/i/n/inhabitant.mp3
43,inherent,/ɪnˈherənt/,adj,"vốn có, cố hữu",the difficulties inherent in a study of this type,những khó khăn vốn có trong nghiên cứu về loại hình này,https://audio.tudienkala.com/data/images_example/300x225/t/h/the_diffic_ex1_58772a397f8b9a99308b45e4.jpg,https://audio.tudienkala.com/audio/i/n/inherent.mp3
43,innocent,/ˈɪnəsənt/,adj,vô tội,"Someone told your secret, but it wasn't me. I'm innocent.","Có người nói bí mật của bạn, nhưng đó không phải là tôi. Tôi vô tội.",https://audio.tudienkala.com/data/cache/images/300x225/i/n/innocent2.jpg,https://audio.tudienkala.com/audio/i/n/innocent.mp3
43,innovation,/ɪnəˈveɪʃn/,n,sự đổi mới,Great innovations have been made by those famous composers.,Những cải tiến lớn đã được thực hiện bởi các nhà soạn nhạc nổi tiếng đó.,https://audio.tudienkala.com/data/cache/images/300x225/i/n/innovation1.jpg,https://audio.tudienkala.com/audio/i/n/innovation.mp3
43,insect,/ˈɪnsekt/,n,côn trùng,Some insects have compound eyes.,Một số côn trùng có mắt kép.,https://audio.tudienkala.com/data/cache/images/300x225/i/n/insect2.jpg,https://audio.tudienkala.com/audio/i/n/insect.mp3
43,insight,/ˈɪnsaɪt/,n,"sự thấu hiểu, sự hiểu biết sâu sắc",The book gives us fascinating insights into life in Mexico.,Cuốn sách cung cấp cho chúng ta những hiểu biết thú vị về cuộc sống ở Mexico.,https://audio.tudienkala.com/data/images_example/300x225/t/h/the_book_g_ex1_587729e47f8b9a8e308b45eb.jpg,https://audio.tudienkala.com/audio/i/n/insight.mp3
43,inspiration,"/,inspə'reiʃn/",n,cảm hứng,Nature is a source of inspiration for inventors.,Thiên nhiên là nguồn cảm hứng cho các nhà phát minh.,https://audio.tudienkala.com/data/cache/images/300x225/i/n/inspiration2.jpg,https://audio.tudienkala.com/audio/i/n/inspiration.mp3
43,instant,/ˈɪnstənt/,adj,"ngay tức khắc, lập tức",Fitzgerald insists instant success will not happen overnight.,Fitzgerald khẳng định thành công tức thì sẽ không xảy ra nhanh.,https://audio.tudienkala.com/data/cache/images/300x225/i/n/instant1.jpg,https://audio.tudienkala.com/audio/i/n/instant.mp3
43,instinct,/in'stiɳkt/,n,"bản năng, năng khiếu","The child's ability to play the cello was so natural, it seemed an instinct.","Khả năng chơi đàn cello của cậu bé này quả là trời cho, nó dường như là 1 bản năng.",https://audio.tudienkala.com/data/cache/images/300x225/i/n/instinct1.png,https://audio.tudienkala.com/audio/i/n/instinct.mp3
43,intake,/ˈɪnteɪk/,n,lượng hấp thu,Reduce your salt intake to lower blood pressure.,Giảm lượng muối ăn của bạn để làm giảm huyết áp.,https://audio.tudienkala.com/data/images_example/300x225/r/e/reduce_you_ex2_58772a2b7f8b9a99308b4598.jpg,https://audio.tudienkala.com/audio/i/n/intake.mp3
43,integral,/'intigrəl/,adj,"cần thiết, không thể thiếu",The battery is an integral part of a watch and without it you would not know the time.,Pin là một phần không thể thiếu của đồng hồ và nếu không có nó bạn sẽ không biết được thời gian.,https://audio.tudienkala.com/data/images_example/300x225/t/h/the_batter_ex1_56248d157f8b9a040dc65f3c.jpg,https://audio.tudienkala.com/audio/i/n/integral.mp3
43,interpret,/ɪnˈtɜːprɪt/,v,"giải thích, làm sáng tỏ",I interpreted his behavior to mean that he disliked me.,Tôi giải thích hành vi của anh ta để hiểu là anh ấy không thích tôi.,https://audio.tudienkala.com/data/cache/images/300x225/i/n/interpret1.jpg,https://audio.tudienkala.com/audio/i/n/interpret.mp3
43,invest,/in'vest/,v,đầu tư,Don't invest all of your time in just one project.,Đừng đầu tư tất cả thời gian của bạn vào chỉ một dự án.,https://audio.tudienkala.com/data/cache/images/300x225/i/n/invest1.jpg,https://audio.tudienkala.com/audio/i/n/invest.mp3
43,investigate,/in'vestigeit/,v,"điều tra, nghiên cứu",Reporters need to thoroughly investigate the facts before publishing their stories.,Các phóng viên cần phải điều tra kỹ lưỡng về sự kiện trước khi công bố bài báo về chúng.,https://audio.tudienkala.com/data/cache/images/300x225/i/n/investigate2.jpg,https://audio.tudienkala.com/audio/i/n/investigate.mp3
43,issue,/ˈɪʃuː/,n,vấn đề,"This is a big issue, we need more time to think about it.","Đây là một vấn đề lớn, chúng ta cần có thời gian để suy nghĩ về nó.",https://audio.tudienkala.com/data/cache/images/300x225/i/s/issue1.jpg,https://audio.tudienkala.com/audio/i/s/issue.mp3
43,junk food,/dʒʌŋk fuːd/,n,"đồ ăn nhanh, quà vặt",It’s said that junk food is not good for our health.,Đồ ăn nhanh được cho là không tốt cho sức khỏe của chúng ta.,https://audio.tudienkala.com/data/cache/images/300x225/j/u/junk_food1.jpg,https://audio.tudienkala.com/audio/j/u/junk_food.mp3
43,lasting,/ˈlɑːstɪŋ/,adj,"lâu dài, bền vững",Her words left a lasting impression on me.,Những lời của cô ấy đã để lại một ấn tượng lâu dài đối với tôi.,https://audio.tudienkala.com/data/cache/images/300x225/l/a/lasting1.jpg,https://audio.tudienkala.com/audio/l/a/lasting.mp3
43,latest,/ˈleɪtɪst/,n,"thứ, tin tức gần đây nhất hoặc mới nhất",This is the latest in robot technology,Đây là vụ mới nhất trong công nghệ robot,https://audio.tudienkala.com/data/cache/images/300x225/l/a/latest1.jpg,https://audio.tudienkala.com/audio/l/a/latest.mp3
43,liable,/ˈlaɪəbl/,adj,"dễ bị (chấn thương, bệnh,...)",You are more liable to injury if you exercise infrequently.,Bạn dễ bị chấn thương hơn nếu bạn tập thể dục không thường xuyên.,https://audio.tudienkala.com/data/cache/images/300x225/l/i/liable2.png,https://audio.tudienkala.com/audio/l/i/liable.mp3
43,local,/ˈləʊkl/,adj,mang tính địa phương,PTV is a channel of Phu Tho province. So it is local.,PTV là một kênh truyền hình của tỉnh Phú Thọ. Vì vậy nó mang tính địa phương.,https://audio.tudienkala.com/data/images_example/300x225/p/t/ptv_is_a_c_ex1_56248cf47f8b9af80c0120a1.jpg,https://audio.tudienkala.com/audio/l/o/local.mp3
43,long-term,/'lɔɳtə:m/,adj,"dài hạn, dài ngày, lâu dài",The CEO's long-term goal was to increase the return on investment.,Mục tiêu dài hạn của giám đốc điều hành (CEO) là gia tăng tiền lãi thu về từ việc đầu tư.,https://audio.tudienkala.com/data/cache/images/300x225/l/o/long-term1.png,https://audio.tudienkala.com/audio/l/o/long-term.mp3
43,loss,"/lɔs , lɒs/",n,sự mất mát,He suffered a hearing loss.,Anh ấy bị mất thính giác.,https://audio.tudienkala.com/data/images_example/300x225/h/e/he_suffere_ex1_5812f5de7f8b9a24318b45c4.jpg,https://audio.tudienkala.com/audio/l/o/loss.mp3
43,loyalty,/'lɔiəlti/,n,lòng trung thành,They swore their loyalty to the king.,Họ đã thề trung thành với nhà vua.,https://audio.tudienkala.com/data/cache/images/300x225/l/o/loyalty1.jpg,https://audio.tudienkala.com/audio/l/o/loyalty.mp3
43,mainstream,/ˈmeɪnstriːm/,n,"xu thế chủ đạo, chính quy",His radical views place him outside the mainstream of American politics.,Quan điểm cấp tiến của anh đặt anh ta bên ngoài xu thế chính thống của nền chính trị Mỹ.,https://audio.tudienkala.com/data/images_example/300x225/h/i/his_radica_ex1_587729e87f8b9a8e308b45fd.jpg,https://audio.tudienkala.com/audio/m/a/mainstream.mp3
43,maintain,/men'tein/,v,duy trì,Combining physical activity with a healthy diet is the best way to maintain a healthy body weight.,Kết hợp hoạt động thể chất với chế độ ăn uống lành mạnh là cách tốt nhất để duy trì trọng lượng cơ thể khỏe mạnh.,https://audio.tudienkala.com/data/cache/images/300x225/m/a/maintain2.jpg,https://audio.tudienkala.com/audio/m/a/maintain.mp3
43,manual,/ˈmænjuəl/,n,"sách hướng dẫn sử dụng, sổ tay",I need a manual to know how to use this software.,Tớ cần một quyển sách hướng dẫn để biết cách sử dụng phần mềm này.,https://audio.tudienkala.com/data/cache/images/300x225/m/a/manual1.png,https://audio.tudienkala.com/audio/m/a/manual.mp3
43,marked,/mɑːkt/,adj,"rõ rệt, dễ nhận thấy",a marked difference/improvement,một sự khác biệt rõ rệt / sự cải tiến rõ rệt,https://audio.tudienkala.com/data/cache/images/300x225/m/a/marked1.jpg,https://audio.tudienkala.com/audio/m/a/marked.mp3
43,market,/'mɑ:kit/,n,"thị trường, chợ, nơi mua bán sản phẩm...",My mother goes to the market every morning.,Mẹ tôi đi vào chợ mỗi buổi sáng.,https://audio.tudienkala.com/data/cache/images/300x225/m/a/market1.png,https://audio.tudienkala.com/audio/m/a/market.mp3
43,mature,/məˈtjʊər/,adj,"trưởng thành, chín chắn",She is mature enough to make her own decision.,Cô ta đủ chín chắn để tự đưa ra quyết định.,https://audio.tudienkala.com/data/images_example/300x225/s/h/she_is_mat_ex1_56248d057f8b9afe0c09d206.jpg,https://audio.tudienkala.com/audio/m/a/mature.mp3
43,measure,/ˈmeʒər/,v,đo,Can you measure accurately with this ruler?,Cậu có thể đo chính xác với cái thước này không?,https://audio.tudienkala.com/data/cache/images/300x225/m/e/measure1.png,https://audio.tudienkala.com/audio/m/e/measure.mp3
43,memory,/ˈmeməri/,n,trí nhớ,She has a bad memory for names.,Cô ấy nhớ tên người khác rất kém.,https://audio.tudienkala.com/data/cache/images/300x225/m/e/memory1.png,https://audio.tudienkala.com/audio/m/e/memory.mp3
43,miserable,/ˈmɪzərəbl/,adj,"khổ sở; không vui, không thoải mái","We were cold, wet and thoroughly miserable.","Chúng tôi lạnh, ẩm ướt và vô cùng khổ sở.",https://audio.tudienkala.com/data/cache/images/300x225/m/i/miserable1.jpg,https://audio.tudienkala.com/audio/m/i/miserable.mp3
43,misleading,/mɪsˈliːdɪŋ/,adj,"gây hiểu nhầm, sai lầm",misleading information/advertisements,thông tin sai lệch / quảng cáo sai lệch,https://audio.tudienkala.com/data/cache/images/300x225/m/i/misleading1.jpg,https://audio.tudienkala.com/audio/m/i/misleading.mp3
43,moderate,/ˈmɒdərət/,adj,"khiêm tốn, vừa phải, trung bình",The car is of moderate size - just right for a small family.,Chiếc ô tô này có kích cỡ khiêm tốn nên chỉ hợp với một gia đình nhỏ.,https://audio.tudienkala.com/data/cache/images/300x225/m/o/moderate1.jpg,https://audio.tudienkala.com/audio/m/o/moderate.mp3
43,monitor,/'mɔnitə/,v,"quan sát, theo dõi",The patient had weekly appointments so that the doctor could monitor their progress.,Người bệnh có các cuộc hẹn hàng tuần để cho bác sĩ có thể theo dõi tiến triển của họ.,https://audio.tudienkala.com/data/images_example/300x225/t/h/the_patien_ex1_56248d177f8b9a040dc662d0.jpg,https://audio.tudienkala.com/audio/m/o/monitor.mp3
43,mortgage,/ˈmɔːɡɪdʒ/,n,nợ thế chấp; văn bản thế chấp; tiền thế chấp,We still owe the bank a mortgage on our house.,Chúng tôi vẫn còn nợ ngân hàng thế chấp ngôi nhà của chúng tôi.,https://audio.tudienkala.com/data/cache/images/300x225/m/o/mortgage-11.png,https://audio.tudienkala.com/audio/m/o/mortgage-1.mp3
43,nuclear family,/ˈnjuːkliə(r) ˈfæməli/,n,"gia đình hiểu theo nghĩa thuần túy là chỉ có cha mẹ và các con, gia đình hạt nhân",Not everybody nowadays lives in the conventional nuclear family.,Không phải ai ngày nay sống trong các gia đình hạt nhân thông thường.,https://audio.tudienkala.com/data/cache/images/300x225/n/u/nuclear_family1.jpg,https://audio.tudienkala.com/audio/n/u/nuclear_family.mp3
43,obstacle,/ˈɒbstəkl/,n,"trở ngại, khó khăn",A lack of qualifications can be a major obstacle to finding a job.,Sự thiếu trình độ có thể là trở ngại lớn cho việc tìm kiếm một công việc.,https://audio.tudienkala.com/data/cache/images/300x225/o/b/obstacle1.jpg,https://audio.tudienkala.com/audio/o/b/obstacle.mp3
43,occupation,/ˌɒkjəˈpeɪʃən/,n,nghề nghiệp,"Please state your name, age and occupation below.","Xin ghi rõ tên, tuổi, nghề nghiệp dưới đây.",https://audio.tudienkala.com/data/cache/images/300x225/o/c/occupation1.jpg,https://audio.tudienkala.com/audio/o/c/occupation.mp3
43,offensive,/əˈfensɪv/,adj,"xúc phạm, công kích",He made some offensive remarks.,Anh đã đưa ra vài nhận xét xúc phạm.,https://audio.tudienkala.com/data/cache/images/300x225/o/f/offensive1.jpg,https://audio.tudienkala.com/audio/o/f/offensive.mp3
43,old-fashioned,/əʊldˈfaʃ(ə)nd/,adj,lỗi thời,This method is old-fashioned and needed to be updated.,Phương pháp này là lỗi thời và cần phải được cập nhật.,https://audio.tudienkala.com/data/images_example/300x225/t/h/this_metho_ex1_580d69167f8b9ac96d8b459a.jpg,https://audio.tudienkala.com/audio/o/l/old-fashioned.mp3
43,optimistic,/ˌɒptɪˈmɪstɪk/,adj,lạc quan,He is optimistic about his life.,Anh ấy lạc quan về cuộc sống của anh ấy.,https://audio.tudienkala.com/data/cache/images/300x225/o/p/optimistic1.png,https://audio.tudienkala.com/audio/o/p/optimistic.mp3
43,outbreak,/ˈaʊtbreɪk/,n,"sự bùng nổ, sự bùng phát",the outbreak of war,sự bùng nổ của chiến tranh,https://audio.tudienkala.com/data/images_example/300x225/t/h/the_outbre_ex1_587729eb7f8b9a8e308b4611.jpg,https://audio.tudienkala.com/audio/o/u/outbreak.mp3
43,outlook,/ˈaʊtlʊk/,n,"quan điểm, cách nhìn nhận",His outlook on this issue is quite subjective. He ignores his employees' needs.,Quan điểm về vấn đề này khá chủ quan. Anh ta phớt lờ những nhu cầu của của công nhân.,https://audio.tudienkala.com/data/cache/images/300x225/o/u/outlook1.jpg,https://audio.tudienkala.com/audio/o/u/outlook.mp3
43,outstanding,/aut'stændiɳ/,adj,"còn tồn tại, chưa giải quyết xong, chưa trả nợ",She has outstanding debts of over £500.,Cô ấy còn khoản nợ hơn 500 triệu bảng Anh.,https://audio.tudienkala.com/data/cache/images/300x225/o/u/outstanding1.jpg,https://audio.tudienkala.com/audio/o/u/outstanding.mp3
44,overcome,/ˌəʊvəˈkʌm/,v,vượt qua,He overcame all obstacles in his path to success.,Anh ấy đã vượt qua tất cả các trở ngại trên con đường dẫn tới thành công.,https://audio.tudienkala.com/data/cache/images/300x225/o/v/overcome1.jpg,https://audio.tudienkala.com/audio/o/v/overcome.mp3
44,overwhelming,/ˌəʊvəˈwelmɪŋ/,adj,rất lớn và mạnh; áp đảo,The evidence against him was overwhelming.,Bằng chứng chống lại anh ấy vô cùng áp đảo.,https://audio.tudienkala.com/data/cache/images/300x225/o/v/overwhelming1.jpg,https://audio.tudienkala.com/audio/o/v/overwhelming.mp3
44,participate,/pɑːˈtɪsɪpeɪt/,v,tham gia,She never participates in any of our discussions.,Cô ấy không bao giờ tham gia vào bất cứ buổi thảo luận nào của chúng tôi.,https://audio.tudienkala.com/data/cache/images/300x225/p/a/participate1.jpeg,https://audio.tudienkala.com/audio/p/a/participate.mp3
44,patent,/ˈpeɪt/,n,bằng sáng chế,Albert Einstein was granted about 50 patents.,Albert Einstein đã được cấp khoảng 50 bằng sáng chế.,https://audio.tudienkala.com/data/cache/images/300x225/p/a/patent1.jpg,https://audio.tudienkala.com/audio/p/a/patent.mp3
44,peaceful,/ˈpiːsfəl/,adj,"yên bình, thanh bình",Iceland is considered as the most peaceful country in the world.,Iceland được xem là quốc gia yên bình nhất trên thế giới.,https://audio.tudienkala.com/data/cache/images/300x225/p/e/peaceful1.png,https://audio.tudienkala.com/audio/p/e/peaceful.mp3
44,peer,/pɪə/,n,"người cùng tuổi, địa vị, hoặc thứ bậc","Unlike their western peers, Vietnamese women get married at a very early age.","Không giống như các đồng nghiệp phương Tây, phụ nữ Việt Nam kết hôn ở độ tuổi rất sớm.",https://audio.tudienkala.com/data/cache/images/300x225/p/e/peer1.png,https://audio.tudienkala.com/audio/p/e/peer.mp3
44,persistent,/pəˈsɪstənt/,adj,"kiên trì, dai dẳng",persistent rain,cơn mưa dai dẳng,https://audio.tudienkala.com/data/images_example/300x225/p/e/persistent_ex1_58772a3e7f8b9a99308b45fc.jpg,https://audio.tudienkala.com/audio/p/e/persistent.mp3
44,perspective,/pə'spektiv/,n,"góc nhìn, khía cạnh",Parents and children usually see things from different perspectives.,"Cha mẹ và con cái thường quan sát sự vật, sự việc từ góc nhìn khác nhau.",https://audio.tudienkala.com/data/images_example/300x225/p/a/parents_an_ex1_580de47b7f8b9a84688b45c0.jpg,https://audio.tudienkala.com/audio/p/e/perspective.mp3
44,phase,/feɪz/,n,giai đoạn,during the first/next/last phase,trong giai đoạn đầu tiên / tiếp theo/ cuối cùng,https://audio.tudienkala.com/data/cache/images/300x225/p/h/phase1.jpg,https://audio.tudienkala.com/audio/p/h/phase.mp3
44,portion,/'pɔ:ʃn/,n,"chia phần, số phận",A portion of my benefits is my health care coverage.,Một phần phúc lợi của tôi là bảo hiểm chăm sóc sức khỏe.,https://audio.tudienkala.com/data/cache/images/300x225/p/o/portion1.jpg,https://audio.tudienkala.com/audio/p/o/portion.mp3
44,positive,/ˈpɒzətɪv/,adj,"tích cực, lạc quan","On the positive side, profits have increased.","Về mặt tích cực, lợi nhuận đã tăng.",https://audio.tudienkala.com/data/cache/images/300x225/p/o/positive1.jpg,https://audio.tudienkala.com/audio/p/o/positive.mp3
44,possess,/pəˈzes/,v,"có, sở hữu",He was charged with possessing a shotgun without a licence.,Ông bị buộc tội sở hữu một khẩu súng săn mà không có giấy phép.,https://audio.tudienkala.com/data/images_example/300x225/h/e/he_was_cha_ex1_587727927f8b9a01308b457b.jpg,https://audio.tudienkala.com/audio/p/o/possess.mp3
44,practical,/ˈpræktɪkəl/,adj,"thực tế, thực tiễn","From a practical point of view, you should not waste your time studying this degree.","Từ quan điểm thực tế, bạn không nên lãng phí thời gian của bạn học mức độ này.",https://audio.tudienkala.com/data/cache/images/300x225/p/r/practical1.jpg,https://audio.tudienkala.com/audio/p/r/practical.mp3
44,predict,/prɪˈdɪkt/,v,"dự báo, dự đoán trước",He predicts that the trend will continue.,Anh ta dự đoán rằng xu hướng này sẽ tiếp tục.,https://audio.tudienkala.com/data/cache/images/300x225/p/r/predict1.png,https://audio.tudienkala.com/audio/p/r/predict.mp3
44,prejudice,/ˈpredʒədɪs/,n,"định kiến, thành kiến",Governmental programs must be administered without prejudice.,Các chương trình của Chính phủ phải được quản lý mà không có thành kiến.,https://audio.tudienkala.com/data/cache/images/300x225/p/r/prejudice1.jpg,https://audio.tudienkala.com/audio/p/r/prejudice.mp3
44,present,/pri'zent/,v,"đưa ra, bày tỏ, giới thiệu",He presented the report to his colleagues at the meeting.,Anh ta đã trình bày bản báo cáo của mình với đồng nghiệp ở cuộc họp.,https://audio.tudienkala.com/data/images_example/300x225/h/e/he_present_ex1_56248cf47f8b9af80c011f8d.jpg,https://audio.tudienkala.com/audio/p/r/present.mp3
44,preserve,/prɪˈzɜːv/,v,"gìn giữ, bảo tồn",He was anxious to preserve his reputation.,Ông ta lo lắng giữ gìn danh tiếng của mình.,https://audio.tudienkala.com/data/cache/images/300x225/p/r/preserve1.jpg,https://audio.tudienkala.com/audio/p/r/preserve.mp3
44,pressing,/ˈpresɪŋ/,adj,cấp bách,I'm afraid I have some pressing business to attend to.,Tôi sợ rằng tôi có một số công việc cấp bách phải làm.,https://audio.tudienkala.com/data/cache/images/300x225/p/r/pressing1.jpg,https://audio.tudienkala.com/audio/p/r/pressing.mp3
44,prevention,/prɪˈvenʃən/,n,sự ngăn ngừa,crime prevention,phòng chống tội phạm,https://audio.tudienkala.com/data/images_example/300x225/c/r/crime_prev_ex2_58772ad67f8b9aab308b45a5.jpg,https://audio.tudienkala.com/audio/p/r/prevention.mp3
44,prey,/preɪ/,n,"bị hại, ảnh hưởng (bởi điều gì xấu)",He was easy prey for the two con men.,Ông dễ dàng bị hại bởi hai người đàn ông lừa gạt kia.,https://audio.tudienkala.com/data/images_example/300x225/h/e/he_was_eas_ex1_58772ad67f8b9aab308b45a7.jpg,https://audio.tudienkala.com/audio/p/r/prey.mp3
44,primary,/ˈpraɪməri/,adj,"hàng đầu, chính",Eating well is my primary concern now.,Ăn lành mạnh là mối quan tâm chính của tôi bây giờ.,https://audio.tudienkala.com/data/images_example/300x225/e/a/eating_wel_ex1_587727bd7f8b9a01308b4677.jpg,https://audio.tudienkala.com/audio/p/r/primary.mp3
44,principle,/ˈprɪntsɪpl/,n,nguyên tắc,"A principle is a basic truth, rule or theory that something is based on.","Nguyên tắc là một sự thật, một điều luật hoặc một lý thuyết cơ bản mà thứ gì đó dựa vào.",https://audio.tudienkala.com/data/images_example/300x225/a/_/a_principl_ex1_581ad8a57f8b9ac96d8b45db.jpg,https://audio.tudienkala.com/audio/p/r/principle.mp3
44,proceed,/prəʊ ˈsiːd/,v,"tiếp tục, tiếp diễn",Preparations for the festival are now proceeding smoothly.,Việc chuẩn bị cho lễ hội đang diễn ra tốt đẹp.,https://audio.tudienkala.com/data/cache/images/300x225/p/r/proceed1.jpg,https://audio.tudienkala.com/audio/p/r/proceed.mp3
44,productive,/prəˈdʌktɪv/,adj,"có năng suất, hiệu quả",The managers had a very productive meeting and were able to solve many of the problems.,Người trưởng phòng có một cuộc họp rất hiệu quả và đã có thể làm sáng tỏ nhiều vấn đề.,https://audio.tudienkala.com/data/cache/images/300x225/p/r/productive1.png,https://audio.tudienkala.com/audio/p/r/productive.mp3
44,profound,/prəˈfaʊnd/,adj,rất lớn; sâu sắc,profound changes in the earth's climate,sự thay đổi rất lớn trong khí hậu của trái đất,https://audio.tudienkala.com/data/images_example/300x225/p/r/profound_c_ex1_587729f17f8b9a8e308b4631.jpg,https://audio.tudienkala.com/audio/p/r/profound.mp3
44,prominent,/ˈprɒmɪnənt/,adj,"quan trọng, nổi tiếng",Music is a prominent part in my life.,Âm nhạc là một phần quan trọng trong cuộc sống của tôi.,https://audio.tudienkala.com/data/cache/images/300x225/p/r/prominent1.jpg,https://audio.tudienkala.com/audio/p/r/prominent.mp3
44,promote,/prəˈməʊt/,v,"khuyến khích, đẩy mạnh, làm tăng thêm",The youth club in my neighbourhood works to promote awareness of the dangers that threaten our environment.,Câu lạc bộ thanh niên ở vùng tôi hoạt động để tăng thêm nhận thức về những nguy hiểm đe dọa môi trường của chúng ta.,https://audio.tudienkala.com/data/images_example/300x225/t/h/the_youth__ex1_56248d157f8b9a040dc65ef4.jpg,https://audio.tudienkala.com/audio/p/r/promote.mp3
44,proportion,/prəˈpɔːʃ(ə)n/,n,"sự cân đối, phần",Children make up a large proportion of the world's population.,Trẻ em chiếm phần một phần lớn trong dân số thế giới.,https://audio.tudienkala.com/data/cache/images/300x225/p/r/proportion1.jpg,https://audio.tudienkala.com/audio/p/r/proportion.mp3
44,quantity,/ˈkwɒntəti/,n,"lượng, số lượng",We value quality more than quantity.,Chúng tôi đánh giá chất lượng nhiều hơn hơn số lượng.,https://audio.tudienkala.com/data/cache/images/300x225/q/u/quantity1.jpg,https://audio.tudienkala.com/audio/q/u/quantity.mp3
44,radiation,/ˌreɪdiˈeɪʃən/,n,"sự bức xạ, phóng xạ",ultraviolet radiation,tia cực tím,https://audio.tudienkala.com/data/cache/images/300x225/r/a/radiation1.jpg,https://audio.tudienkala.com/audio/r/a/radiation.mp3
44,radical,/ˈrædɪkəl/,adj,"liên quan đến những phần cơ bản và quan trọng nhất; hoàn toàn, triệt để",the need for radical changes in education,sự cần thiết các thay đổi căn bản trong giáo dục,https://audio.tudienkala.com/data/images_example/300x225/t/h/the_need_f_ex1_587729f27f8b9a8e308b4633.jpg,https://audio.tudienkala.com/audio/r/a/radical.mp3
44,rate,/reɪt/,n,"mức giá, tỉ lệ",The sign in the lobby lists the seasonal rates.,Biển hiệu ở trong hành lang liệt kê các mức giá theo từng mùa.,https://audio.tudienkala.com/data/cache/images/300x225/r/a/rate1.jpg,https://audio.tudienkala.com/audio/r/a/rate.mp3
44,realistic,/riə'listik/,adj,"hiện thực, thực tế",Stefano found that an accurate accounting gave him a realistic idea of his business's financial direction.,Stefano thấy rằng công việc kế toán chính xác đã cho anh một ý niệm thực tế về việc quản trị tài chính trong công việc của mình.,https://audio.tudienkala.com/data/images_example/300x225/t/h/the_realis_ex2_56248d157f8b9a040dc66024.jpg,https://audio.tudienkala.com/audio/r/e/realistic.mp3
44,recommend,/ˌrekəˈmend/,v,"giới thiệu, tiến cử",He recommended reading the book before seeing the movie.,Ông đề nghị đọc cuốn sách trước khi xem phim.,https://audio.tudienkala.com/data/cache/images/300x225/r/e/recommend1.jpg,https://audio.tudienkala.com/audio/r/e/recommend.mp3
44,recover,/rɪˈkʌvər/,v,hồi phục,She had a heart attack but is recovering well.,Cô đã có một cơn đau tim nhưng đang hồi phục tốt.,https://audio.tudienkala.com/data/cache/images/300x225/r/e/recover2.png,https://audio.tudienkala.com/audio/r/e/recover.mp3
44,redundant,/rɪˈdʌndənt/,adj,"không có việc, bị sa thải",Many people were made redundant this year.,Nhiều người đã bị sa thải trong năm nay.,https://audio.tudienkala.com/data/cache/images/300x225/r/e/redundant1.jpg,https://audio.tudienkala.com/audio/r/e/redundant.mp3
44,reflect,/ri'flekt/,v,"phản chiếu, phản hồi","In fact, they provide a great new opportunity for us to publish works that reflect the reality around us.","Thực tế, họ cung cấp một cơ hội tuyệt vời mới cho chúng tôi xuất bản tác phẩm phản ánh thực tại xung quanh chúng ta.",https://audio.tudienkala.com/data/cache/images/300x225/r/e/reflect1.jpg,https://audio.tudienkala.com/audio/r/e/reflect.mp3
44,regret,/ri'gret/,n,sự hối tiếc,He expressed his regret at the decision.,Anh ấy bày tỏ sự hối tiếc của mình với quyết định.,https://audio.tudienkala.com/data/cache/images/300x225/r/e/regret1.jpg,https://audio.tudienkala.com/audio/r/e/regret.mp3
44,regulation,/ˌregjʊˈleɪʃən/,n,"quy tắc, nội quy",Our company is going to have some new regulations.,Công ty chúng ta sẽ có một số quy định mới.,https://audio.tudienkala.com/data/cache/images/300x225/r/e/regulation1.png,https://audio.tudienkala.com/audio/r/e/regulation.mp3
44,relevant,/ˈreləvənt/,adj,có liên quan,a relevant suggestion,một gợi ý liên quan,https://audio.tudienkala.com/data/cache/images/300x225/r/e/relevant1.jpg,https://audio.tudienkala.com/audio/r/e/relevant.mp3
44,remedy,/ˈremədi/,n,cách khắc phục,There is no simple remedy for unemployment.,Không có biện pháp khắc phục đơn giản cho tình trạng thất nghiệp.,https://audio.tudienkala.com/data/cache/images/300x225/r/e/remedy1.jpg,https://audio.tudienkala.com/audio/r/e/remedy.mp3
44,reminder,/rɪˈmaɪndər/,n,vật nhắc nhở,Mum sent me off with a final reminder to be back before 11pm.,Mẹ tiễn tôi với lời nhắc nhở cuối cùng phải về nhà trước 11 giờ đêm.,https://audio.tudienkala.com/data/cache/images/300x225/r/e/reminder1.png,https://audio.tudienkala.com/audio/r/e/reminder.mp3
44,resolve,/ri'zɔlv/,v,giải quyết,The manager resolved to clean out all the files at the end of the week.,"Cuối tuần, người quản lý đã giải quyết bằng cách xóa sạch tất cả các dữ liệu.",https://audio.tudienkala.com/data/cache/images/300x225/r/e/resolve1.png,https://audio.tudienkala.com/audio/r/e/resolve.mp3
44,resort,/rɪˈzɔːt/,n,khu nghỉ dưỡng,They are going to build a resort here.,Họ chuẩn bị xây dựng một khu nghỉ mát ở đây.,https://audio.tudienkala.com/data/cache/images/300x225/r/e/resort1.jpg,https://audio.tudienkala.com/audio/r/e/resort.mp3
44,retail,/ˈri:teɪl/,n,bán lẻ,The job is open to applicants with over two years' experience in retail.,Công việc trống dành cho các ứng viên với kinh nghiệm hơn hai năm trong ngành bán lẻ.,https://audio.tudienkala.com/data/cache/images/300x225/r/e/retail1.png,https://audio.tudienkala.com/audio/r/e/retail.mp3
44,review,/rɪˈvjuː/,n,"bài đánh giá, lời đánh giá",The film received generally positive reviews.,Bộ phim nhìn chung đã nhận được nhiều lời đánh giá tích cực.,https://audio.tudienkala.com/data/cache/images/300x225/r/e/review1.jpeg,https://audio.tudienkala.com/audio/r/e/review.mp3
44,right,/raɪt/,n,bên phải,My bag is on your right.,Túi của tôi là ở bên phải của bạn.,https://audio.tudienkala.com/data/cache/images/300x225/r/i/right1.jpg,https://audio.tudienkala.com/audio/r/i/right.mp3
44,ruin,/ˈruːɪn/,v,"hủy hoại, phá hỏng",Poor customer service ruined the company's reputation.,Dịch vụ khách hàng tệ hủy hoại danh tiếng của công ty.,https://audio.tudienkala.com/data/images_example/300x225/p/o/poor_custo_ex1_587727a77f8b9a01308b4603.jpg,https://audio.tudienkala.com/audio/r/u/ruin.mp3
44,satellite,/ˈsætəlaɪt/,n,vệ tinh,a weather/communications satellite,vệ tinh thời tiết / vệ tinh thông tin liên lạc,https://audio.tudienkala.com/data/cache/images/300x225/s/a/satellite1.png,https://audio.tudienkala.com/audio/s/a/satellite.mp3
44,satisfy,/ˈsætɪsfaɪ/,v,"đáp ứng, thỏa mãn (được yêu cầu, điều kiện...)",The movie's ending failed to satisfy audiences.,Kết thúc của bộ phim không đáp ứng mong đợi của khán giả.,https://audio.tudienkala.com/data/cache/images/300x225/s/a/satisfy2.jpg,https://audio.tudienkala.com/audio/s/a/satisfy.mp3
45,scent,/sent/,n,mùi thơm,I love the scents of these flowers.,Tôi yêu thích mùi thơm của những bông hoa này.,https://audio.tudienkala.com/data/cache/images/300x225/s/c/scent1.jpg,https://audio.tudienkala.com/audio/s/c/scent.mp3
45,seek,/siːk/,v,tìm kiếm,We are seeking for the missing man in the entire county.,Chúng ta đang tìm người đàn ông mất tích trên toàn quốc.,https://audio.tudienkala.com/data/cache/images/300x225/s/e/seek1.jpg,https://audio.tudienkala.com/audio/s/e/seek.mp3
45,shift,/ʃɪft/,v,chuyển dịch,He shifted a little in his chair.,Anh ấy dịch chuyển một chút trên ghế của mình.,https://audio.tudienkala.com/data/images_example/300x225/h/e/he_shifted_ex1_56248cf47f8b9af80c012079.jpg,https://audio.tudienkala.com/audio/s/h/shift.mp3
45,short-term,/ˌʃɔːtˈtɜːm/,adj,ngắn hạn,This is just a short-term goal to the problem.,Đây chỉ là một mục tiêu ngắn hạn cho vấn đề.,https://audio.tudienkala.com/data/images_example/300x225/t/h/this_is_ju_ex2_58772a407f8b9a99308b4608.jpg,https://audio.tudienkala.com/audio/s/h/short-term.mp3
45,shoulder,/ˈʃəʊldə(r)/,n,vai,He carried the child on his shoulders.,Anh ấy mang đứa trẻ trên vai.,https://audio.tudienkala.com/data/images_example/300x225/h/e/he_carried_ex1_56248cef7f8b9af60c14312f.png,https://audio.tudienkala.com/audio/s/h/shoulder.mp3
45,single,/ˈsɪŋɡl/,n,đĩa đơn,My favourite singer releases his new single next Tuesday.,Ca sĩ yêu thích của tôi sẽ phát hành đĩa đơn mới vào thứ Ba tuần tới.,https://audio.tudienkala.com/data/cache/images/300x225/s/i/single2.jpg,https://audio.tudienkala.com/audio/s/i/single.mp3
45,smooth,/smu:ð/,adj,"hòa nhã, lễ độ",Her smooth manner won her the appreciation of the manager but not her colleagues.,"Thái độ hòa nhã của cô ta đã thu được sự đánh giá cao của giám đốc, nhưng không (thu phục) được đồng nghiệp.",https://audio.tudienkala.com/data/cache/images/300x225/s/m/smooth1.jpg,https://audio.tudienkala.com/audio/s/m/smooth.mp3
45,soap opera,/səʊp ˈɒprə/,n,"những tập phim nhiều kì về sự kiện và vấn đề thường ngày của các nhân vật, được phát mỗi ngày hay vài lần một tuần (trên radio, TV )",They like watching Korean soap operas.,Họ thích xem phim bộ dài tập của Hàn Quốc.,https://audio.tudienkala.com/data/images_example/300x225/t/h/they_like__ex2_58772ad77f8b9aab308b45a9.jpg,https://audio.tudienkala.com/audio/s/o/soap_opera.mp3
45,so-called,/ˌsəʊˈkɔːld/,adj,"cái, người được cho là",the opinion of a so-called ‘expert’,ý kiến của một người cho là 'chuyên gia',https://audio.tudienkala.com/data/images_example/300x225/t/h/the_opinio_ex1_587729f67f8b9a8e308b464d.jpg,https://audio.tudienkala.com/audio/s/o/so-called.mp3
45,solar,/ˈsəʊlər/,adj,(thuộc) mặt trời,solar radiation,bức xạ năng lượng mặt trời,https://audio.tudienkala.com/data/cache/images/300x225/s/o/solar1.jpg,https://audio.tudienkala.com/audio/s/o/solar.mp3
45,sophisticated,/səˈfɪstɪkeɪtɪd/,adj,"tinh vi, phức tạp",These are among the most sophisticated weapons in the world.,Đây là trong số những vũ khí tinh vi nhất trên thế giới.,https://audio.tudienkala.com/data/cache/images/300x225/s/o/sophisticated1.png,https://audio.tudienkala.com/audio/s/o/sophisticated.mp3
45,sound,/saʊnd/,v,"nghe có vẻ, nghe như","That plan sounds interesting, doesn't it?","Kế hoạch đó nghe có vẻ thú vị, phải không?",https://audio.tudienkala.com/data/cache/images/300x225/s/o/sound1.png,https://audio.tudienkala.com/audio/s/o/sound.mp3
45,space station,/speɪs ˈsteɪʃn/,n,trạm vũ trụ,the International Space Station (ISS),Trạm vũ trụ quốc tế (ISS),https://audio.tudienkala.com/data/cache/images/300x225/s/p/space_station1.jpg,https://audio.tudienkala.com/audio/s/p/space_station.mp3
45,speculation,/ˌspekjəˈleɪʃən/,n,sự suy đoán,There was widespread speculation that she was going to resign.,Có tin đồn rộng rãi rằng cô dự định từ chức.,https://audio.tudienkala.com/data/images_example/300x225/t/h/there_was__ex2_58772ad87f8b9aab308b45af.jpg,https://audio.tudienkala.com/audio/s/p/speculation.mp3
45,state,/steɪt/,v,"phát biểu, nói rõ, tuyên bố",It is stated that the standard of living has improved greatly.,Mức sống chuẩn được tuyên bố rằng đã cải thiện rất nhiều.,https://audio.tudienkala.com/data/cache/images/300x225/s/t/state2.jpg,https://audio.tudienkala.com/audio/s/t/state.mp3
45,steep,/stiːp/,adj,"nhanh (tăng, giảm)",Gas prices are expected to take steep climb next week.,Giá gas được dự kiến sẽ tăng nhanh vào tuần tới.,https://audio.tudienkala.com/data/images_example/300x225/g/a/gas_prices_ex1_587728ff7f8b9a5f308b46a8.jpg,https://audio.tudienkala.com/audio/s/t/steep.mp3
45,stick,/stɪk/,v,dính,I tried to stick the pieces together with some glue.,Tôi đã cố dùng keo để dán dính các mảnh lại với nhau.,https://audio.tudienkala.com/data/cache/images/300x225/s/t/stick2.jpg,https://audio.tudienkala.com/audio/s/t/stick.mp3
45,stimulus,/ˈstɪmjələsˈ/,n,"cái thúc đẩy, kích thích sự phát triển của ai, cái gì",Books provide children with ideas and a stimulus for play.,Sách cung cấp cho trẻ em những ý tưởng và sự thúc đẩy chơi.,https://audio.tudienkala.com/data/cache/images/300x225/s/t/stimulus1.gif,https://audio.tudienkala.com/audio/s/t/stimulus.mp3
45,strain,/streɪn/,n,"gánh nặng, áp lực",Did you find the job a strain?,Bạn có thấy công việc này áp lực không?,https://audio.tudienkala.com/data/cache/images/300x225/s/t/strain2.png,https://audio.tudienkala.com/audio/s/t/strain.mp3
45,strict,/strikt/,adj,nghiêm ngặt,She is a very strict teacher.,Bà ấy là một người cô nghiêm khắc.,https://audio.tudienkala.com/data/cache/images/300x225/s/t/strict1.png,https://audio.tudienkala.com/audio/s/t/strict.mp3
45,stroke,/strəʊk/,v,vuốt ve,He's a beautiful dog.Can I stroke him?,Nó là một con chó đẹp. Tôi có thể vuốt ve nó không?,https://audio.tudienkala.com/data/images_example/300x225/h/e/hes_a_beau_ex2_587727767f8b9af52f8b46aa.jpg,https://audio.tudienkala.com/audio/s/t/stroke.mp3
45,successive,/sək'sesiv/,adj,"kế tiếp, liên tiếp",This was their fourth successive win.,Đây là chiến thắng thứ tư liên tiếp của họ.,https://audio.tudienkala.com/data/images_example/300x225/t/h/this_was_t_ex1_56248d167f8b9a040dc661fc.jpg,https://audio.tudienkala.com/audio/s/u/successive.mp3
45,sufficient,/səˈfɪʃənt/,adj,"đủ, đủ dùng (cho một việc hay mục đích nào đó)",One sip should be sufficient.,Một ngụm chắc là đủ.,https://audio.tudienkala.com/data/images_example/300x225/o/n/one_sip_sh_ex1_5877279c7f8b9a01308b45b7.jpg,https://audio.tudienkala.com/audio/s/u/sufficient.mp3
45,survive,/səˈvaɪv/,v,sống sót,These plants cannot survive in very cold conditions.,Những cái cây này không thể sống sót trong điều kiện rất lạnh.,https://audio.tudienkala.com/data/images_example/300x225/t/h/these_plan_ex1_56248d0b7f8b9a000de3cfe5.jpg,https://audio.tudienkala.com/audio/s/u/survive.mp3
45,tackle,/ˈtækl/,v,"giải quyết, xử lí",Police promise new ways to tackle crime.,Cảnh sát hứa những cách thức mới để xử lí tội phạm.,https://audio.tudienkala.com/data/cache/images/300x225/t/a/tackle1.jpg,https://audio.tudienkala.com/audio/t/a/tackle.mp3
45,telecommunications,/ˌtelɪkəˌmjuːnɪˈkeɪʃənz/,n,viễn thông,technological developments in telecommunications,phát triển công nghệ viễn thông,https://audio.tudienkala.com/data/cache/images/300x225/t/e/telecommunications1.jpg,https://audio.tudienkala.com/audio/t/e/telecommunications.mp3
45,therapy,/ˈθerəpi/,n,"liệu pháp, trị liệu",We can apply herbal therapy to treat her disease.,Chúng ta có thể sử dụng liệu pháp thảo dược để trị bệnh của cô ấy.,https://audio.tudienkala.com/data/cache/images/300x225/t/h/therapy1.jpg,https://audio.tudienkala.com/audio/t/h/therapy.mp3
45,thesis,/ˈθiːsɪs/,n,khóa luận,Students must submit a thesis on an agreed subject within four years.,Sinh viên phải nộp một luận án về một chủ đề đã được thống nhất trong vòng bốn năm.,https://audio.tudienkala.com/data/images_example/300x225/s/t/students_m_ex2_58772ad97f8b9aab308b45b5.jpg,https://audio.tudienkala.com/audio/t/h/thesis.mp3
45,toxic,/ˈtɒksɪk/,adj,độc hại,This site is used to dispose of toxic waste.,Khu vực này được sử dụng để xử lý chất thải độc hại.,https://audio.tudienkala.com/data/cache/images/300x225/t/o/toxic1.jpg,https://audio.tudienkala.com/audio/t/o/toxic.mp3
45,transition,/trænˈzɪʃən/,n,"giai đoạn, quá trình chuyển tiếp, chuyển giao",the transition from school to full-time work,sự chuyển tiếp từ trường học đến công việc toàn thời gian,https://audio.tudienkala.com/data/cache/images/300x225/t/r/transition1.jpg,https://audio.tudienkala.com/audio/t/r/transition.mp3
45,tremendous,/trɪˈmendəs/,adj,rất lớn,There is tremendous need for innovation in these days.,Có nhu cầu to lớn cho sự đổi mới trong những ngày này.,https://audio.tudienkala.com/data/images_example/300x225/t/h/there_is_t_ex2_587729fd7f8b9a8e308b466f.png,https://audio.tudienkala.com/audio/t/r/tremendous.mp3
45,trial,/traɪəl/,n,"vụ, việc, sự xét xử",a murder trial,một vụ án giết người,https://audio.tudienkala.com/data/cache/images/300x225/t/r/trial1.jpg,https://audio.tudienkala.com/audio/t/r/trial.mp3
45,triumph,/ˈtraɪəmf/,n,"thành tựu, chiến thắng",one of the greatest triumphs of modern science,một trong những thành tựu lớn nhất của khoa học hiện đại,https://audio.tudienkala.com/data/cache/images/300x225/t/r/triumph1.jpg,https://audio.tudienkala.com/audio/t/r/triumph.mp3
45,tutor,/ˈtuːtər/,v,"dạy phụ đạo, phụ đạo",She tutored some secondary school students when she was studying at university.,Cô ấy dạy gia sư cho một số em học sinh cấp 2 khi cô ấy còn đang học đại học.,https://audio.tudienkala.com/data/cache/images/300x225/t/u/tutor1.png,https://audio.tudienkala.com/audio/t/u/tutor.mp3
45,typically,/ˈtɪpɪkli/,adv,"tiêu biểu, điển hình","Office expenses typically include such things as salaries, rent, and office supplies.","Các chi phí văn phòng bao gồm tiêu biểu những thứ như là: tiền lương, tiền thuê và đồ dùng dự trữ văn phòng.",https://audio.tudienkala.com/data/cache/images/300x225/t/y/typically1.png,https://audio.tudienkala.com/audio/t/y/typically.mp3
45,underlying,/ˌʌndəˈlaɪɪŋ/,adj,"cơ bản, quan trọng (nhưng không dễ dàng nhận thấy)",The underlying assumption is that the amount of money available is limited.,Giả định cơ bản là số tiền có sẵn bị hạn chế.,https://audio.tudienkala.com/data/cache/images/300x225/u/n/underlying1.jpg,https://audio.tudienkala.com/audio/u/n/underlying.mp3
45,universal,/ˌjuːnɪˈvɜːsəl/,adj,thuộc/ có tính toàn cầu,Illiteracy is a universal issue.,Nạn mù chữ là một vấn đề toàn cầu.,https://audio.tudienkala.com/data/cache/images/300x225/u/n/universal1.jpg,https://audio.tudienkala.com/audio/u/n/universal.mp3
45,urgent,/ˈɜːdʒənt/,adj,"cấp bách, khẩn cấp",Building schools and hospitals is most urgent.,Xây dựng trường học và bệnh viện là điều cấp bách nhất.,https://audio.tudienkala.com/data/cache/images/300x225/u/r/urgent1.jpg,https://audio.tudienkala.com/audio/u/r/urgent.mp3
45,useless,/ˈjuːsləs/,adj,"vô dụng, vô ích",This pen is useless.,Câ bút này vô dụng.,https://audio.tudienkala.com/data/images_example/300x225/t/h/this_pen_i_ex1_587727be7f8b9a01308b467d.jpg,https://audio.tudienkala.com/audio/u/s/useless.mp3
45,value,/'vælju:/,v,"đánh giá, định giá","The expert valued the text at $7,000.",Chuyên gia đã định giá nguyên bản/cuốn sách là 7 ngàn đô-la.,https://audio.tudienkala.com/data/cache/images/300x225/v/a/value1.jpg,https://audio.tudienkala.com/audio/v/a/value.mp3
45,variation,/ˌveəriˈeɪʃən/,n,"sự thay đổi, biến đổi (về lượng hoặc mức độ)",The dial records very slight variations in pressure.,Hồ sơ ghi nhận sự thay đổi rất ít về áp lực.,https://audio.tudienkala.com/data/cache/images/300x225/v/a/variation1.png,https://audio.tudienkala.com/audio/v/a/variation.mp3
45,venue,/ˈvenjuː/,n,nơi thi đấu,My Dinh stadium is one of five main venues in the Asian Indoor Games.,Sân vận động Mỹ Đình là một trong năm địa điểm thi đấu chính ở Đại hội thể dục thể thao châu Á trong nhà.,https://audio.tudienkala.com/data/cache/images/300x225/v/e/venue1.jpg,https://audio.tudienkala.com/audio/v/e/venue.mp3
45,vital,/ˈvaɪtəl/,adj,"thiết yếu, mang tính quyết định",The presence of oceans is vital for optimal climate stability and habitability.,Sự hiện diện của các đại dương là rất quan trọng cho sự ổn định khí hậu tối ưu và các loài sinh sống.,https://audio.tudienkala.com/data/images_example/300x225/t/h/the_presen_ex1_5877294a7f8b9a6c308b4669.jpg,https://audio.tudienkala.com/audio/v/i/vital.mp3
45,voluntary,/ˈvɑːlənteri/,adj,"tự nguyện, tình nguyện",I do some voluntary work at the local hospital.,Tôi làm một số công việc tình nguyện ở bệnh viện địa phương.,https://audio.tudienkala.com/data/cache/images/300x225/v/o/voluntary1.png,https://audio.tudienkala.com/audio/v/o/voluntary.mp3
45,vulnerable,/ˈvʌlnərəbl ̩/,adj,"dễ bị tổn thương, dễ bị tấn công","Tourists are more vulnerable to attack, because they do not know which areas of the city to avoid.","Khách du lịch dễ bị tấn công, bởi vì họ không biết khu vực nào trong thành phố để tránh.",https://audio.tudienkala.com/data/cache/images/300x225/v/u/vulnerable1.jpg,https://audio.tudienkala.com/audio/v/u/vulnerable.mp3
45,waste,/weɪst/,v,lãng phí,Don't waste your money on that game.,Đừng lãng phí tiền của bạn vào trò chơi đó.,https://audio.tudienkala.com/data/cache/images/300x225/w/a/waste2.png,https://audio.tudienkala.com/audio/w/a/waste.mp3
45,wealthy,/ˈwelθi/,adj,giàu có,My dream is to become wealthy.,Giấc mơ của tôi là trở nên giàu có.,https://audio.tudienkala.com/data/cache/images/300x225/w/e/wealthy1.jpg,https://audio.tudienkala.com/audio/w/e/wealthy.mp3
45,withdraw,/wɪðˈdrɔː/,v,rút lui,Shall we withdraw to the living room?,Chúng ta sẽ rút vào phòng khách không?,https://audio.tudienkala.com/data/cache/images/300x225/w/i/withdraw-v1.jpg,https://audio.tudienkala.com/audio/w/i/withdraw-v.mp3
45,workforce,/ˈwɜ:kfɔ:s/,n,lực lượng lao động,The majority of factories in the region have a workforce of 50 to 100 people.,Phần lớn các nhà máy trong khu vực có lực lượng lao động từ 50 đến 100 người.,https://audio.tudienkala.com/data/cache/images/300x225/w/o/workforce1.png,https://audio.tudienkala.com/audio/w/o/workforce.mp3
45,worthwhile,/ˌwɜːθˈwaɪl/,adj,"đáng giá, xứng đáng","It was in aid of a worthwhile cause(= a charity, etc.)","Đó là viện trợ cho một nguyên nhân xứng đáng (= một tổ chức từ thiện, vv).",https://audio.tudienkala.com/data/images_example/300x225/i/t/it_was_in__ex1_58772a437f8b9a99308b4614.jpg,https://audio.tudienkala.com/audio/w/o/worthwhile.mp3
46,abolish,/əˈbɒlɪʃ/,v,"bãi bỏ, xóa bỏ (luật, hệ thống, tổ chức)",This tax should be abolished.,Thuế này nên được bãi bỏ.,https://audio.tudienkala.com/data/cache/images/300x225/a/b/abolish1.jpg,https://audio.tudienkala.com/audio/a/b/abolish.mp3
46,absorb,/əbˈzɔːb/,v,"hút, hấp thu",Plants absorb carbon dioxide from the air.,Thực vật hấp thụ khí CO2 từ không khí.,https://audio.tudienkala.com/data/cache/images/300x225/a/b/absorb2.jpg,https://audio.tudienkala.com/audio/a/b/absorb.mp3
46,accomplished,/əˈkʌmplɪʃt/,adj,"có tài, cừ khôi",She's a very accomplished pianist.,Cô ấy là nghệ sĩ chơi piano rất có tài.,https://audio.tudienkala.com/data/cache/images/300x225/a/c/accomplished1.jpg,https://audio.tudienkala.com/audio/a/c/accomplished.mp3
46,adapt,/əˈdæpt/,v,thích nghi (với môi trường...),Most of these tools have been specially adapted for use by disabled people.,Hầu hết những công cụ này đã được điều chỉnh đặc biệt để thích hợp cho những người tàn tật.,https://audio.tudienkala.com/data/images_example/300x225/m/o/most_of_th_ex1_5877266b7f8b9acf2f8b45ba.jpg,https://audio.tudienkala.com/audio/a/d/adapt.mp3
46,adhere,/ədˈhɪə(r)/,v,tuân theo,For ten months he adhered to a strict no-fat low-salt diet.,"Trong mười tháng, ông đã tuân theo chế độ ăn ít muối không có chất béo nghiêm ngặt.",https://audio.tudienkala.com/data/images_example/300x225/f/o/for_ten_mo_ex2_58772ada7f8b9aab308b45bb.jpg,https://audio.tudienkala.com/audio/a/d/adhere.mp3
46,adjust,/əˈdʒʌst/,v,điều chỉnh,If the chair is too high you can adjust it to suit you.,"Nếu chiếc ghế quá cao, cậu có thể điều chỉnh để nó vừa với cậu.",https://audio.tudienkala.com/data/images_example/300x225/i/f/if_the_cha_ex1_56248cfc7f8b9afa0cb17fcc.jpg,https://audio.tudienkala.com/audio/a/d/adjust.mp3
46,adolescent,/ˌædəlˈesənt/,n,thanh niên,Adolescents nowadays have problems that are different from ours.,Thanh thiếu niên ngày nay có những vấn đề khác biệt so với chúng ta.,https://audio.tudienkala.com/data/cache/images/300x225/a/d/adolescent1.jpg,https://audio.tudienkala.com/audio/a/d/adolescent.mp3
46,advantageous,/ˌædvənˈteɪdʒəs/,adj,"có lợi, thuận lợi",A free trade agreement would be advantageous to both countries.,Một thỏa thuận tự do thương mại sẽ có lợi cho cả hai nước.,https://audio.tudienkala.com/data/images_example/300x225/a/_/a_free_tra_ex2_58772ada7f8b9aab308b45bd.jpg,https://audio.tudienkala.com/audio/a/d/advantageous.mp3
46,adventurous,/ədˈventʃərəs/,adj,"(thích) phiêu lưu, mạo hiểm","For the more adventurous tourists, there are trips into the mountains with a local guide.","Đối với khách du lịch thích mạo hiểm hơn, có những chuyến đi sâu vào núi với hướng dẫn địa phương.",https://audio.tudienkala.com/data/cache/images/300x225/a/d/adventurous1.jpg,https://audio.tudienkala.com/audio/a/d/adventurous.mp3
46,adversely,/ˈædvɜːsli/,adv,"xấu, tiêu cực",Her health was adversely affected by the climate.,Sức khỏe của cô ấy bị xấu đi bởi ảnh hưởng của khí hậu.,https://audio.tudienkala.com/data/cache/images/300x225/a/d/adversely1.jpg,https://audio.tudienkala.com/audio/a/d/adversely.mp3
46,affectionate,/əˈfekʃənət/,adj,"thương yêu, âu yếm, trìu mến",He is very affectionate towards his children.,Ông rất thương yêu những đứa con của mình.,https://audio.tudienkala.com/data/cache/images/300x225/a/f/affectionate1.jpg,https://audio.tudienkala.com/audio/a/f/affectionate.mp3
46,allergy,/ˈalədʒi/,n,sự dị ứng,She has a food allergy to shrimp.,Cô ấy bị dị ứng với món tôm.,https://audio.tudienkala.com/data/images_example/300x225/s/h/she_has_a__ex1_5822dbd07f8b9aa2078b4580.jpg,https://audio.tudienkala.com/audio/a/l/allergy_-ed.mp3
46,alleviate,/əˈliːvieɪt/,v,"giảm bớt, xoa dịu",A number of measures were taken to alleviate the problem.,Nhiều biện pháp đã được thực hiện để giảm bớt vấn đề.,https://audio.tudienkala.com/data/cache/images/300x225/a/l/alleviate1.jpg,https://audio.tudienkala.com/audio/a/l/alleviate.mp3
46,alternate,/ˈɒltəneɪt/,v,"luân phiên, đan xen",She alternated between cheerfulness and deep despair.,Cô ấy đan xen giữa vui vẻ và thất vọng trầm trọng.,https://audio.tudienkala.com/data/images_example/300x225/s/h/she_altern_ex1_56248d0c7f8b9a000de3d071.jpg,https://audio.tudienkala.com/audio/a/l/alternate.mp3
46,amenity,/əˈmiːnəti/,n,tiện nghi,The camp site is close to all local amenity.,Khu vực cắm trại gần tất cả các tiện nghi tại địa phương.,https://audio.tudienkala.com/data/cache/images/300x225/a/m/amenity1.jpg,https://audio.tudienkala.com/audio/a/m/amenity.mp3
46,analogy,/əˈnælədʒi/,n,"sự so sánh những đặc điểm tương tự; sự tương tự, sự giống nhau",He drew an analogy between the brain and a vast computer.,Anh ta đã đưa ra sự giống nhau giữa bộ não và một máy tính khổng lồ.,https://audio.tudienkala.com/data/cache/images/300x225/a/n/analogy1.jpg,https://audio.tudienkala.com/audio/a/n/analogy.mp3
46,appealing,/əˈpiːlɪŋ/,adj,"hấp dẫn, thú vị",Spending the holidays in Britain wasn't a prospect that I found particularly appealing.,Chi tiêu trong các ngày lễ ở Anh không phải là một viễn cảnh mà tôi thấy đặc biệt cuốn hút.,https://audio.tudienkala.com/data/cache/images/300x225/a/p/appealing1.jpg,https://audio.tudienkala.com/audio/a/p/appealing.mp3
46,appetite,/ˈæpɪtaɪt/,n,"sự ngon miệng, sự thèm ăn",He suffered from headaches and loss of appetite.,Ông gánh chịu những cơn đau đầu và cảm giác chán ăn.,https://audio.tudienkala.com/data/cache/images/300x225/a/p/appetite1.jpg,https://audio.tudienkala.com/audio/a/p/appetite.mp3
46,arid,/ˈærɪd/,adj,khô cằn,arid and semi-arid deserts,sa mạc khô cằn và bán khô hạn,https://audio.tudienkala.com/data/cache/images/300x225/a/r/arid1.png,https://audio.tudienkala.com/audio/a/r/arid.mp3
46,arithmetic,/əˈrɪθmətɪk/,n,số học,He's not very good at arithmetic.,Ông ấy không thật giỏi môn số học.,https://audio.tudienkala.com/data/cache/images/300x225/a/r/arithmetic1.jpg,https://audio.tudienkala.com/audio/a/r/arithmetic.mp3
46,bankrupt,/ˈbæŋkrʌpt/,adj,"vỡ nợ, phá sản",They went bankrupt in 2009.,Họ đã phá sản trong năm 2009.,https://audio.tudienkala.com/data/images_example/300x225/t/h/they_went__ex1_5877266f7f8b9acf2f8b45cc.jpg,https://audio.tudienkala.com/audio/b/a/bankrupt.mp3
46,bland,/bland/,adj,nhạt/ lạt,How do I make steamed white rice not so bland?,Làm cách nào tôi có thể làm cơm trắng hấp mà không bị quá nhạt?,https://audio.tudienkala.com/data/images_example/300x225/h/o/how_do_i_m_ex2_5847c1137f8b9ada0f8b462e.jpg,https://audio.tudienkala.com/audio/b/l/bland.mp3
46,breakthrough,/ˈbreɪkθruː/,n,bước đột phá; bước tiến quan trọng,to achieve a breakthrough,đạt được một bước đột phá,https://audio.tudienkala.com/data/cache/images/300x225/b/r/breakthrough1.jpg,https://audio.tudienkala.com/audio/b/r/breakthrough.mp3
46,breathtaking,/ˈbreθˌteɪkɪŋ/,adj,"hấp dẫn, ngoạn mục (đến nghẹt thở)",a breathtaking view of the mountains,một quang cảnh ngoạn mục của những ngọn núi,https://audio.tudienkala.com/data/cache/images/300x225/b/r/breathtaking1.jpg,https://audio.tudienkala.com/audio/b/r/breathtaking.mp3
46,brisk,/brɪsk/,adj,"nhanh nhẩu, hoạt bát",a brisk walk,đi bộ nhanh,https://audio.tudienkala.com/data/cache/images/300x225/b/r/brisk1.jpg,https://audio.tudienkala.com/audio/b/r/brisk.mp3
46,carbon dioxide,/ˌkɑːbəndaɪˈɒksaɪd/,n,"khí CO2, khí cacbon đi-o-xit","The primary greenhouse gases in the Earth's atmosphere are water vapor, carbon dioxide, methane, nitrous oxide, and ozone.","Các khí nhà kính chính trong bầu khí quyển của Trái đất là hơi nước, CO2, methane, nitrous oxide, và ozone.",https://audio.tudienkala.com/data/cache/images/300x225/c/a/carbon_dioxide1.jpg,https://audio.tudienkala.com/audio/c/a/carbon_dioxide.mp3
46,catastrophic,/ˌkætəˈstrɒfɪk/,adj,thê thảm,catastrophic effects/losses/results,tác động thảm khốc / lỗ thê thảm/ kết quả thê thảm,https://audio.tudienkala.com/data/cache/images/300x225/c/a/catastrophic1.jpg,https://audio.tudienkala.com/audio/c/a/catastrophic.mp3
46,celebrity,/sɪˈlɛbrɪti/,n,người nổi tiếng,TV celebrities,người nổi tiếng trên truyền hình,https://audio.tudienkala.com/data/cache/images/300x225/c/e/celebrity1.jpg,https://audio.tudienkala.com/audio/c/e/celebrity.mp3
46,chronological,/ˌkrɒnəˈlɒdʒɪkəl/,adj,theo thứ tự thời gian,The stories should be presented in chronological order.,Những câu chuyện phải được trình bày theo trình tự thời gian.,https://audio.tudienkala.com/data/images_example/300x225/t/h/the_storie_ex2_58772add7f8b9aab308b45cd.jpg,https://audio.tudienkala.com/audio/c/h/chronological.mp3
46,clarify,/ˈklærəfaɪ/,v,"làm cho sáng sủa, dễ hiểu",This matter must be clarified.,Vấn đề này phải được làm rõ.,https://audio.tudienkala.com/data/cache/images/300x225/c/l/clarify1.jpeg,https://audio.tudienkala.com/audio/c/l/clarify.mp3
46,classify,/ˈklæsɪfaɪ/,v,phân loại,The books in the library are classified by subject.,Sách trong thư viện được phân loại theo môn học.,https://audio.tudienkala.com/data/images_example/300x225/t/h/the_books__ex1_56248d0d7f8b9a000de3d189.jpg,https://audio.tudienkala.com/audio/c/l/classify.mp3
46,clumsy,/ˈklʌmzi/,adj,vụng về,"In this cartoon, Maruco is a clumsy and stupid girl.","Trong bộ phim hoạt hình này, Maruco là một cô bé vụng về và ngốc nghếch.",https://audio.tudienkala.com/data/cache/images/300x225/c/l/clumsy1.jpg,https://audio.tudienkala.com/audio/c/l/clumsy.mp3
46,coherent,/kəʊˈhɪərənt/,adj,"mạch lạc, chặt chẽ","When she calmed down, she was more coherent.","Khi cô ấy bình tĩnh, cô ấy đã trình bày rõ ràng mạch lạc hơn.",https://audio.tudienkala.com/data/cache/images/300x225/c/o/coherent1.jpg,https://audio.tudienkala.com/audio/c/o/coherent.mp3
46,compensate,/'kɔmpenseit/,v,"bù, đền bù, bồi thường","If you are injured in a traffic accident, you can be compensated for your losses.","Nếu bạn bị thương trong một tai nạn giao thông, bạn có thể được bồi thường mọi thiệt hại.",https://audio.tudienkala.com/data/cache/images/300x225/c/o/compensate1.png,https://audio.tudienkala.com/audio/c/o/compensate.mp3
46,complacency,/kəmˈpleɪ.sən.si/,n,"tính tự mãn, sự thoả mãn","Despite signs of an improvement in the economy, there is no room for complacency.","Mặc dù có những dấu hiệu cải thiện trong nền kinh tế, nhưng không có chỗ cho sự tự mãn.",https://audio.tudienkala.com/data/images_example/300x225/d/e/despite_si_ex1_58772a5c7f8b9a9d308b4577.jpg,https://audio.tudienkala.com/audio/c/o/complacency.mp3
46,complementary,/ˌkɒmplɪˈmentəri/,adj,"bổ sung, bổ trợ",The school's approach must be complementary to that of the parents.,Phương pháp của trường phải bổ sung cho phương pháp của bậc cha mẹ.,https://audio.tudienkala.com/data/cache/images/300x225/c/o/complementary1.jpg,https://audio.tudienkala.com/audio/c/o/complementary.mp3
46,comprehend,/ˌkɒmprɪˈhend/,v,"hiểu rõ, nhận thức thấu đáo","He stood staring at the dead body, unable to comprehend.","Anh đứng nhìn chằm chằm xác chết, không thể hiểu được.",https://audio.tudienkala.com/data/cache/images/300x225/c/o/comprehend1.png,https://audio.tudienkala.com/audio/c/o/comprehend.mp3
46,conceivable,/kənˈsiːvəbl/,adj,"có thể hiểu, hình dung được",It is conceivable that I'll see her tomorrow.,Có thể hiểu rằng tôi sẽ gặp cô ấy vào ngày mai.,https://audio.tudienkala.com/data/images_example/300x225/i/t/it_is_conc_ex2_58772ade7f8b9aab308b45d5.jpg,https://audio.tudienkala.com/audio/c/o/conceivable.mp3
46,condemn,/kənˈdem/,v,"lên án, chỉ trích",The government issued a statement condemning the killings.,Chính phủ đã ban hành một tuyên bố lên án các vụ giết người.,https://audio.tudienkala.com/data/cache/images/300x225/c/o/condemn1.jpg,https://audio.tudienkala.com/audio/c/o/condemn.mp3
46,confer,/kənˈfɜːr/,v,"hỏi ý kiến, hội ý",He wanted to confer with his colleagues before reaching a decision.,Ông muốn trao đổi với các đồng nghiệp của mình trước khi đi đến một quyết định.,https://audio.tudienkala.com/data/cache/images/300x225/c/o/confer1.jpg,https://audio.tudienkala.com/audio/c/o/confer.mp3
46,confidential,/ˌkɑːnfɪˈdenʃl/,adj,"giữ kín, bí mật",What we have talked about today is confidential.,Những gì chúng ta đã nói chuyện về ngày hôm nay là bí mật.,https://audio.tudienkala.com/data/cache/images/300x225/c/o/confidential1.png,https://audio.tudienkala.com/audio/c/o/confidential.mp3
46,confront,/kənˈfrʌnt/,v,"chạm trán, đương đầu với",the economic problems confronting the country,các vấn đề kinh tế đối mặt với đất nước,https://audio.tudienkala.com/data/cache/images/300x225/c/o/confront1.jpg,https://audio.tudienkala.com/audio/c/o/confront.mp3
46,consecutive,/kənˈsekjʊtɪv/,adj,liên tiếp,She was absent for five consecutive days.,Cô đã vắng mặt trong năm ngày liên tiếp.,https://audio.tudienkala.com/data/cache/images/300x225/c/o/consecutive1.jpg,https://audio.tudienkala.com/audio/c/o/consecutive.mp3
46,constructive,/kənˈstrʌktɪv/,adj,hữu ích,constructive suggestions/advice,góp ý hữu ích / lời khuyên hữu ích,https://audio.tudienkala.com/data/cache/images/300x225/c/o/constructive1.jpg,https://audio.tudienkala.com/audio/c/o/constructive.mp3
46,consume,/kən'sju:m/,v,"tiêu thụ, tiêu dùng",People consume a good deal of sugar in drinks.,Mọi người tiêu dùng một lượng đường lớn trong đồ uống.,https://audio.tudienkala.com/data/cache/images/300x225/c/o/consume1.png,https://audio.tudienkala.com/audio/c/o/consume.mp3
46,contrived,/kənˈtraɪvd/,adj,"có tính toán, dàn xếp trước, giả tạo",a contrived situation,một tình huống dàn xếp trước,https://audio.tudienkala.com/data/cache/images/300x225/c/o/contrived1.jpg,https://audio.tudienkala.com/audio/c/o/contrived.mp3
46,convey,/kənˈveɪ/,v,"chuyển tải, thể hiện (ý tưởng, cảm xúc đến ai)",Colours like red convey a sense of energy and strength.,Các màu như đỏ thể hiện cảm giác năng lượng và sức mạnh.,https://audio.tudienkala.com/data/cache/images/300x225/c/o/convey2.jpg,https://audio.tudienkala.com/audio/c/o/convey.mp3
46,convict,/kənˈvɪkt/,v,"kết án, tuyên bố có tội",a convicted murderer,một kẻ giết người bị kết án,https://audio.tudienkala.com/data/cache/images/300x225/c/o/convict1.jpg,https://audio.tudienkala.com/audio/c/o/convict.mp3
46,cosmic,/ˈkɒzmɪk/,adj,rộng lớn,This was disaster on a cosmic scale.,Đây là thảm họa trên diện rộng.,https://audio.tudienkala.com/data/cache/images/300x225/c/o/cosmic1.jpg,https://audio.tudienkala.com/audio/c/o/cosmic.mp3
46,cosy,/ˈkoʊzi/,adj,ấm cúng,I enjoy the cosy atmosphere in my family.,Tôi yêu thích không khí ấm cúng trong gia đình mình.,https://audio.tudienkala.com/data/cache/images/300x225/c/o/cosy1.png,https://audio.tudienkala.com/audio/c/o/cosy.mp3
47,cramped,/kræmp t/,adj,chật hẹp,"We have six desks in this room, so we're rather cramped.","Chúng ta có sáu cái bàn trong phòng này, vì thế khá chật hẹp.",https://audio.tudienkala.com/data/cache/images/300x225/c/r/cramped1.jpg,https://audio.tudienkala.com/audio/c/r/cramped.mp3
47,creativity,/ˌkriːeɪˈtɪvəti/,n,"óc sáng tạo, tính sáng tạo",I think creativity and originality are more important than technical skill.,Tôi nghĩ rằng sáng tạo và độc đáo quan trọng hơn kỹ năng kỹ thuật.,https://audio.tudienkala.com/data/cache/images/300x225/c/r/creativity1.jpg,https://audio.tudienkala.com/audio/c/r/creativity.mp3
47,credible,/ˈkredəbl/,adj,có thể tin được,They haven't produced any credible evidence for convicting him.,Họ đã không đưa ra được bất cứ bằng chứng đáng tin cậy nào cho việc kết tội anh ta.,https://audio.tudienkala.com/data/cache/images/300x225/c/r/credible1.jpg,https://audio.tudienkala.com/audio/c/r/credible.mp3
47,cumulative,/ˈkjuːmjələtɪv/,adj,tích lũy,Learning is a cumulative process.,Học tập là một quá trình tích luỹ.,https://audio.tudienkala.com/data/images_example/300x225/l/e/learning_i_ex1_58772a627f8b9a9d308b4597.png,https://audio.tudienkala.com/audio/c/u/cumulative.mp3
47,curb,/kɜːb/,n,"sự kềm chế, hạn chế",He needs to learn to curb his temper.,Ông ta cần phải học cách kiềm chế cơn giận.,https://audio.tudienkala.com/data/cache/images/300x225/c/u/curb2.jpg,https://audio.tudienkala.com/audio/c/u/curb.mp3
47,cutting edge,/ˈkʌtɪŋ edʒ/,n,"tiên tiến nhất, hiện đại nhất",working at the cutting edge of computer technology,làm việc ở giai đoạn công nghệ máy tính tiên tiến nhất,https://audio.tudienkala.com/data/images_example/300x225/w/o/working_at_ex2_58772ae17f8b9aab308b45e3.jpg,https://audio.tudienkala.com/audio/c/u/cutting_edge.mp3
47,debris,/ˈdebriː/,n,"mảnh vỡ, mảnh vụn",Emergency teams are still clearing the debris from the plane crash.,Đội giải cứu khẩn cấp vẫn còn đang dọn dẹp các mảnh vỡ từ vụ tai nạn máy bay.,https://audio.tudienkala.com/data/cache/images/300x225/d/e/debris1.jpg,https://audio.tudienkala.com/audio/d/e/debris.mp3
47,decorate,/ˈdekəreɪt/,v,trang trí,You should clean and decorate your house for Tet.,Bạn nên dọn sạch và trang trí nhà cửa để đón Tết.,https://audio.tudienkala.com/data/cache/images/300x225/d/e/decorate1.png,https://audio.tudienkala.com/audio/d/e/decorate.mp3
47,dedication,"/,dedi'keiʃn/",n,"‹sự› cống hiến, hiến dâng, tận tâm, tận tụy",The director's dedication to a high-quality product has motivated many of his employees.,Sự cống hiến của giám đốc cho một sản phẩm chất lượng cao đã thúc đẩy nhiều nhân viên.,https://audio.tudienkala.com/data/cache/images/300x225/d/e/dedication1.jpg,https://audio.tudienkala.com/audio/d/e/dedication.mp3
47,deficiency,/dɪˈfɪʃənsi/,n,"sự thiếu hụt, không có (điều gì thiết yếu)",Vitamin deficiency in the diet can cause illness.,Sự thiếu hụt vitamin trong chế độ ăn uống có thể gây bệnh.,https://audio.tudienkala.com/data/images_example/300x225/v/i/vitamin_de_ex2_58772ae17f8b9aab308b45e7.jpg,https://audio.tudienkala.com/audio/d/e/deficiency.mp3
47,demographics,/ˌdem.əˈɡræf.ɪks/,n,số liệu nhân khẩu học,the demographics of radio listeners,số liệu những người nghe đài radio,https://audio.tudienkala.com/data/cache/images/300x225/d/e/demographics1.jpg,https://audio.tudienkala.com/audio/d/e/demographics.mp3
47,deprive,/dɪˈpraɪv/,v,"lấy đi, tước đoạt","Rather than deprive yourself of snacks, you should make healthier choices about them.","Thay vì đánh mất chính mình vì đồ ăn nhẹ, bạn nên có những lựa chọn lành mạnh hơn về chúng.",https://audio.tudienkala.com/data/cache/images/300x225/d/e/deprive1.jpg,https://audio.tudienkala.com/audio/d/e/deprive.mp3
47,derelict,/ˈderəlɪkt/,adj,"bị bỏ hoang, vô chủ",derelict land/buildings,đất bị bỏ hoang / những tòa nhà bị bỏ hoang,https://audio.tudienkala.com/data/cache/images/300x225/d/e/derelict1.jpg,https://audio.tudienkala.com/audio/d/e/derelict.mp3
47,deter,/dɪˈtɜːr/,v,"ngăn cản, cản trở","I told him I wasn't interested, but he wasn't deterred.","Tôi trả lời rằng tôi không quan tâm, nhưng ông không nản chí.",https://audio.tudienkala.com/data/cache/images/300x225/d/e/deter1.jpg,https://audio.tudienkala.com/audio/d/e/deter.mp3
47,deterrent,/dɪˈterənt/,n,"cách ngăn cản, ngăn chặn",Hopefully his punishment will act as a deterrent to others.,Hy vọng rằng hình phạt của mình sẽ đóng vai trò răn đe cho những người khác.,https://audio.tudienkala.com/data/cache/images/300x225/d/e/deterrent1.jpg,https://audio.tudienkala.com/audio/d/e/deterrent.mp3
47,detrimental,/detrɪˈmentəl/,adj,có hại,the sun's detrimental effect on skin,ảnh hưởng gây hại của ánh nắng mặt trời trên da,https://audio.tudienkala.com/data/cache/images/300x225/d/e/detrimental1.jpg,https://audio.tudienkala.com/audio/d/e/detrimental.mp3
47,devastating,/ˈdevəsteɪtɪŋ/,adj,"tàn phá, phá huỷ",The injuries she suffered from were devastating.,Những chấn thương bà phải chịu đựng đang tàn phá.,https://audio.tudienkala.com/data/cache/images/300x225/d/e/devastating1.jpg,https://audio.tudienkala.com/audio/d/e/devastating.mp3
47,devise,/dɪˈvaɪz/,v,"nghĩ ra, sáng chế",A new system has been devised to control traffic in the city.,Một hệ thống mới đã được đưa ra để kiểm soát giao thông trong thành phố.,https://audio.tudienkala.com/data/cache/images/300x225/d/e/devise1.jpg,https://audio.tudienkala.com/audio/d/e/devise.mp3
47,devotion,/dɪˈvəʊʃn/,n,sự tận tâm,Her devotion to the job left her with very little free time.,Sự cống hiến của cô ấy với công việc khiến cô ấy còn ít thời gian rảnh.,https://audio.tudienkala.com/data/cache/images/300x225/d/e/devotion1.png,https://audio.tudienkala.com/audio/d/e/devotion.mp3
47,diabetes,/ˌdaɪəˈbiːtiːz/,n,(y học) bệnh đái đường,My mother has suffered from diabetes for more than a decade.,Mẹ tôi bị bệnh tiểu đường hơn một thập kỷ nay.,https://audio.tudienkala.com/data/images_example/300x225/m/y/my_mother__ex2_58772ae37f8b9aab308b45ef.jpg,https://audio.tudienkala.com/audio/d/i/diabetes.mp3
47,dialect,/ˈdaɪəlekt/,n,tiếng địa phương,the Yorkshire dialect,phương ngữ Yorkshire,https://audio.tudienkala.com/data/images_example/300x225/t/h/the_yorksh_ex2_58772ae37f8b9aab308b45f1.jpg,https://audio.tudienkala.com/audio/d/i/dialect.mp3
47,diminish,/dɪˈmɪnɪʃ/,v,"suy giảm, thu nhỏ",The world's resources are rapidly diminishing.,Các nguồn tài nguyên trên thế giới đang suy giảm nhanh chóng.,https://audio.tudienkala.com/data/cache/images/300x225/d/i/diminish1.jpg,https://audio.tudienkala.com/audio/d/i/diminish.mp3
47,disadvantaged,/dɪsədˈvɑːntɪdʒd/,adj,"thiệt thòi, có hoàn cảnh khó khăn",We visited disadvantaged children in this village.,Chúng tôi đã đi thăm các em nhỏ có hoàn cảnh khó khăn trong ngôi làng này.,https://audio.tudienkala.com/data/cache/images/300x225/d/i/disadvantaged1.jpg,https://audio.tudienkala.com/audio/d/i/disadvantaged.mp3
47,disastrous,/dɪˈzɑːstrəs/,adj,"tai hại, thảm khốc",a disastrous harvest,một vụ thu hoạch thảm khốc,https://audio.tudienkala.com/data/cache/images/300x225/d/i/disastrous1.jpg,https://audio.tudienkala.com/audio/d/i/disastrous.mp3
47,discrepancy,/dis'krepənsi/,n,"‹sự› khác nhau, trái ngược nhau",We easily explained the discrepancy between the two destiny.,Chúng tôi dễ dàng giải thích sự khác nhau giữa 2 số phận.,https://audio.tudienkala.com/data/cache/images/300x225/d/i/discrepancy1.jpg,https://audio.tudienkala.com/audio/d/i/discrepancy.mp3
47,disparity,/dɪˈspærəti/,n,"sự cách biệt, sự chênh lệch",the wide disparity between rich and poor,sự chênh lệch lớn giữa người giàu và người nghèo,https://audio.tudienkala.com/data/cache/images/300x225/d/i/disparity1.jpg,https://audio.tudienkala.com/audio/d/i/disparity.mp3
47,disposable,/dɪˈspəʊzəbl/,adj,"dùng một lần, có thể bỏ đi",disposable gloves/razors,găng tay dùng một lần / dao cạo râu dùng một lần,https://audio.tudienkala.com/data/cache/images/300x225/d/i/disposable1.jpg,https://audio.tudienkala.com/audio/d/i/disposable.mp3
47,dispose,/dɪˈspəʊz/,v,loại bỏ (một cái gì mình không còn cần),the difficulties of disposing of nuclear waste,những khó khăn của việc xử lý chất thải hạt nhân,https://audio.tudienkala.com/data/cache/images/300x225/d/i/dispose1.jpg,https://audio.tudienkala.com/audio/d/i/dispose.mp3
47,disrupt,/dɪsˈrʌpt/,v,"đập vỡ, ngăn cản",A heavy snowfall disrupted the city's transport system.,Một lượng tuyết lớn phá vỡ hệ thống giao thông của thành phố.,https://audio.tudienkala.com/data/cache/images/300x225/d/i/disrupt1.png,https://audio.tudienkala.com/audio/d/i/disrupt.mp3
47,disruptive,/dɪsˈrʌptɪv/,adj,quậy phá,He was the most noisy and disruptive student at high school.,Anh ta là sinh viên ồn ào và gây rối nhất tại trường trung học.,https://audio.tudienkala.com/data/images_example/300x225/h/e/he_was_the_ex1_56248d117f8b9a020d2617bc.jpg,https://audio.tudienkala.com/audio/d/i/disruptive.mp3
47,dissatisfied,/dɪsˈsætɪsfaɪd/,adj,"không hài lòng, bất mãn",dissatisfied customers,những khách hàng không hài lòng,https://audio.tudienkala.com/data/cache/images/300x225/d/i/dissatisfied1.jpg,https://audio.tudienkala.com/audio/d/i/dissatisfied.mp3
47,dissertation,/ˌdɪsəˈteɪʃən/,n,"bài nghị luận, bài luận văn",She has been collecting data for her dissertation.,Cô đã thu thập được dữ liệu cho bài luận văn của mình.,https://audio.tudienkala.com/data/cache/images/300x225/d/i/dissertation1.jpg,https://audio.tudienkala.com/audio/d/i/dissertation.mp3
47,distorted,/dɪˈstɔːtɪd/,adj,"bị bóp méo, bị xuyên tạc",The facts about this war have been distorted in the book.,Sự thật về cuộc chiến này đã bị bóp méo trong cuốn sách.,https://audio.tudienkala.com/data/cache/images/300x225/d/i/distorted1.jpg,https://audio.tudienkala.com/audio/d/i/distorted.mp3
47,divert,/daɪˈvɜːt/,v,"hướng (sự chú ý,...) sang chuyện khác",The course of the stream has now been diverted.,Dòng chảy của con suối đã được chuyển hướng.,https://audio.tudienkala.com/data/cache/images/300x225/d/i/divert1.jpg,https://audio.tudienkala.com/audio/d/i/divert.mp3
47,dominate,/ˈdɒmɪneɪt/,v,"trội hơn, chiếm ưu thế",To dominate means to be more successful or powerful than others in a game or competition.,Chiếm ưu thế có nghĩa là mạnh hơn hoặc thành công hơn những đối tượng khác trong một trò chơi hoặc một cuộc thi.,https://audio.tudienkala.com/data/cache/images/300x225/d/o/dominate2.jpg,https://audio.tudienkala.com/audio/d/o/dominate.mp3
47,drastic,/ˈdræstɪk/,adj,"mạnh mẽ, quyết liệt",drastic measures/changes,các biện pháp quyết liệt / các thay đổi mạnh mẽ,https://audio.tudienkala.com/data/cache/images/300x225/d/r/drastic1.jpg,https://audio.tudienkala.com/audio/d/r/drastic.mp3
47,drawback,/ˈdrɔːbæk/,n,khuyết điểm,Samsung smartphones have certain drawbacks.,Điện thoại thông minh của Samsung có một số khuyết điểm nhất định.,https://audio.tudienkala.com/data/cache/images/300x225/d/r/drawback1.jpg,https://audio.tudienkala.com/audio/d/r/drawback.mp3
47,drought,/draʊt/,n,nạn hạn hán,A drought caused most of the corn crop to fail.,Trận hạn hán đã khiến cho vụ ngô bị thất thu.,https://audio.tudienkala.com/data/cache/images/300x225/d/r/drought1.png,https://audio.tudienkala.com/audio/d/r/drought.mp3
47,dump,/dʌmp/,n,"bãi đổ, nơi chứa",People here have to suffer a disgusting smell from a garbage dump.,Người dân ở đây phải chịu đựng một mùi kinh tởm từ một bãi rác.,https://audio.tudienkala.com/data/cache/images/300x225/d/u/dump1.jpg,https://audio.tudienkala.com/audio/d/u/dump.mp3
47,durable,/ˈdjʊərəbl/,adj,"bền, lâu",These chairs are more durable than the first ones we looked at.,Những cái ghế này bền hơn nhiều những cái ghế đầu tiên mà chúng ta đã thấy.,https://audio.tudienkala.com/data/images_example/300x225/t/h/these_chai_ex1_56248d157f8b9a040dc65e1c.jpg,https://audio.tudienkala.com/audio/d/u/durable.mp3
47,ecology,/iˈkɒlədʒi/,n,sinh thái,She hopes to study ecology at college.,Cô ấy mong học ngành sinh thái ở trường đại học.,https://audio.tudienkala.com/data/cache/images/300x225/e/c/ecology1.jpg,https://audio.tudienkala.com/audio/e/c/ecology.mp3
47,economical,/iːkəˈnɒmɪkəl/,adj,"tiết kiệm, đáng giá đồng tiền",A pair of earbuds is economical.,Mua một cái tai nghe cũng rẻ thôi.,https://audio.tudienkala.com/data/images_example/300x225/a/_/a_pair_of__ex1_58772ae57f8b9aab308b45fd.jpg,https://audio.tudienkala.com/audio/e/c/economical.mp3
47,eliminate,/ɪˈlɪmɪneɪt/,v,loại ra,Two contestants were eliminated from last night’s show.,Hai thí sinh đã bị loại khỏi buổi biểu diễn tối qua.,https://audio.tudienkala.com/data/cache/images/300x225/e/l/eliminate1.png,https://audio.tudienkala.com/audio/e/l/eliminate.mp3
47,embark,/ɪmˈbɑːk/,v,bắt đầu làm điều gì mới và khó khăn,She is about to embark on a diplomatic career.,Cô ấy sẽ bắt đầu tham gia vào sự nghiệp ngoại giao.,https://audio.tudienkala.com/data/cache/images/300x225/e/m/embark1.jpg,https://audio.tudienkala.com/audio/e/m/embark.mp3
47,emphasize,/ˈɛmfəˌsaɪz/,v,"nhấn mạnh, làm nổi bật",The nurse emphasized the importance of eating a balanced diet.,Người y tá nhấn mạnh tầm quan trọng của việc ăn uống theo chế độ cân bằng.,https://audio.tudienkala.com/data/images_example/300x225/t/h/the_nurse__ex1_56248d167f8b9a040dc66284.png,https://audio.tudienkala.com/audio/e/m/emphasize.mp3
47,endeavour,/ɪnˈdevər/,n,"(sự) cố gắng, nỗ lực",Please make every endeavour to arrive on time.,Hãy thực hiện mọi nỗ lực để đến đúng giờ.,https://audio.tudienkala.com/data/cache/images/300x225/e/n/endeavour1.jpg,https://audio.tudienkala.com/audio/e/n/endeavour.mp3
47,endorse,/ɪnˈdɔːrs/,v,"xác nhận, chứng thực chất lượng được quảng cáo (của món hàng...)",I wholeheartedly endorse his remarks.,Tôi hết lòng tán thành ý kiến phát biểu của anh ấy.,https://audio.tudienkala.com/data/cache/images/300x225/e/n/endorse1.png,https://audio.tudienkala.com/audio/e/n/endorse.mp3
47,endure,/ɪnˈdjʊər/,v,"chịu đựng, cam chịu",He can't endure being defeated.,Anh ta không thể chịu đựng bị đánh bại.,https://audio.tudienkala.com/data/images_example/300x225/t/h/they_had_t_ex2_58772ae67f8b9aab308b45ff.jpg,https://audio.tudienkala.com/audio/e/n/endure.mp3
47,enduring,/ɪnˈdjʊərɪŋ/,adj,"lâu dài, bền vững",What is the reason for the game's enduring appeal?,Lý do sự hấp dẫn lâu dài của trò chơi này là gì?,https://audio.tudienkala.com/data/cache/images/300x225/e/n/enduring1.jpg,https://audio.tudienkala.com/audio/e/n/enduring.mp3
47,enforce,/ɪnˈfɔːrs/,v,làm cho có hiệu lực; bắt tuân theo; đem thi hành (luật lệ),It's the job of the police to enforce the law.,Đó là công việc của cảnh sát thực thi pháp luật.,https://audio.tudienkala.com/data/cache/images/300x225/e/n/enforce1.jpg,https://audio.tudienkala.com/audio/e/n/enforce.mp3
48,entertaining,/ˌentəˈteɪnɪŋ/,adj,mang tính giải trí,Minions is an entertaining cartoon.,Minions là một bộ phim hoạt hình mang tính giải trí.,https://audio.tudienkala.com/data/images_example/300x225/m/i/minions_is_ex1_587728117f8b9a0d308b46c1.jpg,https://audio.tudienkala.com/audio/e/n/entertaining.mp3
48,entrepreneur,/ˌɒntrəprəˈnɜːr/,n,người khởi nghiệp,He was one of the entrepreneurs of the 80s who made their money in property.,"Ông là một trong những doanh nhân thời thập niên 80, người kiếm tiền dựa vào tài sản.",https://audio.tudienkala.com/data/cache/images/300x225/e/n/entrepreneur1.jpg,https://audio.tudienkala.com/audio/e/n/entrepreneur.mp3
48,envisage,/ɪnˈvɪzɪdʒ/,v,"dự tính, vạch ra (kế hoạch...), nghĩ đến",What level of profit do you envisage?,Mức độ lợi nhuận bạn dự tính bao nhiêu?,https://audio.tudienkala.com/data/cache/images/300x225/e/n/envisage1.jpg,https://audio.tudienkala.com/audio/e/n/envisage.mp3
48,erratic,/ɪˈrætɪk/,adj,thất thường; không đều; không thể tin cậy,The electricity supply here is quite erratic.,Việc cung cấp điện ở đây là khá thất thường.,https://audio.tudienkala.com/data/cache/images/300x225/e/r/erratic1.jpg,https://audio.tudienkala.com/audio/e/r/erratic.mp3
48,esteem,/ɪˈstiːm/,n,"sự kính mến, sự quý trọng",She is held in high esteem by her colleagues.,Cô được quý trọng nhiều từ các đồng nghiệp của mình.,https://audio.tudienkala.com/data/images_example/300x225/s/h/she_is_hel_ex2_58772a6e7f8b9a9d308b45df.jpg,https://audio.tudienkala.com/audio/e/s/esteem.mp3
48,evolve,/ɪˈvɒlv/,v,phát triển,The idea evolved from a drawing I discovered in the attic.,Ý tưởng được phát triển từ một bản vẽ tôi phát hiện ra trong căn gác.,https://audio.tudienkala.com/data/cache/images/300x225/e/v/evolve1.jpg,https://audio.tudienkala.com/audio/e/v/evolve.mp3
48,excavation,/ˌekskəˈveɪʃn/,n,sự khai quật,They decided to continue with the excavation.,Họ đã quyết định tiếp tục khai quật.,https://audio.tudienkala.com/data/cache/images/300x225/e/x/excavation1.jpg,https://audio.tudienkala.com/audio/e/x/excavation.mp3
48,exceed,/ɪkˈsiːd/,v,vượt trội,The price will not exceed £100.,Giá sẽ không vượt quá 100 £.,https://audio.tudienkala.com/data/images_example/300x225/t/h/the_price__ex1_5861e2d97f8b9a639c8b58dc.jpg,https://audio.tudienkala.com/audio/e/x/exceed.mp3
48,exert,/ɪɡˈzɜːt/,v,"gây, tác động (để ảnh hưởng ai, cái gì)",He exerted all his authority to make them accept the plan.,Ông gây tác động lên tất cả chính quyền của mình để làm cho họ chấp nhận kế hoạch.,https://audio.tudienkala.com/data/cache/images/300x225/e/x/exert1.jpg,https://audio.tudienkala.com/audio/e/x/exert.mp3
48,exhaust,/ɪgˈzɔːst/,v,làm cạn kiệt,I'm afraid he's exhausted my patience.,Tôi e rằng anh ta đã lấy hết sự kiên nhẫn của tôi.,https://audio.tudienkala.com/data/cache/images/300x225/e/x/exhaust1.jpg,https://audio.tudienkala.com/audio/e/x/exhaust.mp3
48,expose,/iks'pouz/,v,"phơi bày, bộc lộ",He did not want to expose his fears and insecurity to anyone.,Anh ấy không muốn để lộ sự sợ hãi và bất an của mình cho bất cứ ai.,https://audio.tudienkala.com/data/images_example/300x225/h/e/he_did_not_ex1_56248d157f8b9a040dc65e3c.png,https://audio.tudienkala.com/audio/e/x/expose.mp3
48,extinct,/ɪkˈstɪŋkt/,adj,tuyệt chủng,There is concern that the giant panda will soon become extinct.,Có lo lắng rằng gấu trúc khổng lồ sẽ tuyệt chủng.,https://audio.tudienkala.com/data/cache/images/300x225/e/x/extinct1.jpg,https://audio.tudienkala.com/audio/e/x/extinct.mp3
48,extravagant,/ɪkˈstrævəɡənt/,adj,phung phí,I felt very extravagant spending £100 on a dress.,Tôi cảm thấy rất phung phí khi chi tiêu £ 100 cho một chiếc váy.,https://audio.tudienkala.com/data/cache/images/300x225/e/x/extravagant1.jpg,https://audio.tudienkala.com/audio/e/x/extravagant.mp3
48,facade,/fəˈsɑːd/,n,"bề ngoài, vẻ ngoài",a classical facade,một vẻ ngoài cổ điển,https://audio.tudienkala.com/data/images_example/300x225/a/_/a_classica_ex1_58772ae77f8b9aab308b4609.jpg,https://audio.tudienkala.com/audio/f/a/facade.mp3
48,facilitate,/fə'siliteit/,v,"làm cho dễ dàng, làm cho thuận tiện",The computer program facilitated the scheduling of appointments.,Chương trình máy tính làm cho việc lập lịch các buổi hẹn được thuận tiện.,https://audio.tudienkala.com/data/cache/images/300x225/f/a/facilitate1.png,https://audio.tudienkala.com/audio/f/a/facilitate.mp3
48,factual,/ˈfæktʃuəl/,adj,"căn cứ trên sự thật, có thật",a factual account of events,một khoản thực tế của các sự kiện,https://audio.tudienkala.com/data/images_example/300x225/a/_/a_factual__ex2_58772ae87f8b9aab308b460b.jpg,https://audio.tudienkala.com/audio/f/a/factual.mp3
48,far-reaching,/ˌfɑːˈriːtʃɪŋ/,adj,có ảnh hưởng sâu rộng,far-reaching consequences,những hậu quả ảnh hưởng sâu rộng,https://audio.tudienkala.com/data/images_example/300x225/f/a/far-reachi_ex2_58772ae87f8b9aab308b460d.jpg,https://audio.tudienkala.com/audio/f/a/far-reaching.mp3
48,fauna,/ˈfɔːnə/,n,hệ động vật,the local flora and fauna,hệ thực vật và hệ động vật địa phương,https://audio.tudienkala.com/data/cache/images/300x225/f/a/fauna1.jpg,https://audio.tudienkala.com/audio/f/a/fauna.mp3
48,feasible,/ˈfiːzəbl/,adj,khả thi,"With the extra resources, the project now seems feasible.","Với các nguồn lực bổ sung, dự án bây giờ có vẻ khả thi.",https://audio.tudienkala.com/data/cache/images/300x225/f/e/feasible1.jpg,https://audio.tudienkala.com/audio/f/e/feasible.mp3
48,fertilizer,/ˈfɜːrtəlaɪzə(r)/,n,phân bón,The farmer should apply fertilizer regularly.,Người nông dân nên bón phân bón đều đặn cho cây trồng.,https://audio.tudienkala.com/data/cache/images/300x225/f/e/fertilizer1.jpg,https://audio.tudienkala.com/audio/f/e/fertilizer.mp3
48,flaw,/flɔː/,n,"sai lầm, thiếu sót",The argument is full of fundamental flaws.,Cuộc tranh cãi này đủ các sai sót cơ bản.,https://audio.tudienkala.com/data/cache/images/300x225/f/l/flaw1.jpg,https://audio.tudienkala.com/audio/f/l/flaw.mp3
48,flourish,/ˈflʌrɪʃ/,v,phát triển,My tomatoes are flourishing this summer.,Những cây cà chua của tôi đang phát triển vào mùa hè này.,https://audio.tudienkala.com/data/cache/images/300x225/f/l/flourish1.jpg,https://audio.tudienkala.com/audio/f/l/flourish.mp3
48,food chain,/fuːd tʃeɪn/,n,chuỗi thức ăn,Insects are fairly low down (on) the food chain.,Côn trùng là khá thấp (trên) chuỗi thức ăn.,https://audio.tudienkala.com/data/cache/images/300x225/f/o/food_chain1.jpg,https://audio.tudienkala.com/audio/f/o/food_chain.mp3
48,freelance,/ˈfriːlæns/,adj,làm nghề tự do,Linda has worked in Yemen as a freelance journalist since 2012.,Linda đã làm việc tại Yemen như một nhà báo tự do kể từ năm 2012.,https://audio.tudienkala.com/data/cache/images/300x225/f/r/freelance1.jpg,https://audio.tudienkala.com/audio/f/r/freelance.mp3
48,fume,/fjuːm/,v,thải khí hoặc hơi nước,The fuming process is used to turn the color of these woods into other shades of yellow and honey-browns.,Quá trình hun khói được sử dụng để biến màu của những thanh gỗ thành sắc thái khác của màu vàng và mật ong nâu.,https://audio.tudienkala.com/data/cache/images/300x225/f/u/fumesnone1.jpg,https://audio.tudienkala.com/audio/f/u/fumesnone.mp3
48,galaxy,/ˈɡæləksi/,n,"ngân hà, thiên hà",Another name for the Galaxy is the Milky Way.,Tên gọi khác của Thiên hà là dải Ngân Hà.,https://audio.tudienkala.com/data/cache/images/300x225/g/a/galaxy1.jpg,https://audio.tudienkala.com/audio/g/a/galaxy.mp3
48,GDP,/dʒiːdiːˈpiː/,n,viết tắt của Gross Domestic Products - Tổng sản phẩm quốc nội,The Gross Domestic Product (GDP) in Vietnam was worth 141.67 billion US dollars in 2012.,"Tổng sản phẩm quốc nội (GDP) của Việt Nam trị giá 141,67 tỷ đô la Mỹ vào năm 2012.",https://audio.tudienkala.com/data/cache/images/300x225/g/d/gdp1.jpg,https://audio.tudienkala.com/audio/g/d/GDP.mp3
48,greedy,/ˈɡriːdi/,adj,tham lam,He is greedy for power.,Ông ta tham lam quyền lực.,https://audio.tudienkala.com/data/cache/images/300x225/g/r/greedy1.png,https://audio.tudienkala.com/audio/g/r/greedy.mp3
48,harmful,/ˈhɑːrmfəl/,adj,có hại,This group of chemicals is harmful to people.,Nhóm hóa chất này có hại cho con người.,https://audio.tudienkala.com/data/cache/images/300x225/h/a/harmful1.jpg,https://audio.tudienkala.com/audio/h/a/harmful.mp3
48,harness,/ˈhɑːnɪs/,v,"khai thác, sử dụng tiềm năng",attempts to harness the sun's rays as a source of energy,những nỗ lực để khai thác ánh nắng mặt trời như một nguồn năng lượng,https://audio.tudienkala.com/data/images_example/300x225/a/t/attempts_t_ex1_58772a777f8b9a9d308b460d.jpg,https://audio.tudienkala.com/audio/h/a/harness.mp3
48,haul,/hɔːl/,n,chặng đường,They began the long slow haul to the summit.,Họ bắt đầu một chặng đường dài chậm rãi đến đỉnh.,https://audio.tudienkala.com/data/images_example/300x225/t/h/they_began_ex2_58772aeb7f8b9aab308b461a.jpg,https://audio.tudienkala.com/audio/h/a/haul.mp3
48,heart attack,/hɑːt əˈtæk/,n,bệnh đau tim,He is prone to heart attack.,Ông ấy dễ bị đau tim.,https://audio.tudienkala.com/data/cache/images/300x225/h/e/heart_attack1.jpg,https://audio.tudienkala.com/audio/h/e/heart_attack.mp3
48,hesitation,/ˌhezɪˈteɪʃən/,n,sự do dự,"After a slight hesitation, she began to speak.","Sau một hồi do dự, cô bắt đầu nói.",https://audio.tudienkala.com/data/cache/images/300x225/h/e/hesitation1.png,https://audio.tudienkala.com/audio/h/e/hesitation.mp3
48,hindsight,/ˈhaɪndsaɪt/,n,sự nhận thức muộn màng (sau khi việc đã xảy ra mới nhìn ra vấn đề),With hindsight it is easy to say they should not have released him.,"Với nhận thức muộn màng, thật dễ dàng để nói rằng họ không nên thả ông ta.",https://audio.tudienkala.com/data/cache/images/300x225/h/i/hindsight1.jpg,https://audio.tudienkala.com/audio/h/i/hindsight.mp3
48,hospitality,/ˌhɒspɪˈtæləti/,n,"lòng mến khách, lòng hiếu khách",Thank you for your hospitality.,Cảm ơn lòng hiếu khách của bạn.,https://audio.tudienkala.com/data/cache/images/300x225/h/o/hospitality1.jpg,https://audio.tudienkala.com/audio/h/o/hospitality.mp3
48,hybrid,/ˈhaɪbrɪd/,n,cây lai; vật lai,A mule is a hybrid of a male donkey and a female horse.,Con la là con lai từ một con lừa đực và một con ngựa cái.,https://audio.tudienkala.com/data/images_example/300x225/a/_/a_mule_is__ex2_58772aec7f8b9aab308b4620.jpg,https://audio.tudienkala.com/audio/h/y/hybrid.mp3
48,hypocrisy,/hɪˈpɒkrəsi/,n,"hành động, thái độ đạo đức giả",He condemned the hypocrisy of those politicians who do one thing and say another.,"Ông lên án thói đạo đức giả của các chính trị gia, những người làm một đằng và nói một nẻo.",https://audio.tudienkala.com/data/cache/images/300x225/h/y/hypocrisy1.jpg,https://audio.tudienkala.com/audio/h/y/hypocrisy.mp3
48,icon,/ˈaɪkɒn/,n,biểu tượng,Click on the printer icon with the mouse.,Hãy kích vào biểu tượng máy in bằng chuột.,https://audio.tudienkala.com/data/cache/images/300x225/i/c/icon1.jpg,https://audio.tudienkala.com/audio/i/c/icon.mp3
48,imaginative,/ɪˈmædʒɪnətɪv/,adj,giàu tưởng tượng,He is an imaginative designer.,Anh ta là nhà thiết kế giàu tưởng tượng.,https://audio.tudienkala.com/data/cache/images/300x225/i/m/imaginative1.jpg,https://audio.tudienkala.com/audio/i/m/imaginative.mp3
48,imaginary,/ɪˈmædʒɪnəri/,adj,"chỉ tồn tại trong tâm trí, trí tưởng tượng",The equator is an imaginary line around the middle of the earth.,Đường Xích đạo là một đường tưởng tượng xung quanh giữa trái đất.,https://audio.tudienkala.com/data/images_example/300x225/t/h/the_equato_ex2_587728d27f8b9a5f308b4591.jpg,https://audio.tudienkala.com/audio/i/m/imaginary.mp3
48,immune,/ɪˈmjuːn/,adj,miễn dịch,You'll eventually become immune to criticism.,Cuối cùng bạn sẽ trở nên miễn nhiễm với những lời chỉ trích.,https://audio.tudienkala.com/data/cache/images/300x225/i/m/immune1.jpg,https://audio.tudienkala.com/audio/i/m/immune.mp3
48,impoverished,/ɪmˈpɒvərɪʃt/,adj,rất nghèo,impoverished peasants,nông dân nghèo khó,https://audio.tudienkala.com/data/cache/images/300x225/i/m/impoverished1.jpg,https://audio.tudienkala.com/audio/i/m/impoverished.mp3
48,impoverishment,/ɪmˈpɒv(ə)rɪʃm(ə)nt/,n,giai đoạn nghèo khổ,"During times of impoverishment, the jewelry may be sold to provide family resources.","Trong giai đoạn nghèo khổ, các đồ trang sức có thể được bán để cung cấp các nguồn lực cho gia đình.",https://audio.tudienkala.com/data/cache/images/300x225/i/m/impoverishednone1.jpg,https://audio.tudienkala.com/audio/i/m/impoverishednone.mp3
48,incur,/in'kə:/,v,"gánh chịu,bị",I incurred substantial expenses that my health plan does not cover.,Tôi phải gánh những chi phí phát sinh mà dự án chăm sóc sức khỏe của tôi không bao gồm.,https://audio.tudienkala.com/data/cache/images/300x225/i/n/incur1.png,https://audio.tudienkala.com/audio/i/n/incur.mp3
48,indifference,/ɪnˈdɪfərəns/,n,"sự hờ hững, không quan tâm",Your indifference to my feelings is causing me a lot of unhappiness.,Sự hờ hững của anh trước cảm xúc của tôi đang gây cho tôi nhiều bất hạnh.,https://audio.tudienkala.com/data/cache/images/300x225/i/n/indifference1.jpg,https://audio.tudienkala.com/audio/i/n/indifference.mp3
48,indigenous,/ɪnˈdɪdʒɪnəs/,adj,"bản địa, vốn thuộc về một nơi nào đó",the indigenous peoples/languages of the area,các dân tộc bản địa / ngôn ngữ bản địa của khu vực,https://audio.tudienkala.com/data/cache/images/300x225/i/n/indigenous1.jpg,https://audio.tudienkala.com/audio/i/n/indigenous.mp3
48,induce,/ɪnˈdjuːs/,v,"khiến, xui khiến",Nothing would induce me to take the job.,Không có gì khiến tôi nhận công việc đó.,https://audio.tudienkala.com/data/cache/images/300x225/i/n/induce1.jpg,https://audio.tudienkala.com/audio/i/n/induce.mp3
48,indulge,/ɪnˈdʌldʒ/,v,"tận hưởng, ham mê (đặc biệt là những cái không tốt cho mình)",They went into town to indulge in some serious shopping.,Họ vào thành phố để thưởng thức việc mua sắm nghiêm túc.,https://audio.tudienkala.com/data/cache/images/300x225/i/n/indulge1.jpg,https://audio.tudienkala.com/audio/i/n/indulge.mp3
48,infancy,/ˈɪnfənsi/,n,"lúc còn trứng nước, giai đoạn phát triển ban đầu",a time when the cinema was still in its infancy,một thời điểm khi điện ảnh vẫn còn trong giai đoạn trứng nước,https://audio.tudienkala.com/data/images_example/300x225/a/_/a_time_whe_ex2_58772aee7f8b9aab308b462c.jpg,https://audio.tudienkala.com/audio/i/n/infancy.mp3
49,infectious,/ɪnˈfekʃəs/,adj,"dễ lây, lan truyền",These special hospitals isolate highly infectious patients from the general population.,Những bệnh viện đặc biệt cô lập bệnh nhân lây nhiễm cao khỏi người dân.,https://audio.tudienkala.com/data/cache/images/300x225/i/n/infectious2.png,https://audio.tudienkala.com/audio/i/n/infectious.mp3
49,informative,/ɪnˈfɔːmətɪv/,adj,(cung cấp) nhiều thông tin,He is kind to give me such an informative book.,Ông là tử tế khi đưa cho tôi một cuốn sách nhiều thông tin như vậy.,https://audio.tudienkala.com/data/cache/images/300x225/i/n/informative1.jpg,https://audio.tudienkala.com/audio/i/n/informative.mp3
49,infrastructure,/ˈɪnfrəstrʌktʃə/,n,cơ sở hạ tầng,It is necessary to improve the infrastructure for better traffic systems.,Cải thiện cơ sở hạ tầng cho các hệ thống giao thông tốt hơn là điều cần thiết.,https://audio.tudienkala.com/data/cache/images/300x225/i/n/infrastructure1.jpg,https://audio.tudienkala.com/audio/i/n/infrastructure.mp3
49,inhibit,/ɪnˈhɪbɪt/,v,"ngăn chặn, kiềm chế",A lack of oxygen may inhibit brain development in the unborn child.,Việc thiếu oxy có thể cản trở sự phát triển não bộ ở thai nhi.,https://audio.tudienkala.com/data/cache/images/300x225/i/n/inhibit1.jpg,https://audio.tudienkala.com/audio/i/n/inhibit.mp3
49,initiate,/ɪˈnɪʃieɪt/,v,khởi đầu,The program was initiated by the state government.,Chương trình này được khởi xướng bởi các chính quyền tiểu bang.,https://audio.tudienkala.com/data/cache/images/300x225/i/n/initiate1.png,https://audio.tudienkala.com/audio/i/n/initiate.mp3
49,innate,/ɪˈneɪt/,adj,bẩm sinh,Animals always have the innate ability to learn.,Động vật luôn có khả năng học hỏi bẩm sinh.,https://audio.tudienkala.com/data/cache/images/300x225/i/n/innate1.jpg,https://audio.tudienkala.com/audio/i/n/innate.mp3
49,integrate,/ˈɪntɪgreɪt/,v,"hòa nhập, hội nhập","We need to help disabled students to become independent, integrate in the community and achieve success at school.","Chúng ta cần giúp đỡ các học sinh khuyết tật trở nên độc lập, hòa nhập vào cộng đồng và đạt được thành công ở trường.",https://audio.tudienkala.com/data/cache/images/300x225/i/n/integrate1.png,https://audio.tudienkala.com/audio/i/n/integrate.mp3
49,interactive,/ˌɪntərˈæktɪv/,adj,có tính tương tác,The school believes in interactive teaching methods.,Nhà trường tin tưởng vào các phương pháp giảng dạy tương tác.,https://audio.tudienkala.com/data/cache/images/300x225/i/n/interactive1.jpg,https://audio.tudienkala.com/audio/i/n/interactive.mp3
49,intervene,/ˌɪntəˈviːn/,v,"xen vào, can thiệp",The teacher intervened in the quarrel between the two students.,Giáo viên đã can thiệp vào cuộc cãi vả giữa hai học sinh.,https://audio.tudienkala.com/data/images_example/300x225/t/h/the_teache_ex1_58772a837f8b9a9d308b464f.png,https://audio.tudienkala.com/audio/i/n/intervene.mp3
49,intimacy,/ˈɪntɪməsi/,n,"sự thân mật, sự thân tình",The old intimacy between them had gone for ever.,Sự thân mật lúc xưa giữa họ đã mất đi mãi mãi.,https://audio.tudienkala.com/data/cache/images/300x225/i/n/intimacy1.jpg,https://audio.tudienkala.com/audio/i/n/intimacy.mp3
49,intricate,/ˈɪntrɪkət/,adj,phức tạp,The watch mechanism is extremely intricate and very difficult to repair.,Cơ chế của chiếc đồng hồ là cực kỳ phức tạp và rất khó để sửa chữa.,https://audio.tudienkala.com/data/images_example/300x225/t/h/the_watch__ex2_58772a847f8b9a9d308b4655.jpg,https://audio.tudienkala.com/audio/i/n/intricate.mp3
49,intrusion,/ɪnˈtruːʒən/,n,"sự xâm phạm, sự xâm nhập",They claim the noise from the new airport is an intrusion on their lives.,Họ cho rằng tiếng ồn từ sân bay là một sự xâm phạm vào cuộc sống của họ.,https://audio.tudienkala.com/data/images_example/300x225/t/h/they_claim_ex2_58772aef7f8b9aab308b4634.jpg,https://audio.tudienkala.com/audio/i/n/intrusion.mp3
49,irresponsible,/ˌɪrɪˈspɒnsəbl/,adj,thiếu trách nhiệm,What the BJP is doing now is totally irresponsible behaviour.,Điều BJP đang làm bây giờ là hành vi hoàn toàn vô trách nhiệm.,https://audio.tudienkala.com/data/cache/images/300x225/i/r/irresponsible1.jpg,https://audio.tudienkala.com/audio/i/r/irresponsible.mp3
49,isolate,/ˈaɪsəleɪt/,v,"cách li, cô lập",Patients with the disease should be isolated.,Bệnh nhân bị bệnh nên được cách ly.,https://audio.tudienkala.com/data/images_example/300x225/p/a/patients_w_ex1_587729e67f8b9a8e308b45f5.png,https://audio.tudienkala.com/audio/i/s/isolate.mp3
49,labourer,/ˈleɪbərər/,n,người lao động chân tay,Samuel wanted more than a life as an agricultural labourer.,Samuel muốn một cuộc sống hơn là một người lao động nông nghiệp.,https://audio.tudienkala.com/data/cache/images/300x225/l/a/labourer1.jpg,https://audio.tudienkala.com/audio/l/a/labourer.mp3
49,landmark,/ˈlændmɑːk/,n,danh thắng,The One Pillar Pagoda is a famous landmark of Hanoi.,Chùa Một Cột là một danh thắng nổi tiếng của Hà Nội.,https://audio.tudienkala.com/data/cache/images/300x225/l/a/landmark1.jpg,https://audio.tudienkala.com/audio/l/a/landmark.mp3
49,literate,/ˈlɪtərət/,adj,"biết đọc, biết viết",Though nearly twenty he was barely literate.,"Mặc dù gần hai mươi tuổi, anh ta hầu như không biết chữ.",https://audio.tudienkala.com/data/cache/images/300x225/l/i/literate1.jpg,https://audio.tudienkala.com/audio/l/i/literate.mp3
49,livelihood,/ˈlaɪvlihʊd/,n,kế sinh nhai (cách kiếm tiền sinh sống),Many famers believe that the new regulations threaten their livelihoods.,Nhiều nông dân tin rằng các quy định mới đe dọa sinh kế của họ.,https://audio.tudienkala.com/data/images_example/300x225/m/a/many_famer_ex1_587727007f8b9ae72f8b46d9.jpg,https://audio.tudienkala.com/audio/l/i/livelihood.mp3
49,lucrative,/ˈluːkrətɪv/,adj,"có lợi, sinh lợi, béo bở",Croatia could be a potentially lucrative market for political consultants.,Croatia có thể là một thị trường tiềm năng sinh lợi cho các nhà tư vấn chính trị.,https://audio.tudienkala.com/data/cache/images/300x225/l/u/lucrative2.png,https://audio.tudienkala.com/audio/l/u/lucrative.mp3
49,luxurious,/lʌɡˈʒʊəriəs/,adj,"sang trọng, lộng lẫy",They lead a comfortable and luxurious life without anyone disturbing them.,Họ sống một cuộc sống thoải mái và sang trọng mà không bị ai làm phiền họ.,https://audio.tudienkala.com/data/cache/images/300x225/l/u/luxurious1.jpg,https://audio.tudienkala.com/audio/l/u/luxurious.mp3
49,magical,/ˈmædʒɪkəl/,adj,"có ma lực, có sức lôi cuốn; được sử dụng trong ảo thuật",Some metals was thought to be magical.,Một số kim loại được cho là kỳ diệu.,https://audio.tudienkala.com/data/cache/images/300x225/m/a/magical1.jpg,https://audio.tudienkala.com/audio/m/a/magical.mp3
49,mandatory,/'mændətəri/,adj,"(thuộc) lệnh, bắt buộc",The jewelry store has a mandatory policy of showing customers only one item at a time.,Cửa hàng nữ trang có một chính sách bắt buộc là chỉ cho khách xem mỗi lúc một món đồ.,https://audio.tudienkala.com/data/images_example/300x225/t/h/the_jewelr_ex1_56248d157f8b9a040dc65f0c.jpg,https://audio.tudienkala.com/audio/m/a/mandatory.mp3
49,mass media,/mæs ˈmiːdiə/,n,thông tin đại chúng,Mass media has a great effect on human life.,Các phương tiện thông tin đại chúng đã có ảnh hưởng rất lớn tới đời sống con người.,https://audio.tudienkala.com/data/cache/images/300x225/m/a/mass_media1.jpg,https://audio.tudienkala.com/audio/m/a/mass_media.mp3
49,maternal,/məˈtɜːnəl/,adj,(thuộc) mẹ; của người mẹ,The importance of family planning in reducing maternal mortality is uncontroversial.,Tầm quan trọng của kế hoạch gia đình trong việc giảm tỷ lệ tử vong người mẹ là không có gì bàn cãi.,https://audio.tudienkala.com/data/cache/images/300x225/m/a/maternal1.jpg,https://audio.tudienkala.com/audio/m/a/maternal.mp3
49,meaningful,/ˈmiːnɪŋfəl/,adj,có ý nghĩa,This is a meaningful volunteer activity.,Đây là một hoạt động tình nguyện có ý nghĩa.,https://audio.tudienkala.com/data/images_example/300x225/t/h/this_is_a__ex1_58772af17f8b9aab308b4640.jpg,https://audio.tudienkala.com/audio/m/e/meaningful.mp3
49,merge,/mɜːdʒ/,v,"sáp nhập, hợp nhất",The banks are set to merge next year.,Các ngân hàng được thiết lập để sáp nhập vào năm tới.,https://audio.tudienkala.com/data/cache/images/300x225/m/e/merge1.jpg,https://audio.tudienkala.com/audio/m/e/merge.mp3
49,modify,/ˈmɒdɪfaɪ/,v,"sửa đổi, điều chỉnh",The software we use has been modified for us.,Phần mềm chúng ta sử dụng đã được sửa đổi cho chúng ta.,https://audio.tudienkala.com/data/images_example/300x225/t/h/the_softwa_ex2_58772af27f8b9aab308b4644.jpg,https://audio.tudienkala.com/audio/m/o/modify.mp3
49,mother tongue,/ˈmʌðər tʌŋ/,n,tiếng mẹ đẻ,Our mother tongue is Vietnamese.,Tiếng mẹ đẻ của chúng tôi là tiếng Việt.,https://audio.tudienkala.com/data/cache/images/300x225/m/o/mother_tongue1.jpg,https://audio.tudienkala.com/audio/m/o/mother_tongue.mp3
49,motive,/ˈmoʊtɪv/,n,"cớ, lý do, động cơ (của một hành động)",There seemed to be no motive for the murder.,Có vẻ như không có động cơ cho vụ giết người này.,https://audio.tudienkala.com/data/images_example/300x225/t/h/there_seem_ex1_587726837f8b9acf2f8b4644.jpg,https://audio.tudienkala.com/audio/m/o/motive.mp3
49,mundane,/mʌnˈdeɪn/,adj,"không thú vị, không hấp dẫn; bình thường, nhàm chán","Sitting by a river meditating is nice, but real spirituality comes from making the mundane sacred.","Ngồi một thiền bên sông là tốt đẹp, nhưng tâm linh thật sự xuất phát từ việc biến các việc trần tục trở nên linh thiên.",https://audio.tudienkala.com/data/images_example/300x225/s/i/sitting_by_ex2_58772af37f8b9aab308b4646.jpg,https://audio.tudienkala.com/audio/m/u/mundane.mp3
49,negative equity,/ˈneɡətɪv ˈekwəti/,n,"tài sản âm, tài sản ròng có giá trị âm, vốn chủ sở hữu âm",How long can a company survive with negative equity and how long is this state permitted in the USA?,Một công ty có thể tồn tại với vốn chủ sở hữu âm trong bao lâu và tình trạng này ở Mỹ được cho phép trong bao lâu?,https://audio.tudienkala.com/data/cache/images/300x225/n/e/negative_equity1.jpg,https://audio.tudienkala.com/audio/n/e/negative_equity.mp3
49,niche,/niːʃ/,n,(thị trường) ngách (một nhóm người có chung một số đặc điểm hay sở thích mua sắm nào đó),"They spotted a niche in the market, with no serious competition.","Họ phát hiện một ngách thị trường, không có cạnh tranh nghiêm trọng.",https://audio.tudienkala.com/data/cache/images/300x225/n/i/niche1.jpg,https://audio.tudienkala.com/audio/n/i/niche.mp3
49,nominal,/ˈnɒmɪnəl/,adj,chỉ tồn tại trên danh nghĩa; hữu danh vô thực,Peter did not get a lot of job applicants because he offered only a nominal salary to his employees.,"Peter đã không nhận được nhiều người đến xin việc, chỉ vì anh ấy đã đưa ra một mức lương không thực với nhân viên.",https://audio.tudienkala.com/data/images_example/300x225/p/e/peter_did__ex2_58772a3c7f8b9a99308b45f2.png,https://audio.tudienkala.com/audio/n/o/nominal.mp3
49,novice,/ˈnɒvɪs/,n,"người mới học, người chưa có kinh nghiệm",I'm a complete novice at skiing.,Tôi hoàn toàn chưa có kinh nghiệm về trượt tuyết.,https://audio.tudienkala.com/data/images_example/300x225/i/m/im_a_compl_ex2_58772af47f8b9aab308b464d.jpg,https://audio.tudienkala.com/audio/n/o/novice.mp3
49,nutrient,/ˈnjuːtriənt/,n,chất dinh dưỡng,"Some essential nutrients have no stores in the body, so we need regular supplies from food.","Một số chất dinh dưỡng thiết yếu không có trong cơ thể, vì vậy chúng ta cần nguồn cung cấp thường xuyên từ thức ăn.",https://audio.tudienkala.com/data/cache/images/300x225/n/u/nutrient1.jpg,https://audio.tudienkala.com/audio/n/u/nutrient.mp3
49,obey,/ə'bei/,v,tuân thủ,Road users should obey traffic rules strictly.,Người tham gia giao thông phải tuân thủ luật giao thông một cách nghiêm ngặt.,https://audio.tudienkala.com/data/images_example/300x225/r/o/road_users_ex1_56248cf57f8b9af80c0122bd.jpg,https://audio.tudienkala.com/audio/o/b/obey.mp3
49,oblivious,/əˈblɪviəs/,adj,không chú ý đến,"He drove off, oblivious of the damage he had caused.","Ông ta lái xe đi, không chú ý đến những thiệt hại mà ông đã gây ra.",https://audio.tudienkala.com/data/images_example/300x225/h/e/he_drove_o_ex2_58772a8f7f8b9a9d308b468b.jpg,https://audio.tudienkala.com/audio/o/b/oblivious.mp3
49,occupy,/'ɔkjupai/,v,"chiếm giữ, ở, cư ngụ",Our company has occupied this office for more than five years.,Công ty chúng tôi đã ở văn phòng này hơn 5 năm.,https://audio.tudienkala.com/data/cache/images/300x225/o/c/occupy1.jpg,https://audio.tudienkala.com/audio/o/c/occupy.mp3
49,onset,/ˈɒnset/,n,sự bắt đầu (đặc biệt là điều gì gây khó chịu),These drugs could be developed into an effective intervention strategy that eliminates liver stage malaria parasites before the onset of disease.,Những loại thuốc này có thể được phát triển thành một chiến lược can thiệp có hiệu quả nhằm loại bỏ ký sinh trùng sốt rét giai đoạn gan trước khi khởi phát bệnh.,https://audio.tudienkala.com/data/images_example/300x225/t/h/these_drug_ex1_58772a8f7f8b9a9d308b468f.jpg,https://audio.tudienkala.com/audio/o/n/onset.mp3
49,orbit,/ˈɔːrbɪt/,v,đi theo quỹ đạo,Mercury orbits the Sun.,Sao Thủy quay quanh Mặt Trời.,https://audio.tudienkala.com/data/cache/images/300x225/o/r/orbit1.png,https://audio.tudienkala.com/audio/o/r/orbit.mp3
49,outdoor,/ˌaʊtˈdɔːr/,adj,"ngoài trời, ở ngoài","Aside from all of the great outdoor activities, the Rockies have a number of other attractions as well.","Bên cạnh tất cả các hoạt động ngoài trời tuyệt vời, dãy núi Rockies cũng có nhiều điểm tham quan khác.",https://audio.tudienkala.com/data/cache/images/300x225/o/u/outdoor1.jpg,https://audio.tudienkala.com/audio/o/u/outdoor.mp3
49,outdoors,/ˈaʊtdɔːz/,adv,"ở ngoài trời, ở ngoài nhà",It’s raining so we can’t eat outdoors.,Trời đang mưa nên chúng tôi không thể ăn ở ngoài trời được.,https://audio.tudienkala.com/data/cache/images/300x225/o/u/outdoors1.jpg,https://audio.tudienkala.com/audio/o/u/outdoors.mp3
49,overweight,/ˈəʊvəweɪt/,adj,thừa cân,She was only a few pounds overweight.,Cô ấy chỉ thừa một vài cân.,https://audio.tudienkala.com/data/cache/images/300x225/o/v/overweight1.png,https://audio.tudienkala.com/audio/o/v/overweight.mp3
49,packaging,/ˈpækɪdʒɪŋ/,n,bao bì,Sweets have plastic packaging.,Kẹo có vỏ bọc bằng nhựa ni-lông.,https://audio.tudienkala.com/data/images_example/300x225/s/w/sweets_hav_ex1_56248cfb7f8b9afa0cb17ea0.jpg,https://audio.tudienkala.com/audio/p/a/packaging.mp3
49,paradox,/ˈpærədɒks/,n,"nghịch lí, mâu thuẫn",He was a paradox—a loner who loved to chat to strangers.,"Ông là một người mâu thuẫn, một người cô độc thích trò chuyện với người lạ.",https://audio.tudienkala.com/data/images_example/300x225/h/e/he_was_a_p_ex1_587729ed7f8b9a8e308b4619.jpg,https://audio.tudienkala.com/audio/p/a/paradox.mp3
49,passionate,/ˈpæʃənət/,adj,"nồng nhiệt, đam mê",He has had a passionate interest in music since he was a child.,Anh ấy có đam mê với âm nhạc từ khi còn nhỏ.,https://audio.tudienkala.com/data/cache/images/300x225/p/a/passionate1.jpg,https://audio.tudienkala.com/audio/p/a/passionate.mp3
49,peninsula,/pəˈnɪnsjələ/,n,bán đảo,the Iberian peninsula (= Spain and Portugal),bán đảo Iberia (= Tây Ban Nha và Bồ Đào Nha),https://audio.tudienkala.com/data/cache/images/300x225/p/e/peninsula1.jpg,https://audio.tudienkala.com/audio/p/e/peninsula.mp3
49,perceive,/pəˈsiːv/,v,"nhận thấy, để ý",I perceived a change in his behaviour.,Tôi nhận thấy một sự thay đổi trong hành vi của anh ta.,https://audio.tudienkala.com/data/cache/images/300x225/p/e/perceive1.jpg,https://audio.tudienkala.com/audio/p/e/perceive.mp3
50,perk,/pɜːk/,n,"thù lao, bổng lộc, đặc quyền, lợi ích","In exchange for your loyalty, I will provide perks you can't get from other companies.","Để đổi lấy lòng trung thành của bạn, tôi sẽ cung cấp các đặc quyền bạn không thể có được từ các công ty khác.",https://audio.tudienkala.com/data/cache/images/300x225/p/e/perk1.jpg,https://audio.tudienkala.com/audio/p/e/perk.mp3
50,persist,/pəˈsɪst/,v,"kiên trì, kiên định, khăng khăng",The reporter persisted with his questioning.,Phóng viên vẫn kiên trì với câu hỏi của mình.,https://audio.tudienkala.com/data/images_example/300x225/t/h/the_report_ex2_587729ee7f8b9a8e308b461f.jpg,https://audio.tudienkala.com/audio/p/e/persist.mp3
50,pervasive,/pəˈveɪsɪv/,adj,"toả khắp, lan tràn khắp, phổ biến",a pervasive smell of damp,một mùi ẩm mốc tỏa khắp,https://audio.tudienkala.com/data/images_example/300x225/a/_/a_pervasiv_ex2_58772b237f8b9ab7308b4567.jpg,https://audio.tudienkala.com/audio/p/e/pervasive.mp3
50,pesticide,/ˈpestɪsaɪd/,n,thuốc trừ sâu,vegetables grown without the use of pesticides,rau được trồng không có sử dụng thuốc trừ sâu,https://audio.tudienkala.com/data/cache/images/300x225/p/e/pesticide1.jpg,https://audio.tudienkala.com/audio/p/e/pesticide.mp3
50,picturesque,/ˌpɪktʃərˈesk/,adj,đẹp như tranh,I like the picturesque streets of the old city.,Tôi thích những con phố đẹp như tranh của thành phố cổ.,https://audio.tudienkala.com/data/cache/images/300x225/p/i/picturesque1.jpg,https://audio.tudienkala.com/audio/p/i/picturesque.mp3
50,pioneer,/paɪəˈnɪə(r)/,n,người tiên phong,He was a pioneer in the field of archaeology.,Ông là người tiên phong trong lĩnh vực khảo cổ học.,https://audio.tudienkala.com/data/images_example/300x225/h/e/he_was_a_p_ex1_56248d007f8b9afc0c298011.jpg,https://audio.tudienkala.com/audio/p/i/pioneer.mp3
50,pitfall,/ˈpɪtfɔːl/,n,"nguy hiểm, cạm bẫy",Her $70 billion acquisition comes with several potential pitfalls.,Mua lại 70 tỷ $ của cô ta đi kèm với nhiều cạm bẫy tiềm năng.,https://audio.tudienkala.com/data/cache/images/300x225/p/i/pitfall1.jpg,https://audio.tudienkala.com/audio/p/i/pitfall.mp3
50,plateau,/plætˈoʊ/,n,cao nguyên,A plateau is a large flat area of land that is high above sea level.,Cao nguyên là một vùng đất bằng phẳng cao hơn mực nước biển.,https://audio.tudienkala.com/data/cache/images/300x225/p/l/plateau1.png,https://audio.tudienkala.com/audio/p/l/plateau.mp3
50,plunge,/plʌndʒ/,v,sụt giảm mạnh,Stock markets plunged at the news of the coup.,Thị trường chứng khoán sụt giảm mạnh do tin tức về cuộc đảo chính.,https://audio.tudienkala.com/data/images_example/300x225/s/t/stock_mark_ex2_58772b237f8b9ab7308b4569.jpg,https://audio.tudienkala.com/audio/p/l/plunge.mp3
50,pointless,/ˈpɔɪntləs/,adj,"vô nghĩa, vô ích",We searched until we knew it would be pointless to continue.,Chúng tôi đã tìm kiếm cho đến khi chúng tôi biết nó vô nghĩa để tiếp tục.,https://audio.tudienkala.com/data/images_example/300x225/w/e/we_searche_ex2_58772b247f8b9ab7308b456b.jpg,https://audio.tudienkala.com/audio/p/o/pointless.mp3
50,poisonous,/ˈpɔɪzənəs/,adj,độc hại,Ivy leaves are poisonous but I am immune to the poison.,Lá Ivy độc nhưng tôi miễn dịch với chất độc này.,https://audio.tudienkala.com/data/cache/images/300x225/p/o/poisonous1.png,https://audio.tudienkala.com/audio/p/o/poisonous.mp3
50,pollutant,/pəˈluːtənt/,n,chất gây ô nhiễm,These pollutants are extremely dangerous and harmful.,Những chất gây ô nhiễm này đặc biệt nguy hiểm và có hại.,https://audio.tudienkala.com/data/cache/images/300x225/p/o/pollutant1.jpg,https://audio.tudienkala.com/audio/p/o/pollutant.mp3
50,portable,/ˈpɔːtəbl/,adj,"cầm tay, dễ mang theo",A tablet is portable. You can put it in your school bag.,Máy tính bảng dễ mang theo. Bạn có thể để nó trong cặp.,https://audio.tudienkala.com/data/cache/images/300x225/p/o/portable1.jpg,https://audio.tudienkala.com/audio/p/o/portable.mp3
50,postgraduate,/ˌpəʊstˈɡrædʒuət/,n,nghiên cứu sinh sau đại học,postgraduate students,sinh viên sau đại học,https://audio.tudienkala.com/data/cache/images/300x225/p/o/postgraduate1.jpg,https://audio.tudienkala.com/audio/p/o/postgraduate.mp3
50,predominant,/prɪˈdɒmɪnənt/,adj,ưu thế,Research is the predominant part of my job.,Nghiên cứu là một phần chiếm ưu thế trong nghề nghiệp của tôi.,https://audio.tudienkala.com/data/images_example/300x225/r/e/research_i_ex1_5833b5bd7f8b9ac7938b46a5.jpg,https://audio.tudienkala.com/audio/p/r/predominant.mp3
50,prehistoric,/ˌpriːhɪˈstɒrɪk/,adj,(thuộc về) tiền sử,Prehistoric hunters and gathers lived prior to the time when people began recording history.,Những người săn bắt và sống tập trung ở thời tiền sử thì sống trong thời kì trước khi con người bắt đầu ghi chép lịch sử.,https://audio.tudienkala.com/data/cache/images/300x225/p/r/prehistoric1.jpg,https://audio.tudienkala.com/audio/p/r/prehistoric.mp3
50,prerequisite,/'pri:'rekwizit/,adj,"(điều/điều kiện) tiên quyết, cần trước hết, đòi hỏi trước hết",Here are the prerequisites that you need to purchase before coming to class.,Đây là những thứ đòi hỏi trước hết mà bạn cần phải sắm trước khi vào lớp học.,https://audio.tudienkala.com/data/images_example/300x225/h/e/here_are_t_ex1_580de4687f8b9a84688b459f.jpg,https://audio.tudienkala.com/audio/p/r/prerequisite.mp3
50,prevalent,/ˈprevələnt/,adj,phổ biến,The disease is even more prevalent in Latin America.,Dịch bệnh này thậm chí còn phổ biến hơn ở các nước Mỹ Latinh.,https://audio.tudienkala.com/data/images_example/300x225/t/h/the_diseas_ex1_587729f07f8b9a8e308b462b.jpg,https://audio.tudienkala.com/audio/p/r/prevalent.mp3
50,privacy,/ˈprɪvəsi/,n,sự riêng tư,I don’t like how my mother doesn’t respect my privacy.,Mình không thích cách mẹ không tôn trọng sự riêng tư của mình.,https://audio.tudienkala.com/data/cache/images/300x225/p/r/privacy1.jpg,https://audio.tudienkala.com/audio/p/r/privacy.mp3
50,prototype,/ˈprəʊtəʊtaɪp/,n,nguyên mẫu,the prototype of the modern bicycle,nguyên mẫu của chiếc xe đạp hiện đại,https://audio.tudienkala.com/data/images_example/300x225/t/h/the_protot_ex2_58772b267f8b9ab7308b4571.jpg,https://audio.tudienkala.com/audio/p/r/prototype.mp3
50,provoke,/prəˈvəʊk/,v,"gây ra (một phản ứng, kết quả, ...)",Facing eyeball to eyeball is sure to provoke a fight.,Mắt đối mắt chắc chắn sẽ kích động một cuộc chiến.,https://audio.tudienkala.com/data/images_example/300x225/f/a/facing_eye_ex1_58772a977f8b9a9d308b46b9.jpg,https://audio.tudienkala.com/audio/p/r/provoke.mp3
50,punish,/ˈpʌnɪʃ/,v,"phạt, trừng phạt",Those responsible for this crime will be severely punished.,Những người chịu trách nhiệm cho tội ác này sẽ bị trừng phạt nặng nề.,https://audio.tudienkala.com/data/cache/images/300x225/p/u/punish1.jpg,https://audio.tudienkala.com/audio/p/u/punish.mp3
50,questionable,/ˈkwestʃənəbl/,adj,đáng nghi ngờ,The conclusions that they come to are highly questionable.,Các kết luận rằng họ đưa ra là rất đáng nghi ngờ.,https://audio.tudienkala.com/data/cache/images/300x225/q/u/questionable1.jpg,https://audio.tudienkala.com/audio/q/u/questionable.mp3
50,rash,/ræʃ/,adj,"hấp tấp, liều lĩnh, thiếu suy nghĩ",It would be extremely rash to make such an assumption.,Nó sẽ cực kỳ hấp tấp để đưa ra một giả định như vậy.,https://audio.tudienkala.com/data/images_example/300x225/i/t/it_would_b_ex2_58772b287f8b9ab7308b4575.jpg,https://audio.tudienkala.com/audio/r/a/rash.mp3
50,reckless,/ˈrekləs/,adj,"thiếu thận trọng, liều lĩnh",He showed a reckless disregard for his own safety.,Ông đã cho thấy một sự liều lĩnh bất chấp sự an toàn của chính mình.,https://audio.tudienkala.com/data/cache/images/300x225/r/e/reckless1.png,https://audio.tudienkala.com/audio/r/e/reckless.mp3
50,recreational,/ˌrekriˈeɪʃənl/,adj,"giải trí, có tính giải trí",What recreational activity would you take up if you had the time?,Bạn sẽ thực hiện những hoạt động giải trí nào nếu bạn có thời gian?,https://audio.tudienkala.com/data/cache/images/300x225/r/e/recreational1.jpg,https://audio.tudienkala.com/audio/r/e/recreational.mp3
50,regulate,/ˈregjʊleɪt/,v,điều chỉnh,The activities of credit companies are regulated by law.,Các hoạt động của các công ty tín dụng được điều chỉnh bởi pháp luật.,https://audio.tudienkala.com/data/cache/images/300x225/r/e/regulate1.jpg,https://audio.tudienkala.com/audio/r/e/regulate.mp3
50,reinforce,"/,ri:in'fɔ:s/",v,"tăng cường, củng cố",Employees reinforced their learning with practice in the workplace.,Các nhân viên củng cố kiến thức của mình bằng việc thực hành ở nơi làm việc.,https://audio.tudienkala.com/data/images_example/300x225/e/m/employees__ex1_56248d157f8b9a040dc65e44.jpg,https://audio.tudienkala.com/audio/r/e/reinforce.mp3
50,relaxing,/rɪˈlæksɪŋ/,adj,thư giãn,Soft music creates a relaxing atmosphere.,Nhạc nhẹ tạo nên bầu không khí thư giãn.,https://audio.tudienkala.com/data/cache/images/300x225/r/e/relaxing1.jpg,https://audio.tudienkala.com/audio/r/e/relaxing.mp3
50,relieve,/rɪˈliːv/,v,"làm dịu đi, làm cho nhẹ nhõm",Eating bananas can relieve the stress.,Ăn chuối có thể giảm sự căng thẳng.,https://audio.tudienkala.com/data/cache/images/300x225/r/e/relieve1.jpg,https://audio.tudienkala.com/audio/r/e/relieve.mp3
50,render,/ˈrendər/,v,"làm, khiến (ai lâm vào tình trạng nào)",The virus rendered the computer useless.,Virus khiến cho máy tính vô dụng.,https://audio.tudienkala.com/data/images_example/300x225/t/h/the_virus__ex1_58772a9b7f8b9a9d308b46cd.jpg,https://audio.tudienkala.com/audio/r/e/render.mp3
50,renewable,/rɪˈnuːəbl ̩/,adj,có thể hồi phục được,There are some renewable energy sources such as wind and wave power.,Có một số nguồn năng lượng có thể tái tạo được như năng lượng gió và sóng.,https://audio.tudienkala.com/data/cache/images/300x225/r/e/renewable1.jpg,https://audio.tudienkala.com/audio/r/e/renewable.mp3
50,resemblance,/rɪˈzembləns/,n,sự giống nhau,He bears a resemblance to someone I used to know.,Ông giống với một người mà tôi đã từng biết.,https://audio.tudienkala.com/data/cache/images/300x225/r/e/resemblance1.jpg,https://audio.tudienkala.com/audio/r/e/resemblance.mp3
50,resent,/rɪˈzent/,v,"phẫn uất, không bằng lòng",He resents being treated like a child.,Anh ấy không bằng lòng khi bị đối xử như một đứa trẻ.,https://audio.tudienkala.com/data/cache/images/300x225/r/e/resent1.jpg,https://audio.tudienkala.com/audio/r/e/resent.mp3
50,resistant,/rɪˈzɪstənt/,adj,đề kháng; có sức chịu đựng,plants that are resistant to disease,các cây có khả năng kháng bệnh,https://audio.tudienkala.com/data/images_example/300x225/p/l/plants_tha_ex2_58772b2a7f8b9ab7308b457d.jpg,https://audio.tudienkala.com/audio/r/e/resistant.mp3
50,respiratory,/ˈrespərətɔːri/,adj,thuộc hô hấp,Living in the polluted environment can cause some respiratory diseases.,Sống trong môi trường bị ô nhiễm có thể gây ra một số bệnh về đường hô hấp.,https://audio.tudienkala.com/data/cache/images/300x225/r/e/respiratory1.jpg,https://audio.tudienkala.com/audio/r/e/respiratory.mp3
50,revise,/ri'vaiz/,v,"đọc lại, xem lại, duyệt lại, sửa lại (bản in thử, đạo luật...)",The brochure was revised several times before it was sent to the printer.,Tờ bướm được duyệt lại vài lần trước khi nó được gửi đi in.,https://audio.tudienkala.com/data/cache/images/300x225/r/e/revise1.png,https://audio.tudienkala.com/audio/r/e/revise.mp3
50,rewarding,/rɪˈwɔːdɪŋ/,adj,"bổ ích, đáng làm",Volunteering is the most rewarding way to get involved and change people's lives.,Tình nguyện là một trong những cách đáng làm nhất để tham gia vào và thay đổi cuộc sống của mọi người.,https://audio.tudienkala.com/data/images_example/300x225/v/o/volunteeri_ex1_58772b2b7f8b9ab7308b457f.jpg,https://audio.tudienkala.com/audio/r/e/rewarding.mp3
50,rivalry,/ˈraɪv(ə)lri/,n,"sự ganh đua, sự kình địch",There is an invisible rivalry between the two men.,Có một sự cạnh tranh vô hình giữa hai người đàn ông.,https://audio.tudienkala.com/data/cache/images/300x225/r/i/rivalry1.jpg,https://audio.tudienkala.com/audio/r/i/rivalry.mp3
50,rocket,/ˈrɒkɪt/,v,tăng vùn vụt,"Sales rocketed from 1,000 units last week to 5,000 units this week.",Doanh số vọt từ 1.000 đơn vị tuần trước lên 5.000 đơn vị trong tuần này.,https://audio.tudienkala.com/data/images_example/300x225/s/a/sales_rock_ex1_58772a9d7f8b9a9d308b46d9.jpg,https://audio.tudienkala.com/audio/r/o/rocket.mp3
50,safeguard,/ˈseɪfɡɑːd/,v,"bảo vệ, giữ gìn",to safeguard a person's interests,bảo vệ lợi ích của một người,https://audio.tudienkala.com/data/cache/images/300x225/s/a/safeguard1.jpg,https://audio.tudienkala.com/audio/s/a/safeguard.mp3
50,salient,/ˈseɪliənt/,adj,"quan trọng, nổi bật","The comments come amid heated debate over immigration, which is particularly salient in Italy.","Các ý kiến đưa ra giữa lúc cuộc tranh luận sôi nổi về vấn đề nhập cư, trong đó đặc biệt nổi bật ở Ý.",https://audio.tudienkala.com/data/cache/images/300x225/s/a/salient1.jpg,https://audio.tudienkala.com/audio/s/a/salient.mp3
50,sceptical,/ˈskeptɪkəl/,adj,"hoài nghi, ngờ vực","When I said I'd finished my homework early, Mom looked sceptical.","Khi tôi nói rằng tôi sẽ hoàn thành bài tập về nhà sớm, mẹ có vẻ không tin.",https://audio.tudienkala.com/data/cache/images/300x225/s/c/sceptical1.jpg,https://audio.tudienkala.com/audio/s/c/sceptical.mp3
50,setback,/ˈsetbæk/,n,"cản trở, chướng ngại vật",The team suffered a major setback when their best player was injured.,Cả đội gánh chịu một trở ngại lớn khi cầu thủ giỏi nhất của họ đã bị thương.,https://audio.tudienkala.com/data/images_example/300x225/t/h/the_team_s_ex2_58772b2c7f8b9ab7308b4583.jpg,https://audio.tudienkala.com/audio/s/e/setback.mp3
50,sibling,/ˈsɪblɪŋ/,n,"anh, chị, em ruột",I have two siblings: one brother and one sister.,Mình có hai anh chị em ruột: một anh trai và một chị gái.,https://audio.tudienkala.com/data/cache/images/300x225/s/i/sibling1.jpg,https://audio.tudienkala.com/audio/s/i/sibling.mp3
50,sign language,/saɪn ˈlæŋɡwɪdʒ/,n,ngôn ngữ kí hiệu (dùng để giao tiếp với người khiếm thính),American Sign Language is one of the most beautiful languages in the world.,Ngôn ngữ ký hiệu của Mỹ là một trong những ngôn ngữ đẹp nhất trên thế giới.,https://audio.tudienkala.com/data/cache/images/300x225/s/i/sign_language1.png,https://audio.tudienkala.com/audio/s/i/sign_language.mp3
50,skip,/skip/,v,"nhảy qua, bỏ qua, nhảy dây",Do you want to skip rope?,Bạn có muốn nhảy dây không?,https://audio.tudienkala.com/data/cache/images/300x225/s/k/skip1.jpg,https://audio.tudienkala.com/audio/s/k/skip.mp3
50,slender,/ˈslendər/,adj,"ít ỏi, nghèo nàn",We found that the evidence on which to base clinical decisions was slender.,Chúng tôi thấy rằng các bằng chứng để làm cơ sở quyết định lâm sàng là nghèo nàn.,https://audio.tudienkala.com/data/cache/images/300x225/s/l/slender1.jpg,https://audio.tudienkala.com/audio/s/l/slender.mp3
50,slum,/slʌm/,n,khu nhà ổ chuột,The area was fast becoming a slum for the destitute.,Khu vực này đã nhanh chóng trở thành một khu ổ chuột cho những người khốn cùng.,https://audio.tudienkala.com/data/cache/images/300x225/s/l/slum1.jpg,https://audio.tudienkala.com/audio/s/l/slum.mp3
50,slump,/slʌmp/,n,"sự sụt giảm đột ngột (giá, doanh số, giá trị...)",a slump in profits,sự sụt giảm lợi nhuận đột ngột,https://audio.tudienkala.com/data/cache/images/300x225/s/l/slump1.jpg,https://audio.tudienkala.com/audio/s/l/slump.mp3
51,smuggling,/ˈsmʌɡlɪŋ/,n,"sự buôn lậu, tội buôn lậu",drug smuggling,buôn lậu ma túy,https://audio.tudienkala.com/data/images_example/300x225/d/r/drug_smugg_ex2_58772b2e7f8b9ab7308b458f.jpg,https://audio.tudienkala.com/audio/s/m/smuggling.mp3
51,spacious,/ˈspeɪʃəs/,adj,rộng rãi,It is a spacious house with ten rooms.,Đó là một căn nhà rộng rãi với 10 phòng.,https://audio.tudienkala.com/data/cache/images/300x225/s/p/spacious1.jpeg,https://audio.tudienkala.com/audio/s/p/spacious.mp3
51,span,/spæn/,n,quãng thời gian,I worked with him over a span of six years.,Tôi đã làm việc với anh ta trong khoảng thời gian sáu năm.,https://audio.tudienkala.com/data/cache/images/300x225/s/p/span1.jpg,https://audio.tudienkala.com/audio/s/p/span.mp3
51,speculate,/ˈspekjəleɪt/,v,suy đoán,We all speculated about the reasons for her resignation.,Tất cả chúng tôi suy đoán về lý do từ chức của cô ấy.,https://audio.tudienkala.com/data/images_example/300x225/w/e/we_all_spe_ex2_58772b2f7f8b9ab7308b4593.jpg,https://audio.tudienkala.com/audio/s/p/speculate.mp3
51,spontaneous,/spɒnˈteɪniəs/,adj,"ngẫu hứng, tự phát","They just do it, and it's beautiful and creative and spontaneous.","Họ chỉ làm điều đó, và nó đẹp và sáng tạo và ngẫu hứng.",https://audio.tudienkala.com/data/cache/images/300x225/s/p/spontaneous1.jpg,https://audio.tudienkala.com/audio/s/p/spontaneous.mp3
51,staggering,/ˈstæɡərɪŋ/,adj,"đáng kinh ngạc, sửng sốt",They paid a staggering £5 million for the house.,Họ trả tiền 5.000.000 £ với giá sửng sốt cho ngôi nhà.,https://audio.tudienkala.com/data/images_example/300x225/t/h/they_paid__ex2_58772b2f7f8b9ab7308b4595.jpg,https://audio.tudienkala.com/audio/s/t/staggering.mp3
51,state of the art,/ˌsteɪtəvðiˈɑːt/,adj,"tiên tiến, hiện đại nhất hiện nay",The system was state of the art.,Hệ thống này hiện đại nhất hiện nay.,https://audio.tudienkala.com/data/cache/images/300x225/s/t/state_of_the_art1.jpg,https://audio.tudienkala.com/audio/s/t/state_of_the_art.mp3
51,stimulate,/ˈstɪmjuleɪt/,v,"khích lệ, khuyến khích",Reading stories can stimulate children's imagination.,Đọc truyện có thể thúc đẩy trí tưởng tượng của trẻ.,https://audio.tudienkala.com/data/images_example/300x225/r/e/reading_st_ex1_56248d0b7f8b9a000de3ce41.jpg,https://audio.tudienkala.com/audio/s/t/stimulate.mp3
51,stimulating,/ˈstɪmjəleɪtɪŋ/,adj,"thú vị, hào hứng; khuyến khích",We have very stimulating conversations.,Chúng tôi có những cuộc trò chuyện thú vị.,https://audio.tudienkala.com/data/cache/images/300x225/s/t/stimulating1.png,https://audio.tudienkala.com/audio/s/t/stimulating.mp3
51,stressful,/ˈstresfʊl/,adj,căng thẳng,I know this has been a very difficult and stressful time for the family and for staff involved.,Tôi biết đây là thời gian rất khó khăn và căng thẳng cho gia đình và cho các nhân viên có liên quan.,https://audio.tudienkala.com/data/cache/images/300x225/s/t/stressful1.jpg,https://audio.tudienkala.com/audio/s/t/stressful.mp3
51,stunning,/ˈstʌnɪŋ/,adj,"ấn tượng, cuốn hút",I saw a stunning woman at the party.,Tôi đã trông thấy một người phụ nữ cuốn hút tại bữa tiệc.,https://audio.tudienkala.com/data/images_example/300x225/i/_/i_saw_a_st_ex2_58772a417f8b9a99308b460c.jpg,https://audio.tudienkala.com/audio/s/t/stunning.mp3
51,superficial,/ˌsupərˈfɪʃəl/,adj,"nông cạn, hời hợt",a superficial friendship,một mối quan hệ hời hợt,https://audio.tudienkala.com/data/cache/images/300x225/s/u/superficial1.jpg,https://audio.tudienkala.com/audio/s/u/superficial.mp3
51,supervisor,/'sju:pəvaizə/,n,người giám sát,I have a meeting with my supervisor about my research topic.,Tôi có một cuộc họp với người giám sát của tôi về chủ đề nghiên cứu.,https://audio.tudienkala.com/data/cache/images/300x225/s/u/supervisor2.png,https://audio.tudienkala.com/audio/s/u/supervisor.mp3
51,surround,/səˈraʊnd/,v,bao quanh,Our house is surrounded with a lot of trees and flowers.,Nhà chúng tôi được bao quanh bởi rất nhiều cây xanh và hoa.,https://audio.tudienkala.com/data/cache/images/300x225/s/u/surround1.jpg,https://audio.tudienkala.com/audio/s/u/surround.mp3
51,susceptible,/səˈseptəbl/,adj,"dễ bị (ảnh hưởng, tổn thương,...)",He's highly susceptible to flattery.,Anh ấy rất dễ bị ảnh hưởng.,https://audio.tudienkala.com/data/images_example/300x225/h/e/hes_highly_ex1_587729fa7f8b9a8e308b4661.jpg,https://audio.tudienkala.com/audio/s/u/susceptible.mp3
51,sustainable,/səˈsteɪnəbl/,adj,"bền vững, có thể kéo dài lâu được",sustainable economic growth,tăng trưởng kinh tế bền vững,https://audio.tudienkala.com/data/images_example/300x225/s/u/sustainabl_ex2_58772b317f8b9ab7308b459b.jpg,https://audio.tudienkala.com/audio/s/u/sustainable.mp3
51,syllabus,/ˈsɪləbəs/,n,"giáo trình, chương trình học",Read the syllabus before the first day of class.,Đọc giáo trình trước ngày đầu tiên đến lớp.,https://audio.tudienkala.com/data/cache/images/300x225/s/y/syllabus2.png,https://audio.tudienkala.com/audio/s/y/syllabus.mp3
51,tabloid,/ˈtæblɔɪd/,n,"báo ""lá cải"" (các bài viết ngắn với nhiều hình ảnh, thường về những người nổi tiếng)",The story made the front page in all the tabloids.,Câu chuyện đã lên bìa trang nhất trên tất cả các tờ báo lá cải.,https://audio.tudienkala.com/data/cache/images/300x225/t/a/tabloid1.jpg,https://audio.tudienkala.com/audio/t/a/tabloid.mp3
51,tangible,/'tændʒəbl/,adj,"hữu hình, rõ ràng",We cannot accept his findings without tangible evidence.,Chúng tôi không thể chấp nhận việc tìm kiếm của anh ấy mà không có chứng cứ rõ ràng,https://audio.tudienkala.com/data/cache/images/300x225/t/a/tangible1.jpg,https://audio.tudienkala.com/audio/t/a/tangible.mp3
51,taxing,/ˈtæksɪŋ/,adj,"vất vả, đòi hỏi sự cố gắng",They find the work too taxing.,Họ tìm thấy công việc quá vất vả.,https://audio.tudienkala.com/data/cache/images/300x225/t/a/taxing1.jpg,https://audio.tudienkala.com/audio/t/a/taxing.mp3
51,tedious,/'ti:djəs/,adj,"chán ngắt, tẻ nhạt, nhạt nhẽo, buồn tẻ",Counting merchandise all weekend is the most tedious job I can imagine.,Kiểm đếm hàng suốt kỳ nghỉ cuối tuần là một công việc tẻ nhạt nhất tôi có thể hình dung.,https://audio.tudienkala.com/data/cache/images/300x225/t/e/tedious1.png,https://audio.tudienkala.com/audio/t/e/tedious.mp3
51,temperament,/ˈtempərəmənt/,n,"khí chất, tính khí",She has an artistic temperament.,Cô ấy có một tính khí nghệ sĩ.,https://audio.tudienkala.com/data/images_example/300x225/s/h/she_has_an_ex2_58772b327f8b9ab7308b45a1.jpg,https://audio.tudienkala.com/audio/t/e/temperament.mp3
51,tertiary,/ˈtɜːʃəri/,adj,"(cấp độ, cấp bậc) thứ ba",the tertiary stage of the disease,giai đoạn thứ ba của căn bệnh,https://audio.tudienkala.com/data/images_example/300x225/t/h/the_tertia_ex2_58772b327f8b9ab7308b45a3.jpg,https://audio.tudienkala.com/audio/t/e/tertiary.mp3
51,threaten,/ˈθretən/,v,đe doạ,The mugger threatened to kill him.,Người chủ mưu đe dọa giết anh ta.,https://audio.tudienkala.com/data/cache/images/300x225/t/h/threaten2.jpg,https://audio.tudienkala.com/audio/t/h/threaten.mp3
51,thrive,/θraɪv/,v,"trở nên, tiếp tục thành công hoặc khỏe mạnh",New businesses thrive in this area.,Các doanh nghiệp mới tiếp tục phát triển mạnh trong lĩnh vực này.,https://audio.tudienkala.com/data/cache/images/300x225/t/h/thrive1.jpg,https://audio.tudienkala.com/audio/t/h/thrive.mp3
51,time-consuming,/tʌɪm kənˈsjuːmɪŋ/,adj,"tốn nhiều thời gian, dài dòng",Playing computer games is time-consuming.,Chơi các trò chơi máy tính tốn nhiều thời gian.,https://audio.tudienkala.com/data/cache/images/300x225/t/i/time-consuming.jpg,https://audio.tudienkala.com/audio/t/i/time-consuming.mp3
51,tolerance,/ˈtɒlərəns/,n,lòng khoan dung,She had no tolerance for jokes of any kind.,Cô không có lòng khoan dung cho bất kỳ loại trò đùa nào.,https://audio.tudienkala.com/data/cache/images/300x225/t/o/tolerance1.jpg,https://audio.tudienkala.com/audio/t/o/tolerance.mp3
51,tolerant,/ˈtɒlərənt/,adj,"khoan dung; có tư tưởng rộng rãi, khoáng đạt",He has a very tolerant attitude towards other religions.,Ông có một thái độ rất khoan dung với các tôn giáo khác.,https://audio.tudienkala.com/data/cache/images/300x225/t/o/tolerant1.jpg,https://audio.tudienkala.com/audio/t/o/tolerant.mp3
51,trait,/treɪt/,n,đức tính,One of her brother's more admirable personality traits was his general lack of prejudice.,Một trong những đức tính đáng ngưỡng mộ hơn của anh trai cô ấy là tính không định kiến.,https://audio.tudienkala.com/data/cache/images/300x225/t/r/trait1.png,https://audio.tudienkala.com/audio/t/r/trait.mp3
51,transform,/trænsˈfɔːm/,v,"thay đổi, biến đổi",We transform liquid into ice by putting it in a fridge.,Chúng ta chuyển chất lỏng thành băng bằng cách cho vào trong tủ lạnh.,https://audio.tudienkala.com/data/images_example/300x225/w/e/we_transfo_ex2_587728fd7f8b9a5f308b4698.jpg,https://audio.tudienkala.com/audio/t/r/transform.mp3
51,translate,/trænsˈleɪt/,v,"chuyển sang, biến thành",I need to translate from English to German.,Tôi cần dịch từ tiếng Anh sang tiếng Đức.,https://audio.tudienkala.com/data/cache/images/300x225/t/r/translate2.jpg,https://audio.tudienkala.com/audio/t/r/translate.mp3
51,trauma,/ˈtrɔːmə/,n,"chấn thương tâm lí, tổn thương",the effects of trauma and stress on the body,những ảnh hưởng của chấn thương và căng thẳng trên cơ thể,https://audio.tudienkala.com/data/cache/images/300x225/t/r/trauma1.jpg,https://audio.tudienkala.com/audio/t/r/trauma.mp3
51,traumatic,/trɔːˈmætɪk/,adj,(gây) đau buồn,she was going through a traumatic divorce.,Cô đã trải qua một cuộc ly dị đau thương.,https://audio.tudienkala.com/data/images_example/300x225/s/h/she_was_go_ex2_58772b337f8b9ab7308b45a9.jpg,https://audio.tudienkala.com/audio/t/r/traumatic.mp3
51,treacherous,/ˈtretʃərəs/,adj,"dối trá, xảo quyệt","He was weak, cowardly and treacherous.","Anh ta yếu đuối, hèn nhát và dối trá.",https://audio.tudienkala.com/data/cache/images/300x225/t/r/treacherous1.jpg,https://audio.tudienkala.com/audio/t/r/treacherous.mp3
51,trigger,/ˈtrɪɡər/,n,nguyên nhân thúc đẩy (đặc biệt là một điều tồi tệ xảy ra),The trigger for the strike was the closure of another factory.,Nguyên nhân cuộc đình công là việc đóng cửa nhà máy khác.,https://audio.tudienkala.com/data/images_example/300x225/t/h/the_trigge_ex2_58772aa87f8b9a9d308b470b.jpg,https://audio.tudienkala.com/audio/t/r/trigger.mp3
51,trivial,/ˈtrɪviəl/,adj,"nhỏ nhặt, lặt vặt",My younger brother and I used to have some arguments about trivial things.,Trước đây em trai tôi và tôi hay tranh cãi nhau về những chuyện nhỏ nhặt.,https://audio.tudienkala.com/data/images_example/300x225/m/y/my_younger_ex1_587729fe7f8b9a8e308b4673.jpg,https://audio.tudienkala.com/audio/t/r/trivial.mp3
51,ubiquitous,/juːˈbɪkwɪtəs/,adj,có ở khắp nơi; rất phổ biến,"Leather is very much in fashion this season, as is the ubiquitous denim.",Da được sử dụng rất nhiều trong thời trang mùa này như một chất liệu phổ biến.,https://audio.tudienkala.com/data/cache/images/300x225/u/b/ubiquitous1.jpg,https://audio.tudienkala.com/audio/u/b/ubiquitous.mp3
51,undergo,/ˌʌndəˈɡəʊ/,v,trải qua,He was lucky enough to undergo a life-saving brain operation.,Ông đã may mắn trải qua một ca phẫu thuật não cứu sống tính mạng.,https://audio.tudienkala.com/data/images_example/300x225/h/e/he_underwe_ex2_587729fe7f8b9a8e308b4677.jpg,https://audio.tudienkala.com/audio/u/n/undergo.mp3
51,underline,/ˌʌndəˈlaɪn/,v,gạch chân (dòng chữ),All the mistakes were underlined in red ink.,Tất cả các lỗi đã được gạch chân bằng mực đỏ.,https://audio.tudienkala.com/data/cache/images/300x225/u/n/underline1.png,https://audio.tudienkala.com/audio/u/n/underline.mp3
51,unprecedented,/ʌnˈpresɪdəntɪd/,adj,chưa từng có/xảy ra trước đây,The situation is unprecedented in modern times.,Tình huống này là chưa từng xảy ra trước đây trong thời hiện đại.,https://audio.tudienkala.com/data/cache/images/300x225/u/n/unprecedented1.jpg,https://audio.tudienkala.com/audio/u/n/unprecedented.mp3
51,unskilled,/ʌnˈskɪld/,adj,"không có chuyên môn, không giỏi, không cần chuyên môn",Those that are employed are in unskilled jobs in this mining district.,Những người được tuyển dụng đó làm công việc không chuyên môn tại khu khai thác mỏ này.,https://audio.tudienkala.com/data/cache/images/300x225/u/n/unskilled1.jpg,https://audio.tudienkala.com/audio/u/n/unskilled.mp3
51,upbringing,/ˈʌpˌbrɪŋɪŋ/,n,"sự giáo dục, sự dạy dỗ (trẻ con)",He had a Christian upbringing.,Ông đã có một nền giáo dục theo Kitô giáo.,https://audio.tudienkala.com/data/cache/images/300x225/u/p/upbringing1.jpg,https://audio.tudienkala.com/audio/u/p/upbringing.mp3
51,up to date,/ˌʌptəˈdeɪt/,adj,cập nhật; có thông tin mới nhất,We are keeping up to date with the latest developments.,Chúng tôi đang cập nhật những phát triển mới nhất.,https://audio.tudienkala.com/data/images_example/300x225/w/e/we_are_kee_ex2_58772b347f8b9ab7308b45af.jpg,https://audio.tudienkala.com/audio/u/p/up_to_date.mp3
51,vandalism,/ˈvændəlɪzəm/,n,"sự phá hoại (những công trình văn hoá, công cộng)",Reports of criminal damage and persistent vandalism were also relayed to councillors.,Các báo cáo về thiệt hại do tội phạm gây ra và sự phá hoại dai dẳng cũng đã được chuyển đến hội đồng.,https://audio.tudienkala.com/data/cache/images/300x225/v/a/vandalism1.jpg,https://audio.tudienkala.com/audio/v/a/vandalism.mp3
51,versatile,/ˈvɜːsətaɪl/,adj,"đa năng, nhiều công dụng",This food processor is versatile. You can mix or chop up wet and dry foods.,Máy xay đa năng này rất đa năng. Bạn có thể trộn hoặc nghiền cả đồ ướt và đồ khô.,https://audio.tudienkala.com/data/images_example/300x225/t/h/this_food__ex1_58772aab7f8b9a9d308b471b.jpg,https://audio.tudienkala.com/audio/v/e/versatile.mp3
51,viable,/ˈvaɪəbl/,adj,có tính khả thi,I am afraid your plan is not viable.,Tôi e rằng kế hoạch của bạn không có tính khả thi.,https://audio.tudienkala.com/data/images_example/300x225/_/i/_i_am_afra_ex1_58772aac7f8b9a9d308b471f.png,https://audio.tudienkala.com/audio/v/i/viable.mp3
51,vivid,/ˈvɪvɪd/,adj,sinh động,This is a vivid story about life and death.,Đây là một câu chuyện sống động về cuộc sống và cái chết.,https://audio.tudienkala.com/data/cache/images/300x225/v/i/vivid1.jpg,https://audio.tudienkala.com/audio/v/i/vivid.mp3
51,vocational,/vəʊˈkeɪʃənəl/,adj,hướng nghiệp,Many are engaged in vocational activities like weaving bedsheets and towels.,Nhiều người đang tham gia vào các hoạt động dạy nghề như dệt ga trải giường và khăn tắm.,https://audio.tudienkala.com/data/cache/images/300x225/v/o/vocational1.jpg,https://audio.tudienkala.com/audio/v/o/vocational.mp3
51,volatile,/ˈvɒlətaɪl/,adj,nhiều biến động; dễ trở nên xấu đi hay nguy hiểm hơn,a volatile exchange rate,một biến động tỷ giá,https://audio.tudienkala.com/data/cache/images/300x225/v/o/volatile1.png,https://audio.tudienkala.com/audio/v/o/volatile.mp3
51,well-being,/ˈwelˌbiːɪŋ/,n,"tình trạng hạnh phúc, khỏe mạnh nói chung; phúc lợi","As we get older, this facet of our lives becomes even more important to our well-being and our health.","Khi chúng ta già đi, khía cạnh này của cuộc sống chúng ta trở nên quan trọng hơn đối với tình trạng hạnh phúc và sức khỏe của chúng ta.",https://audio.tudienkala.com/data/images_example/300x225/a/s/as_we_get__ex2_58772b367f8b9ab7308b45b7.jpg,https://audio.tudienkala.com/audio/w/e/well-being.mp3
52,abate,/əˈbeɪt/,v,"(làm) dịu đi, yếu đi, giảm bớt",The storm showed no signs of abating.,Các cơn bão cho thấy không có dấu hiệu giảm bớt.,https://audio.tudienkala.com/data/cache/images/300x225/a/b/abate1.jpg,https://audio.tudienkala.com/audio/a/b/abate.mp3
52,abhor,/əbˈhɔːr/,v,ghê tởm; ghét cay ghét đắng,I abhor all forms of racism.,Tôi ghét cay ghét đắng tất cả các hình thức phân biệt chủng tộc.,https://audio.tudienkala.com/data/cache/images/300x225/a/b/abhor1.jpg,https://audio.tudienkala.com/audio/a/b/abhor.mp3
52,acclimatize,/əˈklaɪmətaɪz/,v,"thích nghi với môi trường, khí hậu",You should arrive two days early in order to acclimatize.,Bạn nên đến hai ngày sớm hơn để thích nghi với môi trường.,https://audio.tudienkala.com/data/images_example/300x225/y/o/you_should_ex2_58772a027f8b9a8e308b468d.jpg,https://audio.tudienkala.com/audio/a/c/acclimatize.mp3
52,achievable,/əˈtʃiː.və.bl̩/,adj,"có thể đạt được, thực hiện được",Profits of $20m look achievable.,Lợi nhuận 20 triệu đô la có thể đạt được.,https://audio.tudienkala.com/data/cache/images/300x225/a/c/achievable2.jpg,https://audio.tudienkala.com/audio/a/c/achievable.mp3
52,acquiesce,/ˌækwiˈes/,v,"bằng lòng, ưng thuận, đồng ý; bằng lòng ngầm, mặc nhận",Senior government figures must have acquiesced in the cover-up.,Những nhân vật cao cấp của chính phủ phải nhượng bộ ưng thuận ngầm.,https://audio.tudienkala.com/data/images_example/300x225/s/e/senior_gov_ex2_58772b377f8b9ab7308b45b9.jpg,https://audio.tudienkala.com/audio/a/c/acquiesce.mp3
52,activate,/ˈæktɪveɪt/,v,kích hoạt,The burglar alarm is activated by movement.,Báo động chống trộm được kích hoạt bằng chuyển động.,https://audio.tudienkala.com/data/images_example/300x225/t/h/the_burgla_ex2_5877266b7f8b9acf2f8b45b8.jpg,https://audio.tudienkala.com/audio/a/c/activate.mp3
52,addicted,/əˈdɪktɪd/,adj,"nghiện (ma túy, cờ bạc,...)",to become addicted to drugs/gambling,trở thành nghiện ma túy / cờ bạc,https://audio.tudienkala.com/data/cache/images/300x225/a/d/addicted1.jpg,https://audio.tudienkala.com/audio/a/d/addicted.mp3
52,admonish,/ədˈmɒnɪʃ/,v,"khiển trách, la rầy",She was admonished for chewing gum in class.,Cô đã bị khiển trách vì nhai kẹo cao su trong lớp.,https://audio.tudienkala.com/data/cache/images/300x225/a/d/admonish1.jpg,https://audio.tudienkala.com/audio/a/d/admonish.mp3
52,adulthood,/ˈædʌlthʊd/,n,"tuổi khôn lớn, tuổi trưởng thành",a child reaching adulthood,đứa trẻ đến tuổi trưởng thành,https://audio.tudienkala.com/data/cache/images/300x225/a/d/adulthood1.jpg,https://audio.tudienkala.com/audio/a/d/adulthood.mp3
52,affable,/ˈæfəbl/,adj,"lịch sự, hoà nhã; niềm nở, ân cần",He greeted everyone in the same relaxed and affable manner.,Anh ấy chào đón tất cả mọi người đều thoải mái và niềm nở.,https://audio.tudienkala.com/data/cache/images/300x225/a/f/affable2.png,https://audio.tudienkala.com/audio/a/f/affable.mp3
52,aggravate,/ˈæɡrəveɪt/,v,"làm trầm trọng, xấu thêm",Pollution can aggravate asthma.,Ô nhiễm có thể làm bệnh hen suyễn trầm trọng thêm.,https://audio.tudienkala.com/data/images_example/300x225/p/o/pollution__ex2_58772a057f8b9a8e308b4699.jpg,https://audio.tudienkala.com/audio/a/g/aggravate.mp3
52,alacrity,/əˈlækrəti/,n,sự sốt sắng,They accepted the offer with alacrity.,Họ chấp nhận lời đề nghị với một sự sốt sắng.,https://audio.tudienkala.com/data/cache/images/300x225/a/l/alacrity1.jpg,https://audio.tudienkala.com/audio/a/l/alacrity.mp3
52,amiable,/ˈeɪmiəbl/,adj,"dễ thương, thân thiện",Her parents seemed very amiable.,Bố mẹ của cô ấy dường như rất tốt bụng.,https://audio.tudienkala.com/data/cache/images/300x225/a/m/amiable1.jpg,https://audio.tudienkala.com/audio/a/m/amiable.mp3
52,appease,/əˈpiːz/,v,"làm dịu, xoa dịu",The move was widely seen as an attempt to appease critics of the regime.,Động thái này được nhiều người coi là một nỗ lực nhằm xoa dịu những người chỉ trích chế độ.,https://audio.tudienkala.com/data/images_example/300x225/t/h/the_move_w_ex2_58772a087f8b9a8e308b46ad.jpg,https://audio.tudienkala.com/audio/a/p/appease.mp3
52,arcane,/ɑːˈkeɪn/,adj,"bí ẩn, kì lạ, phức tạp",He was the only person who understood all the arcane details of the agreement.,Ông ta là người duy nhất hiểu rõ tất cả các chi tiết bí ẩn trong bản hợp đồng.,https://audio.tudienkala.com/data/cache/images/300x225/a/r/arcane1.jpg,https://audio.tudienkala.com/audio/a/r/arcane.mp3
52,arduous,/ˈɑːdjuəs/,adj,"khó khăn, gian khổ",This is an arduous journey across the Andes.,Đây là một cuộc hành trình gian khổ qua dãy Andes.,https://audio.tudienkala.com/data/cache/images/300x225/a/r/arduous1.jpg,https://audio.tudienkala.com/audio/a/r/arduous.mp3
52,assimilate,/əˈsɪmɪleɪt/,v,"trở thành (hoặc làm cho ai đó trở thành) một phần của một cộng đồng, một đất nước thay vì là một nhóm riêng biệt; hòa nhập (làm cho ai đó hòa nhập)",The older generation is more difficult to assimilate.,Thế hệ trước có nhiều khó khăn hơn trong việc hòa nhập.,https://audio.tudienkala.com/data/images_example/300x225/t/h/the_older__ex2_58772a0a7f8b9a8e308b46b7.jpg,https://audio.tudienkala.com/audio/a/s/assimilate.mp3
52,at-risk,/ətˈrɪsk/,adj,"có nguy cơ cao, bị đe dọa",Social services keep lists of at-risk children.,Dịch vụ xã hội giữ danh sách những trẻ em bị đe dọa.,https://audio.tudienkala.com/data/cache/images/300x225/a/t/at-risk1.jpg,https://audio.tudienkala.com/audio/a/t/at-risk.mp3
52,attainable,/əˈteɪ.nə.bl̩/,adj,có thể đạt được,Losing 20 kilograms in three months is a realistic and attainable goal.,Giảm 20 ký trong ba tháng là một mục tiêu thực tế và có thể đạt được.,https://audio.tudienkala.com/data/images_example/300x225/l/o/losing_20__ex2_58772b397f8b9ab7308b45c3.png,https://audio.tudienkala.com/audio/a/t/attainable.mp3
52,attention-grabbing,/əˈtenʃn ˈɡræbɪŋ/,adj,thu hút sự chú ý,I ask him how he copes with the American attitude to his attention-grabbing books.,Tôi hỏi anh ấy làm thế nào đối phó với thái độ của Mỹ về cuốn sách thu hút sự chú ý của anh ta.,https://audio.tudienkala.com/data/cache/images/300x225/a/t/attention-grabbing1.jpg,https://audio.tudienkala.com/audio/a/t/attention-grabbing.mp3
52,backpack,/ˈbækpæk/,n,ba lô,Get your backpack and let’s go!,Hãy lấy ba lô của bạn và đi thôi!,https://audio.tudienkala.com/data/cache/images/300x225/b/a/backpack1.png,https://audio.tudienkala.com/audio/b/a/backpack.mp3
52,biodiversity,/ˌbaɪəʊ da ɪˈvɜːsɪti,n,đa dạng sinh học,A new National Biological Survey will protect species habitat and biodiversity.,Một cuộc khảo sát sinh học cấp Quốc gia mới sẽ bảo vệ môi trường sống và sự đa dạng sinh học của các loài sinh vật.,https://audio.tudienkala.com/data/cache/images/300x225/b/i/biodiversity1.jpg,https://audio.tudienkala.com/audio/b/i/biodiversity.mp3
52,biofuel,/ˈbaɪəʊˌfjʊəl/,n,nhiên liệu sinh học,biofuels made from sugar cane and sugar beet,nhiên liệu sinh học làm từ mía và củ cải đường,https://audio.tudienkala.com/data/cache/images/300x225/b/i/biofuel1.jpg,https://audio.tudienkala.com/audio/b/i/biofuel.mp3
52,blue-collar,/ˌbluːˈkɒlər/,adj,thuộc về hoặc liên quan đến những người lao động chân tay,She is comfortable dealing with blue-collar workers and elite patrons.,Cô thoải mái như nhau kể cả khi làm việc với công nhân lao động chân tay và khách hàng cao cấp.,https://audio.tudienkala.com/data/cache/images/300x225/b/l/blue-collar1.jpg,https://audio.tudienkala.com/audio/b/l/blue-collar.mp3
52,brazen,/ˈbreɪzən/,adj,"vô liêm sỉ, trắng trợn",She had become brazen about the whole affair.,Cô trở nên ngang ngược về toàn bộ sự việc.,https://audio.tudienkala.com/data/images_example/300x225/s/h/she_had_be_ex2_58772a0b7f8b9a8e308b46bd.jpg,https://audio.tudienkala.com/audio/b/r/brazen.mp3
52,brusque,/bruːsk/,adj,"lỗ mãng, cộc cằn",The doctor spoke in a brusque tone.,Các bác sĩ nói bằng một giọng lỗ mãng.,https://audio.tudienkala.com/data/cache/images/300x225/b/r/brusque1.jpg,https://audio.tudienkala.com/audio/b/r/brusque.mp3
52,burgeon,/ˈbɜːdʒən/,v,"bắt đầu lớn lên, phát triển nhanh chóng",Love burgeoned between them.,Tình yêu lớn dần giữa họ.,https://audio.tudienkala.com/data/images_example/300x225/l/o/love_burge_ex2_58772b3a7f8b9ab7308b45cb.jpg,https://audio.tudienkala.com/audio/b/u/burgeon.mp3
52,cajole,/kəˈdʒəʊl/,v,"dụ dỗ, nịnh nọt",He cajoled me into agreeing to do the work.,Anh ta dụ dỗ tôi đồng ý làm việc.,https://audio.tudienkala.com/data/cache/images/300x225/c/a/cajole2.png,https://audio.tudienkala.com/audio/c/a/cajole.mp3
52,callous,/ˈkæləs/,adj,nhẫn tâm,"It might sound callous, but I don't care if he's homeless. He's not living with me!","Nó có vẻ nhẫn tâm, nhưng tôi không quan tâm anh ấy có vô gia cư hay không. Anh ấy không có sống với tôi.",https://audio.tudienkala.com/data/cache/images/300x225/c/a/callous1.jpg,https://audio.tudienkala.com/audio/c/a/callous.mp3
52,candour,/ˈkændər/,n,"tính thật thà, ngay thẳng","""We really don't know what to do about it,"" she said with surprising candour.","""Chúng tôi thực sự không biết phải làm gì về nó,"" cô ấy nói thẳng thắn một cách đáng ngạc nhiên.",https://audio.tudienkala.com/data/cache/images/300x225/c/a/candour1.jpg,https://audio.tudienkala.com/audio/c/a/candour.mp3
52,censor,/ˈsensər/,v,kiểm duyệt,The news reports had been heavily censored.,Các bản tin đã được kiểm duyệt nặng nề.,https://audio.tudienkala.com/data/images_example/300x225/t/h/the_news_r_ex2_587729cf7f8b9a8e308b457d.jpg,https://audio.tudienkala.com/audio/c/e/censor.mp3
52,cherish,/ˈtʃerɪʃ/,v,"trân trọng, yêu quý",Children need to be cherished.,Trẻ em cần được yêu thương.,https://audio.tudienkala.com/data/cache/images/300x225/c/h/cherish1.jpg,https://audio.tudienkala.com/audio/c/h/cherish.mp3
52,circumspect,/ˈsɜːkəmspekt/,adj,thận trọng,He was very circumspect in his financial affairs.,Anh ấy đã rất thận trọng trong vấn đề tài chính của mình.,https://audio.tudienkala.com/data/cache/images/300x225/c/i/circumspect1.jpg,https://audio.tudienkala.com/audio/c/i/circumspect.mp3
52,circumvent,/ˌsɜːkəmˈvent/,v,tìm cách tránh một khó khăn hoặc một quy định nào đó; lách (luật),They found a way of circumventing the law.,Họ đã tìm ra một cách để lách luật.,https://audio.tudienkala.com/data/cache/images/300x225/c/i/circumvent1.png,https://audio.tudienkala.com/audio/c/i/circumvent.mp3
52,clandestine,/klænˈdestɪn/,adj,"giấu giếm, bí mật",The group held weekly clandestine meetings in a church.,Nhóm đã tổ chức những cuộc gặp gỡ bí mật hàng tuần trong một nhà thờ.,https://audio.tudienkala.com/data/images_example/300x225/t/h/the_group__ex2_58772b3b7f8b9ab7308b45cf.jpg,https://audio.tudienkala.com/audio/c/l/clandestine.mp3
52,close-knit,/ˌkləʊsˈnɪt/,adj,"gắn bó, gần gũi, thân thiết",One of the school's strengths is its place at the centre of a close-knit village community.,Một trong những thế mạnh của trường là vị trí của nó tại trung tâm một cộng đồng làng gắn bó.,https://audio.tudienkala.com/data/cache/images/300x225/c/l/close-knit1.jpg,https://audio.tudienkala.com/audio/c/l/close-knit.mp3
52,cluttered,/ˈklʌtəd/,adj,"lộn xộn, bừa bộn",a cluttered room/desk,phòng lộn xộn / bàn lộn xộn,https://audio.tudienkala.com/data/cache/images/300x225/c/l/cluttered1.jpg,https://audio.tudienkala.com/audio/c/l/cluttered.mp3
52,coerce,/kəʊˈɜːs/,v,"buộc, ép buộc",They were coerced into negotiating a settlement.,Họ bị buộc phải đàm phán một vụ hòa giải.,https://audio.tudienkala.com/data/cache/images/300x225/c/o/coerce1.jpg,https://audio.tudienkala.com/audio/c/o/coerce.mp3
52,cohesive,/kəʊˈhiːsɪv/,adj,"gắn kết chặt chẽ, dính liền",Family life can be a cohesive force in society.,Cuộc sống gia đình có thể là một động lực gắn kết trong xã hội.,https://audio.tudienkala.com/data/cache/images/300x225/c/o/cohesive1.jpg,https://audio.tudienkala.com/audio/c/o/cohesive.mp3
52,colonize,/ˈkɒlənaɪz/,v,chiếm làm thuộc địa,The area was colonized by the Vikings.,Khu vực này đã bị chiếm làm thuộc địa bởi những người Viking.,https://audio.tudienkala.com/data/cache/images/300x225/c/o/colonize1.jpg,https://audio.tudienkala.com/audio/c/o/colonize.mp3
52,colossal,/kəˈlɒsəl/,adj,rất lớn,Now we're paying a huge price for their colossal mistake.,Bây giờ chúng ta đang phải trả một giá rất lớn cho sai lầm to lớn của họ.,https://audio.tudienkala.com/data/cache/images/300x225/c/o/colossal1.jpg,https://audio.tudienkala.com/audio/c/o/colossal.mp3
52,computerize,/kəmˈpjuːtəraɪz/,v,"trang bị máy vi tính, tin học hóa",The factory has been fully computerized.,Nhà máy đã được trang bị máy vi tính hoàn toàn.,https://audio.tudienkala.com/data/cache/images/300x225/c/o/computerize1.jpg,https://audio.tudienkala.com/audio/c/o/computerize.mp3
52,conducive,/kənˈdjuːsɪv/,adj,"có ích, có lợi",The soft lights and music were conducive to a relaxed atmosphere.,Các đèn chiếu sáng nhẹ và nhạc sẽ có ích cho một bầu không khí thoải mái.,https://audio.tudienkala.com/data/images_example/300x225/t/h/the_soft_l_ex1_56248d167f8b9a040dc66044.jpg,https://audio.tudienkala.com/audio/c/o/conducive.mp3
52,confidant,/ˈkɒnfɪdænt/,n,"bạn tâm tình, tri kỉ",John didn't have any close friends or confidants.,John không có bất cứ người bạn thân hay bạn tri kỉ nào.,https://audio.tudienkala.com/data/cache/images/300x225/c/o/confidant1.jpg,https://audio.tudienkala.com/audio/c/o/confidant.mp3
52,conjecture,/kənˈdʒektʃər/,n,"sự phỏng đoán, sự ước đoán",There's been a lot of conjecture in the media recently about the marriage.,Gần đây đã có rất nhiều phỏng đoán trên các phương tiện truyền thông về hôn nhân.,https://audio.tudienkala.com/data/cache/images/300x225/c/o/conjecture1.jpg,https://audio.tudienkala.com/audio/c/o/conjecture.mp3
52,connive,/kəˈnaɪv/,v,thông đồng,The government was accused of having connived with the security forces to permit murder.,Chính phủ đã bị buộc tội đã thông đồng với các lực lượng an ninh cho phép giết người.,https://audio.tudienkala.com/data/images_example/300x225/t/h/the_govern_ex2_58772a5e7f8b9a9d308b4583.jpg,https://audio.tudienkala.com/audio/c/o/connive.mp3
52,conserve,/kənˈsəːv/,v,"bảo tồn, duy trì, gìn giữ",People in this city are trying to conserve the historic buildings.,Người dân ở thành phố này đang cố gắng để bảo tồn các công trình lịch sử.,https://audio.tudienkala.com/data/cache/images/300x225/c/o/conserve1.jpg,https://audio.tudienkala.com/audio/c/o/conserve.mp3
52,construe,/kənˈstruː/,v,"hiểu, giải thích (câu, từ, hành động)",He considered how the remark was to be construed.,Ông xem xét cách lời nhận xét được hiểu như thế nào.,https://audio.tudienkala.com/data/cache/images/300x225/c/o/construe2.png,https://audio.tudienkala.com/audio/c/o/construe.mp3
52,contaminate,/kənˈtæmɪneɪt/,v,"làm ô nhiễm, làm bẩn",The drinking water has become contaminated with lead.,Nước uống đã bị ô nhiễm với chì.,https://audio.tudienkala.com/data/cache/images/300x225/c/o/contaminate1.jpg,https://audio.tudienkala.com/audio/c/o/contaminate.mp3
52,converse,/kənˈvɜːs/,v,"nói chuyện, trò chuyện với",She conversed with the Romanians in French.,Cô trò chuyện với người Romania bằng tiếng Pháp.,https://audio.tudienkala.com/data/cache/images/300x225/c/o/converse2.png,https://audio.tudienkala.com/audio/c/o/converse.mp3
53,cosmopolitan,/ˌkɒzməˈpɒlɪtən/,adj,(mang tính) quốc tế,New York is a highly cosmopolitan city.,New York là một thành phố có tính quốc tế cao.,https://audio.tudienkala.com/data/cache/images/300x225/c/o/cosmopolitan1.jpg,https://audio.tudienkala.com/audio/c/o/cosmopolitan.mp3
53,counteract,/ˌkaʊntərˈækt/,v,"chống lại, làm mất tác dụng",These exercises aim to counteract the effects of stress and tension.,Những bài tập này nhằm mục đích để chống lại các tác động của sự căng thẳng và sức ép.,https://audio.tudienkala.com/data/images_example/300x225/t/h/these_exer_ex2_58772b3e7f8b9ab7308b45dd.jpg,https://audio.tudienkala.com/audio/c/o/counteract.mp3
53,craving,/ˈkreɪ.vɪŋ/,n,"sự thèm muốn, lòng khao khát","Hunger cravings are very powerful, and trying to resist them is a constant struggle.","Sự thèm ăn là vô cùng mạnh mẽ, và việc cố gắng để chống lại chúng là một cuộc đấu tranh liên tục.",https://audio.tudienkala.com/data/cache/images/300x225/c/r/craving1.jpg,https://audio.tudienkala.com/audio/c/r/craving.mp3
53,crux,/krʌks/,n,"(điểm) mấu chốt, then chốt",Now we come to the crux of the matter.,Bây giờ chúng ta đi đến mấu chốt của vấn đề.,https://audio.tudienkala.com/data/cache/images/300x225/c/r/crux1.jpg,https://audio.tudienkala.com/audio/c/r/crux.mp3
53,cultivate,/ˈkʌltɪveɪt/,v,"canh tác, trồng trọt",Most of the land there is too poor to cultivate.,Hầu hết đất đai ở đó quá cằn cỗi để canh tác.,https://audio.tudienkala.com/data/cache/images/300x225/c/u/cultivate1.jpg,https://audio.tudienkala.com/audio/c/u/cultivate.mp3
53,current affairs,/ˈkʌrənt əˈfeə(r)z/,n,thời sự,Current Affairs in 2013,Thời sự vào năm 2013,https://audio.tudienkala.com/data/cache/images/300x225/c/u/current_affairs1.jpg,https://audio.tudienkala.com/audio/c/u/current_affairs.mp3
53,debase,/dɪˈbeɪs/,v,"làm xấu đi, làm giảm giá trị",Sport is being debased by commercial sponsorship.,Thể thao đang bị giảm chất lượng do tài trợ thương mại.,https://audio.tudienkala.com/data/images_example/300x225/s/p/sport_is_b_ex2_58772a627f8b9a9d308b459b.jpg,https://audio.tudienkala.com/audio/d/e/debase.mp3
53,decry,/dɪˈkraɪ/,v,chê bai; công khai chỉ trích (ai),The measures were decried as useless.,Các biện pháp này bị chỉ trích là vô dụng.,https://audio.tudienkala.com/data/cache/images/300x225/d/e/decry1.jpg,https://audio.tudienkala.com/audio/d/e/decry.mp3
53,deferential,/ˌdefəˈrenʃl/,n,"cung kính, tôn kính",He was always deferential towards his mentor.,Anh ấy luôn luôn tôn kính người thầy của mình.,https://audio.tudienkala.com/data/cache/images/300x225/d/e/deferential2.png,https://audio.tudienkala.com/audio/d/e/deferential.mp3
53,deforestation,/ˌdiːˌfɔːrɪˈsteɪʃn/,n,"sự tàn phá rừng, hiện tượng rừng bị tàn phá",There has been rising deforestation recently.,Gần đây nạn phá rừng ngày càng gia tăng.,https://audio.tudienkala.com/data/cache/images/300x225/d/e/deforestation1.jpg,https://audio.tudienkala.com/audio/d/e/deforestation.mp3
53,demeanour,/dɪˈmiːnər/,n,"cách xử sự, cử chỉ, thái độ",He maintained a professional demeanour throughout.,Ông duy trì một cử chỉ chuyên nghiệp xuyên suốt.,https://audio.tudienkala.com/data/images_example/300x225/h/e/he_maintai_ex2_587729d57f8b9a8e308b459f.jpg,https://audio.tudienkala.com/audio/d/e/demeanour.mp3
53,demolish,/dɪˈmɒlɪʃ/,v,"phá huỷ, phá bỏ",The factory is due to be demolished next year.,Nhà máy sẽ bị phá bỏ vào năm tới.,https://audio.tudienkala.com/data/cache/images/300x225/d/e/demolish1.jpg,https://audio.tudienkala.com/audio/d/e/demolish.mp3
53,demure,/dɪˈmjʊər/,adj,"kín đáo; nghiêm trang, từ tốn",She was a demure young lady.,Cô ta là một quý bà trẻ đoan trang.,https://audio.tudienkala.com/data/cache/images/300x225/d/e/demure1.jpg,https://audio.tudienkala.com/audio/d/e/demure.mp3
53,denote,/dɪˈnəʊt/,v,"biểu hiện, biểu thị",A very high temperature often denotes a serious illness.,Nhiệt độ rất cao thường biểu thị một căn bệnh nghiêm trọng.,https://audio.tudienkala.com/data/images_example/300x225/a/_/a_very_hig_ex2_58772a647f8b9a9d308b45a7.jpg,https://audio.tudienkala.com/audio/d/e/denote.mp3
53,depict,/dɪˈpɪkt/,v,"mô tả, phản ánh",a painting depicting the Virgin and Child,một bức tranh mô tả Đức Trinh Nữ và Đứa Trẻ,https://audio.tudienkala.com/data/cache/images/300x225/d/e/depict2.jpg,https://audio.tudienkala.com/audio/d/e/depict.mp3
53,deplete,/dɪˈpliːt/,v,"cạn kiệt, suy yếu",Food supplies were severely depleted.,Nguồn cung cấp lương thực đã cạn kiệt nghiêm trọng.,https://audio.tudienkala.com/data/images_example/300x225/f/o/food_suppl_ex2_58772a657f8b9a9d308b45a9.jpg,https://audio.tudienkala.com/audio/d/e/deplete.mp3
53,deride,/dɪˈraɪd/,v,"cười nhạo, chế giễu",His views were derided as old-fashioned.,Những quan điểm của ông đã bị chế giễu là lỗi thời.,https://audio.tudienkala.com/data/cache/images/300x225/d/e/deride1.jpg,https://audio.tudienkala.com/audio/d/e/deride.mp3
53,despot,/ˈdespɒt/,n,kẻ chuyên quyền; kẻ bạo ngược,an enlightened despot (= one who tries to use his/her power in a good way),một bạo chúa giác ngộ (= một người cố gắng sử dụng quyền lực của ông/bà ta một cách tốt),https://audio.tudienkala.com/data/cache/images/300x225/d/e/despot1.jpg,https://audio.tudienkala.com/audio/d/e/despot.mp3
53,deteriorate,/dɪˈtɪəriəreɪt/,v,"trở nên xấu đi, suy giảm","Her health deteriorated rapidly, and she died shortly afterwards.","Sức khỏe của bà xấu đi nhanh chóng, và bà ấy đã chết không lâu sau đó.",https://audio.tudienkala.com/data/cache/images/300x225/d/e/deteriorate1.jpg,https://audio.tudienkala.com/audio/d/e/deteriorate.mp3
53,diagnose,/´daiəg¸nouz/,v,chuẩn đoán,"After considering the patient's symptoms and looking at his test results, the doctor diagnosed the lump as benign.","Sau khi cân nhắc các triệu chứng của bệnh nhân và xem kết quả xét nghiệm của anh ta, vị bác sĩ đã chẩn đoán khối u là u lành.",https://audio.tudienkala.com/data/cache/images/300x225/d/i/diagnose1.png,https://audio.tudienkala.com/audio/d/i/diagnose.mp3
53,diligent,/ˈdɪlɪdʒənt/,adj,"cần cù, chăm chỉ","She is a diligent and committed officer, who goes far beyond the call of duty as treasurer.","Cô là một nhân viên chăm chỉ và tận tụy, những người mà làm hơn nhiệm vụ thủ quỹ đơn thuần.",https://audio.tudienkala.com/data/cache/images/300x225/d/i/diligent1.jpg,https://audio.tudienkala.com/audio/d/i/diligent.mp3
53,distracting,/dɪˈstræktɪŋ/,adj,"gây xao nhãng, mất tập trung",I hate hearing distracting noise while working.,Tôi ghét nghe thấy tiếng ồn gây xao nhãng trong khi làm việc.,https://audio.tudienkala.com/data/cache/images/300x225/d/i/distracting1.jpg,https://audio.tudienkala.com/audio/d/i/distracting.mp3
53,domesticate,/dəˈmes.tɪ.keɪt/,v,thuần hóa,Dogs were probably the first animals to be domesticated.,Chó có lẽ là những động vật đầu tiên được thuần hóa.,https://audio.tudienkala.com/data/cache/images/300x225/d/o/domesticate1.jpg,https://audio.tudienkala.com/audio/d/o/domesticate.mp3
53,double-edged,/ˌdʌb.l̩ˈedʒd/,adj,hai lưỡi (vừa lợi vừa hại cho mình như dao hai lưỡi),Their exploitation is double-edged - both by the factories and by the contractors.,Việc khai thác của họ mang tính hai lưỡi - từ cả các nhà máy và các nhà thầu.,https://audio.tudienkala.com/data/cache/images/300x225/d/o/double-edged1.jpg,https://audio.tudienkala.com/audio/d/o/double-edged.mp3
53,downsize,/ˈdaʊnˌsaɪz/,v,cắt giảm nhân sự,The TV news producer told what happened after her director downsized the newsroom.,Nhà sản xuất tin tức truyền hình đã nói những gì xảy ra sau khi giám đốc của cô ấy cắt giảm nhân sự phòng tin tức.,https://audio.tudienkala.com/data/cache/images/300x225/d/o/downsize1.jpg,https://audio.tudienkala.com/audio/d/o/downsize.mp3
53,dumbfounded,/ˌdʌmˈfaʊndɪd/,adj,"sững sờ, lặng người",The news left her dumbfounded.,Bản tin khiến cô sững sờ.,https://audio.tudienkala.com/data/cache/images/300x225/d/u/dumbfounded1.jpg,https://audio.tudienkala.com/audio/d/u/dumbfounded.mp3
53,dwindle,/ˈdwɪndl/,v,"nhỏ lại, suy giảm; thu nhỏ lại",Love fades and dwindles in the hurly-burly of life.,Tình yêu phai nhạt dần và ngày càng suy giảm trong cuộc sống vội vã.,https://audio.tudienkala.com/data/cache/images/300x225/d/w/dwindle1.jpg,https://audio.tudienkala.com/audio/d/w/dwindle.mp3
53,eco-friendly,/ˌiːkəʊˈfrendli/,adj,thân thiện với môt trường,Architects are trying to use eco-friendly materials for their building designs.,Các kiến trúc sư đang cố gắng sử dụng các vật liệu thân thiện với môi trường cho các thiết kế xây dựng của họ.,https://audio.tudienkala.com/data/cache/images/300x225/e/c/eco-friendly2.jpg,https://audio.tudienkala.com/audio/e/c/eco-friendly.mp3
53,ecosystem,/ˈiːkəʊˌsɪstəm/,n,hệ sinh thái,different ecosystems and biomes on our planet,các hệ sinh thái và quần xã sinh vật khác nhau trên hành tinh của chúng ta,https://audio.tudienkala.com/data/cache/images/300x225/e/c/ecosystem1.jpg,https://audio.tudienkala.com/audio/e/c/ecosystem.mp3
53,ecotourism,/ˌiːkəʊˈtʊərɪz(ə)m/,n,du lịch sinh thái,Ecotourism is financing rainforest preservation.,Du lịch sinh thái đang tài trợ bảo tồn rừng nhiệt đới.,https://audio.tudienkala.com/data/cache/images/300x225/e/c/ecotourism1.jpg,https://audio.tudienkala.com/audio/e/c/ecotourism.mp3
53,elated,/ɪˈleɪtɪd/,adj,"phấn chấn, phấn khởi",They were elated at the result.,Họ đã phấn khởi trước kết quả.,https://audio.tudienkala.com/data/cache/images/300x225/e/l/elated1.jpg,https://audio.tudienkala.com/audio/e/l/elated.mp3
53,elevate,/ˈeləˌveɪt/,v,nâng lên,Lie down and elevate your feet.,Nằm xuống và nâng chân lên.,https://audio.tudienkala.com/data/cache/images/300x225/e/l/elevate1.jpg,https://audio.tudienkala.com/audio/e/l/elevate.mp3
53,eloquent,/ˈeləkwənt/,adj,"hùng biện, hùng hồn",People would listen to him only because of his eloquent expressions.,Mọi người sẽ lắng nghe anh ta chỉ vì những biểu hùng hồn của anh ấy.,https://audio.tudienkala.com/data/cache/images/300x225/e/l/eloquent1.jpg,https://audio.tudienkala.com/audio/e/l/eloquent.mp3
53,elucidate,/ɪˈluːsɪdeɪt/,v,làm sáng tỏ; giải thích,He elucidated a point of grammar.,Cậu ấy đã làm sáng tỏ là một điểm của ngữ pháp.,https://audio.tudienkala.com/data/cache/images/300x225/e/l/elucidate2.png,https://audio.tudienkala.com/audio/e/l/elucidate.mp3
53,embezzle,/ɪmˈbezl/,v,"biển thủ, tham ô (tiền...)",He was found guilty of embezzling $150000 of public funds.,Ông bị kết tội biển thủ 150.000 $ tiền công quỹ.,https://audio.tudienkala.com/data/cache/images/300x225/e/m/embezzle1.jpg,https://audio.tudienkala.com/audio/e/m/embezzle.mp3
53,emit,/ɪˈmɪt/,v,"tỏa ra, phát ta (ánh sáng, nhiệt, âm thanh, khí,...)",The metal container began to emit a clicking sound.,Các thùng kim loại bắt đầu phát ra âm thanh lách cách.,https://audio.tudienkala.com/data/cache/images/300x225/e/m/emit1.jpg,https://audio.tudienkala.com/audio/e/m/emit.mp3
53,empathy,/ˈempəθi/,n,"sự thấu cảm, sự cảm thông",the writer's imaginative empathy with his subject,sự cảm thông giàu trí tưởng tượng của nhà văn với chủ đề của mình,https://audio.tudienkala.com/data/cache/images/300x225/e/m/empathy1.jpg,https://audio.tudienkala.com/audio/e/m/empathy.mp3
53,endanger,/ɪnˈdeɪndʒər /,v,gây nguy hiểm,Smoking endangers children's health.,Hút thuốc gây nguy hiểm đến sức khỏe trẻ em.,https://audio.tudienkala.com/data/cache/images/300x225/e/n/endanger1.jpg,https://audio.tudienkala.com/audio/e/n/endanger.mp3
53,enmity,/ˈenməti/,n,"sự thù hằn, sự thù hận",personal enmity and political conflict,sự thù hằn cá nhân và các cuộc xung đột chính trị,https://audio.tudienkala.com/data/cache/images/300x225/e/n/enmity1.jpg,https://audio.tudienkala.com/audio/e/n/enmity.mp3
53,enrich,/ɪnˈrɪtʃ/,v,nâng cao chất lượng,The study of science has enriched all our lives.,Nghiên cứu khoa học đã làm nâng cao chất lượng tất cả cuộc sống của chúng ta.,https://audio.tudienkala.com/data/images_example/300x225/t/h/the_study__ex2_58772a367f8b9a99308b45d4.jpg,https://audio.tudienkala.com/audio/e/n/enrich.mp3
53,enrol,/ɪnˈrəʊl/,v,"kết nạp vào, ghi tên cho vào (khóa học, trường,...)",You need to enrol before the end of August.,Bạn cần phải ghi danh trước khi kết thúc tháng Tám.,https://audio.tudienkala.com/data/cache/images/300x225/e/n/enrol1.jpg,https://audio.tudienkala.com/audio/e/n/enrol.mp3
53,entitle,/ɪnˈtaɪt(ə)l/,v,cho phép làm cái gì,"During the holiday rush, a train ticket entitled the passenger to a ride, but not necessarily a seat.","Trong suốt mùa cao điểm nghỉ lễ, vé xe lửa cho phép hành khách lên tàu tàu, nhưng không nhất thiết có một chỗ ngồi.",https://audio.tudienkala.com/data/images_example/300x225/d/u/during_the_ex1_56248d007f8b9afc0c2980c9.jpg,https://audio.tudienkala.com/audio/e/n/entitle.mp3
53,environmentally friendly,/ɪnˌvaɪrənˈmentəli ˈfrendli/,adj,thân thiện với môi trường,The blue plastic bag is environmentally friendly.,Túi nhựa màu xanh thân thiện với môi trường.,https://audio.tudienkala.com/data/cache/images/300x225/e/n/environmentally_friendly1.jpg,https://audio.tudienkala.com/audio/e/n/environmentally_friendly.mp3
53,equable,/ˈek.wə.bl̩/,adj,"điềm đạm, điềm tĩnh",He has an equable temperament.,Anh ta có khí chất điềm đạm.,https://audio.tudienkala.com/data/cache/images/300x225/e/q/equable1.jpg,https://audio.tudienkala.com/audio/e/q/equable.mp3
53,eradicate,/ɪˈrædɪkeɪt/,v,tiêu hủy,The government claims to be doing all it can to eradicate corruption.,Chính phủ tuyên bố sẽ làm tất cả những gì có thể để diệt trừ tham nhũng.,https://audio.tudienkala.com/data/cache/images/300x225/e/r/eradicate1.jpg,https://audio.tudienkala.com/audio/e/r/eradicate.mp3
53,erode,/ɪˈrəʊd/,v,"xói mòn, ăn mòn",The cliff face has been steadily eroded by the sea.,Bề mặt vách đá bị bào mòn dần dần bởi sóng biển.,https://audio.tudienkala.com/data/cache/images/300x225/e/r/erode1.jpg,https://audio.tudienkala.com/audio/e/r/erode.mp3
53,erudite,/ˈer.ʊ.daɪt/,adj,"học rộng, uyên bác",She could turn any conversation into an erudite discussion.,Cô ấy có thể biến bất kỳ cuộc trò chuyện nào thành một cuộc thảo luận uyên bác.,https://audio.tudienkala.com/data/cache/images/300x225/e/r/erudite2.png,https://audio.tudienkala.com/audio/e/r/erudite.mp3
53,escalate,/ˈeskəleɪt/,v,leo thang (nghĩa bóng),The fighting escalated into a full-scale war.,Cuộc giao tranh leo thang thành một cuộc chiến tranh toàn diện.,https://audio.tudienkala.com/data/cache/images/300x225/e/s/escalate1.jpg,https://audio.tudienkala.com/audio/e/s/escalate.mp3
53,exacerbate,/ɪɡˈzæsəbeɪt/,v,"làm tăng, làm trầm trọng thêm (bệnh, sự tức giận, sự đau đớn)",His aggressive reaction only exacerbated the situation.,Phản ứng hung hăng của anh ta chỉ làm trầm trọng thêm tình hình.,https://audio.tudienkala.com/data/cache/images/300x225/e/x/exacerbate2.png,https://audio.tudienkala.com/audio/e/x/exacerbate.mp3
54,exhort,/ɪɡˈzɔːt/,v,"hô hào, cổ vũ, khích lệ",The party leader exhorted his members to start preparing for government.,Các lãnh đạo đảng hô hào các thành viên của mình bắt đầu chuẩn bị cho chính phủ.,https://audio.tudienkala.com/data/cache/images/300x225/e/x/exhort1.jpg,https://audio.tudienkala.com/audio/e/x/exhort.mp3
54,exorbitant,/ɪɡˈzɔːbɪtənt/,adj,"quá cao, cắt cổ (giá...)",Some hotels charge exorbitant rates for phone calls.,Một số khách sạn tính giá cắt cổ cho các cuộc gọi điện thoại.,https://audio.tudienkala.com/data/images_example/300x225/s/o/some_hotel_ex2_58772a707f8b9a9d308b45e9.jpg,https://audio.tudienkala.com/audio/e/x/exorbitant.mp3
54,extol,/ɪkˈstəʊl/,v,"tán dương, khen ngợi",Doctors often extol the virtues of eating less fat.,Các bác sĩ thường khen ngợi tác dụng của việc ăn ít chất béo;,https://audio.tudienkala.com/data/images_example/300x225/d/o/doctors_of_ex2_58772a727f8b9a9d308b45f3.jpg,https://audio.tudienkala.com/audio/e/x/extol.mp3
54,eyesore,/ˈaɪsɔːr/,n,điều chướng mắt; vật chướng mắt,That old factory is a real eyesore!,Nhà máy cũ kia thật là vật chướng mắt!,https://audio.tudienkala.com/data/cache/images/300x225/e/y/eyesore1.jpg,https://audio.tudienkala.com/audio/e/y/eyesore.mp3
54,fabricate,/ˈfæbrɪkeɪt/,v,bịa đặt,The evidence was totally fabricated.,Bằng chứng được bịa đặt hoàn toàn.,https://audio.tudienkala.com/data/cache/images/300x225/f/a/fabricate1.jpg,https://audio.tudienkala.com/audio/f/a/fabricate.mp3
54,flabbergasted,/ˈflæbəɡɑːstɪd/,adj,"sửng sốt, kinh ngạc",Friends were flabbergasted by the news that they'd split up.,Bạn bè đã bị sửng sốt bởi có tin là họ sẽ chia tay.,https://audio.tudienkala.com/data/cache/images/300x225/f/l/flabbergasted1.jpg,https://audio.tudienkala.com/audio/f/l/flabbergasted.mp3
54,fluctuate,/´flʌktʃu¸eit/,v,"dao động, thay đổi bất thường",No one is very comfortable making a large investment while the currency values fluctuate almost daily.,Không ai thấy thật yên tâm thực hiện một đầu tư lớn trong khi giá trị tiền tệ dao động như cơm bữa.,https://audio.tudienkala.com/data/cache/images/300x225/f/l/fluctuate2.jpg,https://audio.tudienkala.com/audio/f/l/fluctuate.mp3
54,fluency,/ˈfluːənsi/,n,"sự lưu loát, sự thông thạo",I have achieved certain fluency in German.,Tôi đã đạt được sự trôi chảy nhất định trong tiếng Đức.,https://audio.tudienkala.com/data/cache/images/300x225/f/l/fluency2.jpg,https://audio.tudienkala.com/audio/f/l/fluency.mp3
54,forsake,/fəˈseɪk/,v,"bỏ rơi, từ bỏ",He had made it clear to his wife that he would never forsake her.,Anh đã nói rõ với vợ rằng anh sẽ không bao giờ bỏ rơi cô.,https://audio.tudienkala.com/data/cache/images/300x225/f/o/forsake1.jpg,https://audio.tudienkala.com/audio/f/o/forsake.mp3
54,fractious,/ˈfræk.ʃəs/,adj,"hay cau có, hay phát khùng",Children often get fractious and tearful when tired.,Trẻ em thường hay cau có và đầy nước mắt khi mệt mỏi.,https://audio.tudienkala.com/data/images_example/300x225/c/h/children_o_ex2_58772a747f8b9a9d308b45fd.jpg,https://audio.tudienkala.com/audio/f/r/fractious.mp3
54,fruitless,/ˈfruːtləs/,adj,"không có kết quả, thất bại; vô ích",I know the search for her will be fruitless but I still have to try.,Tôi biết việc tìm kiếm cô ấy sẽ không có kết quả nhưng tôi vẫn phải cố gắng.,https://audio.tudienkala.com/data/cache/images/300x225/f/r/fruitless2.png,https://audio.tudienkala.com/audio/f/r/fruitless.mp3
54,furtive,/ˈfɜːtɪv/,adj,"lén lút, bí mật",She cast a furtive glance over her shoulder.,Cô liếc trộm qua vai cô.,https://audio.tudienkala.com/data/cache/images/300x225/f/u/furtive1.jpg,https://audio.tudienkala.com/audio/f/u/furtive.mp3
54,futuristic,/ˌfjuːtʃəˈrɪstɪk/,adj,"cực kì mới lạ, hiện đại",They are also designing futuristic homes for the Qatari royal family.,Họ cũng đang thiết kế những ngôi nhà hiện đại cho gia đình hoàng gia Qatar.,https://audio.tudienkala.com/data/cache/images/300x225/f/u/futuristic1.jpg,https://audio.tudienkala.com/audio/f/u/futuristic.mp3
54,gadget,/ˈɡædʒɪt/,n,"đồ dùng, tiện ích",Doraemon is a robot cat with a lot of miraculous gadgets in his pocket.,Doraemon là một chú mèo rô bốt với rất nhiều đồ dùng kỳ diệu trong túi của mình.,https://audio.tudienkala.com/data/cache/images/300x225/g/a/gadget1.jpg,https://audio.tudienkala.com/audio/g/a/gadget.mp3
54,genetically modified,/dʒəˈnetɪkli ˈmɒdɪfaɪd/,adj,biến đổi gen,genetically modified food,thực phẩm biến đổi gen,https://audio.tudienkala.com/data/cache/images/300x225/g/e/genetically_modified1.jpg,https://audio.tudienkala.com/audio/g/e/genetically_modified.mp3
54,globalization,/ˌɡləʊbəlaɪˈzeɪʃən/,n,sự toàn cầu hóa,Globalization has certainly provided a boost to trade and labour reform in many countries.,Sự toàn cầu hóa chắc chắn đã cung cấp một sự thúc đẩy đối với thương mại và cải tạo lao động ở nhiều quốc gia.,https://audio.tudienkala.com/data/cache/images/300x225/g/l/globalization1.jpg,https://audio.tudienkala.com/audio/g/l/globalization.mp3
54,gluttony,/ˈɡlʌtəni/,n,"tính háu ăn, thói tham ăn",They treat Christmas as just another excuse for gluttony.,Họ xem Giáng sinh như chỉ là một cái cớ khác để thỏa thói tham ăn.,https://audio.tudienkala.com/data/cache/images/300x225/g/l/gluttony1.jpg,https://audio.tudienkala.com/audio/g/l/gluttony.mp3
54,gratuitous,/ɡrəˈtjuːɪtəs/,adj,"không có lí do, mục đích gì, không cần thiết",gratuitous violence on television,bạo lực không cần thiết trên truyền hình,https://audio.tudienkala.com/data/images_example/300x225/g/r/gratuitous_ex2_58772a767f8b9a9d308b4609.jpg,https://audio.tudienkala.com/audio/g/r/gratuitous.mp3
54,grilling,/ˈɡrɪl.ɪŋ/,n,"sự, cuộc tra hỏi, chất vấn",The minister faced a tough grilling at today's press conference.,Bộ trưởng phải đối mặt với cuộc chất vấn khó khăn tại cuộc họp báo ngày hôm nay.,https://audio.tudienkala.com/data/cache/images/300x225/g/r/grilling1.jpg,https://audio.tudienkala.com/audio/g/r/grilling.mp3
54,gruelling,/ˈɡruːəlɪŋ/,adj,"khó khăn, mệt mỏi","The work week was six days, and each work day was a grueling 12 hours.","Tuần làm việc đã sáu ngày, và mỗi ngày làm việc là 12 giờ mệt mỏi.",https://audio.tudienkala.com/data/images_example/300x225/t/h/the_work_w_ex2_58772a777f8b9a9d308b460b.jpg,https://audio.tudienkala.com/audio/g/r/gruelling.mp3
54,harass,/ˈhærəs/,v,quấy rầy và làm phiền ai liên tục,He has complained of being harassed by the police.,Ông than phiền đã bị quấy rối bởi cảnh sát.,https://audio.tudienkala.com/data/images_example/300x225/h/e/he_has_com_ex2_587726fb7f8b9ae72f8b46bb.jpg,https://audio.tudienkala.com/audio/h/a/harass.mp3
54,haughty,/ˈhɔːti/,adj,"kiêu căng, ngạo mạn",He replied with haughty disdain.,Ông ta trả lời với thái độ khinh thị ngạo mạn.,https://audio.tudienkala.com/data/cache/images/300x225/h/a/haughty1.jpg,https://audio.tudienkala.com/audio/h/a/haughty.mp3
54,headway,/ˈhedweɪ/,n,"tiến bộ, tiến triển",We are making little headway with the negotiations.,Chúng ta đang thực hiện rất ít tiến triển với những cuộc đàm phán.,https://audio.tudienkala.com/data/images_example/300x225/w/e/we_are_mak_ex2_587729de7f8b9a8e308b45cf.jpg,https://audio.tudienkala.com/audio/h/e/headway.mp3
54,high-rise,/ˈhaɪˌraɪz/,adj,cao ngất (nhà nhiều tầng),Several high-rise office buildings near the embassy were heavily damaged.,Nhiều tòa nhà văn phòng cao tầng gần sứ quán đã bị hư hại nặng nề.,https://audio.tudienkala.com/data/cache/images/300x225/h/i/high-rise1.jpg,https://audio.tudienkala.com/audio/h/i/high-rise.mp3
54,human nature,/ˈhjuːmən ˈneɪtʃə(r)/,n,bản chất con người,Is Human Nature fundamentally selfish or altruistic?,Bản chất con người cơ bản là ích kỷ hay là vị tha?,https://audio.tudienkala.com/data/cache/images/300x225/h/u/human_nature1.jpg,https://audio.tudienkala.com/audio/h/u/human_nature.mp3
54,hygienic,/haɪˈdʒiːnɪk/,adj,(hợp) vệ sinh,Food must be prepared in hygienic conditions.,Thực phẩm phải được chuẩn bị trong điều kiện vệ sinh.,https://audio.tudienkala.com/data/cache/images/300x225/h/y/hygienic1.jpg,https://audio.tudienkala.com/audio/h/y/hygienic.mp3
54,imitate,/ˈɪmɪteɪt/,v,"bắt chước, sao chép",Some animals can imitate humans’ actions.,Một số loài động vật có thể bắt chước hành động của con người.,https://audio.tudienkala.com/data/cache/images/300x225/i/m/imitate1.jpg,https://audio.tudienkala.com/audio/i/m/imitate.mp3
54,immerse,/ɪˈmɜːs/,v,"trở nên, khiến ai hoàn toàn mải mê điều gì",She immersed herself in her work.,Cô đắm mình trong công việc của mình.,https://audio.tudienkala.com/data/images_example/300x225/s/h/she_immers_ex2_587729e27f8b9a8e308b45dd.jpg,https://audio.tudienkala.com/audio/i/m/immerse.mp3
54,immortal,/ɪˈmɔːtəl/,adj,"bất tử, sống mãi",The soul is immortal.,Linh hồn là bất tử.,https://audio.tudienkala.com/data/images_example/300x225/t/h/the_soul_i_ex2_587729e37f8b9a8e308b45e3.jpg,https://audio.tudienkala.com/audio/i/m/immortal.mp3
54,impair,/ɪmˈpeər/,v,"làm suy yếu, phá hỏng",His age impaired his chances of finding a new job.,Tuổi của anh ấy đã làm giảm cơ hội tìm một công việc mới.,https://audio.tudienkala.com/data/cache/images/300x225/i/m/impair1.jpg,https://audio.tudienkala.com/audio/i/m/impair.mp3
54,impart,/ɪmˈpɑːt/,v,"truyền đạt, phổ biến",to impart the bad news,truyền đạt các tin tức xấu,https://audio.tudienkala.com/data/cache/images/300x225/i/m/impart1.jpg,https://audio.tudienkala.com/audio/i/m/impart.mp3
54,impartial,/ɪmˈpɑːʃəl/,adj,"công bằng, không thiên vị","As chairman, I must remain impartial.","Như một người chủ tịch, tôi vẫn phải công bằng.",https://audio.tudienkala.com/data/cache/images/300x225/i/m/impartial1.jpg,https://audio.tudienkala.com/audio/i/m/impartial.mp3
54,impeccable,/ɪmˈpekəbl/,adj,"hoàn hảo, không chê vào đâu được, không tỳ vết (đồ vật...)",Her written English is impeccable.,Kỹ năng viết tiếng anh của cô ấy không thể chê vào đâu được.,https://audio.tudienkala.com/data/images_example/300x225/h/e/her_writte_ex2_58772a797f8b9a9d308b4617.jpg,https://audio.tudienkala.com/audio/i/m/impeccable.mp3
54,impediment,/ɪmˈpedɪmənt/,n,"trở ngại, cản trở",The level of inflation is a serious impediment to economic recovery.,Mức độ lạm phát là một trở ngại nghiêm trọng để phục hồi kinh tế.,https://audio.tudienkala.com/data/cache/images/300x225/i/m/impediment1.jpg,https://audio.tudienkala.com/audio/i/m/impediment.mp3
54,impertinent,/ɪmˈpɜːtɪnənt/,adj,"láo xược, xấc xược",an impertinent question/child,một câu hỏi xấc láo / một đứa trẻ láo xược,https://audio.tudienkala.com/data/cache/images/300x225/i/m/impertinent1.jpg,https://audio.tudienkala.com/audio/i/m/impertinent.mp3
54,implacable,/ɪmˈplækəbl/,adj,không thể thay đổi được,He's my an implacable enemy.,Anh ta là một kẻ thù không đội trời chung của tôi.,https://audio.tudienkala.com/data/images_example/300x225/a/n/an_implaca_ex2_58772a7a7f8b9a9d308b461d.jpg,https://audio.tudienkala.com/audio/i/m/implacable.mp3
54,impracticable,/ɪmˈpræk.tɪ.kə.bl̩/,adj,"viễn vông, không thực tế",It would be impracticable for each member to be consulted on every occasion.,Điều đó sẽ không thực tế cho từng thành viên để được tư vấn vào tất cả các dịp.,https://audio.tudienkala.com/data/cache/images/300x225/i/m/impracticable1.jpg,https://audio.tudienkala.com/audio/i/m/impracticable.mp3
54,imprison,/ɪmˈprɪzən/,v,"bỏ tù,tống giam",He was imprisoned in 1965 for attempted murder.,Anh ta bị bỏ tù năm 1965 vì phạm tội giết người.,https://audio.tudienkala.com/data/cache/images/300x225/i/m/imprison1.jpg,https://audio.tudienkala.com/audio/i/m/imprison.mp3
54,impudent,/ˈɪm.pjʊ.dənt/,adj,"láo xược, hỗn xược",an impudent young fellow,một người trẻ láo xược,https://audio.tudienkala.com/data/cache/images/300x225/i/m/impudent1.jpg,https://audio.tudienkala.com/audio/i/m/impudent.mp3
54,incisive,/ɪnˈsaɪsɪv/,adj,"sắc sảo, sâu sắc",I admire those who have an incisive mind.,Tôi ngưỡng mộ những ai có trí óc sắc sảo.,https://audio.tudienkala.com/data/images_example/300x225/a/n/an_incisiv_ex2_58772a7d7f8b9a9d308b462f.jpg,https://audio.tudienkala.com/audio/i/n/incisive.mp3
54,incline,/ɪnˈklaɪn/,v,"(làm cho ai) có ý thiên về, có khuynh hướng",I incline to the view that we should take no action at this stage.,Tôi nghiêng về quan điểm rằng chúng ta không nên có hành động trong giai đoạn này.,https://audio.tudienkala.com/data/cache/images/300x225/i/n/incline1.jpg,https://audio.tudienkala.com/audio/i/n/incline.mp3
54,indolent,/ˈɪn.dəl.ən/,adj,"lười biếng, biếng nhác",They were indolent and addicted to a life of pleasure.,Họ lười biếng và nghiện một cuộc sống tràn ngập niềm vui.,https://audio.tudienkala.com/data/cache/images/300x225/i/n/indolent1.jpg,https://audio.tudienkala.com/audio/i/n/indolent.mp3
54,industrious,/ɪnˈdʌstriəs/,adj,chăm chỉ; bận rộn,"He struck me as being particularly hardworking, energetic and industrious.","Anh ta ấn tượng tôi như người được đặc biệt chăm chỉ, năng động và cần cù.",https://audio.tudienkala.com/data/cache/images/300x225/i/n/industrious1.jpg,https://audio.tudienkala.com/audio/i/n/industrious.mp3
54,inept,/ɪˈnept/,adj,"không có khả năng, vụng về; ngu ngốc",She was left feeling inept and inadequate.,Cô bị bỏ lại cảm thấy ngu ngốc và không đầy đủ.,https://audio.tudienkala.com/data/cache/images/300x225/i/n/inept1.jpg,https://audio.tudienkala.com/audio/i/n/inept.mp3
54,inexorable,/ɪˈneksərəbl/,adj,"không thể ngăn cản, thay đổi được",the inexorable rise of crime,sự gia tăng tội phạm không thể ngăn cản,https://audio.tudienkala.com/data/images_example/300x225/t/h/the_inexor_ex2_58772a7f7f8b9a9d308b463b.jpg,https://audio.tudienkala.com/audio/i/n/inexorable.mp3
54,infamy,/ˈɪn.fə.mi/,n,"điều độc ác, điều ô nhục",scenes of horror and infamy,những cảnh kinh dị và độc ác,https://audio.tudienkala.com/data/cache/images/300x225/i/n/infamy1.jpg,https://audio.tudienkala.com/audio/i/n/infamy.mp3
54,infer,/ɪnˈfɜːr/,v,"suy ra, kết luận",Much of the meaning must be inferred from the context.,Phần lớn ý nghĩa phải được suy ra từ ngữ cảnh.,https://audio.tudienkala.com/data/images_example/300x225/m/u/much_of_th_ex2_58772a397f8b9a99308b45e2.jpg,https://audio.tudienkala.com/audio/i/n/infer.mp3
54,innumerate,/ɪˈnjuː.mər.ət/,adj,không biết đếm hay làm các phép toán đơn giản,an old innumerate lady,một bà lão không biết đếm,https://audio.tudienkala.com/data/cache/images/300x225/i/n/innumerate1.jpg,https://audio.tudienkala.com/audio/i/n/innumerate.mp3
54,insatiable,/ɪnˈseɪʃəbl/,adj,"không thể thoả mãn được, không chán","He was accused of sacrificing all, including justice, to his insatiable ambition.","Ông bị cáo buộc hy sinh tất cả, kể cả công lý, cho tham vọng vô độ của mình.",https://audio.tudienkala.com/data/cache/images/300x225/i/n/insatiable1.jpg,https://audio.tudienkala.com/audio/i/n/insatiable.mp3
54,insoluble,/ɪnˈsɒljəbl/,adj,không thể giải quyết được,The problem is insoluble.,Vấn đề này không thể giải quyết được.,https://audio.tudienkala.com/data/images_example/300x225/t/h/the_proble_ex2_58772a827f8b9a9d308b4647.jpg,https://audio.tudienkala.com/audio/i/n/insoluble.mp3
55,insomnia,/ɪnˈsɒmniə/,n,chứng mất ngủ,to suffer from insomnia,chịu đựng chứng mất ngủ,https://audio.tudienkala.com/data/cache/images/300x225/i/n/insomnia1.jpg,https://audio.tudienkala.com/audio/i/n/insomnia.mp3
55,intimidating,/ɪnˈtɪmɪdeɪtɪŋ/,adj,đáng sợ,an intimidating manner,một nhân cách đáng sợ,https://audio.tudienkala.com/data/images_example/300x225/a/n/an_intimid_ex2_58772a847f8b9a9d308b4651.jpg,https://audio.tudienkala.com/audio/i/n/intimidating.mp3
55,intrepid,/ɪnˈtrepɪd/,adj,"gan dạ, dũng cảm",He used to be an intrepid explorer.,Anh ta từng là một nhà thám hiểm dũng cảm.,https://audio.tudienkala.com/data/cache/images/300x225/i/n/intrepid1.jpg,https://audio.tudienkala.com/audio/i/n/intrepid.mp3
55,invade,/ɪnˈveɪd/,v,"xâm lược, xâm chiếm",Troops invaded on August 9th that year.,Quân đội xâm lược vào ngày 09 tháng 8 năm đó.,https://audio.tudienkala.com/data/cache/images/300x225/i/n/invade1.jpg,https://audio.tudienkala.com/audio/i/n/invade.mp3
55,inveterate,/ɪnˈvetərət/,adj,"thâm căn cố đế, ăn sâu (tật...); lâu năm (bệnh)","He was a congenital reformer, an inveterate crusader.","Ông là một nhà cải cách bẩm sinh, một thập tự chinh thâm căn cố đế.",https://audio.tudienkala.com/data/images_example/300x225/h/e/he_was_a_c_ex2_58772a857f8b9a9d308b4659.jpg,https://audio.tudienkala.com/audio/i/n/inveterate.mp3
55,irreparable,/ɪˈrepərəbl/,adj,"không thể bù đắp, không thể khắc phục",to cause irreparable harm to your health,gây tổn thương không thể khắc phục đối với sức khỏe của bạn,https://audio.tudienkala.com/data/cache/images/300x225/i/r/irreparable1.jpg,https://audio.tudienkala.com/audio/i/r/irreparable.mp3
55,irreversible,/ˌɪrɪˈvɜːsəbl/,adj,"không thể phục hồi, quay trở lại như cũ được",She suffered irreversible damage to her health.,Cô ấy gánh chịu tổn thương không thể phục hồi sức khỏe của mình.,https://audio.tudienkala.com/data/cache/images/300x225/i/r/irreversible1.jpg,https://audio.tudienkala.com/audio/i/r/irreversible.mp3
55,itinerary,/aɪˈtɪnərəri/,n,lộ trình,I had to change my itinerary when I decided to add two more countries to my vacation.,Tôi đã phải đổi lộ trình khi tôi đã quyết định thêm vào 2 quốc gia nữa cho kỳ nghỉ của tôi.,https://audio.tudienkala.com/data/images_example/300x225/t/h/the_tour_o_ex2_56248cfc7f8b9afa0cb17f4c.jpg,https://audio.tudienkala.com/audio/i/t/itinerary.mp3
55,joint venture,/dʒɔɪnt ˈventʃə(r)/,n,công ty liên doanh,The website was a joint venture between him and his partner.,Trang web này là một liên doanh giữa ông và đối tác của mình.,https://audio.tudienkala.com/data/cache/images/300x225/j/o/joint_venture1.jpg,https://audio.tudienkala.com/audio/j/o/joint_venture.mp3
55,jubilant,/ˈdʒuːbɪlənt/,adj,"vui sướng, mừng rỡ",The fans were in jubilant mood after the victory.,Các fan hâm mộ ở trong tâm trạng hân hoan sau chiến thắng.,https://audio.tudienkala.com/data/cache/images/300x225/j/u/jubilant1.jpg,https://audio.tudienkala.com/audio/j/u/jubilant.mp3
55,kidnap,/ˈkɪdnæp/,v,bắt cóc (thường để tống tiền),Two businessmen have been kidnapped by terrorists.,Hai doanh nhân đã bị bắt cóc bởi những kẻ khủng bố.,https://audio.tudienkala.com/data/cache/images/300x225/k/i/kidnap1.jpg,https://audio.tudienkala.com/audio/k/i/kidnap.mp3
55,labour-saving,/ˈleɪbəˌseɪvɪŋ/,adj,"làm giảm nhẹ, tiết kiệm sức lao động",modern labour-saving devices such as washing machines and dishwashers,thiết bị tiết kiệm lao động hiện đại như máy giặt và máy rửa bát,https://audio.tudienkala.com/data/images_example/300x225/m/o/modern_lab_ex2_58772b447f8b9ab7308b45ff.jpg,https://audio.tudienkala.com/audio/l/a/labour-saving.mp3
55,law-abiding,/ˈlɔːəˌbaɪdɪŋ/,adj,"tôn trọng, tuân theo luật pháp",law-abiding citizens,những công dân tuân thủ theo luật pháp,https://audio.tudienkala.com/data/cache/images/300x225/l/a/law-abiding1.jpg,https://audio.tudienkala.com/audio/l/a/law-abiding.mp3
55,lay-off,/leɪ ɒf/,n,"sự tạm giãn thợ (vì không có việc), sự sa thải",lay-offs in the factory,sa thải nhân viên trong nhà máy,https://audio.tudienkala.com/data/cache/images/300x225/l/a/lay-off1.jpg,https://audio.tudienkala.com/audio/l/a/lay-off.mp3
55,life-threatening,/ˈlaɪfθretənɪŋ/,adj,"đe dọa đến tính mạng, hiểm nghèo",She got into an accident and is now in a life-threatening condition.,Cô bị tai nạn và bây giờ đang ở trong tình trạng đe dọa tính mạng.,https://audio.tudienkala.com/data/cache/images/300x225/l/i/life-threatening1.jpg,https://audio.tudienkala.com/audio/l/i/life-threatening.mp3
55,linger,/ˈlɪŋɡər/,v,"nấn ná, chần chừ; mất nhiều thời gian làm gì",The faint smell of her perfume lingered in the room.,Mùi nước hoa mờ nhạt của cô vẫn còn nán lại trong phòng.,https://audio.tudienkala.com/data/cache/images/300x225/l/i/linger2.png,https://audio.tudienkala.com/audio/l/i/linger.mp3
55,mass-produce,/mæsprəˈdjuːs/,v,sản xuất hàng loạt,mass-produced souvenirs,quà lưu niệm sản xuất hàng loạt,https://audio.tudienkala.com/data/cache/images/300x225/m/a/mass-produce1.jpg,https://audio.tudienkala.com/audio/m/a/mass-produce.mp3
55,materialistic,/məˌtɪəriəˈlɪstɪk/,adj,thực dụng,Children today are so materialistic.,Trẻ em ngày nay rất thực dụng.,https://audio.tudienkala.com/data/cache/images/300x225/m/a/materialistic1.jpg,https://audio.tudienkala.com/audio/m/a/materialistic.mp3
55,maverick,/ˈmævərɪk/,n,"người cư xử hoặc suy nghĩ không như người khác, nhưng có những ý kiến độc lập, khác lạ.",a political maverick,một chính trị gia có chính kiến riêng,https://audio.tudienkala.com/data/cache/images/300x225/m/a/maverick1.jpg,https://audio.tudienkala.com/audio/m/a/maverick.mp3
55,meteoric,/ˌmiːtiˈɒrɪk/,adj,đạt được thành công nhanh chóng,a meteoric rise to fame,một sự nổi tiếng đạt được nhanh chóng,https://audio.tudienkala.com/data/cache/images/300x225/m/e/meteoric1.jpg,https://audio.tudienkala.com/audio/m/e/meteoric.mp3
55,meticulous,/məˈtɪkjələs/,adj,"tỉ mỉ, kỹ càng",Their room had been prepared with meticulous care.,Phòng của họ đã được chuẩn bị cẩn thận tỉ mỉ.,https://audio.tudienkala.com/data/cache/images/300x225/m/e/meticulous1.jpg,https://audio.tudienkala.com/audio/m/e/meticulous.mp3
55,midterm,/ˈmɪdtɜːm/,adj,"giữa năm học; giữa nhiệm kỳ, giữa kì",a midterm examination/break,một cuộc kiểm tra giữa kỳ / một kỳ nghỉ giữa kỳ,https://audio.tudienkala.com/data/images_example/300x225/a/_/a_midterm__ex2_58772b457f8b9ab7308b4603.jpg,https://audio.tudienkala.com/audio/m/i/midterm.mp3
55,migrate,/maɪˈɡreɪt/,v,"di trú, di cư, di chuyển",Thousands were forced to migrate from rural to urban areas in search of work.,Hàng nghìn người buộc phải di cư từ nông thôn ra thành thị tìm việc làm.,https://audio.tudienkala.com/data/cache/images/300x225/m/i/migrate1.jpg,https://audio.tudienkala.com/audio/m/i/migrate.mp3
55,milestone,/ˈmaɪlstəʊn/,n,"sự kiện quan trọng, cột mốc",The successful flight marked a milestone in China's space project.,Chuyến bay thành công đánh dấu một cột mốc trong dự án không gian của Trung Quốc.,https://audio.tudienkala.com/data/cache/images/300x225/m/i/milestone1.png,https://audio.tudienkala.com/audio/m/i/milestone.mp3
55,mishap,/ˈmɪshæp/,n,"sự cố, rủi ro",The event passed without mishap.,Sự kiện diễn ra không có sự cố.,https://audio.tudienkala.com/data/cache/images/300x225/m/i/mishap1.jpg,https://audio.tudienkala.com/audio/m/i/mishap.mp3
55,modernize,/ˈmɒdənaɪz/,v,hiện đại hoá; đổi mới,The company is investing $9 million to modernize its factories.,Công ty đang đầu tư 9.triệu $ để hiện đại hóa các nhà máy của mình.,https://audio.tudienkala.com/data/cache/images/300x225/m/o/modernize1.jpg,https://audio.tudienkala.com/audio/m/o/modernize.mp3
55,momentous,/məʊˈmentəs/,adj,"quan trọng, trọng đại","At the same time, momentous events were taking place in Russia.","Cùng một thời gian, các sự kiện trọng đại đều diễn ra ở Nga.",https://audio.tudienkala.com/data/cache/images/300x225/m/o/momentous1.jpg,https://audio.tudienkala.com/audio/m/o/momentous.mp3
55,monotonous,/məˈnɒtənəs/,adj,"đều đều, đơn điệu, buồn tẻ",New secretaries came and went with monotonous regularity.,Các bí thư mới đến và đi đều đều.,https://audio.tudienkala.com/data/images_example/300x225/n/e/new_secret_ex2_58772a8b7f8b9a9d308b4675.jpg,https://audio.tudienkala.com/audio/m/o/monotonous.mp3
55,motivate,/ˈməʊtɪveɪt/,v,"thúc đẩy, động viên",She's very good at motivating her students.,Cô ấy rất giỏi động viên các học sinh của mình.,https://audio.tudienkala.com/data/cache/images/300x225/m/o/motivate1.jpg,https://audio.tudienkala.com/audio/m/o/motivate.mp3
55,mountainous,/ˈmaʊntɪnəs/,adj,"vùng núi, nhiều núi",A minority of people live in the mountainous region.,Một số ít người sống ở khu vực miền núi.,https://audio.tudienkala.com/data/cache/images/300x225/m/o/mountainous1.jpg,https://audio.tudienkala.com/audio/m/o/mountainous.mp3
55,multicultural,/ˌmʌltiˈkʌltʃərəl/,adj,"đa văn hóa, đa chủng tộc",My company is multicultural and has many international employees.,Công ty của tôi là đa văn hóa và có nhiều nhân viên quốc tế.,https://audio.tudienkala.com/data/cache/images/300x225/m/u/multicultural1.jpg,https://audio.tudienkala.com/audio/m/u/multicultural.mp3
55,nadir,/ˈneɪdɪər/,n,"điểm thấp nhất, vận rủi",The party had made little headway since the nadir of 2002.,Đảng đã đạt được ít tiến triển kể từ vận rủi năm 2002.,https://audio.tudienkala.com/data/cache/images/300x225/n/a/nadir1.jpg,https://audio.tudienkala.com/audio/n/a/nadir.mp3
55,narrow-minded,/ˌnærəʊˈmaɪndɪd/,adj,"hẹp hòi, nhỏ nhen",He had been narrow-minded before he took this volunteer trip.,Cậu ấy từng là người hẹp hòi trước khi tham gia chuyến đi tình nguyện này.,https://audio.tudienkala.com/data/images_example/300x225/h/e/he_had_bee_ex1_587729ea7f8b9a8e308b4607.jpg,https://audio.tudienkala.com/audio/n/a/narrow-minded.mp3
55,needy,/ˈniːdi/,adj,"túng thiếu, nghèo",This fund is to help children of needy families.,Quỹ này nhằm giúp đỡ những em nhỏ sinh ra trong gia đình nghèo.,https://audio.tudienkala.com/data/cache/images/300x225/n/e/needy1.jpg,https://audio.tudienkala.com/audio/n/e/needy.mp3
55,non-violent,/ˌnɒnˈvaɪələnt/,adj,"bất bạo động, phi bạo lực",non-violent resistance,phản kháng bất bạo động,https://audio.tudienkala.com/data/cache/images/300x225/n/o/non-violent1.jpg,https://audio.tudienkala.com/audio/n/o/non-violent.mp3
55,nostalgic,/nɒsˈtældʒɪk/,adj,"luyến tiếc quá khứ, hoài niệm",I feel quite nostalgic for the place where I grew up.,Tôi cảm thấy khá hoài niệm về nơi tôi đã lớn lên.,https://audio.tudienkala.com/data/images_example/300x225/i/_/i_feel_qui_ex2_58772b467f8b9ab7308b460b.jpg,https://audio.tudienkala.com/audio/n/o/nostalgic.mp3
55,nuance,/ˈnjuːɑːns/,n,sắc thái,He changed his nuance of expression when he heard this news.,Anh ấy đã thay đổi sắc thái biểu cảm khi nghe thông tin này.,https://audio.tudienkala.com/data/images_example/300x225/h/e/he_changed_ex1_58772a8e7f8b9a9d308b4687.jpg,https://audio.tudienkala.com/audio/n/u/nuance.mp3
55,nurture,/ˈnɜːtʃər/,v,"nuôi dưỡng, bồi dưỡng",It's important to nurture a good working relationship.,Nuôi dưỡng một mối quan hệ làm việc tốt là điều quan trọng.,https://audio.tudienkala.com/data/cache/images/300x225/n/u/nurture1.jpg,https://audio.tudienkala.com/audio/n/u/nurture.mp3
55,obesity,/əʊˈbiːsɪti/,n,béo phì,Eating too much fast food can cause obesity.,Ăn quá nhiều đồ ăn nhanh có thể gây béo phì.,https://audio.tudienkala.com/data/cache/images/300x225/o/b/obesity1.jpg,https://audio.tudienkala.com/audio/o/b/obesity.mp3
55,obsess,/əbˈses/,v,ám ảnh,She's obsessed by computers.,Cô bị ám ảnh về các máy tính.,https://audio.tudienkala.com/data/images_example/300x225/s/e/ses_obsess_ex2_587729ea7f8b9a8e308b460b.jpg,https://audio.tudienkala.com/audio/o/b/obsess.mp3
55,obstruct,/əbˈstrʌkt/,v,cản trở,They were charged with obstructing the police in the course of their duty.,Họ bị buộc tội cản trở cảnh sát trong quá trình làm nhiệm vụ.,https://audio.tudienkala.com/data/cache/images/300x225/o/b/obstruct1.jpg,https://audio.tudienkala.com/audio/o/b/obstruct.mp3
55,obtuse,/əbˈtjuːs/,adj,"chậm hiểu, không muốn hiểu",Are you being deliberately obtuse?,Bạn đang cố tình chậm hiểu phải không?,https://audio.tudienkala.com/data/images_example/300x225/a/r/are_you_be_ex2_58772a8f7f8b9a9d308b468d.jpg,https://audio.tudienkala.com/audio/o/b/obtuse.mp3
55,on-air,/ɒn eə(r)/,adj,"đang lên sóng, dang phát sóng",She explains how she deals with on-air technical problems.,Cô giải thích cách cô ấy giải quyết các vấn đề kỹ thuật đang phát sóng.,https://audio.tudienkala.com/data/cache/images/300x225/o/n/on-air1.jpg,https://audio.tudienkala.com/audio/o/n/on-air.mp3
55,one-sided,/ˌwʌnˈsaɪdɪd/,adj,"một chiều, phiến diện",The game is quite one-sided because one of the two players is too strong.,Trò chơi khá là không công bằng bởi vì một trong hai cầu thủ quá mạnh.,https://audio.tudienkala.com/data/cache/images/300x225/o/n/one-sided2.gif,https://audio.tudienkala.com/audio/o/n/one-sided.mp3
55,onus,/ˈəʊnəs/,n,"nhiệm vụ, trách nhiệm",The onus is on employers to follow health and safety laws.,Trách nhiệm những người sử dụng lao động là tuân theo pháp luật về sức khỏe và an toàn.,https://audio.tudienkala.com/data/images_example/300x225/t/h/the_onus_i_ex2_58772a907f8b9a9d308b4691.jpg,https://audio.tudienkala.com/audio/o/n/onus.mp3
55,opportune,/ˈɒpətjuːn/,adj,"thích hợp, đúng lúc",The offer could not have come at a more opportune moment.,Lời đề nghị không thể đến vào thời điểm thích hợp hơn nữa.,https://audio.tudienkala.com/data/cache/images/300x225/o/p/opportune1.jpg,https://audio.tudienkala.com/audio/o/p/opportune.mp3
55,optimize,/ˈɒptɪmaɪz/,v,tối ưu hóa; sử dụng điều gì một cách tốt nhất,to optimize the use of resources,tối ưu hóa việc sử dụng các nguồn lực,https://audio.tudienkala.com/data/cache/images/300x225/o/p/optimize1.jpg,https://audio.tudienkala.com/audio/o/p/optimize.mp3
55,orient,/ˈɔːrient/,v,định hướng,Our students are oriented towards science subjects.,Sinh viên của chúng tôi đang được hướng tới các môn khoa học.,https://audio.tudienkala.com/data/cache/images/300x225/o/r/orient1.jpg,https://audio.tudienkala.com/audio/o/r/orient.mp3
55,outdated,/aut'deitid/,adj,"hết hạn; lỗi thời, lạc hậu, cổ, hiện nay không còn dùng (obsolete)","Before you do a mailing, make sure that none of the addresses is outdated.","Trước khi anh gửi thư, hãy bảo đảm rằng không có địa chỉ nào hiện không còn sử dụng",https://audio.tudienkala.com/data/cache/images/300x225/o/u/outdated1.jpg,https://audio.tudienkala.com/audio/o/u/outdated.mp3
55,outer space,/ˈaʊtə(r) speɪs/,n,không gian vũ trụ,radio waves from outer space,sóng vô tuyến từ bên ngoài không gian,https://audio.tudienkala.com/data/cache/images/300x225/o/u/outer_space1.jpg,https://audio.tudienkala.com/audio/o/u/outer_space.mp3
56,outweigh,/ˌaʊtˈweɪ/,v,"vượt trội, nhiều hơn",The advantages of watching TV outweigh its disadvantages.,Những lợi ích của việc xem ti vi thì nhiều hơn những bất lợi mà nó mang lại.,https://audio.tudienkala.com/data/cache/images/300x225/o/u/outweigh1.jpg,https://audio.tudienkala.com/audio/o/u/outweigh.mp3
56,overdo,/ˌəʊvəˈduː/,v,"làm quá, lạm dụng",She really overdid the sympathy (= and so did not seem sincere).,Cô thực sự lạm dụng cảm tình (= và do đó không có vẻ chân thành).,https://audio.tudienkala.com/data/cache/images/300x225/o/v/overdo1.jpg,https://audio.tudienkala.com/audio/o/v/overdo.mp3
56,overpopulated,/əʊ.vəˈpɒp.jʊ.leɪ.tɪd/,adj,đông dân quá,No one ever reads about the richer countries being overpopulated; their populations in fact seem to be going down.,Không ai bao giờ đọc về các nước giàu đang quá đông đúc; dân số của họ trong thực tế dường như đang giảm đi.,https://audio.tudienkala.com/data/cache/images/300x225/o/v/overpopulated1.jpg,https://audio.tudienkala.com/audio/o/v/overpopulated.mp3
56,overworked,/ˌəʊvəˈwɜːkt/,adj,làm việc quá tải,Being overworked for a long time can make you exhausted.,Làm việc quá tải trong suốt thời gian dài có thể khiến sức khỏe bạn kiệt quệ.,https://audio.tudienkala.com/data/cache/images/300x225/o/v/overworked1.jpg,https://audio.tudienkala.com/audio/o/v/overworked.mp3
56,panacea,/ˌpænəˈsiːə/,n,"thuốc bách bệnh, thần dược",There is no single panacea for the problem of unemployment.,Không có thần dược duy nhất nào cho vấn đề thất nghiệp cả.,https://audio.tudienkala.com/data/images_example/300x225/t/h/there_is_n_ex2_58772a917f8b9a9d308b4697.jpg,https://audio.tudienkala.com/audio/p/a/panacea.mp3
56,paparazzi,/ˌpapəˈratsi/,n,tay săn ảnh,The paparazzi have been lurking behind the bush for a day.,Tay săn ảnh đã ẩn sau những bụi cây trong một ngày.,https://audio.tudienkala.com/data/cache/images/300x225/p/a/paparazzi1.jpg,https://audio.tudienkala.com/audio/p/a/paparazzi.mp3
56,penchant,/ˈpɒnʃɒŋ/,n,"thiên hướng thích cái gì, sở thích",She has a penchant for champagne.,Cô có thiên hướng thích sâm-panh.,https://audio.tudienkala.com/data/images_example/300x225/s/h/she_has_a__ex2_58772a927f8b9a9d308b469f.jpg,https://audio.tudienkala.com/audio/p/e/penchant.mp3
56,perpetrate,/ˈpɜːpɪtreɪt/,v,"phạm, gây ra",to perpetrate a crime/fraud/massacre,phạm tội / phạm tội gian lận / gây ra thảm sát,https://audio.tudienkala.com/data/cache/images/300x225/p/e/perpetrate1.jpg,https://audio.tudienkala.com/audio/p/e/perpetrate.mp3
56,peruse,/pəˈruːz/,v,"đọc kỹ, nghiên cứu",A copy of the report is available for you to peruse at your leisure.,Một bản sao của báo cáo có sẵn cho bạn để nghiên cứu vào lúc bạn rãnh rỗi.,https://audio.tudienkala.com/data/cache/images/300x225/p/e/peruse1.jpg,https://audio.tudienkala.com/audio/p/e/peruse.mp3
56,PhD,/piːeɪtʃˈdiː/,n,"(viết tắt của‘Doctor of Philosophy’) Tiến sĩ, bằng Tiến sĩ","In four years, I finished my Master's and PhD.","Trong 4 năm, tôi đã hoàn thành bằng thạc sĩ và tiến sĩ.",https://audio.tudienkala.com/data/cache/images/300x225/p/h/phd1.jpg,https://audio.tudienkala.com/audio/p/h/PhD.mp3
56,pink-collar,/pɪŋkˈkɒlər/,adj,"liên quan công việc có địa vị xã hội, lương thấp với phúc lợi xã hội thấp dành cho phụ nữ, chẳng hạn như việc văn phòng, phục vụ nhà hàng",pink-collar workers,công nhân cổ hồng,https://audio.tudienkala.com/data/cache/images/300x225/p/i/pink-collar1.jpg,https://audio.tudienkala.com/audio/p/i/pink-collar.mp3
56,placid,/ˈplæsɪd/,adj,"bình thản, điềm tĩnh",It's the same in the fishing hamlets by this now calm and placid sea.,Lúc này các xóm chài tại biển bình lặng và yên tĩnh như nhau.,https://audio.tudienkala.com/data/images_example/300x225/i/t/its_the_sa_ex2_58772a937f8b9a9d308b46a5.jpg,https://audio.tudienkala.com/audio/p/l/placid.mp3
56,plethora,/ˈpleθərə/,n,"(tình trạng) quá thừa, quá nhiều",The report contained a plethora of detail.,Bản báo cáo chứa quá nhiều các chi tiết.,https://audio.tudienkala.com/data/cache/images/300x225/p/l/plethora1.jpg,https://audio.tudienkala.com/audio/p/l/plethora.mp3
56,pollute,/pə'lu:t/,v,làm ô nhiễm,People should not pollute their environment.,Mọi người không nên gây ô nhiễm môi trường của họ.,https://audio.tudienkala.com/data/cache/images/300x225/p/o/pollute1.jpg,https://audio.tudienkala.com/audio/p/o/pollute.mp3
56,polygamy,/pəˈlɪɡ.ə.mi/,n,chế độ đa thê (nhiều vợ),mormon polygamy,chế độ đa thê Mặc Môn,https://audio.tudienkala.com/data/cache/images/300x225/p/o/polygamy1.jpg,https://audio.tudienkala.com/audio/p/o/polygamy.mp3
56,precipitous,/prɪˈsɪp.ɪ.təs/,adj,"vội vàng, hấp tấp",precipitous intervention,sự can thiệp nhanh,https://audio.tudienkala.com/data/images_example/300x225/p/r/precipitou_ex2_58772b4b7f8b9ab7308b4620.jpg,https://audio.tudienkala.com/audio/p/r/precipitous.mp3
56,preponderant,/prɪˈpɒndərənt/,adj,"lớn hơn (về số lượng), quan trọng hơn",Music does not play a very preponderant role in the school's teaching.,Âm nhạc không đóng một vai trò rất quan trọng trong việc giảng dạy của trường.,https://audio.tudienkala.com/data/cache/images/300x225/p/r/preponderant1.jpg,https://audio.tudienkala.com/audio/p/r/preponderant.mp3
56,pressurize,/ˈpreʃəraɪz/,/ˈpreʃəraɪz/,"gây sức ép, nén",A pump is used to pressurize the fuel.,Một máy bơm được sử dụng để tạo lực nén bơm nhiên liệu.,https://audio.tudienkala.com/data/cache/images/300x225/p/r/pressurize1.jpg,https://audio.tudienkala.com/audio/p/r/pressurize.mp3
56,presumptuous,/prɪˈzʌmptʃuəs/,adj,"tự phụ, quá tự tin",Would it be presumptuous of me to ask to borrow your car?,Việc tôi hỏi mượn xe của bạn có tự phụ hay không?,https://audio.tudienkala.com/data/cache/images/300x225/p/r/presumptuous1.jpg,https://audio.tudienkala.com/audio/p/r/presumptuous.mp3
56,pristine,/ˈprɪstiːn/,adj,"nguyên sơ, còn mới nguyên; tươi, sạch sẽ như mới",The car is in pristine condition.,Chiếc xe trong tình trạng còn mới nguyên.,https://audio.tudienkala.com/data/images_example/300x225/t/h/the_car_is_ex2_58772a957f8b9a9d308b46af.jpg,https://audio.tudienkala.com/audio/p/r/pristine.mp3
56,prodigy,/ˈprɒdɪdʒi/,n,thần đồng,"Mozart was a famous child prodigy, he composed music at the age of four.","Mozart là một thần đồng nhỏ tuổi nổi tiếng, ông soạn nhạc lúc 4 tuổi.",https://audio.tudienkala.com/data/cache/images/300x225/p/r/prodigy1.jpg,https://audio.tudienkala.com/audio/p/r/prodigy.mp3
56,proficient,/prəˈfɪʃnt/,adj,"tài giỏi, thành thạo",I'm a reasonably proficient driver.,Tôi là một lái xe khá thành thạo.,https://audio.tudienkala.com/data/images_example/300x225/i/m/im_a_reaso_ex2_587726857f8b9acf2f8b4652.jpg,https://audio.tudienkala.com/audio/p/r/proficient.mp3
56,profusion,/prəˈfjuːʒən/,n,"sự phong phú, sự dồi dào",a profusion of colours,sự phong phú màu sắc,https://audio.tudienkala.com/data/cache/images/300x225/p/r/profusion1.jpg,https://audio.tudienkala.com/audio/p/r/profusion.mp3
56,prohibit,/prə(ʊ)ˈhɪbɪt/,v,"cấm, ngăn cấm",Smoking is prohibited here.,Hút thuốc bị cấm ở đây.,https://audio.tudienkala.com/data/cache/images/300x225/p/r/prohibit1.jpg,https://audio.tudienkala.com/audio/p/r/prohibit.mp3
56,pronounce,/prəˈnaʊns/,v,phát âm,How do you pronounce your surname?,Họ của bạn phát âm như thế nào?,https://audio.tudienkala.com/data/cache/images/300x225/p/r/pronounce1.png,https://audio.tudienkala.com/audio/p/r/pronounce.mp3
56,propel,/prəˈpel/,v,"khiến, thúc đẩy ai đi theo một hướng hay lâm vào tình trạng nào đó",mechanically propelled vehicles,xe cơ đẩy,https://audio.tudienkala.com/data/cache/images/300x225/p/r/propel1.jpg,https://audio.tudienkala.com/audio/p/r/propel.mp3
56,publicize,/ˈpʌblɪsaɪz/,v,đưa ra công khai; làm cho thiên hạ biết đến; quảng cáo,They flew to Europe to publicize the plight of the refugees.,Họ bay đến châu Âu công bố hoàn cảnh của những người tị nạn.,https://audio.tudienkala.com/data/cache/images/300x225/p/u/publicize1.jpg,https://audio.tudienkala.com/audio/p/u/publicize.mp3
56,punctual,/ˈpʌŋktʃuəl/,adj,đúng giờ,You are all required to be punctual.,Tất cả các bạn được yêu cầu đúng giờ.,https://audio.tudienkala.com/data/cache/images/300x225/p/u/punctual1.png,https://audio.tudienkala.com/audio/p/u/punctual.mp3
56,quadrant,/ˈkwɒd.rənt/,n,(toán học) góc phần tư; cung phần tư,The river runs through the southwest quadrant of the city.,Con sông chảy qua cung phần tư phía tây nam của thành phố.,https://audio.tudienkala.com/data/cache/images/300x225/q/u/quadrant2.jpg,https://audio.tudienkala.com/audio/q/u/quadrant.mp3
56,reap,/riːp/,v,gặt hái (nghĩa bóng),They are now reaping the rewards of all their hard work.,Hiện tại họ đang gặt hái những phần thưởng từ tất cả công việc chăm chỉ của họ.,https://audio.tudienkala.com/data/cache/images/300x225/r/e/reap2.jpg,https://audio.tudienkala.com/audio/r/e/reap.mp3
56,rebellious,/rɪˈbeliəs/,adj,"nổi loạn, hay chống đối",rebellious teenagers,thanh thiếu niên nổi loạn,https://audio.tudienkala.com/data/cache/images/300x225/r/e/rebellious1.jpg,https://audio.tudienkala.com/audio/r/e/rebellious.mp3
56,recharge,/ˌriːˈtʃɑːdʒ/,v,"nạp lại, hồi phục lại",We needed the break in order to recharge.,Chúng tôi cần nghỉ ngơi để hồi phục.,https://audio.tudienkala.com/data/cache/images/300x225/r/e/recharge1.jpg,https://audio.tudienkala.com/audio/r/e/recharge.mp3
56,recyclable,/riːˈsaɪ.klə.bl/,adj,có thể tái chế được,Are plastic bags recyclable?,Túi nhựa có thể tái chế được không?,https://audio.tudienkala.com/data/cache/images/300x225/r/e/recyclable1.jpg,https://audio.tudienkala.com/audio/r/e/recyclable.mp3
56,reminiscence,/ˌrem.ɪˈnɪs.əns/,n,"sự nhớ lại, sự hồi tưởng, kí ức",The book is a collection of his reminiscences about the actress.,Cuốn sách là một bộ sưu tập các hồi ức của ông về nữ diễn viên.,https://audio.tudienkala.com/data/cache/images/300x225/r/e/reminiscence1.jpg,https://audio.tudienkala.com/audio/r/e/reminiscence.mp3
56,renovate,/ˈrenəveɪt/,v,sửa chữa,He renovates old houses and sells them at a profit.,Anh ta sửa chữa những nhà cũ và bán chúng lại với một lợi nhuận.,https://audio.tudienkala.com/data/cache/images/300x225/r/e/renovate1.png,https://audio.tudienkala.com/audio/r/e/renovate.mp3
56,repercussion,/riːpəˈkʌʃən/,n,hậu quả,The collapse of the company will have repercussions for the whole industry.,Sự sụp đổ của công ty sẽ có hậu quả đối với toàn bộ ngành công nghiệp.,https://audio.tudienkala.com/data/cache/images/300x225/r/e/repercussion1.jpg,https://audio.tudienkala.com/audio/r/e/repercussion.mp3
56,resilience,/rɪˈzɪliəns/,n,"sự kiên cường, bền bỉ",He showed great courage and resilience in fighting back from a losing position to win the game.,Ông đã cho thấy sự can đảm tuyệt vời và sự kiên cường trong cuộc phản chiến từ một vị trí thua đến giành chiến thắng trận đấu.,https://audio.tudienkala.com/data/images_example/300x225/h/e/he_showed__ex2_58772a9b7f8b9a9d308b46cf.jpg,https://audio.tudienkala.com/audio/r/e/resilience.mp3
56,revolutionize,/ˌrevəlˈuːʃənaɪz/,v,"thay đổi hoàn toàn, cách mạng hóa",Aerial photography has revolutionized the study of archaeology.,Chụp ảnh trên không đã thay đổi hoàn toàn việc nghiên cứu khảo cổ học.,https://audio.tudienkala.com/data/images_example/300x225/a/e/aerial_pho_ex2_587729f37f8b9a8e308b463d.jpg,https://audio.tudienkala.com/audio/r/e/revolutionize.mp3
56,risk-taker,/rɪsk ˈteɪkə(r)/,n,"người ưa mạo hiểm, người liều lĩnh",They are risk-takers who either make a lot of money or lose a lot.,Họ là những người ưa mạo hiểm hoặc kiếm được rất nhiều tiền hoặc mất rất nhiều.,https://audio.tudienkala.com/data/cache/images/300x225/r/i/risk-taker1.jpg,https://audio.tudienkala.com/audio/r/i/risk-taker.mp3
56,rife,/raɪf/,adj,"hoành hành, lan tràn",It is a country where corruption is rife.,Đó là một đất nước mà tham nhũng hoành hành.,https://audio.tudienkala.com/data/images_example/300x225/i/t/it_is_a_co_ex2_58772a9c7f8b9a9d308b46d5.jpg,https://audio.tudienkala.com/audio/r/i/rife.mp3
56,rotate,/rəʊˈteɪt/,v,"xoay vòng, luân phiên nhau",The EU presidency rotates among the members.,Chủ tịch EU luân phiên nhau giữa các thành viên.,https://audio.tudienkala.com/data/cache/images/300x225/r/o/rotate1.jpg,https://audio.tudienkala.com/audio/r/o/rotate.mp3
56,sabbatical,/səˈbætɪkəl/,n,kì nghỉ phép,to take a year's sabbatical,nhận kỳ nghỉ phép một năm,https://audio.tudienkala.com/data/cache/images/300x225/s/a/sabbatical1.jpg,https://audio.tudienkala.com/audio/s/a/sabbatical.mp3
56,scenic,/ˈsiːnɪk/,adj,thuộc phong cảnh,National parks usually contain a variety of scenic features.,Các vườn quốc gia thường có rất nhiều cảnh vật khác nhau.,https://audio.tudienkala.com/data/cache/images/300x225/s/c/scenic1.jpg,https://audio.tudienkala.com/audio/s/c/scenic.mp3
56,scrupulous,/ˈskruːpjələs/,adj,"đắn đo, thận trọng",He was scrupulous in all his business dealings.,Ông thận trọng trong tất cả các giao dịch kinh doanh của mình.,https://audio.tudienkala.com/data/cache/images/300x225/s/c/scrupulous1.jpg,https://audio.tudienkala.com/audio/s/c/scrupulous.mp3
56,sedentary,/ˈsedəntəri/,adj,"ở một chỗ, ít đi chỗ khác, ít vận động",a sedentary job/occupation/lifestyle,một công việc ít vận động / việc làm ít vận động / lối sống ít vận động,https://audio.tudienkala.com/data/cache/images/300x225/s/e/sedentary1.jpg,https://audio.tudienkala.com/audio/s/e/sedentary.mp3
56,self-expression,/ˌself.ɪkˈspreʃ.ən/,n,sự tự thể hiện (bản thân),Self-expression is a healthy thing to do for your own development.,Tự thể hiện là một điều lành mạnh để góp phần sự phát triển của riêng bạn.,https://audio.tudienkala.com/data/cache/images/300x225/s/e/self-expression1.jpg,https://audio.tudienkala.com/audio/s/e/self-expression.mp3
56,self-worth,/selfˈwɜːθ/,n,"tự trọng, giá trị bản thân",Praise your child to increase her sense of self-worth.,Khen ngợi con để làm tăng cảm giác tự trọng.,https://audio.tudienkala.com/data/cache/images/300x225/s/e/self-worth1.jpg,https://audio.tudienkala.com/audio/s/e/self-worth.mp3
56,sensationalist,/senˈseɪʃənəlɪst/,n,giật gân,sensationalist headlines,tiêu đề giật gân,https://audio.tudienkala.com/data/cache/images/300x225/s/e/sensationalist1.jpg,https://audio.tudienkala.com/audio/s/e/sensationalist.mp3
56,serendipity,/ˌserənˈdɪpəti/,n,"sự may mắn, vận may","Meeting her like that, and there of all places, was true serendipity!","Gặp cô ấy như thế, và ở tất cả mọi nơi, đó thật là điều may mắn!",https://audio.tudienkala.com/data/images_example/300x225/m/e/meeting_he_ex2_58772a9f7f8b9a9d308b46e7.jpg,https://audio.tudienkala.com/audio/s/e/serendipity.mp3
56,short sighted,/ˌʃɔːtˈsaɪtɪd/,adj,thiển cận (không suy nghĩ cẩn thận về những gì sẽ xảy ra),a short sighted policy,một chính sách thiển cận,https://audio.tudienkala.com/data/cache/images/300x225/s/h/short-sighted1.jpg,https://audio.tudienkala.com/audio/s/h/short-sighted.mp3
57,showcase,/ˈʃəʊkeɪs/,v,"thể hiện, chứng tỏ ai, điều gì (một cách thu hút)",The program showcases up-and-coming musicians.,Chương trình giới thiệu các nhạc sĩ triển vọng.,https://audio.tudienkala.com/data/cache/images/300x225/s/h/showcase1.jpg,https://audio.tudienkala.com/audio/s/h/showcase.mp3
57,shun,/ʃʌn/,v,"tránh, xa lánh",She was shunned by her family when she remarried.,Cô bị xa lánh bởi gia đình khi cô tái hôn.,https://audio.tudienkala.com/data/cache/images/300x225/s/h/shun1.jpg,https://audio.tudienkala.com/audio/s/h/shun.mp3
57,signify,/ˈsɪgnɪfaɪ/,v,biểu thị,Nobody really knows what the marks on the ancient stones signify.,Không ai thực sự biết những gì các dấu vết trên đá cổ xưa biểu thị.,https://audio.tudienkala.com/data/images_example/300x225/n/o/nobody_rea_ex1_56248d117f8b9a020d261764.jpg,https://audio.tudienkala.com/audio/s/i/signify.mp3
57,simulate,/ˈsɪmjəleɪt/,v,"bắt chước, mô phỏng",Computer software can be used to simulate conditions on the seabed.,Phần mềm máy tính có thể được sử dụng để mô phỏng các điều kiện ở đáy biển.,https://audio.tudienkala.com/data/cache/images/300x225/s/i/simulate1.jpg,https://audio.tudienkala.com/audio/s/i/simulate.mp3
57,skyscraper,/ˈskaɪˌskreɪpər/,n,nhà chọc trời,Are skyscrapers ugly?,Có phải các tòa nhà chọc trời xấu xí không?,https://audio.tudienkala.com/data/cache/images/300x225/s/k/skyscraper1.jpg,https://audio.tudienkala.com/audio/s/k/skyscraper.mp3
57,sprawl,/sprɔːl/,n,vùng mở rộng lộn xộn; đống ngổn ngang (nhất là các toà nhà),attempts to control the fast-growing urban sprawl,những nỗ lực kiểm soát vùng đô thị phát triển nhanh lộn xộn,https://audio.tudienkala.com/data/cache/images/300x225/s/p/sprawl2.png,https://audio.tudienkala.com/audio/s/p/sprawl.mp3
57,stagnant,/ˈstægnənt/,adj,trì trệ,A stagnant economy is not growing or developing.,Một nền kinh tế trì trệ là nền kinh tế không đang lớn lên hoặc không đang phát triển.,https://audio.tudienkala.com/data/images_example/300x225/a/_/a_stagnant_ex2_56248d117f8b9a020d26187c.jpg,https://audio.tudienkala.com/audio/s/t/stagnant.mp3
57,staid,/steɪd/,adj,trầm tính; ù lì; phẳng lặng,The museum is trying to get rid of its staid image.,Bảo tàng đang cố gắng để thoát khỏi hình ảnh trầm tính của nó.,https://audio.tudienkala.com/data/cache/images/300x225/s/t/staid2.png,https://audio.tudienkala.com/audio/s/t/staid.mp3
57,stifle,/ˈstaɪfl/,v,"kìm nén, đàn áp",She managed to stifle a yawn.,Cô xoay sở kiềm chế cơn ngáp.,https://audio.tudienkala.com/data/images_example/300x225/s/h/she_manage_ex2_587729f87f8b9a8e308b4653.jpg,https://audio.tudienkala.com/audio/s/t/stifle.mp3
57,streamline,/ˈstriːmlaɪn/,v,"tinh giản một hệ thống, một tổ chức (đặt biệt là để tiết kiệm chi phí)",The production process is to be streamlined.,Quy trình sản xuất phải được tinh giản hệ thống hợp lý.,https://audio.tudienkala.com/data/cache/images/300x225/s/t/streamline1.jpg,https://audio.tudienkala.com/audio/s/t/streamline.mp3
57,stutter,/ˈstʌtər/,v,nói lắp,‘W-w-what?’ he stuttered.,"'C-ái-gì? ""Anh lắp bắp.",https://audio.tudienkala.com/data/cache/images/300x225/s/t/stutter1.jpg,https://audio.tudienkala.com/audio/s/t/stutter.mp3
57,succumb,/səˈkʌm/,v,"chịu thua, không cưỡng lại được",The town succumbed after a short siege.,Thị trấn chịu thua sau một cuộc bao vây ngắn.,https://audio.tudienkala.com/data/images_example/300x225/t/h/the_town_s_ex2_587729f97f8b9a8e308b465d.jpg,https://audio.tudienkala.com/audio/s/u/succumb.mp3
57,superfluous,/suːˈpɜːfluəs/,adj,"thừa thãi, không cần thiết",The report was marred by a mass of superfluous detail.,Bản báo cáo bị ảnh hưởng bởi một loạt các chi tiết thừa thãi.,https://audio.tudienkala.com/data/cache/images/300x225/s/u/superfluous1.jpg,https://audio.tudienkala.com/audio/s/u/superfluous.mp3
57,surpass,/səˈpɑːs/,v,"vượt qua, vượt xa",The book's success surpassed everyone's expectations.,Sự thành công của cuốn sách đã vượt qua sự mong đợi của tất cả mọi người.,https://audio.tudienkala.com/data/cache/images/300x225/s/u/surpass1.png,https://audio.tudienkala.com/audio/s/u/surpass.mp3
57,sycophant,/ˈsɪkəfænt/,n,"người nịnh hót, người bợ đỡ",The prime minister is surrounded by sycophants.,Thủ tướng được bao quanh bởi những người nịnh hót.,https://audio.tudienkala.com/data/cache/images/300x225/s/y/sycophant1.jpg,https://audio.tudienkala.com/audio/s/y/sycophant.mp3
57,tantamount,/ˈtæntəmaʊnt/,adj,"đồng nghĩa với, tương đương với",If he resigned it would be tantamount to admitting that he was guilty.,"Nếu ông từ chức, nó sẽ tương đương với việc thừa nhận rằng ông đã phạm tội.",https://audio.tudienkala.com/data/images_example/300x225/i/f/if_he_resi_ex2_58772aa47f8b9a9d308b46fd.jpg,https://audio.tudienkala.com/audio/t/a/tantamount.mp3
57,telecommute,/ˌtelikəˈmjuːt/,v,"làm việc tại nhà (giao tiếp với cơ quan, khách hàng... qua điện thoại, email)",The company now allows some of its employees to telecommute.,Hiện nay công ty cho phép một số nhân viên của mình làm việc tại nhà.,https://audio.tudienkala.com/data/cache/images/300x225/t/e/telecommute1.jpg,https://audio.tudienkala.com/audio/t/e/telecommute.mp3
57,tempt,/tempt/,v,"xúi giục, cám dỗ",I am tempted by the idea of driving across the country instead of flying.,Tôi bị cám dỗ bởi ý tưởng lái xe xuyên qua đất nước thay vì đi máy bay.,https://audio.tudienkala.com/data/cache/images/300x225/t/e/tempt1.png,https://audio.tudienkala.com/audio/t/e/tempt.mp3
57,terrestrial,/təˈrestriəl/,adj,"(thuộc) trái đất, ở trên mặt đất, sống trên mặt đất",top 12 fastest terrestrial animals,12 loài động vật trên cạn nhanh nhất đứng đầu,https://audio.tudienkala.com/data/cache/images/300x225/t/e/terrestrial1.jpg,https://audio.tudienkala.com/audio/t/e/terrestrial.mp3
57,timeline,/ˈtaɪm.laɪn/,n,dòng thời gian,timeline on Facebook,dòng thời gian trên Facebook,https://audio.tudienkala.com/data/cache/images/300x225/t/i/timeline1.jpg,https://audio.tudienkala.com/audio/t/i/timeline.mp3
57,transcend,/trænˈsend/,v,"vượt qua, hơn",The best films are those which transcend national or cultural barriers.,Những bộ phim hay nhất là những phim vượt qua rào cản quốc gia hay văn hóa.,https://audio.tudienkala.com/data/cache/images/300x225/t/r/transcend1.jpg,https://audio.tudienkala.com/audio/t/r/transcend.mp3
57,truculent,/ˈtrʌk.jʊ.lənt/,adj,"hùng hổ, hung hăng, dữ tợn","‘What do you want?’ he asked, sounding slightly truculent.","""Anh muốn gì?"" Anh hỏi, giọng hơi hung hăng.",https://audio.tudienkala.com/data/cache/images/300x225/t/r/truculent1.jpg,https://audio.tudienkala.com/audio/t/r/truculent.mp3
57,ultra,/ˈʌltrə/,prefix,"cực kì, cực, siêu",,,https://audio.tudienkala.com/data/cache/images/300x225/u/l/ultra1.jpg,https://audio.tudienkala.com/audio/u/l/ultra.mp3
57,unintentional,/ˌʌnɪnˈtentʃənəl/,adj,"vô ý, không cố ý, không chủ tâm","Perhaps I misled you, but it was quite unintentional (= I did not mean to).","Có lẽ tôi đã lừa dối bạn, nhưng đó không phải chủ ý (= Tôi không có ý).",https://audio.tudienkala.com/data/images_example/300x225/p/e/perhaps_i__ex2_58772b527f8b9ab7308b4640.jpg,https://audio.tudienkala.com/audio/u/n/unintentional.mp3
57,unleaded,/ʌnˈledɪd/,adj,không chứa chì (ít độc hại với môi trường),"The proposal is to use ethanol to mix with unleaded petrol on a 1: 10 basis, known as E10.","Đề xuất là sử dụng ethanol pha trộn với xăng không chì trên tỉ lệ căn bản 1: 10, được gọi là xăng E10.",https://audio.tudienkala.com/data/cache/images/300x225/u/n/unleaded1.jpg,https://audio.tudienkala.com/audio/u/n/unleaded.mp3
57,unmanned,/ʌnˈmænd/,adj,không có người điều khiển,an unmanned spacecraft,một tàu vũ trụ không người lái,https://audio.tudienkala.com/data/images_example/300x225/a/n/an_unmanne_ex2_58772b527f8b9ab7308b4644.jpg,https://audio.tudienkala.com/audio/u/n/unmanned.mp3
57,unspoiled,/ʌnˈspɔɪlt/,adj,"không bị hư hỏng; không khó chịu, không khó tính (bởi việc được khen ngợi quá nhiều)",She was an affectionate child and remarkably unspoiled.,Cô là một đứa trẻ tình cảm và không bị hư hỏng.,https://audio.tudienkala.com/data/images_example/300x225/s/h/she_was_an_ex2_58772b527f8b9ab7308b4646.jpg,https://audio.tudienkala.com/audio/u/n/unspoiled.mp3
57,upbeat,/ˈʌpˌbiːt/,adj,"lạc quan, khả quan",The tone of the speech was upbeat.,Giọng điệu của bài phát biểu lạc quan.,https://audio.tudienkala.com/data/cache/images/300x225/u/p/upbeat1.jpg,https://audio.tudienkala.com/audio/u/p/upbeat.mp3
57,uphold,/ʌpˈhəʊld/,v,"ủng hộ, duy trì",We have a duty to uphold the law.,Chúng ta có nhiệm vụ phải tuân theo luật pháp.,https://audio.tudienkala.com/data/cache/images/300x225/u/p/uphold1.jpg,https://audio.tudienkala.com/audio/u/p/uphold.mp3
57,upmarket,/ˌʌpˈmɑːkɪt/,adj,"(thị trường) cao cấp, hạng sang",an upmarket restaurant,một nhà hàng hạng sang,https://audio.tudienkala.com/data/cache/images/300x225/u/p/upmarket1.jpg,https://audio.tudienkala.com/audio/u/p/upmarket.mp3
57,upsurge,/ˈʌpsɜːdʒ/,n,sự gia tăng đột biến,an upsurge in violent crime,một sự gia tăng đột biến tội phạm bạo lực,https://audio.tudienkala.com/data/cache/images/300x225/u/p/upsurge1.jpg,https://audio.tudienkala.com/audio/u/p/upsurge.mp3
57,urbanized,/ˈɜːbənaɪzd/,adj,"đô thị hóa, thành thị hóa",an increasingly urbanized society,một xã hội ngày càng đô thị hóa,https://audio.tudienkala.com/data/images_example/300x225/a/n/an_increas_ex2_58772b547f8b9ab7308b464c.jpg,https://audio.tudienkala.com/audio/u/r/urbanized.mp3
57,user-friendly,/ˌjuːzəˈfrendli/,adj,"dễ sử dụng, dễ hiểu",a user-friendly interface/ printer,một giao diện dễ sử dụng / một máy in dễ sử dụng,https://audio.tudienkala.com/data/cache/images/300x225/u/s/user-friendly1.png,https://audio.tudienkala.com/audio/u/s/user-friendly.mp3
57,varsity,/ˈvɑː.sə.ti/,adj,"được sử dụng để mô tả các hoạt động của các trường đại học Oxford và Cambridge, đặc biệt là các cuộc thi thể thao",the varsity match,trận đấu Varsity giữa Oxford và Cambridge,https://audio.tudienkala.com/data/images_example/300x225/t/h/the_varsit_ex2_58772aaa7f8b9a9d308b4715.jpg,https://audio.tudienkala.com/audio/v/a/varsity.mp3
57,vehement,/ˈviːəmənt/,adj,"kịch liệt, dữ dội","a vehement denial/attack/protest, etc.","từ chối kịch liệt / tấn công kịch liệt / chống đối kịch liệt, vv",https://audio.tudienkala.com/data/cache/images/300x225/v/e/vehement1.jpg,https://audio.tudienkala.com/audio/v/e/vehement.mp3
57,venal,/ˈviː.nəl/,adj,"dễ mua chuộc, dễ hối lộ",venal journalists,những nhà báo dễ bị mua chuộc,https://audio.tudienkala.com/data/cache/images/300x225/v/e/venal1.jpg,https://audio.tudienkala.com/audio/v/e/venal.mp3
57,venerable,/ˈvenərəbl/,adj,đáng tôn kính,a venerable old man,một ông lão đáng tôn kính,https://audio.tudienkala.com/data/cache/images/300x225/v/e/venerable2.png,https://audio.tudienkala.com/audio/v/e/venerable.mp3
57,verify,/'verifai/,v,"kiểm tra lại, thẩm tra, xác minh",We have no way of verifying his story.,Chúng tôi không có cách nào để xác minh câu chuyện của anh ấy.,https://audio.tudienkala.com/data/cache/images/300x225/v/e/verify1.png,https://audio.tudienkala.com/audio/v/e/verify.mp3
57,vindicate,/ˈvɪndɪkeɪt/,v,"chứng minh, bào chữa, minh oan",I have every confidence that this decision will be fully vindicated.,Tôi có mọi sự tự tin rằng quyết định này sẽ được bào chữa hoàn toàn.,https://audio.tudienkala.com/data/images_example/300x225/i/_/i_have_eve_ex2_58772aac7f8b9a9d308b4723.jpg,https://audio.tudienkala.com/audio/v/i/vindicate.mp3
57,violate,/ˈvaɪəleɪt/,v,"vi phạm, xâm phạm",He violated international law.,Anh ta đã vi phạm luật pháp quốc tế.,https://audio.tudienkala.com/data/cache/images/300x225/v/i/violate1.jpg,https://audio.tudienkala.com/audio/v/i/violate.mp3
57,visualize,/ˈvɪʒuəlaɪz/,v,"hình dung, tưởng tượng",Try to visualize him as an old man.,Hãy thử hình dung anh ta như một người đàn ông lớn tuổi.,https://audio.tudienkala.com/data/cache/images/300x225/v/i/visualize1.jpg,https://audio.tudienkala.com/audio/v/i/visualize.mp3
57,vociferous,/vəˈsɪfərəs/,adj,"lớn tiếng, mạnh miệng; rầm rộ",He was a vociferous opponent of the takeover.,Ông là một đối thủ lớn tiếng trong vụ tiếp quản.,https://audio.tudienkala.com/data/cache/images/300x225/v/o/vociferous1.jpg,https://audio.tudienkala.com/audio/v/o/vociferous.mp3
57,weightless,/ˈweɪtləs/,adj,không trọng lượng,The experiment was carried out in weightless conditions.,Thí nghiệm dó được thực hiện trong tình trạng không trọng lượng.,https://audio.tudienkala.com/data/cache/images/300x225/w/e/weightless1.png,https://audio.tudienkala.com/audio/w/e/weightless.mp3
57,well informed,/ˌwelɪnˈfɔːmd/,adj,am hiểu,a well-informed decision,một quyết định sáng suốt,https://audio.tudienkala.com/data/cache/images/300x225/w/e/well_informed1.jpg,https://audio.tudienkala.com/audio/w/e/well_informed.mp3
57,well rounded,/wel ˈraʊndɪd/,adj,"toàn diện (có nhiều kinh nghiệm, khả năng, phát triển đầy đủ)",schools that turn out well–rounded graduates,những trường mà hóa ra là toàn sinh viên tốt nghiệp toàn diện,https://audio.tudienkala.com/data/cache/images/300x225/w/e/well_rounded1.jpg,https://audio.tudienkala.com/audio/w/e/well_rounded.mp3
57,white-collar,/ˌwaɪtˈkɒlər/,adj,"(nói về công việc, người lao động...) không làm bằng chân tay; lao động trí óc; công chức",white-collar workers,nhân viên lao động trí óc,https://audio.tudienkala.com/data/cache/images/300x225/w/h/white-collar1.jpg,https://audio.tudienkala.com/audio/w/h/white-collar.mp3
57,win-win,/ˈwɪnwɪn/,adj,có lợi cho các bên liên quan,This is a win-win situation all around.,Đây là một tình huống có lợi cho tất cả các bên liên quan.,https://audio.tudienkala.com/data/cache/images/300x225/w/i/win-win1.jpg,https://audio.tudienkala.com/audio/w/i/win-win.mp3
57,withhold,/wi 'hould/,v,"Giấu, kìm lại, giữ lại",Do not withhold any information from your accountant or he will not be able to prepare your tax form correctly.,Đừng giấu diếm bất kỳ thông tin nào với người kế toán của bạn kẻo không anh ta không thể chuẩn bị biểu mẫu thuế cho bạn chính xác được.,https://audio.tudienkala.com/data/cache/images/300x225/w/i/withhold1.png,https://audio.tudienkala.com/audio/w/i/withhold.mp3
57,worsen,/ˈwɜːsən/,v,"trở nên, làm cho xấu hơn, tệ hơn",The political situation is steadily worsening.,Tình hình chính trị đang dần xấu đi.,https://audio.tudienkala.com/data/cache/images/300x225/w/o/worsen2.jpg,https://audio.tudienkala.com/audio/w/o/worsen.mp3
57,zenith,/ˈzenɪθ/,n,"cực điểm, tột đỉnh","In the 1860s, Tolstoy was at the zenith of his achievement.","Trong những năm 1860, Tolstoy đã ở đỉnh cao trong sự nghiệp của mình.",https://audio.tudienkala.com/data/images_example/300x225/i/n/in_the_186_ex2_58772aad7f8b9a9d308b4727.jpg,https://audio.tudienkala.com/audio/z/e/zenith.mp3
