topic,word,pronunciation,word_type,meaning,example_en,example_vi,image_url,audio_url
76,abandon,/əˈbændən/,v,từ bỏ,The match was abandoned at half-time because of the poor weather conditions.,Trận đấu phải từ bỏ giữa chừng vì điều kiện thời tiết không thuận lợi.,https://audio.tudienkala.com/data/cache/images/300x225/a/b/abandon1.jpg,https://audio.tudienkala.com/audio/a/b/abandon.mp3
76,abstract,/ˈæbstrækt/,n,"bài tóm lược (cuốn sách, luận án, bài diễn văn...)",An abstract always appears at the beginning of a manuscript or typescript.,Bài tóm lược luôn xuất hiện ở phần đầu của một bài viết hoặc bản sao chép.,https://audio.tudienkala.com/data/images_example/300x225/a/n/an_abstrac_ex2_58772ac97f8b9aab308b4567.jpg,https://audio.tudienkala.com/audio/a/b/abstract.mp3
76,absurd,/əbˈzɜːd/,adj,"ngớ ngẩn, lố bịch",That uniform makes the guards look absurd.,Bộ đồng phục đó khiến cho các vệ sĩ trông thật ngớ ngẩn.,https://audio.tudienkala.com/data/images_example/300x225/t/h/that_unifo_ex2_58772dc17f8b9af8308b4567.jpg,https://audio.tudienkala.com/audio/a/b/absurd.mp3
76,accompany,/əˈkʌmpəni/,v,"đi cùng, hộ tống","""May I accompany you to the ball?"" he asked her.","""Tôi có thể đi cùng em đến buổi khiêu vũ được không?"" anh hỏi cô.",https://audio.tudienkala.com/data/cache/images/300x225/a/c/accompany1.png,https://audio.tudienkala.com/audio/a/c/accompany.mp3
76,accord,/əˈkɔːd/,n,"hiệp định, hiệp ước",The two sides signed a peace accord last July.,Hai bên đã ký kết một hiệp ước hòa bình cuối tháng bảy.,https://audio.tudienkala.com/data/cache/images/300x225/a/c/accord1.jpg,https://audio.tudienkala.com/audio/a/c/accord.mp3
76,acquisition,/ˌækwɪˈzɪʃən/,n,"sự giành được, đạt được",The young woman collected an acquisition of paintings from her deceased uncle.,Người phụ nữ trẻ đã thu thập lại những bức tranh từ người chú quá cố của mình.,https://audio.tudienkala.com/data/images_example/300x225/t/h/the_young__ex2_58772a037f8b9a8e308b468f.jpg,https://audio.tudienkala.com/audio/a/c/acquisition.mp3
76,adequate,/ˈædɪkwət /,adj,đầy đủ,Make sure that the lighting is adequate so that the guests can see what they are eating.,"Hãy đảm bảo đủ ánh sáng, để khách khứa có thể nhìn thấy rõ là họ đang ăn những gì.",https://audio.tudienkala.com/data/images_example/300x225/m/a/make_sure__ex1_56248cfb7f8b9afa0cb17da8.jpg,https://audio.tudienkala.com/audio/a/d/adequate.mp3
76,adjacent,/ə'dʤeizənt/,adj,"kế bên, liền kề, sát cạnh",My office is adjacent to the receptionist area on the third floor.,Văn phòng của tôi ở bên cạnh khu vực tiếp tân ở tầng ba.,https://audio.tudienkala.com/data/cache/images/300x225/a/d/adjacent2.png,https://audio.tudienkala.com/audio/a/d/adjacent.mp3
76,advent,/ˈædvent/,n,"sự ra đời, sự xuất hiện",the advent of new technology.,sự ra đời của công nghệ mới.,https://audio.tudienkala.com/data/cache/images/300x225/a/d/advent1.jpg,https://audio.tudienkala.com/audio/a/d/advent.mp3
76,advocate,/ˈædvəkeɪt/,v,"chủ trương, tán thành",He advocates human rights.,Ông ấy ủng hộ nhân quyền.,https://audio.tudienkala.com/data/cache/images/300x225/a/d/advocate1.png,https://audio.tudienkala.com/audio/a/d/advocate.mp3
76,aesthetic,/esˈθetɪk/,adj,"(thuộc) mỹ học, thẩm mỹ",an aesthetic appreciation of the landscape,một sự đánh giá cao về tính thẩm mỹ của cảnh quan,https://audio.tudienkala.com/data/images_example/300x225/a/n/an_aesthet_ex2_58772bbb7f8b9ac5308b4571.jpeg,https://audio.tudienkala.com/audio/a/e/aesthetic.mp3
76,allegiance,/əˈliːdʒəns/,n,lòng trung thành,to pledge full allegiance to the country,nguyện hoàn toàn trung thành với tổ quốc,https://audio.tudienkala.com/data/images_example/300x225/t/o/to_pledge__ex2_58772dc27f8b9af8308b456d.jpg,https://audio.tudienkala.com/audio/a/l/allegiance.mp3
76,alter,/ˈɔːltər/,v,thay đổi; làm cho cái gì đó thay đổi,Prices did not alter significantly during 2015.,Giá cả không thay đổi đáng kể trong suốt năm 2015.,https://audio.tudienkala.com/data/cache/images/300x225/a/l/alter2.jpg,https://audio.tudienkala.com/audio/a/l/alter.mp3
76,ambiguous,/æmˈbɪɡjuəs/,adj,"đa nghĩa, mơ hồ","""Internet culture"" is an ambiguous term.",Văn hóa internet là một thuật ngữ mơ hồ.,https://audio.tudienkala.com/data/cache/images/300x225/a/m/ambiguous1.jpg,https://audio.tudienkala.com/audio/a/m/ambiguous.mp3
76,anomaly,/əˈnɒməli/,n,"sự không bình thường, dị thường",This is an anomaly eyes in cat.,Chú mèo có cặp mắt bất thường.,https://audio.tudienkala.com/data/cache/images/300x225/a/n/anomaly1.jpg,https://audio.tudienkala.com/audio/a/n/anomaly.mp3
76,anonymous,/əˈnɒnɪməs/,adj,"giấu tên, ẩn danh",an anonymous donor,một nhà tài trợ ẩn danh,https://audio.tudienkala.com/data/cache/images/300x225/a/n/anonymous1.jpg,https://audio.tudienkala.com/audio/a/n/anonymous.mp3
76,anticipate,/ænˈtɪsɪpeɪt/,v,"đoán trước, liệu trước",They anticipate moving to bigger premises by the end of the year.,Họ dự kiến sẽ di chuyển đến các cơ sở lớn hơn vào cuối năm nay.,https://audio.tudienkala.com/data/images_example/300x225/w/e/we_dont_an_ex2_587728e17f8b9a5f308b45ee.jpg,https://audio.tudienkala.com/audio/a/n/anticipate.mp3
76,apparatus,/ˌæpərˈeɪtəs/,n,"dụng cụ, thiết bị cho một hoạt động",a piece of laboratory apparatus,một phần thiết bị phòng thí nghiệm,https://audio.tudienkala.com/data/cache/images/300x225/a/p/apparatus1.jpg,https://audio.tudienkala.com/audio/a/p/apparatus.mp3
76,appeal,/əˈpiːl/,n,"sức hấp dẫn, lôi cuốn",A restaurant with good food and reasonable prices has a lot of appeal.,Một nhà hàng có thức ăn ngon và giá cả phải chăng có sức hút rất mạnh.,https://audio.tudienkala.com/data/images_example/300x225/a/_/a_restaura_ex1_56248d127f8b9a020d261a00.jpg,https://audio.tudienkala.com/audio/a/p/appeal.mp3
76,appropriate,/əˈprəʊpriət/,adj,"thích hợp, thích đáng",The book was written in a style appropriate to the age of the children,Cuốn sách được viết bằng một phong cách thích hợp với lứa tuổi của trẻ em,https://audio.tudienkala.com/data/images_example/300x225/t/h/the_book_w_ex2_587728087f8b9a0d308b468a.jpg,https://audio.tudienkala.com/audio/a/p/appropriate.mp3
76,apt,/æpt/,adj,"thích hợp, đúng với hoàn cảnh",There is no apter word.,Không có từ nào đúng hơn.,https://audio.tudienkala.com/data/images_example/300x225/t/h/there_is_n_ex2_58772dc37f8b9af8308b4573.jpg,https://audio.tudienkala.com/audio/a/p/apt.mp3
76,arbitrary,/ˈɑːbɪtrəri/,adj,"chuyên quyền, độc đoán",It lacks an independent court system capable of overturning arbitrary decisions.,Thiếu một hệ thống tòa án có khả năng bác bỏ các quyết định tùy ý.,https://audio.tudienkala.com/data/cache/images/300x225/a/r/arbitrary1.jpg,https://audio.tudienkala.com/audio/a/r/arbitrary.mp3
76,artefact,/ˈɑːtɪfækt/,n,"vật được người tạo ra, có giá trị về văn hóa hay lịch sử",The artifact was discovered near the site of the ancient burial ground.,Các hiện vật được phát hiện gần nơi chôn cất cổ xưa.,https://audio.tudienkala.com/data/cache/images/300x225/a/r/artefact1.jpg,https://audio.tudienkala.com/audio/a/r/artefact.mp3
76,articulate,/ɑːˈtɪkjəleɪt/,v,"diễn đạt suy nghĩ, cảm xúc một cách rõ ràng bằng lời",He struggled to articulate her thoughts.,Anh ấy đã đấu tranh để nói lên suy nghĩ của mình.,https://audio.tudienkala.com/data/cache/images/300x225/a/r/articulate1.jpg,https://audio.tudienkala.com/audio/a/r/articulate.mp3
76,aspect,/ˈæspekt/,n,khía cạnh,She felt she had looked at the problem from every aspect.,Cô ấy cảm thấy rằng cô ấy đã nhìn nhận vấn đề từ mọi khía cạnh.,https://audio.tudienkala.com/data/cache/images/300x225/a/s/aspect1.jpg,https://audio.tudienkala.com/audio/a/s/aspect.mp3
76,assert,/əˈsɜːt/,v,"khẳng định, quả quyết",He continued to assert that she was innocent.,Ông ấy tiếp tục khẳng định rằng cô ta vô tội.,https://audio.tudienkala.com/data/images_example/300x225/h/e/he_continu_ex2_58772dc47f8b9af8308b4577.jpg,https://audio.tudienkala.com/audio/a/s/assert.mp3
76,associate,/əˈsəʊsiət/,n,"cộng tác, đồng sự","I'd like you to meet an associate of mine, Mr. Dave.",Tôi muốn bạn gặp một cộng sự của tôi là Ông Dave.,https://audio.tudienkala.com/data/images_example/300x225/i/d/id_like_yo_ex2_587726e77f8b9ae72f8b464f.jpg,https://audio.tudienkala.com/audio/a/s/associate.mp3
76,asylum,/əˈsaɪləm/,n,nơi tị nạn,We seeked granted asylum.,Chúng tôi đã xin được cấp nơi tị nạn.,https://audio.tudienkala.com/data/cache/images/300x225/a/s/asylum1.jpg,https://audio.tudienkala.com/audio/a/s/asylum.mp3
76,atom,/ˈætəm/,n,nguyên tử,the splitting of the atom,sự tách nguyên tử,https://audio.tudienkala.com/data/cache/images/300x225/a/t/atom1.png,https://audio.tudienkala.com/audio/a/t/atom.mp3
76,attribute,/ˈætrɪbjuːt/,n,"đức tính, đặc tính",Patience is one of the most important attributes in a teacher.,Kiên nhẫn là một trong những đức tính quan trọng nhất trong một giáo viên.,https://audio.tudienkala.com/data/images_example/300x225/p/a/patience_i_ex2_587729cd7f8b9a8e308b4571.jpg,https://audio.tudienkala.com/audio/a/t/attribute.mp3
76,authentic,/ɔːˈθentɪk/,adj,đích thực; xác thực,"My grandmother, who was born in Italy, makes the most authentic Italian meals for our family dinners.","Bà ngoại tôi được sinh ra tại Ý, bà sẽ làm các món Ý đích thực nhất cho bữa tối của gia đình tôi.",https://audio.tudienkala.com/data/images_example/300x225/m/y/my_grandmo_ex2_58772dc57f8b9af8308b457b.jpg,https://audio.tudienkala.com/audio/a/u/authentic.mp3
76,autonomous,/ɔːˈtɒnəməs/,adj,tự trị,Teachers aim to help children become autonomous learners.,Giáo viên đặt mục tiêu giúp các trẻ em trở thành người học độc lập.,https://audio.tudienkala.com/data/images_example/300x225/t/e/teachers_a_ex2_58772bc37f8b9ac5308b459b.jpg,https://audio.tudienkala.com/audio/a/u/autonomous.mp3
76,beneficial,/ˌbenɪˈfɪʃəl/,adj,"có ích, có lợi",A good diet is beneficial to health.,Một chế độ ăn tốt có lợi cho sức khỏe.,https://audio.tudienkala.com/data/images_example/300x225/a/_/a_good_die_ex2_58772acb7f8b9aab308b4571.jpg,https://audio.tudienkala.com/audio/b/e/beneficial.mp3
76,bias,/ˈbaɪəs/,n,"thành kiến, thiên vị",Some institutions still have a strong bias against women.,Một số tổ chức vẫn còn có thành kiến mạnh mẽ chống lại phụ nữ.,https://audio.tudienkala.com/data/images_example/300x225/s/e/sexual_ori_ex2_587729ce7f8b9a8e308b4575.jpg,https://audio.tudienkala.com/audio/b/i/bias.mp3
76,bizarre,/bɪˈzɑːr/,adj,quái dị,The alien was a bizarre looking creature with two heads and numerous legs.,Người ngoài hành tinh là một sinh vật kỳ lạ với hai đầu và rất nhiều chân.,https://audio.tudienkala.com/data/images_example/300x225/t/h/the_alien__ex2_58772dc57f8b9af8308b457d.jpg,https://audio.tudienkala.com/audio/b/i/bizarre.mp3
76,bland,/bland/,adj,nhạt/ lạt,How do I make steamed white rice not so bland?,Làm cách nào tôi có thể làm cơm trắng hấp mà không bị quá nhạt?,https://audio.tudienkala.com/data/images_example/300x225/h/o/how_do_i_m_ex2_5847c1137f8b9ada0f8b462e.jpg,https://audio.tudienkala.com/audio/b/l/bland.mp3
76,bleak,/bliːk/,adj,"ảm đạm, không tươi sáng",a bleak outlook/prospect,một viễn cảnh/ triển vọng ảm đạm,https://audio.tudienkala.com/data/cache/images/300x225/b/l/bleak1.jpg,https://audio.tudienkala.com/audio/b/l/bleak.mp3
76,bold,/bəʊld/,adj,"dũng cảm, táo bạo",We are bold enough to jump in the cold water.,Chúng tôi đủ can đảm để nhảy xuống nước lạnh.,https://audio.tudienkala.com/data/cache/images/300x225/b/o/bold1.jpg,https://audio.tudienkala.com/audio/b/o/bold.mp3
76,boundary,/'baundəri/,n,"đường biên giới, ranh giới",The boundary between acceptable and unacceptable behaviour,Ranh giới giữa hành vi chấp nhận được và hành vi không chấp nhận được,https://audio.tudienkala.com/data/cache/images/300x225/b/o/boundary1.jpg,https://audio.tudienkala.com/audio/b/o/boundary.mp3
76,campaign,/kæmˈpeɪn/,n,chiến dịch,"In October, we decided to start a “Special Christmas Gifts” campaign.","Vào tháng 10, chúng tôi quyết định khởi động chiến dịch “Món quà Giáng sinh đặc biệt”.",https://audio.tudienkala.com/data/cache/images/300x225/c/a/campaign1.jpg,https://audio.tudienkala.com/audio/c/a/campaign.mp3
76,cease,/si:s/,v,"dừng, ngừng",You never cease to amaze me.,Bạn chưa bao giờ ngưng làm tôi ngạc nhiên.,https://audio.tudienkala.com/data/cache/images/300x225/c/e/cease1.jpg,https://audio.tudienkala.com/audio/c/e/cease.mp3
76,chronic,/ˈkrɒnɪk/,adj,"kinh niên (y học), ăn sâu",Those with chronic bronchitis and heart disease should take the necessary precautions to reduce their chances of exposure to the dust.,Những người có bệnh viêm phế quản mãn tính và bệnh tim nên có những biện pháp phòng ngừa cần thiết để giảm nguy cơ tiếp xúc với bụi.,https://audio.tudienkala.com/data/images_example/300x225/t/h/those_with_ex2_587729cf7f8b9a8e308b457f.jpg,https://audio.tudienkala.com/audio/c/h/chronic.mp3
76,cite,/saɪt/,v,trích dẫn,to cite a verse from a poem by Xuan Quynh,trích dẫn một câu thơ trong một bài thơ của Xuan Quynh,https://audio.tudienkala.com/data/cache/images/300x225/c/i/cite2.jpg,https://audio.tudienkala.com/audio/c/i/cite.mp3
76,civil,/ˈsɪvəl/,adj,(thuộc) công dân,A police observes the civil rights.,Cảnh sát tuân thủ quyền công dân.,https://audio.tudienkala.com/data/cache/images/300x225/c/i/civil1.jpg,https://audio.tudienkala.com/audio/c/i/civil.mp3
76,clarify,/ˈklærəfaɪ/,v,"làm cho sáng sủa, dễ hiểu",This matter must be clarified.,Vấn đề này phải được làm rõ.,https://audio.tudienkala.com/data/cache/images/300x225/c/l/clarify1.jpeg,https://audio.tudienkala.com/audio/c/l/clarify.mp3
76,clash,/klæʃ/,n,cuộc đụng độ,Clashes broke out between police and demonstrators.,Cuộc đụng độ đã nổ ra giữa cảnh sát và người biểu tình.,https://audio.tudienkala.com/data/images_example/300x225/c/l/clashes_br_ex2_58772dc77f8b9af8308b4583.jpg,https://audio.tudienkala.com/audio/c/l/clash.mp3
76,coalition,/kəʊəˈlɪʃən/,n,"liên hiệp, liên minh",to form a coalition,thiết lập một liên hiệp,https://audio.tudienkala.com/data/images_example/300x225/t/o/to_form_a__ex1_58772dc77f8b9af8308b4585.jpg,https://audio.tudienkala.com/audio/c/o/coalition.mp3
76,coherent,/kəʊˈhɪərənt/,adj,"mạch lạc, chặt chẽ","When she calmed down, she was more coherent.","Khi cô ấy bình tĩnh, cô ấy đã trình bày rõ ràng mạch lạc hơn.",https://audio.tudienkala.com/data/cache/images/300x225/c/o/coherent1.jpg,https://audio.tudienkala.com/audio/c/o/coherent.mp3
76,collective,/kəˈlektɪv/,adj,"tập thể, chung",collective security,an ninh chung,https://audio.tudienkala.com/data/cache/images/300x225/c/o/collective1.png,https://audio.tudienkala.com/audio/c/o/collective.mp3
76,commerce,/ˈkɒmɜːs/,n,thương mại,leaders of industry and commerce,những nhà đi đầu trong công nghiệp và thương mại,https://audio.tudienkala.com/data/cache/images/300x225/c/o/commerce1.jpg,https://audio.tudienkala.com/audio/c/o/commerce.mp3
77,compatible,/kəm'pætəbl/,adj,"tương thích, hợp nhau","Because my girlfriend and I listen to the same music artists, we have compatible tastes in music.","Vì tôi và bạn gái tôi cùng nghe nhạc của những nghệ sĩ giống nhau, nên chúng tôi hợp nhau về thị hiếu âm nhạc.",https://audio.tudienkala.com/data/images_example/300x225/b/e/because_my_ex1_56248d157f8b9a040dc65e00.jpg,https://audio.tudienkala.com/audio/c/o/compatible.mp3
77,compensate,/'kɔmpenseit/,v,"bù, đền bù, bồi thường","If you are injured in a traffic accident, you can be compensated for your losses.","Nếu bạn bị thương trong một tai nạn giao thông, bạn có thể được bồi thường mọi thiệt hại.",https://audio.tudienkala.com/data/cache/images/300x225/c/o/compensate1.png,https://audio.tudienkala.com/audio/c/o/compensate.mp3
77,competence,/ˈkɒmpɪtəns/,n,năng lực; khả năng,He is trying to gain a high level of competence in magic.,Cậu ấy đang cố gắng để đạt được một cấp độ cao về khả năng ảo thuật.,https://audio.tudienkala.com/data/cache/images/300x225/c/o/competence1.jpg,https://audio.tudienkala.com/audio/c/o/competence.mp3
77,complement,/ˈkɒmplɪment/,v,bổ sung,Children should be complemented vitamin D daily.,Trẻ em nên được bổ sung vitamin D mỗi ngày.,https://audio.tudienkala.com/data/cache/images/300x225/c/o/complement1.jpg,https://audio.tudienkala.com/audio/c/o/complement.mp3
77,comprise,/kəmˈpraɪz/,v,bao gồm,Women and children comprise seventy percent of the hospital’s patients.,Phụ nữ và trẻ em chiếm bảy mươi phần trăm bệnh nhân của bệnh viện.,https://audio.tudienkala.com/data/images_example/300x225/w/o/women_and__ex2_587726ee7f8b9ae72f8b4673.png,https://audio.tudienkala.com/audio/c/o/comprise.mp3
77,compulsory,/kəmˈpʌls(ə)ri/,adj,bắt buộc,Some people think that students in primary schools should study English as a compulsory school subject.,Một số người nghĩ rằng học sinh tiểu học nên học Tiếng Anh như là một môn bắt buộc ở trường.,https://audio.tudienkala.com/data/cache/images/300x225/c/o/compulsory1.jpg,https://audio.tudienkala.com/audio/c/o/compulsory.mp3
77,conceal,/kənˈsiːl/,v,"giấu (người, vật gì đó)",Some guns were concealed in a drawer.,Một số khẩu súng đã được giấu trong ngăn kéo.,https://audio.tudienkala.com/data/images_example/300x225/s/o/some_guns__ex2_58772dc97f8b9af8308b458d.jpg,https://audio.tudienkala.com/audio/c/o/conceal.mp3
77,concept,/ˈkɒnsept/,n,khái niệm,Can you grasp the concept of marketing?,Bạn có nắm bắt được khái niệm marketing không?,https://audio.tudienkala.com/data/images_example/300x225/c/a/can_you_gr_ex1_587727587f8b9af52f8b45e4.jpg,https://audio.tudienkala.com/audio/c/o/concept.mp3
77,conflict,/ˈkɒnflɪkt/,n,cuộc xung đột,"When conflicts do happen, we work together to find the solutions.","Khi xảy ra các xung đột, chúng tôi sẽ cùng nhau tìm ra giải pháp.",https://audio.tudienkala.com/data/cache/images/300x225/c/o/conflict1.jpg,https://audio.tudienkala.com/audio/c/o/conflict.mp3
77,conform,/kən'fɔ:m/,v,"làm cho phù hợp, làm cho thích hợp",Our safety standards conform to those established by the government.,Các tiêu chuẩn an toàn của chúng tôi phù hợp với những tiêu chuẩn được thiết lập bởi chính phủ.,https://audio.tudienkala.com/data/cache/images/300x225/c/o/conform1.png,https://audio.tudienkala.com/audio/c/o/conform.mp3
77,consecutive,/kənˈsekjʊtɪv/,adj,liên tiếp,She was absent for five consecutive days.,Cô đã vắng mặt trong năm ngày liên tiếp.,https://audio.tudienkala.com/data/cache/images/300x225/c/o/consecutive1.jpg,https://audio.tudienkala.com/audio/c/o/consecutive.mp3
77,consensus,/kənˈsensəs/,n,"sự đồng thuận, nhất trí",The clients and agency have reached a consensus.,Các khách hàng và đại lý đã đạt được sự đồng thuận.,https://audio.tudienkala.com/data/cache/images/300x225/c/o/consensus1.jpg,https://audio.tudienkala.com/audio/c/o/consensus.mp3
77,conspicuous,/kənˈspɪkjuəs/,adj,dễ thấy hoặc chú ý; nổi bật,Mary's red hair always made her conspicuous at school.,Tóc đỏ của Mary luôn làm cô ấy nổi bật ở trường.,https://audio.tudienkala.com/data/images_example/300x225/m/a/marys_red__ex2_58772bca7f8b9ac5308b45c4.jpg,https://audio.tudienkala.com/audio/c/o/conspicuous.mp3
77,constitute,/'kɔnstitju:t/,v,"cấu thành, tạo thành, thành lập",What constitutes success?,Điều gì tạo nên thành công?,https://audio.tudienkala.com/data/cache/images/300x225/c/o/constitute1.png,https://audio.tudienkala.com/audio/c/o/constitute.mp3
77,contemplate,/ˈkɒntəmpleɪt/,v,"suy ngẫm (về lựa chọn, về cách thức)",You're too young to be contemplating retirement.,Bạn còn quá trẻ để ngẫm đến chuyện về hưu.,https://audio.tudienkala.com/data/cache/images/300x225/c/o/contemplate1.png,https://audio.tudienkala.com/audio/c/o/contemplate.mp3
77,contemporary,/kənˈtem.pə.rer.i/,adj,"cùng thời, đương thời",He was contemporary with Ho Chi Minh President.,Ông ấy ở cùng thời với Bác Hồ.,https://audio.tudienkala.com/data/cache/images/300x225/c/o/contemporary1.jpg,https://audio.tudienkala.com/audio/c/o/contemporary.mp3
77,contradictory,/ˌkɒntrəˈdɪktəri/,adj,"mâu thuẫn, trái ngược",We are faced with two apparently contradictory statements.,Chúng tôi đang phải đối mặt với hai báo cáo rõ ràng trái ngược nhau.,https://audio.tudienkala.com/data/cache/images/300x225/c/o/contradictory1.png,https://audio.tudienkala.com/audio/c/o/contradictory.mp3
77,controversy,/ˈkɒntrəvɜːsi/,n,"tranh cãi, tranh luận",to cause controversy,nguyên nhân gây tranh cãi,https://audio.tudienkala.com/data/cache/images/300x225/c/o/controversy1.jpg,https://audio.tudienkala.com/audio/c/o/controversy.mp3
77,convenient,/kənˈviːniənt/,adj,thuận tiện,Living here is so convenient – everything I need is just 5 minutes away.,Sống ở đây thật thuận tiện – mọi thứ mình cần chỉ cách 5 phút.,https://audio.tudienkala.com/data/cache/images/300x225/c/o/convenient1.jpg,https://audio.tudienkala.com/audio/c/o/convenient.mp3
77,conversely,/ˈkɒnvɜːsli/,adv,ngược lại,"In real life, nobody was all bad, nor, conversely, all good.","Trong cuộc sống thực tế, không ai hoặc toàn xấu hay ngược lại hoàn toàn tốt cả.",https://audio.tudienkala.com/data/cache/images/300x225/c/o/conversely1.jpg,https://audio.tudienkala.com/audio/c/o/conversely.mp3
77,convert,/kənˈvəːt/,v,chuyển đổi,"Can you help me convert file PDF to Word, please?",Bạn có thể giúp mình chuyển đổi bản thảo từ PDF sang Word được không?,https://audio.tudienkala.com/data/cache/images/300x225/c/o/convert1.png,https://audio.tudienkala.com/audio/c/o/convert.mp3
77,convey,/kənˈveɪ/,v,"chuyển tải, thể hiện (ý tưởng, cảm xúc đến ai)",Colours like red convey a sense of energy and strength.,Các màu như đỏ thể hiện cảm giác năng lượng và sức mạnh.,https://audio.tudienkala.com/data/cache/images/300x225/c/o/convey2.jpg,https://audio.tudienkala.com/audio/c/o/convey.mp3
77,correspond,/kɒrɪˈspɒnd/,v,trao đổi thư từ,How often do you correspond?,Bạn thường xuyên trao đổi thư từ thế nào?,https://audio.tudienkala.com/data/cache/images/300x225/c/o/correspond1.jpg,https://audio.tudienkala.com/audio/c/o/correspond.mp3
77,counterpart,/ˈkaʊntəpɑːt/,n,bên tương ứng,The Prime Minister will meet with his European counterparts to discuss the war against drugs.,Thủ tướng Chính phủ sẽ gặp gỡ với các người đồng cấp châu Âu để thảo luận về cuộc chiến chống ma túy.,https://audio.tudienkala.com/data/cache/images/300x225/c/o/counterpart1.jpg,https://audio.tudienkala.com/audio/c/o/counterpart.mp3
77,criterion,/kraɪˈtɪəriən/,n,tiêu chuẩn,We have specific criteria to decide whether the students will pass.,Chúng tôi có các tiêu chuẩn cụ thể để quyết định xem các sinh viên nào sẽ vượt qua.,https://audio.tudienkala.com/data/cache/images/300x225/c/r/criterion1.jpg,https://audio.tudienkala.com/audio/c/r/criterion.mp3
77,crucial,/'kru:ʃjəl/,adj,"cốt yếu, chủ yếu, có tính quyết định",Inventory is a crucial process and must be taken seriously by all staff.,Kiểm kê là một quá trình cốt yếu và phải được thực hiện nghiêm túc bởi mọi nhân viên.,https://audio.tudienkala.com/data/cache/images/300x225/c/r/crucial1.png,https://audio.tudienkala.com/audio/c/r/crucial.mp3
77,cumulative,/ˈkjuːmjələtɪv/,adj,tích lũy,Learning is a cumulative process.,Học tập là một quá trình tích luỹ.,https://audio.tudienkala.com/data/images_example/300x225/l/e/learning_i_ex1_58772a627f8b9a9d308b4597.png,https://audio.tudienkala.com/audio/c/u/cumulative.mp3
77,curb,/kɜːb/,n,"sự kềm chế, hạn chế",He needs to learn to curb his temper.,Ông ta cần phải học cách kiềm chế cơn giận.,https://audio.tudienkala.com/data/cache/images/300x225/c/u/curb2.jpg,https://audio.tudienkala.com/audio/c/u/curb.mp3
77,curious,/ˈkjʊəriəs/,adj,"tò mò, thích tìm hiểu",My son is a curious boy; he always asks questions.,Con trai tôi là một cậu bé thích tìm hiểu; nó rất hay đặt ra các câu hỏi.,https://audio.tudienkala.com/data/cache/images/300x225/c/u/curious1.jpg,https://audio.tudienkala.com/audio/c/u/curious.mp3
77,cynical,/ˈsɪnɪkəl/,adj,hoài nghi,Do you have to be so cynical about everything?,Phải chăng bạn đang hoài nghi về mọi thứ?,https://audio.tudienkala.com/data/cache/images/300x225/c/y/cynical1.jpg,https://audio.tudienkala.com/audio/c/y/cynical.mp3
77,debris,/ˈdebriː/,n,"mảnh vỡ, mảnh vụn",Emergency teams are still clearing the debris from the plane crash.,Đội giải cứu khẩn cấp vẫn còn đang dọn dẹp các mảnh vỡ từ vụ tai nạn máy bay.,https://audio.tudienkala.com/data/cache/images/300x225/d/e/debris1.jpg,https://audio.tudienkala.com/audio/d/e/debris.mp3
77,decay,/dɪˈkeɪ/,v,"thối rữa (thực phẩm); sâu, mục (răng, xương, lá...)",Candy can cause tooth decay.,Kẹo có thể gây sâu răng.,https://audio.tudienkala.com/data/images_example/300x225/r/a/raisins_ca_ex2_5877294b7f8b9a6c308b466f.png,https://audio.tudienkala.com/audio/d/e/decay.mp3
77,defect,/di'fekt/,n,"khuyết điểm, sai sót","Because of a defect in cable, the phone was returned.",Vì một lỗi ở dây cáp nên chiếc điện thoại đã được trả lại.,https://audio.tudienkala.com/data/images_example/300x225/b/e/because_of_ex1_580ec40d7f8b9ae2888b4579.jpg,https://audio.tudienkala.com/audio/d/e/defect.mp3
77,deficit,/ˈdefɪsɪt/,n,"(tài chính) số tiền thiếu hụt (do chi lớn hơn thu), sự thâm hụt",The trade deficit narrowed to $39 billion in November.,Bội chi thương mại giảm xuống còn 39 triệu đô la trong tháng 11.,https://audio.tudienkala.com/data/cache/images/300x225/d/e/deficit1.jpg,https://audio.tudienkala.com/audio/d/e/deficit.mp3
77,delegate,/ˈdelɪɡət/,n,đại biểu,The conference was attended by delegates from 56 countries.,Hội nghị có sự tham dự của các đại biểu từ 56 quốc gia.,https://audio.tudienkala.com/data/cache/images/300x225/d/e/delegate1.jpg,https://audio.tudienkala.com/audio/d/e/delegate.mp3
77,deliberate,/dɪˈlɪbərət/,adj,"thong thả, cố ý, chủ tâm",She spoke in a slow and deliberate way.,Cô nói một cách chậm rãi và thong thả.,https://audio.tudienkala.com/data/cache/images/300x225/d/e/deliberate1.jpg,https://audio.tudienkala.com/audio/d/e/deliberate.mp3
77,demise,/dɪˈmaɪz/,n,"sự chấm dứt, thất bại (của một học viện, ý tưởng, công ty...)",Losing this game will mean the team's demise.,Mất trò chơi này sẽ có nghĩa là sự chấm dứt của đội.,https://audio.tudienkala.com/data/cache/images/300x225/d/e/demise1.jpg,https://audio.tudienkala.com/audio/d/e/demise.mp3
77,derive,/dɪˈraɪv/,v,"xuất phát từ, bắt nguồn từ",The Nokia brand is derived from a city in Finland named Nokia.,Thương hiệu Nokia bắt nguồn từ tên thành phố Nokia ở Phần Lan.,https://audio.tudienkala.com/data/images_example/300x225/t/h/the_nokia__ex2_58772dcb7f8b9af8308b4597.png,https://audio.tudienkala.com/audio/d/e/derive.mp3
77,detect,/di'tekt/,v,"tìm ra, khám phá ra, nhận thấy",The tests are designed to detect the disease early.,Các xét nghiệm này được thiết kế để phát hiện bệnh sớm.,https://audio.tudienkala.com/data/cache/images/300x225/d/e/detect1.png,https://audio.tudienkala.com/audio/d/e/detect.mp3
77,devise,/dɪˈvaɪz/,v,"nghĩ ra, sáng chế",A new system has been devised to control traffic in the city.,Một hệ thống mới đã được đưa ra để kiểm soát giao thông trong thành phố.,https://audio.tudienkala.com/data/cache/images/300x225/d/e/devise1.jpg,https://audio.tudienkala.com/audio/d/e/devise.mp3
77,dictate,/dɪkˈteɪt/,v,"ra lệnh, sai khiến (thường tạo cảm giác khó chịu)",You can't dictate to people how they should live.,Ông không thể ra lệnh cho thiên hạ phải sống như thế nào.,https://audio.tudienkala.com/data/cache/images/300x225/d/i/dictate1.jpg,https://audio.tudienkala.com/audio/d/i/dictate.mp3
77,dilemma,/dʌɪˈlɛmə/,n,tình trạng khó xử,I have to face a dilemma.,Tôi phải đối mặt với một tình thế khó xử.,https://audio.tudienkala.com/data/cache/images/300x225/d/i/dilemma1.jpg,https://audio.tudienkala.com/audio/d/i/dilemma.mp3
77,discourse,/ˈdɪskɔːs/,n,luận văn; đàm luận,a discourse on issues of environmental protection.,một diễn thuyết về vấn đề bảo vệ môi trường.,https://audio.tudienkala.com/data/cache/images/300x225/d/i/discourse1.jpg,https://audio.tudienkala.com/audio/d/i/discourse.mp3
77,discrepancy,/dis'krepənsi/,n,"‹sự› khác nhau, trái ngược nhau",We easily explained the discrepancy between the two destiny.,Chúng tôi dễ dàng giải thích sự khác nhau giữa 2 số phận.,https://audio.tudienkala.com/data/cache/images/300x225/d/i/discrepancy1.jpg,https://audio.tudienkala.com/audio/d/i/discrepancy.mp3
77,disposition,/ˌdɪspəˈzɪʃən/,n,tính khí,He was a man of decisive action and an calm disposition.,Anh ấy là một người có hành động kiên quyết và khí chất điềm đạm.,https://audio.tudienkala.com/data/cache/images/300x225/d/i/disposition2.png,https://audio.tudienkala.com/audio/d/i/disposition.mp3
77,dispute,/ˈdɪspjuːt/,n,"cuộc tranh luận, cuộc tranh chấp",We have been unable to resolve the dispute over working conditions.,Chúng tôi không thể giải quyết được những tranh chấp về điều kiện làm việc.,https://audio.tudienkala.com/data/cache/images/300x225/d/i/dispute1.jpg,https://audio.tudienkala.com/audio/d/i/dispute.mp3
77,distinct,/dɪˈstɪŋkt/,adj,"riêng biệt, khác biệt",The two concepts are quite distinct from each other.,Hai khái niệm khá khác biệt với nhau.,https://audio.tudienkala.com/data/cache/images/300x225/d/i/distinct1.png,https://audio.tudienkala.com/audio/d/i/distinct.mp3
77,distribute,/dɪˈstrɪbjuːt/,v,phân phối,The books will be distributed free to local schools.,Những cuốn sách sẽ được phát miễn phí cho các trường học địa phương.,https://audio.tudienkala.com/data/images_example/300x225/t/h/the_books__ex1_587726767f8b9acf2f8b45f8.png,https://audio.tudienkala.com/audio/d/i/distribute.mp3
77,diversity,/da ɪˈvɜːsɪti/,n,"sự khác biệt, đa dạng",Is America the most ethnic diversity country in the world?,Mỹ có phải là nước đa dạng sắc tộc nhất trên thế giới?,https://audio.tudienkala.com/data/cache/images/300x225/d/i/diversity1.png,https://audio.tudienkala.com/audio/d/i/diversity.mp3
77,drought,/draʊt/,n,nạn hạn hán,A drought caused most of the corn crop to fail.,Trận hạn hán đã khiến cho vụ ngô bị thất thu.,https://audio.tudienkala.com/data/cache/images/300x225/d/r/drought1.png,https://audio.tudienkala.com/audio/d/r/drought.mp3
78,dubious,/ˈdjuːbiəs/,adj,không chắc chắn; nghi ngờ,I was rather dubious about the whole idea.,Tôi đã khá nghi ngờ về toàn bộ ý tưởng này.,https://audio.tudienkala.com/data/cache/images/300x225/d/u/dubious2.png,https://audio.tudienkala.com/audio/d/u/dubious.mp3
78,due,/djuː/,adj,bởi vì,The team's success was largely due to her efforts.,Sự thành công của nhóm phần lớn là do những nỗ lực của cô ấy.,https://audio.tudienkala.com/data/cache/images/300x225/d/u/due2.jpg,https://audio.tudienkala.com/audio/d/u/due.mp3
78,duration,/djuə'reiʃn/,n,khoảng thời gian,Mother lent me her spare jacket for the duration of the trip.,Mẹ đã cho tôi mượn chiếc áo khoác để dành của bà cho suốt thời gian chuyến đi (của tôi).,https://audio.tudienkala.com/data/cache/images/300x225/d/u/duration2.jpg,https://audio.tudienkala.com/audio/d/u/duration.mp3
78,elaborate,/ɪˈlæbərət/,adj,"kỹ lưỡng, công phu; tinh vi",elaborate designs,Những bản đồ án công phu,https://audio.tudienkala.com/data/cache/images/300x225/e/l/elaborate1.jpg,https://audio.tudienkala.com/audio/e/l/elaborate.mp3
78,eligible,/ˈɛlɪdʒɪb(ə)l/,adj,"thích hợp, đủ tư cách, đủ tiêu chuẩn; có thể chọn được",Who is eligible to become president?,Ai sẽ đủ tiêu chuẩn để trở thành tổng thống?,https://audio.tudienkala.com/data/cache/images/300x225/e/l/eligible2.jpg,https://audio.tudienkala.com/audio/e/l/eligible.mp3
78,elite,/ɪˈliːt/,n,"nhóm người trong xã hội được xem là quan trọng và có ảnh hưởng nhất bởi quyền lực, tài năng, sự giàu có... của họ",a member of the intellectual elite,một thành viên của nhóm người trí thức giàu có,https://audio.tudienkala.com/data/cache/images/300x225/e/l/elite1.jpg,https://audio.tudienkala.com/audio/e/l/elite.mp3
78,embrace,/im'breis/,v,"ôm, ôm ấp",He rushed to embrace me at the airport.,Anh ta lao tới ôm tôi ở sân bay.,https://audio.tudienkala.com/data/cache/images/300x225/e/m/embrace1.jpg,https://audio.tudienkala.com/audio/e/m/embrace.mp3
78,emphasize,/ˈɛmfəˌsaɪz/,v,"nhấn mạnh, làm nổi bật",The nurse emphasized the importance of eating a balanced diet.,Người y tá nhấn mạnh tầm quan trọng của việc ăn uống theo chế độ cân bằng.,https://audio.tudienkala.com/data/images_example/300x225/t/h/the_nurse__ex1_56248d167f8b9a040dc66284.png,https://audio.tudienkala.com/audio/e/m/emphasize.mp3
78,encounter,/ɪnˈkaʊntər/,n,"cuộc chạm trán (đột ngột, bất ngờ hoặc có bạo lực)",The story describes the extraordinary encounter between a boy and a giraffe.,Câu chuyện mô tả cuộc gặp gỡ đặc biệt giữa một người cậu bé và chú hưu cao cổ.,https://audio.tudienkala.com/data/cache/images/300x225/e/n/encounter2.jpg,https://audio.tudienkala.com/audio/e/n/encounter.mp3
78,enhance,/in'hɑ:ns/,v,"nâng cao, tăng cường",This is an opportunity to enhance the reputation of the company.,Đây là cơ hội để nâng cao danh tiếng của công ty.,https://audio.tudienkala.com/data/cache/images/300x225/e/n/enhance2.png,https://audio.tudienkala.com/audio/e/n/enhance.mp3
78,enterprise,/'entəpraiz/,n,"hãng, công ty, xí nghiệp",The new enterprise quickly established an account with the office supply store.,"Công ty mới thiết lập một cách nhanh chóng bản thanh toán với cửa hàng đồ dùng văn phòng (bàn ghế, văn phòng phẩm, máy fax...).",https://audio.tudienkala.com/data/cache/images/300x225/e/n/enterprise1.jpg,https://audio.tudienkala.com/audio/e/n/enterprise.mp3
78,enthusiast,/ɪnˈθjuːziæst/,n,người say mê,He's a model-aircraft enthusiast.,Anh ấy là một người đam mê máy bay mô hình.,https://audio.tudienkala.com/data/cache/images/300x225/e/n/enthusiast1.jpg,https://audio.tudienkala.com/audio/e/n/enthusiast.mp3
78,equivalent,/i'kwivələnt/,adj,tương đương,The food the airline serves in business class is equivalent to that served in first class.,Đồ ăn mà hãng hàng không phục vụ cho vé hạng thường thì tương đương với đồ ăn được phục vụ cho vé hạng nhất.,https://audio.tudienkala.com/data/images_example/300x225/t/h/the_food_t_ex1_56248d167f8b9a040dc66170.png,https://audio.tudienkala.com/audio/e/q/equivalent.mp3
78,essential,/ɪˈsenʃəl/,adj,"cần thiết, quan trọng",A map is essential for this trip to explore the forest.,Một chiếc bản đồ là cần thiết cho chuyến đi khám phá khu rừng này.,https://audio.tudienkala.com/data/images_example/300x225/a/_/a_map_is_e_ex1_587727f77f8b9a0d308b4628.png,https://audio.tudienkala.com/audio/e/s/essential.mp3
78,ethical,/ˈeθɪkəl/,adj,(thuộc) đạo đức,ethical issues/standards,Vấn đề đạo đức hay tiêu chuẩn đạo đức,https://audio.tudienkala.com/data/cache/images/300x225/e/t/ethical1.jpg,https://audio.tudienkala.com/audio/e/t/ethical.mp3
78,exceed,/ɪkˈsiːd/,v,vượt trội,The price will not exceed £100.,Giá sẽ không vượt quá 100 £.,https://audio.tudienkala.com/data/images_example/300x225/t/h/the_price__ex1_5861e2d97f8b9a639c8b58dc.jpg,https://audio.tudienkala.com/audio/e/x/exceed.mp3
78,exotic,/ɪɡˈzɒtɪk/,adj,ở nước ngoài đưa vào; kỳ lạ,brightly-coloured exotic flowers,loài hoa sáng màu kì lạ,https://audio.tudienkala.com/data/images_example/300x225/b/r/brightly-c_ex2_58772a717f8b9a9d308b45eb.jpg,https://audio.tudienkala.com/audio/e/x/exotic.mp3
78,expenditure,/ɪkˈspendɪtʃər/,n,sự chi tiêu; phí tổn,The government asked for the total expenditure this year of about $27 billion.,Chính phủ yêu cầu tổng chi tiêu trong năm nay khoảng 27 tỷ $.,https://audio.tudienkala.com/data/cache/images/300x225/e/x/expenditure1.jpg,https://audio.tudienkala.com/audio/e/x/expenditure.mp3
78,exploit,/ɪkˈsplɔɪt/,v,"khai thác, bóc lột",We need to make sure that we exploit our resources as fully as possible.,Chúng ta cần phải chắc chắn rằng chúng ta khai thác các nguồn tài nguyên đầy đủ nhất có thể.,https://audio.tudienkala.com/data/cache/images/300x225/e/x/exploit1.png,https://audio.tudienkala.com/audio/e/x/exploit.mp3
78,exposure,/ɪkˈspəʊʒə/,n,phơi sáng,Her new movie has had a lot of exposure in the media.,Bộ phim mới của cô đã được bàn luận nhiều trên các phương tiện truyền thông.,https://audio.tudienkala.com/data/cache/images/300x225/e/x/exposure1.jpg,https://audio.tudienkala.com/audio/e/x/exposure.mp3
78,extensive,/ɪkˈstensɪv/,adj,"lớn, rộng lớn",It is an extensive collection of silver.,Đây là một bộ sưu tập bạc rất lớn.,https://audio.tudienkala.com/data/cache/images/300x225/e/x/extensive1.jpg,https://audio.tudienkala.com/audio/e/x/extensive.mp3
78,famine,/ˈfæmɪn/,n,nạn đói,a severe famine,một nạn đói nghiêm trọng,https://audio.tudienkala.com/data/cache/images/300x225/f/a/famine1.jpg,https://audio.tudienkala.com/audio/f/a/famine.mp3
78,fancy,/ˈfænsi/,adj,cầu kỳ; sặc sỡ,That's a very fancy pants!,Quả là một cái quần sặc sỡ!,https://audio.tudienkala.com/data/cache/images/300x225/f/a/fancy1.jpg,https://audio.tudienkala.com/audio/f/a/fancy.mp3
78,fatal,/ˈfeɪtəl/,adj,"gây tử vong, gây chết người",The result of a fatal accident inquiry into her death is due later this year.,Kết quả cuộc điều tra tai nạn chết người của cô ấy hoàn tất vào cuối năm nay.,https://audio.tudienkala.com/data/cache/images/300x225/f/a/fatal1.jpg,https://audio.tudienkala.com/audio/f/a/fatal.mp3
78,favour,/ˈfeɪvər/,n,"điều bạn làm giúp đỡ người khác; ơn, ân huệ",I've come to ask you a favour.,Tôi đã đến để hỏi bạn một đặc ân.,https://audio.tudienkala.com/data/images_example/300x225/i/v/ive_come_t_ex2_587727ff7f8b9a0d308b465a.jpg,https://audio.tudienkala.com/audio/f/a/favour.mp3
78,feasible,/ˈfiːzəbl/,adj,khả thi,"With the extra resources, the project now seems feasible.","Với các nguồn lực bổ sung, dự án bây giờ có vẻ khả thi.",https://audio.tudienkala.com/data/cache/images/300x225/f/e/feasible1.jpg,https://audio.tudienkala.com/audio/f/e/feasible.mp3
78,feature,/'fi:tʃər/,n,điểm đặc trưng,Her big eyes are her most attractive feature.,Đôi mắt to của cô ấy là điểm đặc trưng hấp dẫn nhất của cô ấy.,https://audio.tudienkala.com/data/cache/images/300x225/f/e/feature1.jpg,https://audio.tudienkala.com/audio/f/e/feature.mp3
78,fertile,/ˈfəːtʌɪl/,adj,màu mỡ,The soil in my garden is so fertile.,Đất trong vườn mình rất màu mỡ.,https://audio.tudienkala.com/data/cache/images/300x225/f/e/fertile1.jpg,https://audio.tudienkala.com/audio/f/e/fertile.mp3
78,finite,/ˈfaɪ.naɪt/,adj,có hạn,Natural resources seem infinite but are actually finite.,"Tài nguyên thiên nhiên dường như vô hạn, nhưng thực sự thì nó hữu hạn đấy.",https://audio.tudienkala.com/data/cache/images/300x225/f/i/finite1.jpg,https://audio.tudienkala.com/audio/f/i/finite.mp3
78,flock,/flɒk/,v,lũ lượt kéo đến,Thousands of people flocked to the beach this weekend.,Hàng ngàn người đổ xô đến bãi biển vào cuối tuần này.,https://audio.tudienkala.com/data/images_example/300x225/t/h/thousands__ex2_58772dcf7f8b9af8308b45a4.jpg,https://audio.tudienkala.com/audio/f/l/flock.mp3
78,flourish,/ˈflʌrɪʃ/,v,phát triển,My tomatoes are flourishing this summer.,Những cây cà chua của tôi đang phát triển vào mùa hè này.,https://audio.tudienkala.com/data/cache/images/300x225/f/l/flourish1.jpg,https://audio.tudienkala.com/audio/f/l/flourish.mp3
78,foremost,/ˈfɔːməʊst/,adj,"lỗi lạc nhất, đầu tiên",the foremost painter,hoạ sĩ lỗi lạc nhất,https://audio.tudienkala.com/data/cache/images/300x225/f/o/foremost1.jpg,https://audio.tudienkala.com/audio/f/o/foremost.mp3
78,foster,/ˈfɔːstər/,v,"ấp ủ, nuôi dưỡng, thúc đẩy",The club's aim is to foster better relations within the community.,Mục đích của câu lạc bộ là để thúc đẩy các mối quan hệ tốt hơn trong cộng đồng.,https://audio.tudienkala.com/data/cache/images/300x225/f/o/foster1.jpg,https://audio.tudienkala.com/audio/f/o/foster.mp3
78,fragment,/ˈfræɡmənt/,n,"mảnh, mảnh vỡ",Police found fragments of glass near the scene.,Cảnh sát đã tìm thấy mảnh vỡ thủy tinh gần hiện trường.,https://audio.tudienkala.com/data/images_example/300x225/p/o/police_fou_ex2_58772dcf7f8b9af8308b45a7.jpg,https://audio.tudienkala.com/audio/f/r/fragment.mp3
78,fraud,/frɔːd/,n,"sự gian lận, sự lừa gạt",I don't want to be charged with credit card fraud.,Tôi không muốn bị buộc tội gian lận thẻ tín dụng.,https://audio.tudienkala.com/data/images_example/300x225/i/_/i_dont_wan_ex2_58772a377f8b9a99308b45da.jpg,https://audio.tudienkala.com/audio/f/r/fraud.mp3
78,fundamental,"/,fʌndə'mentl/",adj,"cơ bản, chủ yếu",I need to go to the fundamental food store to buy vegan foods.,Tôi cần đến cửa hàng thực phẩm cơ bản để mua thực phẩm chay.,https://audio.tudienkala.com/data/cache/images/300x225/f/u/fundamental1.jpg,https://audio.tudienkala.com/audio/f/u/fundamental.mp3
78,gesture,/ˈdʒestʃər/,n,"điệu bộ, cử chỉ",The angry fans made rude gestures at the striker.,Các fan hâm mộ giận dữ làm những cử chỉ thô lỗ đối với các tiền đạo.,https://audio.tudienkala.com/data/images_example/300x225/t/h/the_angry__ex2_58772a2a7f8b9a99308b4593.jpg,https://audio.tudienkala.com/audio/g/e/gesture.mp3
78,grave,/ɡreɪv/,adj,"trang nghiêm, nghiêm nghị",Tom put some flowers on Mary's tomb in the grave atmosphere.,Tom đặt một ít hoa trên mộ của Mary trong bầu không khí trang nghiêm.,https://audio.tudienkala.com/data/images_example/300x225/_/_/__ex1_587728917f8b9a41308b4601.jpg,https://audio.tudienkala.com/audio/g/r/grave.mp3
78,halt,/hɒlt/,v,dừng lại; bắt ai hoặc vật gì dừng lại,She walked towards him and then halted.,Cô ấy bước về phía anh ta và sau đó dừng lại.,https://audio.tudienkala.com/data/cache/images/300x225/h/a/halt1.jpg,https://audio.tudienkala.com/audio/h/a/halt.mp3
78,harness,/ˈhɑːnɪs/,v,"khai thác, sử dụng tiềm năng",attempts to harness the sun's rays as a source of energy,những nỗ lực để khai thác ánh nắng mặt trời như một nguồn năng lượng,https://audio.tudienkala.com/data/images_example/300x225/a/t/attempts_t_ex1_58772a777f8b9a9d308b460d.jpg,https://audio.tudienkala.com/audio/h/a/harness.mp3
78,hazardous,/ˈhæzədəs/,adj,nguy hiểm (đến sức khỏe hoặc sư an toàn của ai),hazardous chemicals,hóa chất nguy hiểm,https://audio.tudienkala.com/data/cache/images/300x225/h/a/hazardous1.jpg,https://audio.tudienkala.com/audio/h/a/hazardous.mp3
78,herald,/ˈherəld/,v,báo trước,These talks could herald a new era of peace.,Những cuộc đàm phán như báo trước một kỷ nguyên mới của hòa bình.,https://audio.tudienkala.com/data/cache/images/300x225/h/e/herald1.jpg,https://audio.tudienkala.com/audio/h/e/herald.mp3
78,hierarchy,/ˈhaɪərɑːki/,n,hệ thống cấp bậc,She's quite high up in the management hierarchy.,Cô ấy có vị trí khá là cao trong hệ thống phân cấp quản lý.,https://audio.tudienkala.com/data/cache/images/300x225/h/i/hierarchy1.jpg,https://audio.tudienkala.com/audio/h/i/hierarchy.mp3
78,highlight,/ˈhaɪlaɪt/,v,làm nổi bật,Your résumé should highlight your skills and achievements.,Sơ yếu lý lịch của bạn nên làm nổi bật các kỹ năng và thành tích của bạn.,https://audio.tudienkala.com/data/cache/images/300x225/h/i/highlight1.png,https://audio.tudienkala.com/audio/h/i/highlight.mp3
78,hostile,/ˈhɒstaɪl/,adj,"không thân thiện, thù địch",The speaker got a hostile reception from the audience.,Diễn giả đã chịu sự đón tiếp không thân thiện từ phía khán giả.,https://audio.tudienkala.com/data/cache/images/300x225/h/o/hostile1.jpg,https://audio.tudienkala.com/audio/h/o/hostile.mp3
78,hybrid,/ˈhaɪbrɪd/,n,cây lai; vật lai,A mule is a hybrid of a male donkey and a female horse.,Con la là con lai từ một con lừa đực và một con ngựa cái.,https://audio.tudienkala.com/data/images_example/300x225/a/_/a_mule_is__ex2_58772aec7f8b9aab308b4620.jpg,https://audio.tudienkala.com/audio/h/y/hybrid.mp3
78,hypothesis,/haɪˈpɒθəsɪs/,n,giả thuyết,to confirm a hypothesis,xác nhận một giả thuyết,https://audio.tudienkala.com/data/cache/images/300x225/h/y/hypothesis1.jpg,https://audio.tudienkala.com/audio/h/y/hypothesis.mp3
78,ideology,/ˌaɪdiˈɒlədʒi/,n,"ý thức hệ, hệ tư tưởng",capitalist ideology,hệ tư tưởng tư bản chủ nghĩa,https://audio.tudienkala.com/data/cache/images/300x225/i/d/ideology1.jpg,https://audio.tudienkala.com/audio/i/d/ideology.mp3
78,illusion,/ɪˈluːʒən/,n,ảo tưởng,He's under the illusion that(= believes wrongly that) he is a giant.,Anh ấy ảo tưởng rằng anh ấy là một người khổng lồ.,https://audio.tudienkala.com/data/images_example/300x225/h/e/hes_under__ex2_58772ad37f8b9aab308b4595.png,https://audio.tudienkala.com/audio/i/l/illusion.mp3
78,imminent,/ˈɪmɪnənt/,adj,sắp xảy ra,the imminent threat of invasion,mối đe dọa sắp xảy ra cuộc xâm lược,https://audio.tudienkala.com/data/cache/images/300x225/i/m/imminent1.jpg,https://audio.tudienkala.com/audio/i/m/imminent.mp3
79,immune,/ɪˈmjuːn/,adj,miễn dịch,You'll eventually become immune to criticism.,Cuối cùng bạn sẽ trở nên miễn nhiễm với những lời chỉ trích.,https://audio.tudienkala.com/data/cache/images/300x225/i/m/immune1.jpg,https://audio.tudienkala.com/audio/i/m/immune.mp3
79,implement,/ˈɪmplɪment/,v,"thi hành, thực hiện",The contract was implemented after everyone agreed.,Hợp đồng đã được thi hành sau khi tất cả mọi người đồng ý.,https://audio.tudienkala.com/data/cache/images/300x225/i/m/implement2.jpg,https://audio.tudienkala.com/audio/i/m/implement.mp3
79,implicit,/ɪmˈplɪsɪt/,adj,"ngầm, ẩn ý",The handshake between the two men was their implicit agreement to the terms of the contract.,Việc bắt tay giữa hai người là sự đồng thuận ngầm của họ với các điều khoản của hợp đồng.,https://audio.tudienkala.com/data/images_example/300x225/t/h/the_handsh_ex2_58772a7a7f8b9a9d308b4621.jpg,https://audio.tudienkala.com/audio/i/m/implicit.mp3
79,impose,/im'pouz/,v,"bắt chịu, bắt gánh vác",The company will impose a surcharge for any items returned.,Công ty phải chịu một khoản phí tổn thêm với bất kỳ sản phẩm nào bị trả lại.,https://audio.tudienkala.com/data/cache/images/300x225/i/m/impose1.png,https://audio.tudienkala.com/audio/i/m/impose.mp3
79,incentive,/ɪnˈsentɪv/,n,"các phần thưởng khuyến khích nhân viên làm việc tốt hơn, động cơ",The company is offering a special low price as an added incentive for new customers.,Công ty đang cung cấp một mức giá thấp đặc biệt như một sự khuyến khích thêm khách hàng mới.,https://audio.tudienkala.com/data/cache/images/300x225/i/n/incentive1.jpg,https://audio.tudienkala.com/audio/i/n/incentive.mp3
79,indigenous,/ɪnˈdɪdʒɪnəs/,adj,"bản địa, vốn thuộc về một nơi nào đó",the indigenous peoples/languages of the area,các dân tộc bản địa / ngôn ngữ bản địa của khu vực,https://audio.tudienkala.com/data/cache/images/300x225/i/n/indigenous1.jpg,https://audio.tudienkala.com/audio/i/n/indigenous.mp3
79,induce,/ɪnˈdjuːs/,v,"khiến, xui khiến",Nothing would induce me to take the job.,Không có gì khiến tôi nhận công việc đó.,https://audio.tudienkala.com/data/cache/images/300x225/i/n/induce1.jpg,https://audio.tudienkala.com/audio/i/n/induce.mp3
79,inevitable,/in´evitəbl/,adj,"không thể tránh được, chắc chắn xảy ra",It was an inevitable consequence of the decision.,Đó là một hệ quả không thể tránh khỏi của quyết định,https://audio.tudienkala.com/data/cache/images/300x225/i/n/inevitable1.png,https://audio.tudienkala.com/audio/i/n/inevitable.mp3
79,inference,/ˈɪnfərəns/,n,"điều suy ra, điều rút ra",What inference have you drawn from his self-importance?,Anh rút ra kết luận gì từ thái độ tự phụ của cậu ta?,https://audio.tudienkala.com/data/images_example/300x225/t/h/there_were_ex2_58772dd17f8b9af8308b45b1.png,https://audio.tudienkala.com/audio/i/n/inference.mp3
79,inherent,/ɪnˈherənt/,adj,"vốn có, cố hữu",the difficulties inherent in a study of this type,những khó khăn vốn có trong nghiên cứu về loại hình này,https://audio.tudienkala.com/data/images_example/300x225/t/h/the_diffic_ex1_58772a397f8b9a99308b45e4.jpg,https://audio.tudienkala.com/audio/i/n/inherent.mp3
79,innovation,/ɪnəˈveɪʃn/,n,sự đổi mới,Great innovations have been made by those famous composers.,Những cải tiến lớn đã được thực hiện bởi các nhà soạn nhạc nổi tiếng đó.,https://audio.tudienkala.com/data/cache/images/300x225/i/n/innovation1.jpg,https://audio.tudienkala.com/audio/i/n/innovation.mp3
79,integral,/'intigrəl/,adj,"cần thiết, không thể thiếu",The battery is an integral part of a watch and without it you would not know the time.,Pin là một phần không thể thiếu của đồng hồ và nếu không có nó bạn sẽ không biết được thời gian.,https://audio.tudienkala.com/data/images_example/300x225/t/h/the_batter_ex1_56248d157f8b9a040dc65f3c.jpg,https://audio.tudienkala.com/audio/i/n/integral.mp3
79,integrity,/in´tegriti/,n,"tính toàn bộ, tính toàn vẹn",upholding territorial integrity and national sovereignty,giữ gìn toàn vẹn lãnh thổ và chủ quyền quốc gia,https://audio.tudienkala.com/data/images_example/300x225/u/p/upholding__ex2_581ab64d7f8b9a529d8b45e8.jpg,https://audio.tudienkala.com/audio/i/n/integrity.mp3
79,intense,/ɪnˈtens/,adj,"mạnh, có cường độ lớn",I cannot stand this intense summer heat.,Tôi không thể chịu được sức nóng mùa hè dữ dội này.,https://audio.tudienkala.com/data/images_example/300x225/i/_/i_cannot_s_ex2_58772a3a7f8b9a99308b45e8.jpg,https://audio.tudienkala.com/audio/i/n/intense.mp3
79,intervene,/ˌɪntəˈviːn/,v,"xen vào, can thiệp",The teacher intervened in the quarrel between the two students.,Giáo viên đã can thiệp vào cuộc cãi vả giữa hai học sinh.,https://audio.tudienkala.com/data/images_example/300x225/t/h/the_teache_ex1_58772a837f8b9a9d308b464f.png,https://audio.tudienkala.com/audio/i/n/intervene.mp3
79,intrinsic,/ɪnˈtrɪnsɪk/,adj,"nội tại, thực chất bên trong",The intrinsic value of a diamond has nothing to do with its selling price.,Giá trị thực chất của một viên kim cương không liên quan gì đến giá bán của nó.,https://audio.tudienkala.com/data/images_example/300x225/t/h/the_intrin_ex2_58772a857f8b9a9d308b4657.png,https://audio.tudienkala.com/audio/i/n/intrinsic.mp3
79,involve,/ɪnˈvɒlv/,v,"bao gồm, liên quan",We've agreed to involve disabled students taking part in our Santa Claus activities for children in the neighbourhood.,Chúng tôi thống nhất để những học sinh khuyết tật tham gia vào các hoạt động ông già Noel cho trẻ em trong vùng.,https://audio.tudienkala.com/data/images_example/300x225/w/e/weve_agree_ex1_56248d127f8b9a020d261a70.jpg,https://audio.tudienkala.com/audio/i/n/involve.mp3
79,latent,/ˈleɪtənt/,adj,"tiềm ẩn, âm ỉ",Many a children's latent talent never blossoms because of lack of opportunities.,Nhiều tài năng tiềm ẩn của trẻ em không bao giờ được bộc lộ vì thiếu cơ hội.,https://audio.tudienkala.com/data/images_example/300x225/m/a/many_a_chi_ex2_58772dd27f8b9af8308b45b3.jpg,https://audio.tudienkala.com/audio/l/a/latent.mp3
79,lateral,/ˈlæt.rəl/,adj,ở bên,The lateral branches of a tree.,Các nhánh bên của cây.,https://audio.tudienkala.com/data/cache/images/300x225/l/a/lateral1.jpg,https://audio.tudienkala.com/audio/l/a/lateral.mp3
79,launch,/lɔːnt ʃ/,v,"phát động, khởi động",Last month we launched a campaign to help students with disabilities.,Tháng trước chúng tôi đã khởi động một chiến dịch giúp đỡ các học sinh khuyết tật.,https://audio.tudienkala.com/data/images_example/300x225/l/a/last_month_ex1_56248d0d7f8b9a000de3d291.jpg,https://audio.tudienkala.com/audio/l/a/launch.mp3
79,legislature,/ˈledʒɪslətʃʊər/,n,cơ quan lập pháp,A poll shows that an overwhelming majority is in favor of the legislation.,Một cuộc thăm dò dư luận cho thấy rằng đa số áp đảo là ủng hộ pháp luật.,https://audio.tudienkala.com/data/cache/images/300x225/l/e/legislature1.jpg,https://audio.tudienkala.com/audio/l/e/legislature.mp3
79,legitimate,/lɪˈdʒɪtəmət/,adj,"chính đáng, hợp pháp",He decided to leave his life of crime to focus on legitimate businesses.,Ông ta đã quyết định từ bỏ cuộc sống tội ác để tập trung vào các hoạt động kinh doanh hợp pháp.,https://audio.tudienkala.com/data/images_example/300x225/h/e/he_decided_ex1_58772dd37f8b9af8308b45b8.jpg,https://audio.tudienkala.com/audio/l/e/legitimate.mp3
79,lethal,/ˈliːθəl/,adj,gây chết người,A gun is considered a lethal weapon because it can be deadly.,Một khẩu súng được coi là vũ khí nguy hiểm vì nó có thể gây tử vong.,https://audio.tudienkala.com/data/cache/images/300x225/l/e/lethal1.jpg,https://audio.tudienkala.com/audio/l/e/lethal.mp3
79,liaison,/liˈeɪzɑːn/,n,"người liên lạc, liên kết",He's a liaison officer.,Anh ta là sĩ quan liên lạc.,https://audio.tudienkala.com/data/images_example/300x225/h/e/hes_aliais_ex2_587726827f8b9acf2f8b463c.jpg,https://audio.tudienkala.com/audio/l/i/liaison.mp3
79,magnetic,/mæɡˈnetɪk/,adj,"có sức hấp dẫn mạnh, có sức lôi cuốn mạnh, có sức quyến rũ",Pigeons can find their way home with the help of the Earth's magnetic field.,Chim bồ câu có thể tìm đường về nhà với sự trợ giúp của từ trường của trái đất.,https://audio.tudienkala.com/data/images_example/300x225/p/i/pigeons_ca_ex1_58772dd47f8b9af8308b45bc.jpg,https://audio.tudienkala.com/audio/m/a/magnetic.mp3
79,magnitude,/ˈmæɡnɪtjuːd/,n,"tầm cỡ, độ lớn",The magnitude of the earthquake was estimated at 6.5 on the Richter scale.,"Độ lớn của trận động đất ước tính ở mức 6,5 độ Richter.",https://audio.tudienkala.com/data/images_example/300x225/t/h/the_magnit_ex1_58772dd47f8b9af8308b45be.jpg,https://audio.tudienkala.com/audio/m/a/magnitude.mp3
79,mandatory,/'mændətəri/,adj,"(thuộc) lệnh, bắt buộc",The jewelry store has a mandatory policy of showing customers only one item at a time.,Cửa hàng nữ trang có một chính sách bắt buộc là chỉ cho khách xem mỗi lúc một món đồ.,https://audio.tudienkala.com/data/images_example/300x225/t/h/the_jewelr_ex1_56248d157f8b9a040dc65f0c.jpg,https://audio.tudienkala.com/audio/m/a/mandatory.mp3
79,manifestation,/ˌmænɪfesˈteɪʃən/,n,"sự biểu lộ, sự biểu thị",The smile on Amy’s face is a manifestation of happiness,Nụ cười trên gương mặt Amy là sự biểu hiện của niềm hạnh phúc.,https://audio.tudienkala.com/data/images_example/300x225/t/h/the_smile__ex1_58772dd57f8b9af8308b45c0.jpg,https://audio.tudienkala.com/audio/m/a/manifestation.mp3
79,massacre,/ˈmæsəkər/,n,cuộc thảm sát,"In March 1968, a platoon of United States troops massacred at least 100 Vietnamese civilians at My Lai.","Tháng 3 năm 1968, một trung đội của quân đội Hoa Kỳ tàn sát ít nhất 100 thường dân Việt Nam tại Mỹ Lai.",https://audio.tudienkala.com/data/cache/images/300x225/m/a/massacre1.jpg,https://audio.tudienkala.com/audio/m/a/massacre.mp3
79,masterpiece,/ˈmɑːstəpiːs/,n,kiệt tác,"The Mona Lisa is a masterpiece by the Italian artist, Leonardo da Vinci.",Bức họa Mona Lisa là một kiệt tác của nghệ sĩ người Ý _Leonardo da Vinci.,https://audio.tudienkala.com/data/images_example/300x225/t/h/the_mona_l_ex2_584680d27f8b9a28088b4634.jpg,https://audio.tudienkala.com/audio/m/a/masterpiece.mp3
79,mature,/məˈtjʊər/,adj,"trưởng thành, chín chắn",She is mature enough to make her own decision.,Cô ta đủ chín chắn để tự đưa ra quyết định.,https://audio.tudienkala.com/data/images_example/300x225/s/h/she_is_mat_ex1_56248d057f8b9afe0c09d206.jpg,https://audio.tudienkala.com/audio/m/a/mature.mp3
79,mere,/mɪər/,adj,"chỉ (dùng để nhấn mạnh điều gì là rất nhỏ, không quan trọng...)",It took her a mere 1 minutes to win.,Cô ấy chỉ mất 1 phút để giành chiến thắng.,https://audio.tudienkala.com/data/images_example/300x225/i/t/it_took_he_ex2_5877285d7f8b9a22308b46b0.png,https://audio.tudienkala.com/audio/m/e/mere.mp3
79,merit,/'merit/,n,"công lao, công trạng",Employees are evaluated on their merit and not on seniority.,Nhân viên được đánh giá theo công lao của họ và không theo thâm niên.,https://audio.tudienkala.com/data/cache/images/300x225/m/e/merit1.jpg,https://audio.tudienkala.com/audio/m/e/merit.mp3
79,mobile,/ˈməʊbəl/,adj,"di động, lưu động",Please contact me via mobile phone.,Hãy liên hệ với tôi qua di động.,https://audio.tudienkala.com/data/images_example/300x225/p/l/please_con_ex2_587727e87f8b9a0d308b45c0.jpg,https://audio.tudienkala.com/audio/m/o/mobile.mp3
79,mock,/mɒk/,v,chế nhạo (bằng cách bắt chước lời nói hoặc hành động),Don't mock me.,Đừng chế nhạo tôi.,https://audio.tudienkala.com/data/images_example/300x225/d/o/dont_mock__ex1_58772dd67f8b9af8308b45c4.jpg,https://audio.tudienkala.com/audio/m/o/mock.mp3
79,moderate,/ˈmɒdərət/,adj,"khiêm tốn, vừa phải, trung bình",The car is of moderate size - just right for a small family.,Chiếc ô tô này có kích cỡ khiêm tốn nên chỉ hợp với một gia đình nhỏ.,https://audio.tudienkala.com/data/cache/images/300x225/m/o/moderate1.jpg,https://audio.tudienkala.com/audio/m/o/moderate.mp3
79,momentum,/məʊˈmentəm/,n,đà,Runners are gaining momentum to the start of the race.,Các vận động viên đang lấy đà để bắt đầu cuộc đua.,https://audio.tudienkala.com/data/images_example/300x225/r/u/runners_ar_ex1_58772dd67f8b9af8308b45c6.jpg,https://audio.tudienkala.com/audio/m/o/momentum.mp3
79,monetary,/ˈmʌnɪtəri/,adj,(thuộc) tiền tệ,IMF stands for International Monetary Fund.,IMF là viết tắt của Quỹ Tiền tệ Quốc tế.,https://audio.tudienkala.com/data/images_example/300x225/i/m/imf_stands_ex1_58772dd77f8b9af8308b45c8.png,https://audio.tudienkala.com/audio/m/o/monetary.mp3
79,morale,/məˈrɑːl/,n,(quân sự) tinh thần; nhuệ khí,The morale of those soldiers was excellent.,Nhuệ khí của những người lính đó thật tuyệt vời.,https://audio.tudienkala.com/data/images_example/300x225/t/h/the_morale_ex1_58772dd77f8b9af8308b45ca.jpg,https://audio.tudienkala.com/audio/m/o/morale.mp3
79,municipal,/mjuːˈnɪsɪpəl/,adj,(thuộc) thành phố/ đô thị,Local cyclists are lobbying the municipal government to make more bicycle paths in the city.,Những người đi xe đạp địa phương đang vận động chính quyền thành phố để tạo ra nhiều tuyến xe đạp hơn trong thành phố.,https://audio.tudienkala.com/data/images_example/300x225/l/o/local_cycl_ex1_58772dd77f8b9af8308b45cc.jpg,https://audio.tudienkala.com/audio/m/u/municipal.mp3
79,mutation,/mjuːˈteɪʃən/,n,sự đột biến,"Once in a blue moon, you will get a mutation that confers a selective advantage.","Sẽ có một lần hiếm hoi, bạn nhận được một sự đột biến mang lại lợi thế chọn lọc.",https://audio.tudienkala.com/data/images_example/300x225/o/n/once_in_a__ex1_58772dd97f8b9af8308b45ce.jpg,https://audio.tudienkala.com/audio/m/u/mutation.mp3
79,nominal,/ˈnɒmɪnəl/,adj,chỉ tồn tại trên danh nghĩa; hữu danh vô thực,Peter did not get a lot of job applicants because he offered only a nominal salary to his employees.,"Peter đã không nhận được nhiều người đến xin việc, chỉ vì anh ấy đã đưa ra một mức lương không thực với nhân viên.",https://audio.tudienkala.com/data/images_example/300x225/p/e/peter_did__ex2_58772a3c7f8b9a99308b45f2.png,https://audio.tudienkala.com/audio/n/o/nominal.mp3
79,norm,/nɔːm/,n,"chuẩn mực, quy tắc",The helmet norm compulsory is implemented.,Luật bắt buộc đội mũ bảo hiểm tiêu chuẩn đã được thi hành.,https://audio.tudienkala.com/data/images_example/300x225/t/h/the_helmet_ex1_58772a8d7f8b9a9d308b4681.jpg,https://audio.tudienkala.com/audio/n/o/norm.mp3
79,notion,/ˈnəʊʃən/,n,"ý nghĩ, ý niệm, cách hiểu",Your head is full of silly notions.,Đầu óc cậu đầy những ý nghĩ ngớ ngẩn.,https://audio.tudienkala.com/data/images_example/300x225/y/o/your_head__ex2_58772a8d7f8b9a9d308b4683.jpg,https://audio.tudienkala.com/audio/n/o/notion.mp3
79,notorious,/nəʊˈtɔːriəs/,adj,khét tiếng,Notorious criminals took all the money from the bank last night!,Những tên tội phạm khét tiếng đã lấy tất cả tiền từ ngân hàng đêm qua!,https://audio.tudienkala.com/data/images_example/300x225/n/o/notorious__ex1_58772dd97f8b9af8308b45d0.png,https://audio.tudienkala.com/audio/n/o/notorious.mp3
79,notwithstanding,/ˌnɒtwɪθˈstændɪŋ/,preposition,không bị ảnh hưởng bởi; bất chấp,"He's overworking and has got a lot on his mind, doctor's orders notwithstanding.","Anh ấy đang làm việc quá sức và suy nghĩ nhiều, bất chấp lời chỉ dẫn của bác sĩ.",https://audio.tudienkala.com/data/images_example/300x225/h/e/hes_overwo_ex2_58772a8e7f8b9a9d308b4685.png,https://audio.tudienkala.com/audio/n/o/notwithstanding.mp3
79,novelty,/ˈnɒvəlti/,n,"tính mới lạ, tính lạ thường",He wore a red nose and novelty glasses for comic effect.,Anh ấy đeo một cái mũi màu đỏ và chiếc kính lạ mắt để gây hiệu ứng hài hước.,https://audio.tudienkala.com/data/images_example/300x225/h/e/he_wore_a__ex1_58772dd97f8b9af8308b45d2.jpg,https://audio.tudienkala.com/audio/n/o/novelty.mp3
79,novice,/ˈnɒvɪs/,n,"người mới học, người chưa có kinh nghiệm",I'm a complete novice at skiing.,Tôi hoàn toàn chưa có kinh nghiệm về trượt tuyết.,https://audio.tudienkala.com/data/images_example/300x225/i/m/im_a_compl_ex2_58772af47f8b9aab308b464d.jpg,https://audio.tudienkala.com/audio/n/o/novice.mp3
79,obscure,/əbˈskjʊər/,adj,khó hiểu,I found her lecture very obscure.,Tôi thấy bài giảng của cô rất khó hiểu.,https://audio.tudienkala.com/data/cache/images/300x225/o/b/obscure1.jpg,https://audio.tudienkala.com/audio/o/b/obscure.mp3
79,obstacle,/ˈɒbstəkl/,n,"trở ngại, khó khăn",A lack of qualifications can be a major obstacle to finding a job.,Sự thiếu trình độ có thể là trở ngại lớn cho việc tìm kiếm một công việc.,https://audio.tudienkala.com/data/cache/images/300x225/o/b/obstacle1.jpg,https://audio.tudienkala.com/audio/o/b/obstacle.mp3
80,obvious,/ˈɒbviəs/,adj,"rõ ràng, rành mạch, hiển nhiên",It's an obvious operation.,Nó là một phép toán rõ ràng.,https://audio.tudienkala.com/data/cache/images/300x225/o/b/obvious2.jpg,https://audio.tudienkala.com/audio/o/b/obvious.mp3
80,overlap,/ˌəʊvəˈlæp/,v,chồng chéo (lên nhau),A fish's scales overlap each other.,Các vảy cá gối đè lên nhau.,https://audio.tudienkala.com/data/images_example/300x225/a/_/a_fishs_sc_ex2_587729ec7f8b9a8e308b4615.jpg,https://audio.tudienkala.com/audio/o/v/overlap.mp3
80,overview,/´ouvə¸vju:/,n,"nhìn tồng quát, miêu tả chung, ngắn gọn",I did a quick overview of your teeth and they look in good shape.,Tôi đã khám tổng quát nhanh hàm răng của cô và chúng trông có vẻ tốt.,https://audio.tudienkala.com/data/images_example/300x225/i/_/i_did_a_qu_ex1_56248d167f8b9a040dc66278.jpg,https://audio.tudienkala.com/audio/o/v/overview.mp3
80,overwhelming,/ˌəʊvəˈwelmɪŋ/,adj,rất lớn và mạnh; áp đảo,The evidence against him was overwhelming.,Bằng chứng chống lại anh ấy vô cùng áp đảo.,https://audio.tudienkala.com/data/cache/images/300x225/o/v/overwhelming1.jpg,https://audio.tudienkala.com/audio/o/v/overwhelming.mp3
80,paradigm,/ˈpærədaɪm/,n,"mẫu, mô hình",He need to provide a paradigm for students to copy.,Anh ấy cần cung cấp một mô hình cho sinh viên sao chép.,https://audio.tudienkala.com/data/cache/images/300x225/p/a/paradigm2.png,https://audio.tudienkala.com/audio/p/a/paradigm.mp3
80,paradox,/ˈpærədɒks/,n,"nghịch lí, mâu thuẫn",He was a paradox—a loner who loved to chat to strangers.,"Ông là một người mâu thuẫn, một người cô độc thích trò chuyện với người lạ.",https://audio.tudienkala.com/data/images_example/300x225/h/e/he_was_a_p_ex1_587729ed7f8b9a8e308b4619.jpg,https://audio.tudienkala.com/audio/p/a/paradox.mp3
80,parameter,/pəˈræmɪtə(r)/,n,giới hạn,Parameters for the experiment must be clearly defined before we can begin.,Các thông số thí nghiệm phải được xác định rõ ràng trước khi chúng ta có thể bắt đầu.,https://audio.tudienkala.com/data/cache/images/300x225/p/a/parameter2.png,https://audio.tudienkala.com/audio/p/a/parameter.mp3
80,paramount,/ˈpærəmaʊnt/,adj,quan trọng nhất,This matter is of paramount importance.,Vấn đề này là hết sức quan trọng.,https://audio.tudienkala.com/data/cache/images/300x225/p/a/paramount1.jpg,https://audio.tudienkala.com/audio/p/a/paramount.mp3
80,particle,/ˈpɑːtɪkl/,n,mảnh nhỏ (của cái gì),particles of dust,các hạt bụi,https://audio.tudienkala.com/data/images_example/300x225/p/a/particles__ex2_58772dda7f8b9af8308b45d4.png,https://audio.tudienkala.com/audio/p/a/particle.mp3
80,perceive,/pəˈsiːv/,v,"nhận thấy, để ý",I perceived a change in his behaviour.,Tôi nhận thấy một sự thay đổi trong hành vi của anh ta.,https://audio.tudienkala.com/data/cache/images/300x225/p/e/perceive1.jpg,https://audio.tudienkala.com/audio/p/e/perceive.mp3
80,persistent,/pəˈsɪstənt/,adj,"kiên trì, dai dẳng",persistent rain,cơn mưa dai dẳng,https://audio.tudienkala.com/data/images_example/300x225/p/e/persistent_ex1_58772a3e7f8b9a99308b45fc.jpg,https://audio.tudienkala.com/audio/p/e/persistent.mp3
80,perspective,/pə'spektiv/,n,"góc nhìn, khía cạnh",Parents and children usually see things from different perspectives.,"Cha mẹ và con cái thường quan sát sự vật, sự việc từ góc nhìn khác nhau.",https://audio.tudienkala.com/data/images_example/300x225/p/a/parents_an_ex1_580de47b7f8b9a84688b45c0.jpg,https://audio.tudienkala.com/audio/p/e/perspective.mp3
80,poll,/pəʊl/,n,"cuộc điều tra dư luận, cuộc thăm dò ý kiến",to carry out/conduct a poll,tiến hành một cuộc thăm dò,https://audio.tudienkala.com/data/cache/images/300x225/p/o/poll1.jpg,https://audio.tudienkala.com/audio/p/o/poll.mp3
80,posture,/ˈpɒstʃə/,n,"tư thế, dáng điệu",a comfortable/relaxed posture,một tư thế thoải mái,https://audio.tudienkala.com/data/cache/images/300x225/p/o/posture1.jpg,https://audio.tudienkala.com/audio/p/o/posture.mp3
80,potent,/ˈpəʊtənt/,adj,có ảnh hưởng mạnh (đối với cơ thể hay trí tuệ),Mary’s perfume was so potent it affected my sinuses and caused me to sneeze.,Nước hoa của Mary rất mạnh đã ảnh hưởng đến xoang và khiến tôi hắt hơi.,https://audio.tudienkala.com/data/images_example/300x225/m/a/marys_perf_ex2_58772bee7f8b9ac5308b467a.jpg,https://audio.tudienkala.com/audio/p/o/potent.mp3
80,predecessor,/ˈpriːdɪˌsesə/,n,"người đi trước, bậc tiền bối","Unlike his predecessor, the new manager is quite extroverted and sociable.","Không giống như người tiền nhiệm của mình, người quản lí mới khá là hướng ngoại và hòa đồng.",https://audio.tudienkala.com/data/images_example/300x225/u/n/unlike_his_ex2_58772bf07f8b9ac5308b4686.png,https://audio.tudienkala.com/audio/p/r/predecessor.mp3
80,preliminary,/prɪˈlɪmɪnəri/,adj,"sơ bộ, ban đầu",After a few preliminary remarks he announced the winners.,"Sau một vài nhận xét sơ bộ, ông ấy đã tuyên bố những người chiến thắng.",https://audio.tudienkala.com/data/images_example/300x225/a/f/after_a_fe_ex2_58772a957f8b9a9d308b46ab.png,https://audio.tudienkala.com/audio/p/r/preliminary.mp3
80,prestige,/presˈtiːʒ/,n,uy tín; thanh danh,I want a job with high prestige.,Tôi muốn có một công việc với uy tín cao.,https://audio.tudienkala.com/data/cache/images/300x225/p/r/prestige2.jpg,https://audio.tudienkala.com/audio/p/r/prestige.mp3
80,prestigious,/presˈtɪdʒ.əs/,adj,"có uy tín, có thanh thế",a prestigious award,một giải thưởng uy tín,https://audio.tudienkala.com/data/cache/images/300x225/p/r/prestigious1.jpg,https://audio.tudienkala.com/audio/p/r/prestigious.mp3
80,presumably,/prɪˈzjuːməbli/,adv,có lẽ,This is presumably where the accident happened.,Có lẽ đây là nơi tai nạn xảy ra.,https://audio.tudienkala.com/data/images_example/300x225/p/r/presumably_ex2_587727467f8b9af52f8b4571.jpg,https://audio.tudienkala.com/audio/p/r/presumably.mp3
80,primitive,/ˈprɪmɪtɪv/,adj,nguyên thủy,primitive tribes,bộ lạc nguyên thủy,https://audio.tudienkala.com/data/cache/images/300x225/p/r/primitive1.jpg,https://audio.tudienkala.com/audio/p/r/primitive.mp3
80,prior,/praɪər/,adj,"trước đó, trước (một khoảng thời gian nào đó)",They have a prior claim to the property.,Họ có quyền ưu tiên đối với tài sản này.,https://audio.tudienkala.com/data/cache/images/300x225/p/r/prior2.jpg,https://audio.tudienkala.com/audio/p/r/prior.mp3
80,privilege,/ˈprɪvəlɪdʒ/,n,"ưu tiên, đặc quyền",You can enjoy all the benefits and privileges of club membership.,Bạn có thể tận hưởng tất cả các lợi ích và đặc quyền của thành viên câu lạc bộ.,https://audio.tudienkala.com/data/cache/images/300x225/p/r/privilege2.jpg,https://audio.tudienkala.com/audio/p/r/privilege.mp3
80,probe,/prəʊb/,v,"thăm dò, dò xét",He didn't like the media probing into his past.,Anh ấy không thích phương tiện truyền thông cứ dò xét vào quá khứ của mình.,https://audio.tudienkala.com/data/cache/images/300x225/p/r/probe1.jpg,https://audio.tudienkala.com/audio/p/r/probe.mp3
80,profound,/prəˈfaʊnd/,adj,rất lớn; sâu sắc,profound changes in the earth's climate,sự thay đổi rất lớn trong khí hậu của trái đất,https://audio.tudienkala.com/data/images_example/300x225/p/r/profound_c_ex1_587729f17f8b9a8e308b4631.jpg,https://audio.tudienkala.com/audio/p/r/profound.mp3
80,prominent,/ˈprɒmɪnənt/,adj,"quan trọng, nổi tiếng",Music is a prominent part in my life.,Âm nhạc là một phần quan trọng trong cuộc sống của tôi.,https://audio.tudienkala.com/data/cache/images/300x225/p/r/prominent1.jpg,https://audio.tudienkala.com/audio/p/r/prominent.mp3
80,prone,/prəʊn/,adj,dễ bị; dễ mắc phải,prone to injury,dễ bị tổn thương,https://audio.tudienkala.com/data/cache/images/300x225/p/r/prone1.jpg,https://audio.tudienkala.com/audio/p/r/prone.mp3
80,prosperous,/ˈprɒspərəs/,adj,"thịnh vượng, phồn vinh",prosperous countries,các quốc gia phồn thịnh,https://audio.tudienkala.com/data/cache/images/300x225/p/r/prosperous1.jpg,https://audio.tudienkala.com/audio/p/r/prosperous.mp3
80,provisional,/prəˈvɪʒənəl/,adj,"tạm thời, lâm thời",a provisional government,chính phủ lâm thời,https://audio.tudienkala.com/data/cache/images/300x225/p/r/provisional1.jpg,https://audio.tudienkala.com/audio/p/r/provisional.mp3
80,proximity,/prɔk´simiti/,n,"sắp xỉ, sự gần gũi",The fans were worried by the proximity of the storm clouds.,Những người hâm mộ lo lắng bởi đám mây báo bão đến gần.,https://audio.tudienkala.com/data/cache/images/300x225/p/r/proximity1.jpg,https://audio.tudienkala.com/audio/p/r/proximity.mp3
80,radical,/ˈrædɪkəl/,adj,"liên quan đến những phần cơ bản và quan trọng nhất; hoàn toàn, triệt để",the need for radical changes in education,sự cần thiết các thay đổi căn bản trong giáo dục,https://audio.tudienkala.com/data/images_example/300x225/t/h/the_need_f_ex1_587729f27f8b9a8e308b4633.jpg,https://audio.tudienkala.com/audio/r/a/radical.mp3
80,ratio,/ˈreɪʃiəʊ/,n,"tỷ số, tỷ lệ",in the ratio of 5 to 10,theo tỷ lệ 5 trên 10,https://audio.tudienkala.com/data/cache/images/300x225/r/a/ratio1.jpg,https://audio.tudienkala.com/audio/r/a/ratio.mp3
80,rational,/ˈræʃənəl/,adj,"hợp lí, dựa trên lí trí",a rational argument,một cuộc tranh luận dựa trên lí trí,https://audio.tudienkala.com/data/cache/images/300x225/r/a/rational1.jpg,https://audio.tudienkala.com/audio/r/a/rational.mp3
80,raw,/rɔː/,adj,còn sống (chưa được nấu),raw sugar,đường chưa tinh chế,https://audio.tudienkala.com/data/images_example/300x225/r/a/raw_sugar_ex2_587728e77f8b9a5f308b4612.jpg,https://audio.tudienkala.com/audio/r/a/raw.mp3
80,recover,/rɪˈkʌvər/,v,hồi phục,She had a heart attack but is recovering well.,Cô đã có một cơn đau tim nhưng đang hồi phục tốt.,https://audio.tudienkala.com/data/cache/images/300x225/r/e/recover2.png,https://audio.tudienkala.com/audio/r/e/recover.mp3
80,regime,/reɪˈʒiːm/,n,chế độ,socialist regime,chế độ xã hội chủ nghĩa,https://audio.tudienkala.com/data/cache/images/300x225/r/e/regime1.jpg,https://audio.tudienkala.com/audio/r/e/regime.mp3
80,regulatory,/ˈreɡjələtəri/,adj,có quyền lực điều khiển một lĩnh vực kinh doanh hoặc công nghiệp,Dramatically reduce the regulatory burden.,Làm giảm đáng kể gánh nặng về quản lý.,https://audio.tudienkala.com/data/cache/images/300x225/r/e/regulatory1.jpg,https://audio.tudienkala.com/audio/r/e/regulatory.mp3
80,remarkable,/rɪˈmɑːkəbl/,adj,"phi thường, đáng chú ý",a remarkable event,một sự kiện đáng chú ý,https://audio.tudienkala.com/data/cache/images/300x225/r/e/remarkable1.jpg,https://audio.tudienkala.com/audio/r/e/remarkable.mp3
80,reminiscent,/ˌremɪˈnɪsənt/,adj,"làm nhớ lại, gợi lại",The way he laughed was strongly reminiscent of his father.,Cách anh ấy cười gợi nhớ rất nhiều về người cha anh ấy.,https://audio.tudienkala.com/data/cache/images/300x225/r/e/reminiscent1.jpg,https://audio.tudienkala.com/audio/r/e/reminiscent.mp3
80,render,/ˈrendər/,v,"làm, khiến (ai lâm vào tình trạng nào)",The virus rendered the computer useless.,Virus khiến cho máy tính vô dụng.,https://audio.tudienkala.com/data/images_example/300x225/t/h/the_virus__ex1_58772a9b7f8b9a9d308b46cd.jpg,https://audio.tudienkala.com/audio/r/e/render.mp3
80,renowned,/rɪˈnaʊnd/,adj,nổi tiếng,He is a renowned actor.,Ông ấy là một diễn viên nổi tiếng.,https://audio.tudienkala.com/data/cache/images/300x225/r/e/renowned1.jpg,https://audio.tudienkala.com/audio/r/e/renowned.mp3
80,residual,/rɪˈzɪdjuəl/,adj,"còn dư, còn lại của một quá trình",There are still a few residual problems with the computer program.,Hiện vẫn còn một vài sự cố còn lại với chương trình máy tính.,https://audio.tudienkala.com/data/cache/images/300x225/r/e/residual1.png,https://audio.tudienkala.com/audio/r/e/residual.mp3
80,retain,/rɪˈteɪn/,v,giữ lại; tiếp tục có,We worked hard to retain our trophy.,Chúng tôi làm việc chăm chỉ để giữ lại cúp vô địch của chúng tôi.,https://audio.tudienkala.com/data/cache/images/300x225/r/e/retain2.jpg,https://audio.tudienkala.com/audio/r/e/retain.mp3
80,rigid,/ˈrɪdʒɪd/,adj,"cứng nhắc, không linh hoạt",The curriculum was too narrow and too rigid.,Chương trình đào tạo thì quá hẹp và quá cứng nhắc.,https://audio.tudienkala.com/data/cache/images/300x225/r/i/rigid1.jpg,https://audio.tudienkala.com/audio/r/i/rigid.mp3
80,rigorous,/ˈrɪɡərəs/,adj,"khắt khe, nghiêm ngặt",The second team adopted a much more rigorous approach to the problem.,Nhóm nghiên cứu thứ hai đã thông qua một cách tiếp cận vấn đề khắt khe hơn.,https://audio.tudienkala.com/data/images_example/300x225/t/h/the_second_ex2_58772bf67f8b9ac5308b46a8.jpg,https://audio.tudienkala.com/audio/r/i/rigorous.mp3
80,rural,/ˈrʊrəl/,adj,"thuộc nông thôn, thôn quê",The themes of the puppet shows are rural.,Chủ đề của những màn múa rối đều nói về nông thôn.,https://audio.tudienkala.com/data/cache/images/300x225/r/u/rural1.png,https://audio.tudienkala.com/audio/r/u/rural.mp3
80,sally,/ˈsæl.i/,n,câu nhận xét hài hước,Everyone waited for his next sally.,Mọi người đều chờ đợi câu hài hước tiếp theo của cậu ấy.,https://audio.tudienkala.com/data/cache/images/300x225/s/a/sally1.jpg,https://audio.tudienkala.com/audio/s/a/sally.mp3
80,sanction,/ˈsæŋkʃən/,v,phê chuẩn,The government refused to sanction a further cut in interest rates.,Chính phủ đã từ chối phê duyệt việc cắt giảm thêm lãi suất.,https://audio.tudienkala.com/data/cache/images/300x225/s/a/sanction1.jpg,https://audio.tudienkala.com/audio/s/a/sanction.mp3
80,sanctuary,/ˈsæŋktʃʊəri/,n,khu bảo tồn,a wildlife sanctuary,một khu bảo tồn động vật hoang dã,https://audio.tudienkala.com/data/cache/images/300x225/s/a/sanctuary1.jpg,https://audio.tudienkala.com/audio/s/a/sanctuary.mp3
81,secular,/ˈsekjələr/,adj,không liên quan đến tôn giáo,secular music,nhạc thế tục,https://audio.tudienkala.com/data/images_example/300x225/s/e/secular_mu_ex2_58772de07f8b9af8308b45f2.png,https://audio.tudienkala.com/audio/s/e/secular.mp3
81,seek,/siːk/,v,tìm kiếm,We are seeking for the missing man in the entire county.,Chúng ta đang tìm người đàn ông mất tích trên toàn quốc.,https://audio.tudienkala.com/data/cache/images/300x225/s/e/seek1.jpg,https://audio.tudienkala.com/audio/s/e/seek.mp3
81,severe,/sɪˈvɪər/,adj,"cực kì nghiêm trọng, trầm trọng",I had a severe injury but luckily I am still alive.,Tôi đã bị một chấn thương nghiêm trọng nhưng may mắn là tôi vẫn còn sống.,https://audio.tudienkala.com/data/cache/images/300x225/s/e/severe1.jpg,https://audio.tudienkala.com/audio/s/e/severe.mp3
81,sheer,/ʃɪər/,adj,"chỉ là; đúng là, tuyệt đối; hoàn toàn (dùng để nhấn mạnh độ to, lớn)",It is sheer waste.,Thật chỉ là phí công.,https://audio.tudienkala.com/data/cache/images/300x225/s/h/sheer1.jpg,https://audio.tudienkala.com/audio/s/h/sheer.mp3
81,sinister,/ˈsɪnɪstər/,adj,"có vẻ ác, có vẻ nguy hiểm; tạo cảm giác chẳng lành",There was something cold and sinister about him.,Anh ta có vẻ gì đó lạnh lùng và nguy hiểm.,https://audio.tudienkala.com/data/cache/images/300x225/s/i/sinister1.jpg,https://audio.tudienkala.com/audio/s/i/sinister.mp3
81,solidarity,/ˌsɒlɪˈdærəti/,n,sự đoàn kết,When a group of people show solidarity they support each other or another group.,Khi một nhóm người thể hiện sự đoàn kết họ hỗ trợ lẫn nhau hoặc hỗ trợ cả nhóm khác.,https://audio.tudienkala.com/data/cache/images/300x225/s/o/solidarity1.jpg,https://audio.tudienkala.com/audio/s/o/solidarity.mp3
81,solitary,/ˈsɒlɪtəri/,adj,diễn ra một mình,A solitary kind of person.,Một kiểu người thích sống một mình.,https://audio.tudienkala.com/data/cache/images/300x225/s/o/solitary1.jpg,https://audio.tudienkala.com/audio/s/o/solitary.mp3
81,span,/spæn/,n,quãng thời gian,I worked with him over a span of six years.,Tôi đã làm việc với anh ta trong khoảng thời gian sáu năm.,https://audio.tudienkala.com/data/cache/images/300x225/s/p/span1.jpg,https://audio.tudienkala.com/audio/s/p/span.mp3
81,specimen,/ˈspesəmɪn/,n,"mẫu, mẫu vật",Astronauts have brought back specimens of rock from the moon.,Các nhà du hành đã mang về các mẫu đá từ mặt trăng.,https://audio.tudienkala.com/data/images_example/300x225/a/s/astronauts_ex2_58772de17f8b9af8308b45fa.jpg,https://audio.tudienkala.com/audio/s/p/specimen.mp3
81,spectacular,/spɛkˈtakjʊlə/,adj,hùng vĩ,From the window you can have a spectacular view of the mountain.,Từ cửa sổ bạn có thể nhìn thấy cảnh núi non hùng vĩ.,https://audio.tudienkala.com/data/images_example/300x225/f/r/from_the_w_ex2_583e5d337f8b9aa4078b45d9.jpg,https://audio.tudienkala.com/audio/s/p/spectacular.mp3
81,spectrum,/'spektrəm/,n,sự phân bổ theo tính chất,Red and violet are at opposite ends of the spectrum.,Màu đỏ và tím được phân bổ ở hai đầu của quang phổ.,https://audio.tudienkala.com/data/cache/images/300x225/s/p/spectrum1.png,https://audio.tudienkala.com/audio/s/p/spectrum.mp3
81,speculation,/ˌspekjəˈleɪʃən/,n,sự suy đoán,There was widespread speculation that she was going to resign.,Có tin đồn rộng rãi rằng cô dự định từ chức.,https://audio.tudienkala.com/data/images_example/300x225/t/h/there_was__ex2_58772ad87f8b9aab308b45af.jpg,https://audio.tudienkala.com/audio/s/p/speculation.mp3
81,spontaneous,/spɒnˈteɪniəs/,adj,"ngẫu hứng, tự phát","They just do it, and it's beautiful and creative and spontaneous.","Họ chỉ làm điều đó, và nó đẹp và sáng tạo và ngẫu hứng.",https://audio.tudienkala.com/data/cache/images/300x225/s/p/spontaneous1.jpg,https://audio.tudienkala.com/audio/s/p/spontaneous.mp3
81,static,/ˈstætɪk/,adj,"tĩnh, không thay đổi, phát triển",The balance sheet provides a static picture of the financial position at a point in time.,Bảng cân đối cung cấp một hình ảnh tĩnh về tình hình tài chính tại một thời điểm.,https://audio.tudienkala.com/data/cache/images/300x225/s/t/static1.jpg,https://audio.tudienkala.com/audio/s/t/static.mp3
81,statistics,/stəˈtɪstɪk/,n,số liệu thống kê,Have you seen the latest statistics on crime ?,Anh có thấy thống kê mới nhất về tội phạm hay chưa?,https://audio.tudienkala.com/data/cache/images/300x225/s/t/statistics1.jpg,https://audio.tudienkala.com/audio/s/t/statistics.mp3
81,stimulate,/ˈstɪmjuleɪt/,v,"khích lệ, khuyến khích",Reading stories can stimulate children's imagination.,Đọc truyện có thể thúc đẩy trí tưởng tượng của trẻ.,https://audio.tudienkala.com/data/images_example/300x225/r/e/reading_st_ex1_56248d0b7f8b9a000de3ce41.jpg,https://audio.tudienkala.com/audio/s/t/stimulate.mp3
81,subsidy,/ˈsʌbsɪdi/,n,"bao cấp, trợ cấp",The government is planning to abolish subsidy to farmers.,Chính phủ đang có kế hoạch bãi bỏ trợ cấp cho nông dân.,https://audio.tudienkala.com/data/cache/images/300x225/s/u/subsidy1.png,https://audio.tudienkala.com/audio/s/u/subsidy.mp3
81,substantial,/səbˈstænʃəl/,adj,"lớn, đáng kể",She inherited a substantial fortune from her grandmother.,Cô ấy thừa hưởng một gia tài lớn từ bà ngoại.,https://audio.tudienkala.com/data/cache/images/300x225/s/u/substantial1.jpg,https://audio.tudienkala.com/audio/s/u/substantial.mp3
81,subtle,/ˈsʌtl/,adj,"khó thấy, không dễ phát hiện",There are subtle differences between the two versions.,Có sự khác biệt khó phát hiện giữa hai phiên bản.,https://audio.tudienkala.com/data/cache/images/300x225/s/u/subtle1.jpg,https://audio.tudienkala.com/audio/s/u/subtle.mp3
81,sufficient,/səˈfɪʃənt/,adj,"đủ, đủ dùng (cho một việc hay mục đích nào đó)",One sip should be sufficient.,Một ngụm chắc là đủ.,https://audio.tudienkala.com/data/images_example/300x225/o/n/one_sip_sh_ex1_5877279c7f8b9a01308b45b7.jpg,https://audio.tudienkala.com/audio/s/u/sufficient.mp3
81,surveillance,/sɜːˈveɪləns/,n,sự theo dõi cẩn thận đối với người bị nghi ngờ hình sự; sự giám sát,The police are keeping the suspects under round-the-clock surveillance.,Cảnh sát đang giám sát những kẻ bị tình nghi 24 giờ/ 24 giờ.,https://audio.tudienkala.com/data/cache/images/300x225/s/u/surveillance1.jpg,https://audio.tudienkala.com/audio/s/u/surveillance.mp3
81,suspicious,/səˈspɪʃəs/,adj,đầy nghi ngờ,They became suspicious of his behaviour and contacted the police.,Họ trở nên nghi ngờ về hành vi của anh ta và đã báo cảnh sát.,https://audio.tudienkala.com/data/cache/images/300x225/s/u/suspicious2.jpg,https://audio.tudienkala.com/audio/s/u/suspicious.mp3
81,swift,/swɪft/,adj,"mau, nhanh, lẹ",swift action,hành động mau lẹ,https://audio.tudienkala.com/data/images_example/300x225/s/w/swift_acti_ex2_58772de27f8b9af8308b4600.gif,https://audio.tudienkala.com/audio/s/w/swift.mp3
81,sympathetic,/ˌsɪmpəˈθetɪk/,adj,"đồng cảm, thông cảm",My classmates are very kind and sympathetic.,Các bạn cùng lớp tôi rất tốt bụng và đồng cảm.,https://audio.tudienkala.com/data/cache/images/300x225/s/y/sympathetic1.jpg,https://audio.tudienkala.com/audio/s/y/sympathetic.mp3
81,tangible,/'tændʒəbl/,adj,"hữu hình, rõ ràng",We cannot accept his findings without tangible evidence.,Chúng tôi không thể chấp nhận việc tìm kiếm của anh ấy mà không có chứng cứ rõ ràng,https://audio.tudienkala.com/data/cache/images/300x225/t/a/tangible1.jpg,https://audio.tudienkala.com/audio/t/a/tangible.mp3
81,tender,/ˈtendər/,adj,âu yếm; dịu dàng,tender words,lời lẽ âu yếm dịu dàng,https://audio.tudienkala.com/data/cache/images/300x225/t/e/tender1.jpg,https://audio.tudienkala.com/audio/t/e/tender.mp3
81,thermal,/ˈθɜːməl/,adj,thuộc về nhiệt,thermal insulation,sự cách nhiệt,https://audio.tudienkala.com/data/cache/images/300x225/t/h/thermal1.jpg,https://audio.tudienkala.com/audio/t/h/thermal.mp3
81,threshold,/ˈθreʃhəʊld/,n,(nghĩa bóng) ngưỡng cửa,She felt as though she was on the threshold of a new life.,Cô cảm thấy như thể cô đang trên ngưỡng cửa của một cuộc sống mới.,https://audio.tudienkala.com/data/cache/images/300x225/t/h/threshold1.jpg,https://audio.tudienkala.com/audio/t/h/threshold.mp3
81,trait,/treɪt/,n,đức tính,One of her brother's more admirable personality traits was his general lack of prejudice.,Một trong những đức tính đáng ngưỡng mộ hơn của anh trai cô ấy là tính không định kiến.,https://audio.tudienkala.com/data/cache/images/300x225/t/r/trait1.png,https://audio.tudienkala.com/audio/t/r/trait.mp3
81,transform,/trænsˈfɔːm/,v,"thay đổi, biến đổi",We transform liquid into ice by putting it in a fridge.,Chúng ta chuyển chất lỏng thành băng bằng cách cho vào trong tủ lạnh.,https://audio.tudienkala.com/data/images_example/300x225/w/e/we_transfo_ex2_587728fd7f8b9a5f308b4698.jpg,https://audio.tudienkala.com/audio/t/r/transform.mp3
81,trauma,/ˈtrɔːmə/,n,"chấn thương tâm lí, tổn thương",the effects of trauma and stress on the body,những ảnh hưởng của chấn thương và căng thẳng trên cơ thể,https://audio.tudienkala.com/data/cache/images/300x225/t/r/trauma1.jpg,https://audio.tudienkala.com/audio/t/r/trauma.mp3
81,trigger,/ˈtrɪɡər/,n,nguyên nhân thúc đẩy (đặc biệt là một điều tồi tệ xảy ra),The trigger for the strike was the closure of another factory.,Nguyên nhân cuộc đình công là việc đóng cửa nhà máy khác.,https://audio.tudienkala.com/data/images_example/300x225/t/h/the_trigge_ex2_58772aa87f8b9a9d308b470b.jpg,https://audio.tudienkala.com/audio/t/r/trigger.mp3
81,triumph,/ˈtraɪəmf/,n,"thành tựu, chiến thắng",one of the greatest triumphs of modern science,một trong những thành tựu lớn nhất của khoa học hiện đại,https://audio.tudienkala.com/data/cache/images/300x225/t/r/triumph1.jpg,https://audio.tudienkala.com/audio/t/r/triumph.mp3
81,trivial,/ˈtrɪviəl/,adj,"nhỏ nhặt, lặt vặt",My younger brother and I used to have some arguments about trivial things.,Trước đây em trai tôi và tôi hay tranh cãi nhau về những chuyện nhỏ nhặt.,https://audio.tudienkala.com/data/images_example/300x225/m/y/my_younger_ex1_587729fe7f8b9a8e308b4673.jpg,https://audio.tudienkala.com/audio/t/r/trivial.mp3
81,undergo,/ˌʌndəˈɡəʊ/,v,trải qua,He was lucky enough to undergo a life-saving brain operation.,Ông đã may mắn trải qua một ca phẫu thuật não cứu sống tính mạng.,https://audio.tudienkala.com/data/images_example/300x225/h/e/he_underwe_ex2_587729fe7f8b9a8e308b4677.jpg,https://audio.tudienkala.com/audio/u/n/undergo.mp3
81,undertake,/ˌʌndɚˈteɪk/,v,thực hiện,Students are required to undertake simple experiments.,Sinh viên được yêu cầu thực hiện những thí nghiệm đơn giản.,https://audio.tudienkala.com/data/cache/images/300x225/u/n/undertake1.jpg,https://audio.tudienkala.com/audio/u/n/undertake.mp3
81,utter,/ˈʌtər/,adj,"hoàn toàn, tuyệt đối",utter darkness,cảnh tối tăm hoàn toàn,https://audio.tudienkala.com/data/cache/images/300x225/u/t/utter1.jpg,https://audio.tudienkala.com/audio/u/t/utter.mp3
81,vague,/veɪɡ/,adj,mơ hồ,vague memories,những ký ức mơ hồ,https://audio.tudienkala.com/data/cache/images/300x225/v/a/vague1.jpg,https://audio.tudienkala.com/audio/v/a/vague.mp3
81,valid,/'vælid/,adj,"có giá trị, có hiệu lực",I need to make certain that my passport is valid if we plan to go overseas this December.,Tôi cần biết chắc rằng hộ chiếu của tôi có giá trị nếu chúng tôi dự tính xuất ngoại tháng 12 này.,https://audio.tudienkala.com/data/cache/images/300x225/v/a/valid1.jpeg,https://audio.tudienkala.com/audio/v/a/valid.mp3
81,variable,/ˈveriəbl/,n,"biến số; vật, lượng, tình huống có thể thay đổi",The quality of the hotel food is distinctly variable.,Chất lượng thức ăn của khách sạn đó thay đổi rõ rệt.,https://audio.tudienkala.com/data/images_example/300x225/t/h/the_qualit_ex2_5877266a7f8b9acf2f8b45b4.jpg,https://audio.tudienkala.com/audio/v/a/variable.mp3
81,vast,/vɑːst/,adj,"rất lớn (diện tích, kích cỡ, lượng,...)",The the vast majority of people cares nothing about this issue.,Đại đa số mọi người thì không quan tâm gì đến vấn đề này.,https://audio.tudienkala.com/data/cache/images/300x225/v/a/vast1.jpg,https://audio.tudienkala.com/audio/v/a/vast.mp3
81,venture,/ˈventʃər/,n,cuộc mạo hiểm,How do you feel about man's first venture into space?,Bạn cảm thấy thế nào về cuộc mạo hiểm vào vũ trụ đầu tiên của loài người?,https://audio.tudienkala.com/data/cache/images/300x225/v/e/venture1.png,https://audio.tudienkala.com/audio/v/e/venture.mp3
81,vigorous,/ˈvɪɡərəs/,adj,"mãnh liệt, đầy sinh lực",A vigorous campaign against tax fraud.,Một chiến dịch mạnh mẽ chống lại việc trốn thuế.,https://audio.tudienkala.com/data/cache/images/300x225/v/i/vigorous1.jpg,https://audio.tudienkala.com/audio/v/i/vigorous.mp3
81,virtual,/ˈvɜːtʃuəl/,adj,thực sự,A virtual state of war exists between the two countries.,Tình trạng chiến tranh thực sự vẫn tồn tại giữa hai nước.,https://audio.tudienkala.com/data/cache/images/300x225/v/i/virtual1.jpg,https://audio.tudienkala.com/audio/v/i/virtual.mp3
81,vital,/ˈvaɪtəl/,adj,"thiết yếu, mang tính quyết định",The presence of oceans is vital for optimal climate stability and habitability.,Sự hiện diện của các đại dương là rất quan trọng cho sự ổn định khí hậu tối ưu và các loài sinh sống.,https://audio.tudienkala.com/data/images_example/300x225/t/h/the_presen_ex1_5877294a7f8b9a6c308b4669.jpg,https://audio.tudienkala.com/audio/v/i/vital.mp3
81,vivid,/ˈvɪvɪd/,adj,sinh động,This is a vivid story about life and death.,Đây là một câu chuyện sống động về cuộc sống và cái chết.,https://audio.tudienkala.com/data/cache/images/300x225/v/i/vivid1.jpg,https://audio.tudienkala.com/audio/v/i/vivid.mp3
81,wary,/ˈweəri/,adj,"thận trọng, cảnh giác đối với ai, điều gì",She was wary of getting involved with him.,Cô ấy cẩn thận với việc tham gia với anh ta.,https://audio.tudienkala.com/data/cache/images/300x225/w/a/wary1.jpg,https://audio.tudienkala.com/audio/w/a/wary.mp3
81,widespread,/ˈwaɪdspred/,adj,"lan rộng, rộng rãi",There has been a widespread fear of the virus.,Đã có một sự sợ hãi lan rộng của virus.,https://audio.tudienkala.com/data/images_example/300x225/t/h/there_has__ex2_58772a307f8b9a99308b45b2.jpg,https://audio.tudienkala.com/audio/w/i/widespread.mp3
81,wretched,/ˈretʃɪd/,adj,buồn; bệnh,a wretched life,cuộc sống khốn khổ,https://audio.tudienkala.com/data/images_example/300x225/a/_/a_wretched_ex2_58772de57f8b9af8308b460e.jpg,https://audio.tudienkala.com/audio/w/r/wretched.mp3
81,yield,/jiːld/,v,sinh lợi,The company's investment yielded high returns.,Việc đầu tư của công ty đã mang lại tiền lãi cao hơn.,https://audio.tudienkala.com/data/cache/images/300x225/y/i/yield2.png,https://audio.tudienkala.com/audio/y/i/yield.mp3
82,abolish,/əˈbɒlɪʃ/,v,"bãi bỏ, xóa bỏ (luật, hệ thống, tổ chức)",This tax should be abolished.,Thuế này nên được bãi bỏ.,https://audio.tudienkala.com/data/cache/images/300x225/a/b/abolish1.jpg,https://audio.tudienkala.com/audio/a/b/abolish.mp3
82,abrupt,/əˈbrʌpt/,adj,"bất ngờ, đột ngột",I was surprised by the abrupt change of subject.,Tôi đã rất ngạc nhiên bởi sự thay đổi đột ngột của chủ đề.,https://audio.tudienkala.com/data/cache/images/300x225/a/b/abrupt1.jpg,https://audio.tudienkala.com/audio/a/b/abrupt.mp3
82,acclaim,/əˈkleɪm/,v,"ca ngợi, tán dương","Despite the critical acclaim, the novel did not sell well.",Mặc dù nhận được lời khen ngợi nhưng tiểu thuyết vẫn không bán tốt.,https://audio.tudienkala.com/data/cache/images/300x225/a/c/acclaim1.png,https://audio.tudienkala.com/audio/a/c/acclaim.mp3
82,accolade,/ˈækəleɪd/,n,"sự vinh danh, phần thưởng cho thành tựu mà mọi người ngưỡng mộ",There is no higher accolade at this school than an honorary degree.,Không có sự vinh danh nào tại trường này cao hơn một tấm bằng danh dự.,https://audio.tudienkala.com/data/cache/images/300x225/a/c/accolade1.jpg,https://audio.tudienkala.com/audio/a/c/accolade.mp3
82,accuse,/əˈkjuːz/,v,"buộc tội, tố cáo",They stand accused of crimes against humanity,Họ bị cáo buộc tội ác chống lại nhân loại,https://audio.tudienkala.com/data/cache/images/300x225/a/c/accuse1.jpg,https://audio.tudienkala.com/audio/a/c/accuse.mp3
82,adversary,/ˈædvəsəri/,n,đối thủ,his old political adversary,kẻ thù chính trị cũ của ông,https://audio.tudienkala.com/data/cache/images/300x225/a/d/adversary1.jpg,https://audio.tudienkala.com/audio/a/d/adversary.mp3
82,adversity,/əd´və:siti/,n,"nghịch cảnh, sự bất hạnh",She overcame many adversities,Cô ấy đã vượt qua nhiều nghịch cảnh,https://audio.tudienkala.com/data/cache/images/300x225/a/d/adversity1.jpg,https://audio.tudienkala.com/audio/a/d/adversity.mp3
82,affluent,/ˈæfluənt/,adj,giàu có,affluent Western countries,các nước phương Tây giàu có,https://audio.tudienkala.com/data/cache/images/300x225/a/f/affluent1.jpg,https://audio.tudienkala.com/audio/a/f/affluent.mp3
82,alias,/ˈeɪliəs/,adv,"bí danh, biệt hiệu","Mick Clark, alias Sid Brown","Mick Clark, bí danh Sid Brown",https://audio.tudienkala.com/data/images_example/300x225/m/i/mick_clark_ex2_58772de77f8b9af8308b4612.jpg,https://audio.tudienkala.com/audio/a/l/alias.mp3
82,allocate,/ˈæləkeɪt/,v,"cấp cho, phân phối",The office manager did not allocate enough money to purchase software.,Người quản lý văn phòng không cấp đủ tiền để mua sắm phần mềm.,https://audio.tudienkala.com/data/cache/images/300x225/a/l/allocate1.png,https://audio.tudienkala.com/audio/a/l/allocate.mp3
82,ambivalent,/æmˈbɪvələnt/,adj,"vừa yêu, vừa ghét (cái gì); (cảm xúc) lẫn lộn",She seems to feel ambivalent about her new job.,Cô ấy dường như cảm xúc lẫn lộn với công việc mới của mình.,https://audio.tudienkala.com/data/cache/images/300x225/a/m/ambivalent1.jpg,https://audio.tudienkala.com/audio/a/m/ambivalent.mp3
82,amenable,/əˈmiːnəbl/,adj,"dễ bảo, biết nghe theo, phục tùng",They had three very amenable children.,Họ có ba đứa con dễ bảo.,https://audio.tudienkala.com/data/images_example/300x225/t/h/they_had_t_ex2_58772de87f8b9af8308b4614.jpg,https://audio.tudienkala.com/audio/a/m/amenable.mp3
82,amiable,/ˈeɪmiəbl/,adj,"dễ thương, thân thiện",Her parents seemed very amiable.,Bố mẹ của cô ấy dường như rất tốt bụng.,https://audio.tudienkala.com/data/cache/images/300x225/a/m/amiable1.jpg,https://audio.tudienkala.com/audio/a/m/amiable.mp3
82,analogous,/əˈnæləɡəs/,adj,"tương tự, giống nhau",The two processes are not analogous.,Hai quá trình này không tương tự nhau.,https://audio.tudienkala.com/data/cache/images/300x225/a/n/analogous1.png,https://audio.tudienkala.com/audio/a/n/analogous.mp3
82,anarchy,/ˈænəki/,n,"sự hỗn loạn; tình trạng vô chính phủ, vô tổ chức",If the pay deal isn't settled amicably there'll be anarchy in the factories.,"Nếu thỏa thuận tiền lương không được giải quyết một cách hữu nghị, sẽ có tình trạng hỗn loạn tại các nhà máy.",https://audio.tudienkala.com/data/cache/images/300x225/a/n/anarchy1.jpg,https://audio.tudienkala.com/audio/a/n/anarchy.mp3
82,annex,/əˈneks/,v,"thôn tính một đất nước, vùng,... nhất là bằng vũ lực",Germany annexed Austria in 1938.,Đức đã thôn tính Áo vào năm 1938.,https://audio.tudienkala.com/data/images_example/300x225/g/e/germany_an_ex2_58772de87f8b9af8308b4616.jpg,https://audio.tudienkala.com/audio/a/n/annex.mp3
82,apathy,/ˈæpəθi/,n,"sự lãnh đạm, thờ ơ",There is widespread apathy among the electorate.,Có sự thờ ơ lớn giữa các cử tri.,https://audio.tudienkala.com/data/cache/images/300x225/a/p/apathy1.jpg,https://audio.tudienkala.com/audio/a/p/apathy.mp3
82,arbiter,/ˈɑːbɪtər/,n,người phân xử; trọng tài,The law is the final arbiter of what is considered obscene.,Luật pháp là trọng tài cuối cùng của những gì được coi là khiêu dâm.,https://audio.tudienkala.com/data/cache/images/300x225/a/r/arbiter1.jpg,https://audio.tudienkala.com/audio/a/r/arbiter.mp3
82,arduous,/ˈɑːdjuəs/,adj,"khó khăn, gian khổ",This is an arduous journey across the Andes.,Đây là một cuộc hành trình gian khổ qua dãy Andes.,https://audio.tudienkala.com/data/cache/images/300x225/a/r/arduous1.jpg,https://audio.tudienkala.com/audio/a/r/arduous.mp3
82,aristocracy,/ˌærɪˈstɒkrəsi/,n,giới quý tộc,members of the aristocracy,các thành viên của tầng lớp quý tộc,https://audio.tudienkala.com/data/cache/images/300x225/a/r/aristocracy1.jpg,https://audio.tudienkala.com/audio/a/r/aristocracy.mp3
82,ascertain,"/,æsə'tein/",v,"biết chắc, xác định rõ ràng",A necessary part of product development is to ascertain whether the product is safe.,Một việc cần thiết cho sự phát triển sản phẩm là biết chắc sản phẩm có an toàn hay không.,https://audio.tudienkala.com/data/cache/images/300x225/a/s/ascertain1.png,https://audio.tudienkala.com/audio/a/s/ascertain.mp3
82,assimilate,/əˈsɪmɪleɪt/,v,"trở thành (hoặc làm cho ai đó trở thành) một phần của một cộng đồng, một đất nước thay vì là một nhóm riêng biệt; hòa nhập (làm cho ai đó hòa nhập)",The older generation is more difficult to assimilate.,Thế hệ trước có nhiều khó khăn hơn trong việc hòa nhập.,https://audio.tudienkala.com/data/images_example/300x225/t/h/the_older__ex2_58772a0a7f8b9a8e308b46b7.jpg,https://audio.tudienkala.com/audio/a/s/assimilate.mp3
82,astute,/əˈstjuːt/,adj,"sắc sảo, nhạy bén",She was astute enough to realize that what Jack wanted was her money.,Cô ấy đủ nhạy bén để nhận ra rằng cái Jack muốn là tiền của cô ấy.,https://audio.tudienkala.com/data/cache/images/300x225/a/s/astute1.jpg,https://audio.tudienkala.com/audio/a/s/astute.mp3
82,atheist,/ˈeɪθiɪst/,n,người theo thuyết vô thần,Once I became an atheist I really embraced the ideas that were being taught in my science courses.,Một khi tôi đã trở thành một người vô thần tôi thực sự chấp nhận những ý tưởng đã được giảng dạy trong khóa học khoa học của tôi.,https://audio.tudienkala.com/data/images_example/300x225/o/n/once_i_bec_ex2_58772c097f8b9ac5308b4709.jpg,https://audio.tudienkala.com/audio/a/t/atheist.mp3
82,atrocity,/əˈtrɒsəti/,n,sự tàn bạo,a textbook which detailed war atrocities,một cuốn sách giáo khoa mô tả sự tàn bạo chiến tranh,https://audio.tudienkala.com/data/images_example/300x225/a/_/a_textbook_ex2_58772de97f8b9af8308b461c.jpg,https://audio.tudienkala.com/audio/a/t/atrocity.mp3
82,attribute,/ˈætrɪbjuːt/,n,"đức tính, đặc tính",Patience is one of the most important attributes in a teacher.,Kiên nhẫn là một trong những đức tính quan trọng nhất trong một giáo viên.,https://audio.tudienkala.com/data/images_example/300x225/p/a/patience_i_ex2_587729cd7f8b9a8e308b4571.jpg,https://audio.tudienkala.com/audio/a/t/attribute.mp3
82,augment,/ɔːɡˈment/,v,làm tăng lên,The money augmented his fortune.,Số tiền này làm tăng lên lượng tài sản của ông ấy.,https://audio.tudienkala.com/data/cache/images/300x225/a/u/augment1.jpg,https://audio.tudienkala.com/audio/a/u/augment.mp3
82,banal,/bəˈnɑːl/,adj,"thường, vô vị",He just sat there making banal remarks all evening.,Ông ấy chỉ ngồi đó đưa ra những nhận xét tầm thường cả buổi chiều.,https://audio.tudienkala.com/data/cache/images/300x225/b/a/banal1.jpg,https://audio.tudienkala.com/audio/b/a/banal.mp3
82,banter,/ˈbæntər/,n,sự đùa giỡn,He enjoyed exchanging banter with the customers.,Ông rất thích trao đổi nói đùa với khách hàng.,https://audio.tudienkala.com/data/cache/images/300x225/b/a/banter1.jpg,https://audio.tudienkala.com/audio/b/a/banter.mp3
82,benevolent,/bɪˈnevələnt/,adj,"nhân từ, tốt bụng, rộng lượng",He was a benevolent old man and wouldn't hurt a fly.,Anh ấy là một người đàn ông già tốt bụng và không làm tổn thương tới một con ruồi.,https://audio.tudienkala.com/data/cache/images/300x225/b/e/benevolent1.jpg,https://audio.tudienkala.com/audio/b/e/benevolent.mp3
82,blatant,/ˈbleɪtənt/,adj,trắng trợn,It was a blatant lie.,Đó là một lời nói dối trắng trợn.,https://audio.tudienkala.com/data/images_example/300x225/i/t/it_was_a_b_ex2_58772bc57f8b9ac5308b45a6.jpg,https://audio.tudienkala.com/audio/b/l/blatant.mp3
82,blight,/blaɪt/,v,"làm hại, làm hỏng",His career has been blighted by injuries.,Sự nghiệp của ông đã bị làm hỏng do chấn thương.,https://audio.tudienkala.com/data/images_example/300x225/h/i/his_career_ex2_58772dea7f8b9af8308b4620.jpg,https://audio.tudienkala.com/audio/b/l/blight.mp3
82,bog,/bɔg/,v,ngăn cản tiến độ của ai,We mustn't get bogged down in details.,Chúng ta không được sa lầy trong chi tiết.,https://audio.tudienkala.com/data/cache/images/300x225/b/o/bog1.jpg,https://audio.tudienkala.com/audio/b/o/bog.mp3
82,by-product,/ˈbaɪˌprɒdʌkt/,n,"kết quả phụ, tác dụng phụ",One of the by-products of unemployment is an increase in crime.,Một trong những kết dụng phụ của việc thất nghiệp là sự gia tăng tội phạm.,https://audio.tudienkala.com/data/cache/images/300x225/b/y/by-product1.png,https://audio.tudienkala.com/audio/b/y/by-product.mp3
82,callous,/ˈkæləs/,adj,nhẫn tâm,"It might sound callous, but I don't care if he's homeless. He's not living with me!","Nó có vẻ nhẫn tâm, nhưng tôi không quan tâm anh ấy có vô gia cư hay không. Anh ấy không có sống với tôi.",https://audio.tudienkala.com/data/cache/images/300x225/c/a/callous1.jpg,https://audio.tudienkala.com/audio/c/a/callous.mp3
82,caricature,/ˈkærɪkətʃʊər/,n,tranh biếm hoạ,This is a cruel caricature of the prime minister.,Đây là một bức tranh biếm họa về sự độc ác của thủ tướng.,https://audio.tudienkala.com/data/cache/images/300x225/c/a/caricature1.jpg,https://audio.tudienkala.com/audio/c/a/caricature.mp3
82,caustic,/ˈkɔːstɪk/,adj,châm biếm; cay độc,Her speech was a caustic attack on government officials.,Bài phát biểu của bà ta là một sự tấn công cay độc vào các quan chức chính phủ.,https://audio.tudienkala.com/data/cache/images/300x225/c/a/caustic1.jpg,https://audio.tudienkala.com/audio/c/a/caustic.mp3
82,chivalry,/ˈʃɪv.əl.ri/,n,phong cách hào hiệp (nhất là với phụ nữ),He still retained a sense of chivalry towards women.,Anh vẫn giữ được phong cách hào hiệp đối với phụ nữ.,https://audio.tudienkala.com/data/cache/images/300x225/c/h/chivalry1.jpg,https://audio.tudienkala.com/audio/c/h/chivalry.mp3
82,circulate,/ˈsɜːrkjəleɪt/,v,"lưu hành, truyền",The document will be circulated to all members.,Tài liệu này sẽ được truyền đến tất cả các thành viên.,https://audio.tudienkala.com/data/cache/images/300x225/c/i/circulate1.jpg,https://audio.tudienkala.com/audio/c/i/circulate.mp3
82,clandestine,/klænˈdestɪn/,adj,"giấu giếm, bí mật",The group held weekly clandestine meetings in a church.,Nhóm đã tổ chức những cuộc gặp gỡ bí mật hàng tuần trong một nhà thờ.,https://audio.tudienkala.com/data/images_example/300x225/t/h/the_group__ex2_58772b3b7f8b9ab7308b45cf.jpg,https://audio.tudienkala.com/audio/c/l/clandestine.mp3
82,clement,/ˈklem.ənt/,adj,"khoan dung, nhân từ",To be clement is to be lenient and compassionate.,Nhân từ là khoan dung và từ bi.,https://audio.tudienkala.com/data/cache/images/300x225/c/l/clement1.jpg,https://audio.tudienkala.com/audio/c/l/clement.mp3
82,coercion,/kəʊˈɜːʃən/,n,"sự ép buộc, sự áp bức",He claimed he had only acted under coercion.,Ông nói rằng ông chỉ hành động dưới sự ép buộc.,https://audio.tudienkala.com/data/cache/images/300x225/c/o/coercion1.jpg,https://audio.tudienkala.com/audio/c/o/coercion.mp3
82,collaborate,/kəˈlæbəreɪt/,v,cộng tác,Researchers around the world are collaborating to develop a new vaccine.,Các nhà nghiên cứu trên toàn thế giới đang cộng tác để phát triển một loại vắc xin mới.,https://audio.tudienkala.com/data/cache/images/300x225/c/o/collaborate1.jpg,https://audio.tudienkala.com/audio/c/o/collaborate.mp3
82,collusion,/kəˈluː.ʒən/,n,"sự câu kết, sự thông đồng",The police were corrupt and were operating in collusion with the drug dealers.,Cảnh sát đã tham nhũng và đã thông đồng với các tổ chức ma túy.,https://audio.tudienkala.com/data/cache/images/300x225/c/o/collusion1.jpg,https://audio.tudienkala.com/audio/c/o/collusion.mp3
82,colossal,/kəˈlɒsəl/,adj,rất lớn,Now we're paying a huge price for their colossal mistake.,Bây giờ chúng ta đang phải trả một giá rất lớn cho sai lầm to lớn của họ.,https://audio.tudienkala.com/data/cache/images/300x225/c/o/colossal1.jpg,https://audio.tudienkala.com/audio/c/o/colossal.mp3
82,commemorate,/kəˈmeməreɪt/,v,kỷ niệm; tưởng niệm,A series of movies will be shown to commemorate the 30th anniversary of his death.,Một loạt các bộ phim sẽ được trình chiếu để kỷ niệm 30 năm ngày mất của ông.,https://audio.tudienkala.com/data/cache/images/300x225/c/o/commemorate1.jpg,https://audio.tudienkala.com/audio/c/o/commemorate.mp3
82,commence,/kəˈmens/,v,bắt đầu,We will commence the race in few minutes..,Chúng ta sẽ bắt đầu cuộc đua trong vài phút nữa.,https://audio.tudienkala.com/data/cache/images/300x225/c/o/commence1.png,https://audio.tudienkala.com/audio/c/o/commence.mp3
82,commonplace,/ˈkɒmənpleɪs/,adj,phổ biến,Computers are now commonplace in primary classrooms.,Máy tính hiện nay phổ biến ở các lớp học chính.,https://audio.tudienkala.com/data/cache/images/300x225/c/o/commonplace1.jpg,https://audio.tudienkala.com/audio/c/o/commonplace.mp3
82,complacent,/kəmˈpleɪsənt/,adj,tự mãn,We must not become complacent about progress.,Chúng ta không được trở nên tự mãn với sự tiến bộ này.,https://audio.tudienkala.com/data/images_example/300x225/w/e/we_must_no_ex2_58772bc87f8b9ac5308b45bc.jpg,https://audio.tudienkala.com/audio/c/o/complacent.mp3
82,concede,/kənˈsiːd/,v,"thừa nhận (điều gì là đúng, hợp lí...)","‘Not bad,’ she conceded grudgingly.","""Không tệ,"" cô đã thừa nhận một cách miễn cưỡng.",https://audio.tudienkala.com/data/cache/images/300x225/c/o/concede1.jpg,https://audio.tudienkala.com/audio/c/o/concede.mp3
83,confer,/kənˈfɜːr/,v,"hỏi ý kiến, hội ý",He wanted to confer with his colleagues before reaching a decision.,Ông muốn trao đổi với các đồng nghiệp của mình trước khi đi đến một quyết định.,https://audio.tudienkala.com/data/cache/images/300x225/c/o/confer1.jpg,https://audio.tudienkala.com/audio/c/o/confer.mp3
83,congenial,/kənˈdʒiːniəl/,adj,"hợp nhau, ăn ý nhau",a congenial colleague,một đồng nghiệp ăn ý,https://audio.tudienkala.com/data/cache/images/300x225/c/o/congenial1.jpg,https://audio.tudienkala.com/audio/c/o/congenial.mp3
83,conglomerate,/kənˈɡlɒmərət/,n,đại tập đoàn (liên kết các công ty khác nhau hoàn toàn về lĩnh vực kinh doạnh),,,https://audio.tudienkala.com/data/cache/images/300x225/c/o/conglomerate1.jpg,https://audio.tudienkala.com/audio/c/o/conglomerate.mp3
83,conjecture,/kənˈdʒektʃər/,n,"sự phỏng đoán, sự ước đoán",There's been a lot of conjecture in the media recently about the marriage.,Gần đây đã có rất nhiều phỏng đoán trên các phương tiện truyền thông về hôn nhân.,https://audio.tudienkala.com/data/cache/images/300x225/c/o/conjecture1.jpg,https://audio.tudienkala.com/audio/c/o/conjecture.mp3
83,conjure,/ˈkʌndʒər/,v,làm ảo thuật,Her grandfather taught her to conjure.,Ông nội cô ấy đã dạy cô làm ảo thuật.,https://audio.tudienkala.com/data/cache/images/300x225/c/o/conjure1.jpg,https://audio.tudienkala.com/audio/c/o/conjure.mp3
83,constrain,/kənˈstreɪn/,v,ép buộc,Research has been constrained by a lack of funds.,Việc nghiên cứu đã bị kìm hãm do thiếu vốn.,https://audio.tudienkala.com/data/cache/images/300x225/c/o/constrain1.jpg,https://audio.tudienkala.com/audio/c/o/constrain.mp3
83,consul,/ˈkɒnsəl/,n,lãnh sự,The British consul in Miami,Lãnh sự Anh ở Miami,https://audio.tudienkala.com/data/cache/images/300x225/c/o/consul1.jpg,https://audio.tudienkala.com/audio/c/o/consul.mp3
83,contemptuous,/kənˈtemptʃuəs/,adj,tỏ vẻ khinh thường,a contemptuous look,cái nhìn khinh khỉnh,https://audio.tudienkala.com/data/cache/images/300x225/c/o/contemptuous1.jpg,https://audio.tudienkala.com/audio/c/o/contemptuous.mp3
83,contradict,/ˌkɒntrəˈdɪkt/,v,"mâu thuẫn với, trái với",The statements of the witnesses contradict each other.,Lời khai của các nhân chứng mâu thuẫn nhau.,https://audio.tudienkala.com/data/cache/images/300x225/c/o/contradict1.jpg,https://audio.tudienkala.com/audio/c/o/contradict.mp3
83,cooperate,/koʊˈɑːpəreɪt/,v,hợp tác,The two groups agreed to cooperate with each other.,Hai nhóm đã đồng ý hợp tác với nhau.,https://audio.tudienkala.com/data/cache/images/300x225/c/o/cooperate1.jpg,https://audio.tudienkala.com/audio/c/o/cooperate.mp3
83,copious,/ˈkəʊpiəs/,adj,"nhiều, với số lượng lớn",I took copious notes.,Tôi đã ghi chép rất nhiều.,https://audio.tudienkala.com/data/cache/images/300x225/c/o/copious1.jpg,https://audio.tudienkala.com/audio/c/o/copious.mp3
83,cosmopolitan,/ˌkɒzməˈpɒlɪtən/,adj,(mang tính) quốc tế,New York is a highly cosmopolitan city.,New York là một thành phố có tính quốc tế cao.,https://audio.tudienkala.com/data/cache/images/300x225/c/o/cosmopolitan1.jpg,https://audio.tudienkala.com/audio/c/o/cosmopolitan.mp3
83,countenance,/ˈkaʊntənəns/,n,sắc mặt,to change one's countenance,đổi sắc mặt,https://audio.tudienkala.com/data/cache/images/300x225/c/o/countenance1.jpg,https://audio.tudienkala.com/audio/c/o/countenance.mp3
83,craven,/ˈkreɪ.vən/,adj,hèn nhát,The craven soldier deserted his post and ran away from the battle.,Tên lính hèn nhát đã rời bỏ vị trí và chạy trốn khỏi cuộc chiến.,https://audio.tudienkala.com/data/cache/images/300x225/c/r/craven1.jpg,https://audio.tudienkala.com/audio/c/r/craven.mp3
83,credence,/ˈkriːdəns/,n,sự đáng tin,You have lost your credence with me.,Bạn đã đánh mất niềm tin của bạn với tôi.,https://audio.tudienkala.com/data/cache/images/300x225/c/r/credence1.jpg,https://audio.tudienkala.com/audio/c/r/credence.mp3
83,credible,/ˈkredəbl/,adj,có thể tin được,They haven't produced any credible evidence for convicting him.,Họ đã không đưa ra được bất cứ bằng chứng đáng tin cậy nào cho việc kết tội anh ta.,https://audio.tudienkala.com/data/cache/images/300x225/c/r/credible1.jpg,https://audio.tudienkala.com/audio/c/r/credible.mp3
83,cryptic,/ˈkrɪptɪk/,adj,ẩn ý hoặc không dễ hiểu,I got a cryptic text message from Sam.,Tôi đã nhận được một tin nhắn khó hiểu từ Sam.,https://audio.tudienkala.com/data/images_example/300x225/i/_/i_got_a_cr_ex2_58772c167f8b9ac5308b474b.jpg,https://audio.tudienkala.com/audio/c/r/cryptic.mp3
83,cultivate,/ˈkʌltɪveɪt/,v,"canh tác, trồng trọt",Most of the land there is too poor to cultivate.,Hầu hết đất đai ở đó quá cằn cỗi để canh tác.,https://audio.tudienkala.com/data/cache/images/300x225/c/u/cultivate1.jpg,https://audio.tudienkala.com/audio/c/u/cultivate.mp3
83,cursory,/ˈkɜːsəri/,adj,"qua loa, lướt qua",a cursory examination,một cuộc kiểm tra qua loa,https://audio.tudienkala.com/data/cache/images/300x225/c/u/cursory1.png,https://audio.tudienkala.com/audio/c/u/cursory.mp3
83,curt,/kɜːt/,adj,"cộc lốc, cụt ngủn",a curt reply,bài trả lời cộc lốc,https://audio.tudienkala.com/data/cache/images/300x225/c/u/curt1.jpg,https://audio.tudienkala.com/audio/c/u/curt.mp3
83,defy,/dɪˈfaɪ/,v,không tuân theo; bất chấp; coi thường,They defied their parents and got married.,Họ không nghe theo bố mẹ và đã lấy nhau.,https://audio.tudienkala.com/data/cache/images/300x225/d/e/defy1.jpg,https://audio.tudienkala.com/audio/d/e/defy.mp3
83,deity,/ˈdeɪɪti/,n,vị thần,"Without the senses of a deity, she was unaware of him.","Nếu không có khả năng của một vị thần, thì bà đã không nhận biết được cậu ấy.",https://audio.tudienkala.com/data/cache/images/300x225/d/e/deity1.jpg,https://audio.tudienkala.com/audio/d/e/deity.mp3
83,delicacy,/ˈdelɪkəsi/,n,"sự mỏng manh, mềm mại",the delicacy of the glassware,sự mỏng manh của thủy tinh,https://audio.tudienkala.com/data/cache/images/300x225/d/e/delicacy1.jpg,https://audio.tudienkala.com/audio/d/e/delicacy.mp3
83,delinquent,/dɪˈlɪŋkwənt/,adj,có chiều hướng phạm pháp,An example of delinquent behavior is robbing a store.,Một ví dụ về hành vi phạm tội là cướp một cửa hàng.,https://audio.tudienkala.com/data/cache/images/300x225/d/e/delinquent1.jpg,https://audio.tudienkala.com/audio/d/e/delinquent.mp3
83,delusion,/dɪˈluːʒən/,n,ảo tưởng (về bản thân),the delusions of the mentally ill,các ảo tưởng của bệnh tâm thần,https://audio.tudienkala.com/data/cache/images/300x225/d/e/delusion1.jpg,https://audio.tudienkala.com/audio/d/e/delusion.mp3
83,demeanour,/dɪˈmiːnər/,n,"cách xử sự, cử chỉ, thái độ",He maintained a professional demeanour throughout.,Ông duy trì một cử chỉ chuyên nghiệp xuyên suốt.,https://audio.tudienkala.com/data/images_example/300x225/h/e/he_maintai_ex2_587729d57f8b9a8e308b459f.jpg,https://audio.tudienkala.com/audio/d/e/demeanour.mp3
83,denote,/dɪˈnəʊt/,v,"biểu hiện, biểu thị",A very high temperature often denotes a serious illness.,Nhiệt độ rất cao thường biểu thị một căn bệnh nghiêm trọng.,https://audio.tudienkala.com/data/images_example/300x225/a/_/a_very_hig_ex2_58772a647f8b9a9d308b45a7.jpg,https://audio.tudienkala.com/audio/d/e/denote.mp3
83,depict,/dɪˈpɪkt/,v,"mô tả, phản ánh",a painting depicting the Virgin and Child,một bức tranh mô tả Đức Trinh Nữ và Đứa Trẻ,https://audio.tudienkala.com/data/cache/images/300x225/d/e/depict2.jpg,https://audio.tudienkala.com/audio/d/e/depict.mp3
83,descend,/dɪˈsend/,v,đi xuống,The plane began to descend.,Máy bay đã bắt đầu hạ cánh.,https://audio.tudienkala.com/data/cache/images/300x225/d/e/descend1.jpg,https://audio.tudienkala.com/audio/d/e/descend.mp3
83,deteriorate,/dɪˈtɪəriəreɪt/,v,"trở nên xấu đi, suy giảm","Her health deteriorated rapidly, and she died shortly afterwards.","Sức khỏe của bà xấu đi nhanh chóng, và bà ấy đã chết không lâu sau đó.",https://audio.tudienkala.com/data/cache/images/300x225/d/e/deteriorate1.jpg,https://audio.tudienkala.com/audio/d/e/deteriorate.mp3
83,detrimental,/detrɪˈmentəl/,adj,có hại,the sun's detrimental effect on skin,ảnh hưởng gây hại của ánh nắng mặt trời trên da,https://audio.tudienkala.com/data/cache/images/300x225/d/e/detrimental1.jpg,https://audio.tudienkala.com/audio/d/e/detrimental.mp3
83,devastation,/ˌdevəˈsteɪʃən/,n,sự tàn phá,The storm left behind widespread devastation.,Cơn bão bỏ lại sau lưng sự tàn phá trên diện rộng.,https://audio.tudienkala.com/data/cache/images/300x225/d/e/devastation1.jpg,https://audio.tudienkala.com/audio/d/e/devastation.mp3
83,deviate,/ˈdiːvieɪt/,v,"đổi hướng, xa rời",The bus had to deviate from its usual route because of a road closure.,Xe buýt đã đổi hướng so với thường lệ vì một con đường đã đóng cửa.,https://audio.tudienkala.com/data/cache/images/300x225/d/e/deviate1.jpg,https://audio.tudienkala.com/audio/d/e/deviate.mp3
83,devious,/ˈdiːviəs/,adj,"không thành thật, thủ đoạn",You have to be devious if you're going to succeed in business.,Bạn phải thủ đoạn nếu như bạn muốn thành công trong kinh doanh.,https://audio.tudienkala.com/data/cache/images/300x225/d/e/devious1.jpg,https://audio.tudienkala.com/audio/d/e/devious.mp3
83,devoid,/dɪˈvɔɪd/,adj,hoàn toàn thiếu (một cái gì đó),The letter was devoid of warmth and feeling.,Bức thư đã thiếu sự ấm áp và cảm xúc.,https://audio.tudienkala.com/data/cache/images/300x225/d/e/devoid1.jpg,https://audio.tudienkala.com/audio/d/e/devoid.mp3
83,devout,/dɪˈvaʊt/,adj,"thành kính, mộ đạo",a devout Muslim,một người Hồi giáo mộ đạo,https://audio.tudienkala.com/data/cache/images/300x225/d/e/devout1.jpg,https://audio.tudienkala.com/audio/d/e/devout.mp3
83,dictum,/ˈdɪk.təm/,n,câu châm ngôn,"the dictum that ‘In politics, there are no friendships.’","Câu châm ngôn rằng ""Trong chính trị, không có tình bạn.""",https://audio.tudienkala.com/data/cache/images/300x225/d/i/dictum1.jpg,https://audio.tudienkala.com/audio/d/i/dictum.mp3
83,discard,/dɪˈskɑːd/,v,"bỏ, vứt bỏ","Don't discard that trash, save it and sell for money.","Đừng bỏ chỗ rác đó đi, hãy để dành và bán lấy tiền.",https://audio.tudienkala.com/data/cache/images/300x225/d/i/discard1.jpg,https://audio.tudienkala.com/audio/d/i/discard.mp3
83,discern,/dɪˈsɜːn/,v,"nhận ra, hiểu điều gì (nhất là điều gì đó không rõ ràng)",It is possible to discern a number of different techniques in her work.,Có thể nhận ra một số kỹ thuật khác nhau trong công việc của cô ấy.,https://audio.tudienkala.com/data/images_example/300x225/i/t/it_is_poss_ex2_58772bcf7f8b9ac5308b45da.jpg,https://audio.tudienkala.com/audio/d/i/discern.mp3
83,discredit,/dɪˈskredɪt/,v,làm mất uy tín,The photos were deliberately taken to discredit the President.,Các bức ảnh được chụp cố tình làm mất uy tín của Tổng thống.,https://audio.tudienkala.com/data/cache/images/300x225/d/i/discredit1.jpeg,https://audio.tudienkala.com/audio/d/i/discredit.mp3
83,discrete,/dɪˈskriːt/,adj,riêng biệt,The organisms can be divided into discrete categories.,Các sinh vật có thể được chia thành các loại riêng biệt.,https://audio.tudienkala.com/data/cache/images/300x225/d/i/discrete1.jpg,https://audio.tudienkala.com/audio/d/i/discrete.mp3
83,discursive,/dɪˈskɜːsɪv/,adj,"rời rạc, không mạch lạc",the discursive style of the novel,phong cách lan man của tiểu thuyết,https://audio.tudienkala.com/data/cache/images/300x225/d/i/discursive1.jpg,https://audio.tudienkala.com/audio/d/i/discursive.mp3
83,dismay,/dɪˈsmeɪ/,n,sự buồn bã và lo lắng,She could not hide her dismay at the result.,Cô không thể giấu được thất vọng của mình vì kết quả.,https://audio.tudienkala.com/data/cache/images/300x225/d/i/dismay1.jpg,https://audio.tudienkala.com/audio/d/i/dismay.mp3
83,disparity,/dɪˈspærəti/,n,"sự cách biệt, sự chênh lệch",the wide disparity between rich and poor,sự chênh lệch lớn giữa người giàu và người nghèo,https://audio.tudienkala.com/data/cache/images/300x225/d/i/disparity1.jpg,https://audio.tudienkala.com/audio/d/i/disparity.mp3
83,dispatch,/dɪˈspætʃ/,v,"gửi đi (thư, thông điệp...); phái đi","to dispatch a letter , telegram , message","gửi thư, điện tín, thông điệp",https://audio.tudienkala.com/data/cache/images/300x225/d/i/dispatch1.jpg,https://audio.tudienkala.com/audio/d/i/dispatch.mp3
83,dispel,/dɪˈspel/,v,"xua đuổi đi, xua tan",His speech dispelled any fears about his health.,Bài phát biểu của ông xua tan mọi nỗi sợ hãi về sức khỏe của ông.,https://audio.tudienkala.com/data/cache/images/300x225/d/i/dispel1.jpg,https://audio.tudienkala.com/audio/d/i/dispel.mp3
83,disperse,/dis'pə:s/,v,"giải tán, tan tác",Police dispersed the protesters with tear gas.,Cảnh sát giải tán người biểu tình bằng hơi cay.,https://audio.tudienkala.com/data/images_example/300x225/p/o/police_dis_ex1_56248d167f8b9a040dc661ec.jpg,https://audio.tudienkala.com/audio/d/i/disperse.mp3
83,dissolve,/dɪˈzɒlv/,v,hoà tan; tan ra,Salt dissolves in water,Muối tan trong nước,https://audio.tudienkala.com/data/cache/images/300x225/d/i/dissolve1.jpg,https://audio.tudienkala.com/audio/d/i/dissolve.mp3
83,distort,/dɪˈstɔːt/,v,"xuyên tạc, bóp méo",The bard will exaggerate or distort his story.,Các thi sĩ sẽ phóng đại hoặc bóp méo câu chuyện của mình.,https://audio.tudienkala.com/data/cache/images/300x225/d/i/distort1.jpg,https://audio.tudienkala.com/audio/d/i/distort.mp3
83,distraught,/dɪˈstrɔːt/,adj,quẫn trí,"Distraught, she lay down on the bed and stared at the flame in the lantern.","Quẫn trí, cô nằm xuống giường và nhìn chằm chằm vào ngọn lửa trong đèn lồng.",https://audio.tudienkala.com/data/cache/images/300x225/d/i/distraught1.jpg,https://audio.tudienkala.com/audio/d/i/distraught.mp3
84,diversify,/dai'və:sifai/,v,"đa dạng hóa, thay đổi",The consultant that we hired recommends that we don't diversify at this time.,Nhà tư vấn mà chúng tôi thuê khuyên rằng chúng tôi không được thay đổi vào lúc này.,https://audio.tudienkala.com/data/cache/images/300x225/d/i/diversify1.jpg,https://audio.tudienkala.com/audio/d/i/diversify.mp3
84,divert,/daɪˈvɜːt/,v,"hướng (sự chú ý,...) sang chuyện khác",The course of the stream has now been diverted.,Dòng chảy của con suối đã được chuyển hướng.,https://audio.tudienkala.com/data/cache/images/300x225/d/i/divert1.jpg,https://audio.tudienkala.com/audio/d/i/divert.mp3
84,dogmatic,/dɒɡˈmætɪk/,adj,cho rằng hoặc gợi ý rằng cái gì đó là đúng mà chẳng đếm xỉa đến bằng chứng hoặc những ý kiến khác; giáo điều,There is a danger of becoming too dogmatic about teaching methods.,Có nguy cơ trở nên quá máy móc về phương thức giảng dạy.,https://audio.tudienkala.com/data/cache/images/300x225/d/o/dogmatic1.jpg,https://audio.tudienkala.com/audio/d/o/dogmatic.mp3
84,dwell,/dwel/,v,"ở, cư ngụ",He dwelt in a ruined cottage on the hillside.,Ông ấy ở trong một ngôi nhà đổ nát trên sườn đồi.,https://audio.tudienkala.com/data/cache/images/300x225/d/w/dwell1.jpg,https://audio.tudienkala.com/audio/d/w/dwell.mp3
84,edifice,/ˈedɪfɪs/,n,công trình xây dựng hoành tráng,an imposing edifice,một dinh thự hoành tráng,https://audio.tudienkala.com/data/cache/images/300x225/e/d/edifice1.jpg,https://audio.tudienkala.com/audio/e/d/edifice.mp3
84,elicit,/ɪˈlɪsɪt/,v,"khơi gợi, lấy được (thông tin hay phản ứng của ai)",They were able to elicit the support of the public.,Họ có thể khơi gợi sự ủng hộ từ công chúng.,https://audio.tudienkala.com/data/cache/images/300x225/e/l/elicit2.png,https://audio.tudienkala.com/audio/e/l/elicit.mp3
84,embark,/ɪmˈbɑːk/,v,bắt đầu làm điều gì mới và khó khăn,She is about to embark on a diplomatic career.,Cô ấy sẽ bắt đầu tham gia vào sự nghiệp ngoại giao.,https://audio.tudienkala.com/data/cache/images/300x225/e/m/embark1.jpg,https://audio.tudienkala.com/audio/e/m/embark.mp3
84,emissary,/ˈemɪsəri/,n,sứ giả,the King's special emissary,sứ giả đặc biệt của nhà vua,https://audio.tudienkala.com/data/cache/images/300x225/e/m/emissary1.jpg,https://audio.tudienkala.com/audio/e/m/emissary.mp3
84,emit,/ɪˈmɪt/,v,"tỏa ra, phát ta (ánh sáng, nhiệt, âm thanh, khí,...)",The metal container began to emit a clicking sound.,Các thùng kim loại bắt đầu phát ra âm thanh lách cách.,https://audio.tudienkala.com/data/cache/images/300x225/e/m/emit1.jpg,https://audio.tudienkala.com/audio/e/m/emit.mp3
84,enactment,/ɪˈnæktmənt/,n,sự ban hành,The enactment of new laws will really help the environment.,Việc ban hành luật mới thực sự sẽ giúp cho môi trường.,https://audio.tudienkala.com/data/cache/images/300x225/e/n/enactment1.jpg,https://audio.tudienkala.com/audio/e/n/enactment.mp3
84,encompass,/ɪnˈkʌmpəs/,v,"bao gồm, chứa đựng",The job encompasses a wide range of responsibilities.,Công việc bao gồm một loạt các trách nhiệm.,https://audio.tudienkala.com/data/cache/images/300x225/e/n/encompass1.png,https://audio.tudienkala.com/audio/e/n/encompass.mp3
84,endure,/ɪnˈdjʊər/,v,"chịu đựng, cam chịu",He can't endure being defeated.,Anh ta không thể chịu đựng bị đánh bại.,https://audio.tudienkala.com/data/images_example/300x225/t/h/they_had_t_ex2_58772ae67f8b9aab308b45ff.jpg,https://audio.tudienkala.com/audio/e/n/endure.mp3
84,entitle,/ɪnˈtaɪt(ə)l/,v,cho phép làm cái gì,"During the holiday rush, a train ticket entitled the passenger to a ride, but not necessarily a seat.","Trong suốt mùa cao điểm nghỉ lễ, vé xe lửa cho phép hành khách lên tàu tàu, nhưng không nhất thiết có một chỗ ngồi.",https://audio.tudienkala.com/data/images_example/300x225/d/u/during_the_ex1_56248d007f8b9afc0c2980c9.jpg,https://audio.tudienkala.com/audio/e/n/entitle.mp3
84,envoy,/ˈenvɔɪ/,n,phái viên; đại diện ngoại giao,The President has suggested sending a US peace envoy to the Middle East.,Tổng thống đã đề xuất cử một đại sứ hòa bình Mỹ đến Trung Đông.,https://audio.tudienkala.com/data/cache/images/300x225/e/n/envoy1.jpg,https://audio.tudienkala.com/audio/e/n/envoy.mp3
84,equitable,/ˈekwɪtəbl/,adj,"công bằng, hợp lí",an equitable distribution of resources.,phân phối hợp lí các nguồn tài nguyên.,https://audio.tudienkala.com/data/cache/images/300x225/e/q/equitable1.jpg,https://audio.tudienkala.com/audio/e/q/equitable.mp3
84,eradicate,/ɪˈrædɪkeɪt/,v,tiêu hủy,The government claims to be doing all it can to eradicate corruption.,Chính phủ tuyên bố sẽ làm tất cả những gì có thể để diệt trừ tham nhũng.,https://audio.tudienkala.com/data/cache/images/300x225/e/r/eradicate1.jpg,https://audio.tudienkala.com/audio/e/r/eradicate.mp3
84,erratic,/ɪˈrætɪk/,adj,thất thường; không đều; không thể tin cậy,The electricity supply here is quite erratic.,Việc cung cấp điện ở đây là khá thất thường.,https://audio.tudienkala.com/data/cache/images/300x225/e/r/erratic1.jpg,https://audio.tudienkala.com/audio/e/r/erratic.mp3
84,esoteric,/iːsəˈter.ɪk/,adj,"chỉ những người đặc biệt quan tâm, có kiến thức chuyên môn mới hiểu được",He has an esoteric collection of old toys and games.,Anh ấy có một bộ sưu tập bí truyền về đồ chơi cũ và các loại game.,https://audio.tudienkala.com/data/cache/images/300x225/e/s/esoteric1.jpg,https://audio.tudienkala.com/audio/e/s/esoteric.mp3
84,evolve,/ɪˈvɒlv/,v,phát triển,The idea evolved from a drawing I discovered in the attic.,Ý tưởng được phát triển từ một bản vẽ tôi phát hiện ra trong căn gác.,https://audio.tudienkala.com/data/cache/images/300x225/e/v/evolve1.jpg,https://audio.tudienkala.com/audio/e/v/evolve.mp3
84,exaggerate,/ɪɡˈzædʒəreɪt/,v,"phóng đại, cường điệu",He tends to exaggerate the difficulties.,Anh ta có xu hướng phóng đại những khó khăn.,https://audio.tudienkala.com/data/cache/images/300x225/e/x/exaggerate2.jpg,https://audio.tudienkala.com/audio/e/x/exaggerate.mp3
84,exert,/ɪɡˈzɜːt/,v,"gây, tác động (để ảnh hưởng ai, cái gì)",He exerted all his authority to make them accept the plan.,Ông gây tác động lên tất cả chính quyền của mình để làm cho họ chấp nhận kế hoạch.,https://audio.tudienkala.com/data/cache/images/300x225/e/x/exert1.jpg,https://audio.tudienkala.com/audio/e/x/exert.mp3
84,expedient,/ɪkˈspiːdiənt/,n,"cách, kế (thường không đúng đắn)",It might be expedient not to pay him until the work is finished.,Có lẽ đây là cách để không phải trả tiền cho anh ấy đến khi công việc hoàn thành.,https://audio.tudienkala.com/data/images_example/300x225/i/t/it_might_b_ex2_58772bd57f8b9ac5308b45fa.png,https://audio.tudienkala.com/audio/e/x/expedient.mp3
84,exquisite,/ɪkˈskwɪzɪt/,adj,cực kỳ đẹp hoặc tinh tế,an exquisite painting,bức hoạ tuyệt đẹp,https://audio.tudienkala.com/data/cache/images/300x225/e/x/exquisite1.jpg,https://audio.tudienkala.com/audio/e/x/exquisite.mp3
84,extravagant,/ɪkˈstrævəɡənt/,adj,phung phí,I felt very extravagant spending £100 on a dress.,Tôi cảm thấy rất phung phí khi chi tiêu £ 100 cho một chiếc váy.,https://audio.tudienkala.com/data/cache/images/300x225/e/x/extravagant1.jpg,https://audio.tudienkala.com/audio/e/x/extravagant.mp3
84,facade,/fəˈsɑːd/,n,"bề ngoài, vẻ ngoài",a classical facade,một vẻ ngoài cổ điển,https://audio.tudienkala.com/data/images_example/300x225/a/_/a_classica_ex1_58772ae77f8b9aab308b4609.jpg,https://audio.tudienkala.com/audio/f/a/facade.mp3
84,facet,/ˈfæsɪt/,n,khía cạnh (vấn đề...),Now let's look at another facet of the problem.,Bây giờ chúng ta hãy nhìn vào một khía cạnh khác của vấn đề.,https://audio.tudienkala.com/data/cache/images/300x225/f/a/facet1.jpg,https://audio.tudienkala.com/audio/f/a/facet.mp3
84,fallacy,/ˈfæləsi/,n,ý kiến sai lầm (mà nhiều người cho là đúng),It is a fallacy to say that the camera never lies.,Đó là một sai lầm khi nói rằng máy quay phim không bao giờ nằm.,https://audio.tudienkala.com/data/cache/images/300x225/f/a/fallacy1.jpg,https://audio.tudienkala.com/audio/f/a/fallacy.mp3
84,fanciful,/ˈfænsɪfəl/,adj,"tưởng tượng, không có thật",a fanciful tale,câu chuyện tưởng tượng,https://audio.tudienkala.com/data/cache/images/300x225/f/a/fanciful1.jpg,https://audio.tudienkala.com/audio/f/a/fanciful.mp3
84,farce,/fɑːs/,n,sự kiện diễn ra quá tệ và trở thành trò hề,The trial was a complete farce.,Cuộc thử nghiệm hoàn toàn là một trò hề.,https://audio.tudienkala.com/data/cache/images/300x225/f/a/farce1.jpg,https://audio.tudienkala.com/audio/f/a/farce.mp3
84,fathom,/ˈfæðəm/,v,thấu hiểu; tìm lời giải,It is hard to fathom the pain felt at the death of a child.,Thật khó có thể hiểu được cảm giác đau đớn về cái chết của đứa bé.,https://audio.tudienkala.com/data/cache/images/300x225/f/a/fathom1.jpg,https://audio.tudienkala.com/audio/f/a/fathom.mp3
84,fatigue,/fəˈtiːɡ/,n,"sự mệt nhọc, mệt mỏi",physical and mental fatigue,mệt mỏi thể chất và tinh thần,https://audio.tudienkala.com/data/cache/images/300x225/f/a/fatigue1.jpg,https://audio.tudienkala.com/audio/f/a/fatigue.mp3
84,feat,/fiːt/,n,"chiến công, chiến tích",The Eiffel Tower is a remarkable feat of engineering.,Tòa tháp Eiffel là chiến công to lớn của ngành xây dựng.,https://audio.tudienkala.com/data/cache/images/300x225/f/e/feat1.jpg,https://audio.tudienkala.com/audio/f/e/feat.mp3
84,feeble,/ˈfiːbl/,adj,yếu ớt,a feeble old man,một cụ già yếu ớt,https://audio.tudienkala.com/data/cache/images/300x225/f/e/feeble1.jpg,https://audio.tudienkala.com/audio/f/e/feeble.mp3
84,felicity,/fəˈlɪsɪti/,n,hạnh phúc lớn,Laura’s felicity had no limits on her wedding day.,Hạnh phúc của Laura thật bất tận trong ngày cưới của cô.,https://audio.tudienkala.com/data/cache/images/300x225/f/e/felicity1.jpg,https://audio.tudienkala.com/audio/f/e/felicity.mp3
84,fervent,/ˈfɜːvənt/,adj,"nhiệt thành, tha thiết",fervent love,tình yêu tha thiết,https://audio.tudienkala.com/data/cache/images/300x225/f/e/fervent1.jpg,https://audio.tudienkala.com/audio/f/e/fervent.mp3
84,fiasco,/fiˈæskəʊ/,n,"thất bại lớn, thất bại ê chề",The party was a complete fiasco.,Buổi tiệc đã thất bại hoàn toàn.,https://audio.tudienkala.com/data/cache/images/300x225/f/i/fiasco1.png,https://audio.tudienkala.com/audio/f/i/fiasco.mp3
84,fictitious,/fɪkˈtɪʃəs/,adj,hư cấu,The account he gives of his childhood is quite fictitious.,Câu chuyện anh ta kể về thời thơ ấu của mình là khá hư cấu.,https://audio.tudienkala.com/data/cache/images/300x225/f/i/fictitious1.jpg,https://audio.tudienkala.com/audio/f/i/fictitious.mp3
84,flamboyant,/flæmˈbɔɪənt/,adj,"sặc sỡ, rực rỡ, khoa trương",The writer's flamboyant lifestyle was well known.,Lối sống khoa trương của nhà văn đã nổi tiếng.,https://audio.tudienkala.com/data/cache/images/300x225/f/l/flamboyant1.jpg,https://audio.tudienkala.com/audio/f/l/flamboyant.mp3
84,flaw,/flɔː/,n,"sai lầm, thiếu sót",The argument is full of fundamental flaws.,Cuộc tranh cãi này đủ các sai sót cơ bản.,https://audio.tudienkala.com/data/cache/images/300x225/f/l/flaw1.jpg,https://audio.tudienkala.com/audio/f/l/flaw.mp3
84,forefront,/'fɔ:frʌnt/,n,hàng đầu; địa vị quan trọng trong một nhóm,Women have always been at the forefront of the Green movement.,Phụ nữ luôn luôn đi đầu trong phong trào Xanh.,https://audio.tudienkala.com/data/cache/images/300x225/f/o/forefront1.jpg,https://audio.tudienkala.com/audio/f/o/forefront.mp3
84,forensic,/fəˈrensɪk or fəˈrenzɪk/,adj,(thuộc) pháp y,Forensic tests showed him to be the killer.,Kết quả giám định pháp y cho thấy hắn là kẻ giết người.,https://audio.tudienkala.com/data/cache/images/300x225/f/o/forensic1.jpg,https://audio.tudienkala.com/audio/f/o/forensic.mp3
84,forfeit,/ˈfɔːfɪt/,v,"để mất, mất quyền","If you cancel your flight, you will forfeit your deposit.","Nếu bạn hủy chuyến bay của bạn, bạn sẽ bị mất tiền cọc.",https://audio.tudienkala.com/data/cache/images/300x225/f/o/forfeit1.jpg,https://audio.tudienkala.com/audio/f/o/forfeit.mp3
84,frail,/freɪl/,adj,ốm yếu,Mother was becoming too frail to live alone.,Mẹ đã trở nên quá ốm yếu để sống một mình.,https://audio.tudienkala.com/data/cache/images/300x225/f/r/frail1.jpg,https://audio.tudienkala.com/audio/f/r/frail.mp3
84,genesis,/ˈdʒen.ə.sɪs/,n,"nguồn gốc, khởi điểm của một cái gì","For years, scientists have argued about the truth of mankind’s genesis.","Trong nhiều năm, các nhà khoa học đã tranh luận về sự thật nguồn gốc loài người.",https://audio.tudienkala.com/data/cache/images/300x225/g/e/genesis1.jpg,https://audio.tudienkala.com/audio/g/e/genesis.mp3
84,ghastly,/ˈɡɑːstli/,adj,"ghê sợ, khủng khiếp",a ghastly scenery,cảnh tượng rùng rợn,https://audio.tudienkala.com/data/cache/images/300x225/g/h/ghastly1.jpg,https://audio.tudienkala.com/audio/g/h/ghastly.mp3
84,grimace,/ˈɡrɪməs/,v,nhăn nhó (khi ghê tởm hoặc đau đớn),He grimaced at the bitter taste.,Cậu ấy nhăn nhó vì vị đắng.,https://audio.tudienkala.com/data/cache/images/300x225/g/r/grimace1.jpg,https://audio.tudienkala.com/audio/g/r/grimace.mp3
84,gruelling,/ˈɡruːəlɪŋ/,adj,"khó khăn, mệt mỏi","The work week was six days, and each work day was a grueling 12 hours.","Tuần làm việc đã sáu ngày, và mỗi ngày làm việc là 12 giờ mệt mỏi.",https://audio.tudienkala.com/data/images_example/300x225/t/h/the_work_w_ex2_58772a777f8b9a9d308b460b.jpg,https://audio.tudienkala.com/audio/g/r/gruelling.mp3
84,hail,/heɪl/,v,"hoan hô, hoan nghênh",The crowded hailed him as a hero.,Đám đông hoan hô ông ta như một vị anh hùng.,https://audio.tudienkala.com/data/cache/images/300x225/h/a/hail1.jpg,https://audio.tudienkala.com/audio/h/a/hail.mp3
84,haphazard,/ˌhæpˈhæzəd/,adj,"bừa bãi, lộn xộn",The government's approach to the problem was haphazard.,Cách tiếp cận của chính phủ về vấn đề này thì bừa bãi.,https://audio.tudienkala.com/data/cache/images/300x225/h/a/haphazard1.jpg,https://audio.tudienkala.com/audio/h/a/haphazard.mp3
84,haphazardnone,/ˌhæpˈhæzəd/,adjectivenone,"bừa bãi, lộn xộn",The books had been piled on the shelves in a haphazard fashion.,Những cuốn sách đã được chất đống trên kệ một cách bừa bãi.,https://audio.tudienkala.com/data/cache/images/300x225/h/a/haphazardnone1.jpg,https://audio.tudienkala.com/audio/h/a/haphazardnone.mp3
85,hoax,/həʊks/,n,trò đánh lừa; trò chơi khăm,The emergency call turned out to be a hoax.,Cuộc gọi khẩn cấp hóa ra là một trò lừa bịp.,https://audio.tudienkala.com/data/cache/images/300x225/h/o/hoax1.jpg,https://audio.tudienkala.com/audio/h/o/hoax.mp3
85,illumination,/ɪˌluː.mɪˈneɪ.ʃən/,n,sự chiếu sáng; nơi tỏa sáng,The only illumination in the room came from the fire.,Sự chiếu sáng duy nhất trong phòng là từ lửa.,https://audio.tudienkala.com/data/cache/images/300x225/i/l/illumination1.jpg,https://audio.tudienkala.com/audio/i/l/illumination.mp3
85,immaculate,/ɪˈmækjələt/,adj,"sạch bóng, không tỳ vết",This is an immaculate room.,Đây là một căn phòng sạch bóng.,https://audio.tudienkala.com/data/cache/images/300x225/i/m/immaculate1.jpg,https://audio.tudienkala.com/audio/i/m/immaculate.mp3
85,impeccable,/ɪmˈpekəbl/,adj,"hoàn hảo, không chê vào đâu được, không tỳ vết (đồ vật...)",Her written English is impeccable.,Kỹ năng viết tiếng anh của cô ấy không thể chê vào đâu được.,https://audio.tudienkala.com/data/images_example/300x225/h/e/her_writte_ex2_58772a797f8b9a9d308b4617.jpg,https://audio.tudienkala.com/audio/i/m/impeccable.mp3
85,impediment,/ɪmˈpedɪmənt/,n,"trở ngại, cản trở",The level of inflation is a serious impediment to economic recovery.,Mức độ lạm phát là một trở ngại nghiêm trọng để phục hồi kinh tế.,https://audio.tudienkala.com/data/cache/images/300x225/i/m/impediment1.jpg,https://audio.tudienkala.com/audio/i/m/impediment.mp3
85,increment,/ˈɪnkrəmənt/,n,khoảng lương tăng,A salary of £25K with annual increments.,Mức lương là £25K kèm theo khoảng tăng hàng năm.,https://audio.tudienkala.com/data/cache/images/300x225/i/n/increment1.jpg,https://audio.tudienkala.com/audio/i/n/increment.mp3
85,incumbent,/ɪnˈkʌmbənt/,n,người đương nhiệm,Donald Trump is the incumbent president.,Donald Trump là tổng thống đương nhiệm.,https://audio.tudienkala.com/data/images_example/300x225/d/o/donald_tru_ex2_58772e027f8b9af8308b4694.jpg,https://audio.tudienkala.com/audio/i/n/incumbent.mp3
85,indicative,/ɪnˈdɪkətɪv/,adj,"tỏ ra, ngụ ý, biểu thị",They say that messy handwriting is indicative of a creative mind.,Họ nói rằng chữ viết tay lộn xộn là dấu hiệu của một óc sáng tạo.,https://audio.tudienkala.com/data/cache/images/300x225/i/n/indicative1.png,https://audio.tudienkala.com/audio/i/n/indicative.mp3
85,indiscriminate,/ˌɪndɪˈskrɪmɪnət/,adj,thiếu suy nghĩ; bất cẩn,There was indiscriminate attacks on motorists by youths throwing stones.,Đã có một cuộc tấn công khủng bố thiếu suy nghĩ vào dân thường.,https://audio.tudienkala.com/data/cache/images/300x225/i/n/indiscriminate1.jpg,https://audio.tudienkala.com/audio/i/n/indiscriminate.mp3
85,ingenious,/ɪnˈdʒiːniəs/,adj,"khéo léo, tài tình, mưu trí",She's very ingenious when it comes to finding excuses.,Cô ấy rất khéo léo khi tìm lời bào chữa.,https://audio.tudienkala.com/data/cache/images/300x225/i/n/ingenious1.jpg,https://audio.tudienkala.com/audio/i/n/ingenious.mp3
85,inhibit,/ɪnˈhɪbɪt/,v,"ngăn chặn, kiềm chế",A lack of oxygen may inhibit brain development in the unborn child.,Việc thiếu oxy có thể cản trở sự phát triển não bộ ở thai nhi.,https://audio.tudienkala.com/data/cache/images/300x225/i/n/inhibit1.jpg,https://audio.tudienkala.com/audio/i/n/inhibit.mp3
85,innate,/ɪˈneɪt/,adj,bẩm sinh,Animals always have the innate ability to learn.,Động vật luôn có khả năng học hỏi bẩm sinh.,https://audio.tudienkala.com/data/cache/images/300x225/i/n/innate1.jpg,https://audio.tudienkala.com/audio/i/n/innate.mp3
85,innocuous,/ɪˈnɒkjuəs/,adj,"không có hại; vô thưởng, vô phạt",It seemed a perfectly innocuous remark.,Đó dường như là một nhận xét hoàn toàn vô hại.,https://audio.tudienkala.com/data/images_example/300x225/i/t/it_seemed__ex2_58772c307f8b9ac5308b47e1.jpg,https://audio.tudienkala.com/audio/i/n/innocuous.mp3
85,insatiable,/ɪnˈseɪʃəbl/,adj,"không thể thoả mãn được, không chán","He was accused of sacrificing all, including justice, to his insatiable ambition.","Ông bị cáo buộc hy sinh tất cả, kể cả công lý, cho tham vọng vô độ của mình.",https://audio.tudienkala.com/data/cache/images/300x225/i/n/insatiable1.jpg,https://audio.tudienkala.com/audio/i/n/insatiable.mp3
85,inscription,/ɪnˈskrɪpʃən/,n,"chữ khắc (trên đá, kim loại hoặc bìa sách..)",There was an inscription carved over the doorway.,Có một dòng chữ khắc trên ô cửa.,https://audio.tudienkala.com/data/cache/images/300x225/i/n/inscription1.jpg,https://audio.tudienkala.com/audio/i/n/inscription.mp3
85,insidious,/ɪnˈsɪdiəs/,adj,"âm ỉ, ngấm ngầm (gây ra tác hại nghiêm trọng)",There are the insidious effects of polluted water supplies.,Có những tác động ngầm của các nguồn nước bị ô nhiễm.,https://audio.tudienkala.com/data/images_example/300x225/t/h/there_are__ex2_58772c317f8b9ac5308b47e7.jpg,https://audio.tudienkala.com/audio/i/n/insidious.mp3
85,inspire,/ɪnˈspaɪər/,v,truyền cảm hứng,This machine was inspired by a drawing of Leonardo Da Vinci.,Chiếc máy này lấy cảm hứng từ một bức vẽ của Leonardo Da Vinci.,https://audio.tudienkala.com/data/cache/images/300x225/i/n/inspire1.png,https://audio.tudienkala.com/audio/i/n/inspire.mp3
85,instantaneous,/ˌɪnstənˈteɪniəs/,adj,diễn ra ngay lập tức,We need to have an instantaneous response.,Chúng ta cần có một phản ứng tức thời.,https://audio.tudienkala.com/data/cache/images/300x225/i/n/instantaneous1.jpg,https://audio.tudienkala.com/audio/i/n/instantaneous.mp3
85,intangible,/ɪnˈtændʒəbl/,adj,"không thể sờ thấy được, mơ hồ","Though dreams are intangible, sometimes they become real.","Mặc dù những giấc mơ thì mơ hồ, nhưng đôi khi chúng lại trở thành hiện thực.",https://audio.tudienkala.com/data/cache/images/300x225/i/n/intangible1.jpg,https://audio.tudienkala.com/audio/i/n/intangible.mp3
85,interchange,/ɪntəˈtʃeɪndʒ/,n,"trao đổi (nhất là ý tưởng, thông tin)",Today we had a continuous interchange of ideas.,Hôm nay chúng tôi đã có sự trao đổi liên tục về các ý tưởng.,https://audio.tudienkala.com/data/cache/images/300x225/i/n/interchange1.jpg,https://audio.tudienkala.com/audio/i/n/interchange.mp3
85,interminable,/ɪnˈtɜːmɪnəbl/,adj,"dài dòng, vô tận, tràng giang đại hải",I had an interminable wait for him.,Tôi đã có một sự chờ đợi dai dẳng với anh ta.,https://audio.tudienkala.com/data/images_example/300x225/i/_/i_had_an_i_ex2_58772e057f8b9af8308b46a0.jpg,https://audio.tudienkala.com/audio/i/n/interminable.mp3
85,intermittent,/ˌɪntəˈmɪtənt/,adj,"lúc có lúc không, không liên tục","Although she made intermittent movie appearances, she was essentially a stage actress.","Mặc dù cô ấy không liên tục xuất hiện trên phim, tuy nhiên cô ấy thật sự là một diễn viên sân khấu.",https://audio.tudienkala.com/data/cache/images/300x225/i/n/intermittent1.jpg,https://audio.tudienkala.com/audio/i/n/intermittent.mp3
85,intricate,/ˈɪntrɪkət/,adj,phức tạp,The watch mechanism is extremely intricate and very difficult to repair.,Cơ chế của chiếc đồng hồ là cực kỳ phức tạp và rất khó để sửa chữa.,https://audio.tudienkala.com/data/images_example/300x225/t/h/the_watch__ex2_58772a847f8b9a9d308b4655.jpg,https://audio.tudienkala.com/audio/i/n/intricate.mp3
85,intrigue,/ɪnˈtriːɡ/,v,tạo sự hứng thú,The idea intrigued him.,Ý tưởng đã tạo nên hứng thú cho cậu ấy.,https://audio.tudienkala.com/data/cache/images/300x225/i/n/intrigue1.jpg,https://audio.tudienkala.com/audio/i/n/intrigue.mp3
85,invoke,/ɪnˈvəʊk/,v,"viện đến, dẫn chứng (luật, quy tắc...)",The defendant decided to invoke his right to remain silent.,Bị cáo quyết định dẫn ra quyền của mình để giữ im lặng.,https://audio.tudienkala.com/data/cache/images/300x225/i/n/invoke1.jpg,https://audio.tudienkala.com/audio/i/n/invoke.mp3
85,itinerary,/aɪˈtɪnərəri/,n,lộ trình,I had to change my itinerary when I decided to add two more countries to my vacation.,Tôi đã phải đổi lộ trình khi tôi đã quyết định thêm vào 2 quốc gia nữa cho kỳ nghỉ của tôi.,https://audio.tudienkala.com/data/images_example/300x225/t/h/the_tour_o_ex2_56248cfc7f8b9afa0cb17f4c.jpg,https://audio.tudienkala.com/audio/i/t/itinerary.mp3
85,jargon,/ˈdʒɑːɡən/,n,"biệt ngữ, thuật ngữ (dùng bởi một nhóm người hay trong một nghề nghiệp chuyên môn)",Try to avoid using too much technical jargon.,Hãy cố gắng tránh sử dụng quá nhiều thuật ngữ kỹ thuật.,https://audio.tudienkala.com/data/cache/images/300x225/j/a/jargon1.png,https://audio.tudienkala.com/audio/j/a/jargon.mp3
85,jeopardy,/ˈdʒepədi/,n,tình trạng nguy hiểm,The civil war has put thousands of lives in jeopardy.,Cuộc nội chiến đã đưa hàng ngàn mạng sống vào mối nguy hiểm.,https://audio.tudienkala.com/data/images_example/300x225/t/h/the_civil__ex2_587729e77f8b9a8e308b45f7.jpg,https://audio.tudienkala.com/audio/j/e/jeopardy.mp3
85,judicious,/dʒuːˈdɪʃəs/,adj,"sáng suốt, khôn ngoan, có suy xét",We should make judicious use of the resources available to us.,Chúng ta nên sáng suốt trong việc sử dụng nguồn lực sẵn có của chúng ta.,https://audio.tudienkala.com/data/images_example/300x225/w/e/we_should__ex2_58772c357f8b9ac5308b47fb.jpg,https://audio.tudienkala.com/audio/j/u/judicious.mp3
85,keynote,/ˈkiːnəʊt/,n,"điểm chính yếu, chủ chốt",keynote speech,bài nói chủ chốt (nêu những vấn đề quan trọng trong hội nghị...),https://audio.tudienkala.com/data/cache/images/300x225/k/e/keynote1.jpg,https://audio.tudienkala.com/audio/k/e/keynote.mp3
85,lavish,/ˈlævɪʃ/,adj,"lớn, hoang phí",They lived a very lavish lifestyle.,Họ đã sống một cuộc sống rất hoang phí.,https://audio.tudienkala.com/data/cache/images/300x225/l/a/lavish1.jpg,https://audio.tudienkala.com/audio/l/a/lavish.mp3
85,liberate,/ˈlɪbəreɪt/,v,giải phóng,The city was liberated by the advancing army.,Thành phố được giải phóng nhờ sự tiến lên của quân đội.,https://audio.tudienkala.com/data/cache/images/300x225/l/i/liberate1.jpg,https://audio.tudienkala.com/audio/l/i/liberate.mp3
85,linger,/ˈlɪŋɡər/,v,"nấn ná, chần chừ; mất nhiều thời gian làm gì",The faint smell of her perfume lingered in the room.,Mùi nước hoa mờ nhạt của cô vẫn còn nán lại trong phòng.,https://audio.tudienkala.com/data/cache/images/300x225/l/i/linger2.png,https://audio.tudienkala.com/audio/l/i/linger.mp3
85,literal,/ˈlɪtərəl/,adj,theo nghĩa đen,You don't need to make a literal translation.,Bạn không cần làm bản dịch theo nghĩa đen.,https://audio.tudienkala.com/data/cache/images/300x225/l/i/literal1.png,https://audio.tudienkala.com/audio/l/i/literal.mp3
85,loathe,/ləʊð/,v,căm ghét,I loathe modern art.,Tôi không ưa nghệ thuật hiện đại.,https://audio.tudienkala.com/data/cache/images/300x225/l/o/loathe1.jpg,https://audio.tudienkala.com/audio/l/o/loathe.mp3
85,lofty,/ˈlɒfti/,adj,"kiêu căng, kiêu ngạo",her lofty disdain for other people,thái độ kiêu ngạo của cô ta đối với người khác,https://audio.tudienkala.com/data/images_example/300x225/h/e/her_lofty__ex2_58772be17f8b9ac5308b4642.jpg,https://audio.tudienkala.com/audio/l/o/lofty.mp3
85,longevity,/lɒnˈdʒevəti/,n,"tuổi thọ, trường thọ",We wish you both health and longevity.,Chúng tôi chúc bạn có cả sức khỏe và tuổi thọ.,https://audio.tudienkala.com/data/cache/images/300x225/l/o/longevity1.jpg,https://audio.tudienkala.com/audio/l/o/longevity.mp3
85,ludicrous,/ˈluːdɪkrəs/,adj,phi lý; không thể xem là nghiêm túc,a ludicrous suggestion,một lời đề nghị phi lý,https://audio.tudienkala.com/data/cache/images/300x225/l/u/ludicrous1.jpg,https://audio.tudienkala.com/audio/l/u/ludicrous.mp3
85,luminous,/ˈluːmɪnəs/,adj,"toả sáng trong bóng tối, dạ quang",luminous paint,sơn dạ quang,https://audio.tudienkala.com/data/cache/images/300x225/l/u/luminous1.jpg,https://audio.tudienkala.com/audio/l/u/luminous.mp3
85,malice,/ˈmælɪs/,n,ác tâm,She is entirely without malice.,Cô ấy hoàn toàn không có ác ý.,https://audio.tudienkala.com/data/cache/images/300x225/m/a/malice1.jpg,https://audio.tudienkala.com/audio/m/a/malice.mp3
85,manipulate,/məˈnɪpjəleɪt/,v,"lôi kéo, vận động (bằng mánh khoé)",She uses her charm to manipulate people.,Cô ta sử dụng sức quyến rũ của mình để thao túng con người.,https://audio.tudienkala.com/data/cache/images/300x225/m/a/manipulate1.jpg,https://audio.tudienkala.com/audio/m/a/manipulate.mp3
85,marketplace,/ˈmɑːkɪtpleɪs/,n,thị trường,Companies must be able to survive in the marketplace.,Các công ty phải có khả năng tồn tại trên thị trường.,https://audio.tudienkala.com/data/cache/images/300x225/m/a/marketplace1.jpg,https://audio.tudienkala.com/audio/m/a/marketplace.mp3
85,mediocre,/ˌmiːdiˈəʊkər/,adj,xoàng; trung bình,I often have a mediocre meal.,Tôi thường có một bữa ăn bình thường.,https://audio.tudienkala.com/data/cache/images/300x225/m/e/mediocre1.jpg,https://audio.tudienkala.com/audio/m/e/mediocre.mp3
85,menace,/ˈmenɪs/,n,mối đe dọa,A new initiative aimed at beating the menace of illegal drugs.,Một sáng kiến mới nhằm đánh bại mối đe dọa của các loại thuốc bất hợp pháp.,https://audio.tudienkala.com/data/cache/images/300x225/m/e/menace1.jpg,https://audio.tudienkala.com/audio/m/e/menace.mp3
85,mercenary,/ˈmɜːsənəri/,n,lính đánh thuê; tay sai,foreign mercenary,lính đánh thuê nước ngoài,https://audio.tudienkala.com/data/cache/images/300x225/m/e/mercenary1.jpg,https://audio.tudienkala.com/audio/m/e/mercenary.mp3
85,miles,/mʌɪlz/,n,dặm,We did about 30 miles a day on our cycling trip.,Chúng tôi đã đi 30 dặm mỗi ngày trong cuộc du ngoạn xe đạp của chúng tôi.,https://audio.tudienkala.com/data/cache/images/300x225/m/i/miles1.jpg,https://audio.tudienkala.com/audio/m/i/miles.mp3
86,misconception,/ˌmɪskənˈsepʃən/,n,"quan niệm sai, sự hiểu sai","Because of a misconception, many people arrived late to my party.","Bởi vì một hiểu lầm, nhiều người đến muộn trong bữa tiệc của tôi.",https://audio.tudienkala.com/data/cache/images/300x225/m/i/misconception1.jpg,https://audio.tudienkala.com/audio/m/i/misconception.mp3
86,mislead,/mɪsˈliːd/,v,"làm cho mê muội, làm cho lầm đường lạc lối",We were misled by the guide.,Chúng tôi bị người hướng dẫn đưa đi nhầm đường.,https://audio.tudienkala.com/data/cache/images/300x225/m/i/mislead1.jpg,https://audio.tudienkala.com/audio/m/i/mislead.mp3
86,monologue,/ˈmɒnəlɒɡ/,n,cuộc độc thoại,There is more monologue than dialogue in this play.,Có nhiều cuộc độc thoại hơn đối thoại trong vở kịch này.,https://audio.tudienkala.com/data/cache/images/300x225/m/o/monologue1.jpg,https://audio.tudienkala.com/audio/m/o/monologue.mp3
86,monotonous,/məˈnɒtənəs/,adj,"đều đều, đơn điệu, buồn tẻ",New secretaries came and went with monotonous regularity.,Các bí thư mới đến và đi đều đều.,https://audio.tudienkala.com/data/images_example/300x225/n/e/new_secret_ex2_58772a8b7f8b9a9d308b4675.jpg,https://audio.tudienkala.com/audio/m/o/monotonous.mp3
86,mundane,/mʌnˈdeɪn/,adj,"không thú vị, không hấp dẫn; bình thường, nhàm chán","Sitting by a river meditating is nice, but real spirituality comes from making the mundane sacred.","Ngồi một thiền bên sông là tốt đẹp, nhưng tâm linh thật sự xuất phát từ việc biến các việc trần tục trở nên linh thiên.",https://audio.tudienkala.com/data/images_example/300x225/s/i/sitting_by_ex2_58772af37f8b9aab308b4646.jpg,https://audio.tudienkala.com/audio/m/u/mundane.mp3
86,murky,/ˈmɜːki/,adj,"không rõ ràng; âm u, tối tăm",It was a murky night.,Đó là một đêm tăm tối.,https://audio.tudienkala.com/data/cache/images/300x225/m/u/murky1.jpg,https://audio.tudienkala.com/audio/m/u/murky.mp3
86,muster,/ˈmʌstər/,v,"tập hợp hết mức có thể (sự ủng hộ, lòng can đảm,...)",We mustered what support we could for the plan.,Chúng tôi đã tập trung hỗ trợ những gì chúng tôi có thể cho kế hoạch.,https://audio.tudienkala.com/data/cache/images/300x225/m/u/muster1.jpg,https://audio.tudienkala.com/audio/m/u/muster.mp3
86,myriad,/ˈmɪr.i.əd/,n,"vô số, rất nhiều",Designs are available in a myriad of colours.,Thiết kế có sẵn có vô số màu sắc.,https://audio.tudienkala.com/data/cache/images/300x225/m/y/myriad1.jpg,https://audio.tudienkala.com/audio/m/y/myriad.mp3
86,negligible,/ˈneɡlɪdʒəbl/,adj,không đáng kể,The cost was negligible.,Các chi phí không đáng kể.,https://audio.tudienkala.com/data/cache/images/300x225/n/e/negligible1.jpg,https://audio.tudienkala.com/audio/n/e/negligible.mp3
86,nettle,/ˈnetl/,v,chọc tức,My remarks clearly nettled her.,Nhận xét của tôi rõ ràng là chọc tức cô ấy.,https://audio.tudienkala.com/data/cache/images/300x225/n/e/nettle1.jpg,https://audio.tudienkala.com/audio/n/e/nettle.mp3
86,nocturnal,/nɒkˈtɜːnəl/,adj,(hoạt động) về đêm,Most bats are nocturnal.,Hầu hết các con dơi thì hoạt động về đêm.,https://audio.tudienkala.com/data/images_example/300x225/m/o/most_bats__ex2_58772a8c7f8b9a9d308b467d.jpg,https://audio.tudienkala.com/audio/n/o/nocturnal.mp3
86,nostalgic,/nɒsˈtældʒɪk/,adj,"luyến tiếc quá khứ, hoài niệm",I feel quite nostalgic for the place where I grew up.,Tôi cảm thấy khá hoài niệm về nơi tôi đã lớn lên.,https://audio.tudienkala.com/data/images_example/300x225/i/_/i_feel_qui_ex2_58772b467f8b9ab7308b460b.jpg,https://audio.tudienkala.com/audio/n/o/nostalgic.mp3
86,oblivious,/əˈblɪviəs/,adj,không chú ý đến,"He drove off, oblivious of the damage he had caused.","Ông ta lái xe đi, không chú ý đến những thiệt hại mà ông đã gây ra.",https://audio.tudienkala.com/data/images_example/300x225/h/e/he_drove_o_ex2_58772a8f7f8b9a9d308b468b.jpg,https://audio.tudienkala.com/audio/o/b/oblivious.mp3
86,obsolete,/ˈɒbsəliːt/,adj,"lỗi thời, lạc hậu",With technological changes many traditional skills have become obsolete.,Với những thay đổi của công nghệ nhiều kỹ năng truyền thống đã trở nên lỗi thời.,https://audio.tudienkala.com/data/cache/images/300x225/o/b/obsolete1.jpg,https://audio.tudienkala.com/audio/o/b/obsolete.mp3
86,omen,/ˈəʊmən/,n,điềm,It was a bad omen,Đó là một điềm xấu,https://audio.tudienkala.com/data/cache/images/300x225/o/m/omen1.jpg,https://audio.tudienkala.com/audio/o/m/omen.mp3
86,ominous,/ˈɒmɪnəs/,adj,"báo điềm xấu, đáng ngại",She picked up the phone but there was an ominous silence at the other end.,"Cô nhấc điện thoại lên, nhưng đã có một sự im lặng đáng ngại ở đầu kia.",https://audio.tudienkala.com/data/cache/images/300x225/o/m/ominous1.jpg,https://audio.tudienkala.com/audio/o/m/ominous.mp3
86,onus,/ˈəʊnəs/,n,"nhiệm vụ, trách nhiệm",The onus is on employers to follow health and safety laws.,Trách nhiệm những người sử dụng lao động là tuân theo pháp luật về sức khỏe và an toàn.,https://audio.tudienkala.com/data/images_example/300x225/t/h/the_onus_i_ex2_58772a907f8b9a9d308b4691.jpg,https://audio.tudienkala.com/audio/o/n/onus.mp3
86,outburst,/ˈaʊtbɜːst/,n,"bộc phát (cảm xúc, hành vi)",She was scared by his violent outburst.,Cô sợ bởi cơn bạo lực bộc phát của anh ta.,https://audio.tudienkala.com/data/cache/images/300x225/o/u/outburst1.jpg,https://audio.tudienkala.com/audio/o/u/outburst.mp3
86,outlaw,/ˈaʊtlɔː/,v,đặt ra ngoài vòng pháp luật; cấm,The government outlaw certain addictive drugs.,Chính phủ đã cấm một số loại thuốc gây nghiện.,https://audio.tudienkala.com/data/cache/images/300x225/o/u/outlaw1.jpg,https://audio.tudienkala.com/audio/o/u/outlaw.mp3
86,override,/ˌəʊvəˈraɪd/,v,dùng quyền hành để bác bỏ quyết định của ai,The chairman overrode the committee's objections and signed the agreement.,Chủ tịch gạt bỏ sự phản đối của Ủy ban và đã kí kết hợp đồng.,https://audio.tudienkala.com/data/cache/images/300x225/o/v/override1.gif,https://audio.tudienkala.com/audio/o/v/override.mp3
86,overthrow,/ˌəʊvəˈθrəʊ/,v,lật đổ,The president was overthrown in a military coup.,Tổng thống bị lật đổ trong một cuộc đảo chính quân sự.,https://audio.tudienkala.com/data/cache/images/300x225/o/v/overthrow1.png,https://audio.tudienkala.com/audio/o/v/overthrow.mp3
86,painstaking,/ˈpeɪnzˌteɪkɪŋ/,adj,cần nhiều nỗ lực và sự tỉ mỉ,It took months of painstaking research to write the book.,Phải mất nhiều tháng nghiên cứu kỹ lưỡng để viết cuốn sách.,https://audio.tudienkala.com/data/cache/images/300x225/p/a/painstaking1.jpg,https://audio.tudienkala.com/audio/p/a/painstaking.mp3
86,parody,/ˈpærədi/,n,"văn, thơ, hành động nhại lại ai, cái gì đó để giải trí hay gây cười",This is a parody of a horror film.,Đây là một hành động nhại lại bộ phim kinh dị.,https://audio.tudienkala.com/data/cache/images/300x225/p/a/parody1.jpg,https://audio.tudienkala.com/audio/p/a/parody.mp3
86,partisan,/ˌpɑːtɪˈzæn/,adj,"thiên vị, thiên lệch",Most newspapers are politically partisan.,Hầu hết các tờ báo là thiên về chính trị.,https://audio.tudienkala.com/data/cache/images/300x225/p/a/partisan1.jpg,https://audio.tudienkala.com/audio/p/a/partisan.mp3
86,pecuniary,/pɪˈkjuːnjəri/,adj,(thuộc) tiền,pecuniary aid,sự giúp đỡ về tiền tài,https://audio.tudienkala.com/data/cache/images/300x225/p/e/pecuniary1.jpg,https://audio.tudienkala.com/audio/p/e/pecuniary.mp3
86,penetrate,/ˈpenɪtreɪt/,v,"đâm thủng, xuyên qua",The knife had penetrated his chest.,Con dao đã đâm xuyên vào ngực của anh ấy.,https://audio.tudienkala.com/data/cache/images/300x225/p/e/penetrate1.jpg,https://audio.tudienkala.com/audio/p/e/penetrate.mp3
86,peril,/ˈperəl/,n,(mối) hiểm nguy,The country's economy is now in grave peril.,Nền kinh tế của đất nước hiện đang bị đe dọa nghiêm trọng.,https://audio.tudienkala.com/data/cache/images/300x225/p/e/peril1.jpg,https://audio.tudienkala.com/audio/p/e/peril.mp3
86,perish,/ˈperɪʃ/,v,"diệt vong, thiệt mạng",A family of four perished in the fire.,Một gia đình bốn người thiệt mạng trong đám cháy.,https://audio.tudienkala.com/data/images_example/300x225/a/_/a_family_o_ex2_58772eb97f8b9a48318b4584.jpg,https://audio.tudienkala.com/audio/p/e/perish.mp3
86,perpendicular,/ˌpɜːpənˈdɪkjʊlər/,adj,vuông góc,Are the lines perpendicular to each other?,Có phải là các đường thẳng vuông góc với nhau không?,https://audio.tudienkala.com/data/cache/images/300x225/p/e/perpendicular1.gif,https://audio.tudienkala.com/audio/p/e/perpendicular.mp3
86,perpetual,/pəˈpetʃuəl/,adj,"không ngừng, liên tục; vĩnh viễn",There is the perpetual noise of traffic.,Có tiếng ồn giao thông diễn ra liên tục.,https://audio.tudienkala.com/data/cache/images/300x225/p/e/perpetual1.jpg,https://audio.tudienkala.com/audio/p/e/perpetual.mp3
86,perverse,/pəˈvɜːs/,adj,"ngang bướng, ngoan cố",He's a perverse child.,Anh ta là một đứa trẻ ương bướng.,https://audio.tudienkala.com/data/cache/images/300x225/p/e/perverse1.jpg,https://audio.tudienkala.com/audio/p/e/perverse.mp3
86,pigment,/ˈpɪɡmənt/,n,sắc tố,Haemoglobin is the red pigment found in blood.,Hemoglobin là sắc tố màu đỏ được tìm thấy trong máu.,https://audio.tudienkala.com/data/cache/images/300x225/p/i/pigment1.jpg,https://audio.tudienkala.com/audio/p/i/pigment.mp3
86,poignant,/ˈpɔɪnjənt/,adj,"gây xúc động, chua xót, sâu sắc",Her face was a poignant reminder of the passing of time.,Gương mặt cô là một lời nhắc nhở chua xót về sự qua đi của thời gian.,https://audio.tudienkala.com/data/cache/images/300x225/p/o/poignant1.jpg,https://audio.tudienkala.com/audio/p/o/poignant.mp3
86,ponder,/ˈpɒndər/,v,nghĩ ngợi (về cái gì),She pondered over his words.,Cô nghĩ ngợi về lời nói của cậu ta.,https://audio.tudienkala.com/data/cache/images/300x225/p/o/ponder1.jpg,https://audio.tudienkala.com/audio/p/o/ponder.mp3
86,precarious,/prɪˈkeəriəs/,adj,"bấp bênh, không ổn định; nguy hiểm",He earned a precarious living as an artist.,Ông đã có một cuộc sống bấp bênh như một nghệ sĩ.,https://audio.tudienkala.com/data/images_example/300x225/h/e/he_earned__ex2_58772bef7f8b9ac5308b467e.jpg,https://audio.tudienkala.com/audio/p/r/precarious.mp3
86,predominant,/prɪˈdɒmɪnənt/,adj,ưu thế,Research is the predominant part of my job.,Nghiên cứu là một phần chiếm ưu thế trong nghề nghiệp của tôi.,https://audio.tudienkala.com/data/images_example/300x225/r/e/research_i_ex1_5833b5bd7f8b9ac7938b46a5.jpg,https://audio.tudienkala.com/audio/p/r/predominant.mp3
86,prerogative,/prɪˈrɒɡətɪv/,n,đặc quyền,In many countries education is still the prerogative of the rich.,"Ở nhiều quốc gia, giáo dục là đặc quyền của những người giàu có.",https://audio.tudienkala.com/data/cache/images/300x225/p/r/prerogative1.jpg,https://audio.tudienkala.com/audio/p/r/prerogative.mp3
86,presumption,/prɪˈzʌmpʃən/,n,giả định,The article makes too many false presumptions.,Bài báo đưa ra quá nhiều giả định sai lầm.,https://audio.tudienkala.com/data/cache/images/300x225/p/r/presumption1.jpg,https://audio.tudienkala.com/audio/p/r/presumption.mp3
86,prevail,/prɪˈveɪl/,v,"thịnh hành, thường xảy ra nhiều (ở một thời gian hay thời điểm)",It's according to the custom that prevailed in those days.,Đó là theo phong tục thịnh hành thời bấy giờ.,https://audio.tudienkala.com/data/cache/images/300x225/p/r/prevail1.jpg,https://audio.tudienkala.com/audio/p/r/prevail.mp3
86,prevalent,/ˈprevələnt/,adj,phổ biến,The disease is even more prevalent in Latin America.,Dịch bệnh này thậm chí còn phổ biến hơn ở các nước Mỹ Latinh.,https://audio.tudienkala.com/data/images_example/300x225/t/h/the_diseas_ex1_587729f07f8b9a8e308b462b.jpg,https://audio.tudienkala.com/audio/p/r/prevalent.mp3
86,prodigious,/prəˈdɪdʒəs/,adj,"to lớn, lớn lao; phi thường",She was a prodigious musician.,Cô ấy là một nghệ sĩ phi thường.,https://audio.tudienkala.com/data/cache/images/300x225/p/r/prodigious1.jpg,https://audio.tudienkala.com/audio/p/r/prodigious.mp3
86,prolong,/prəʊˈlɒŋ/,v,kéo dài thời gian (của việc gì đó),The operation could prolong his life by two or three years.,Ca mổ có thể kéo dài cuộc sống của anh ấy tới hai hoặc ba năm.,https://audio.tudienkala.com/data/cache/images/300x225/p/r/prolong1.jpg,https://audio.tudienkala.com/audio/p/r/prolong.mp3
86,propensity,/prəʊˈpensəti/,n,thiên hướng,He showed a propensity for violence.,Anh ấy đã cho thấy một thiên hướng bạo lực.,https://audio.tudienkala.com/data/images_example/300x225/h/e/he_showed__ex2_58772bf17f8b9ac5308b468c.jpg,https://audio.tudienkala.com/audio/p/r/propensity.mp3
86,proponent,/prəʊˈpəʊnənt/,n,người ủng hộ một ý tưởng hoặc đường lối hoạt động,He is one of the leading proponents of capital punishment.,Ông là một trong những người ủng hộ hàng đầu về hình phạt tử hình.,https://audio.tudienkala.com/data/cache/images/300x225/p/r/proponent1.jpg,https://audio.tudienkala.com/audio/p/r/proponent.mp3
86,propriety,/prəˈpraɪəti/,n,"sự đúng đắn, sự đúng mực",Nobody questioned the propriety of her being there alone.,Không ai nghi ngờ tính đúng đắn về việc cô ấy ở đó một mình.,https://audio.tudienkala.com/data/cache/images/300x225/p/r/propriety1.jpg,https://audio.tudienkala.com/audio/p/r/propriety.mp3
86,prowess,/ˈpraʊɪs/,n,"sự tinh thông, sự thành thạo",She used her hunting prowess to survive in the woods for a week.,Cô ấy đã sử dụng sự tinh thông về săn bắn để tồn tại trong rừng một tuần.,https://audio.tudienkala.com/data/cache/images/300x225/p/r/prowess1.png,https://audio.tudienkala.com/audio/p/r/prowess.mp3
86,punitive,/ˈpjuːnətɪv/,adj,để trừng phạt,It's a punitive action for him.,Đó là hành động trừng phạt cho anh ta.,https://audio.tudienkala.com/data/cache/images/300x225/p/u/punitive1.jpg,https://audio.tudienkala.com/audio/p/u/punitive.mp3
86,reciprocal,/rɪˈsɪprəkəl/,adj,"qua lại, tương hỗ",The two colleges have a reciprocal arrangement whereby students from one college can attend classes at the other.,"Hai trường cao đẳng có sự sắp xếp qua lại, theo đó sinh viên từ một trường cao đẳng có thể tham dự lớp học ở trường kia.",https://audio.tudienkala.com/data/cache/images/300x225/r/e/reciprocal1.jpg,https://audio.tudienkala.com/audio/r/e/reciprocal.mp3
86,redeem,/rɪˈdiːm/,v,đền bù; bù lại,His good points redeem his faults.,Những điểm tốt của anh ta bù lại cho những điểm xấu.,https://audio.tudienkala.com/data/cache/images/300x225/r/e/redeem1.jpg,https://audio.tudienkala.com/audio/r/e/redeem.mp3
86,refrain,/rɪˈfreɪn/,v,kềm chế,Please refrain from smoking.,Xin vui lòng kiềm chế việc hút thuốc.,https://audio.tudienkala.com/data/cache/images/300x225/r/e/refrain1.jpg,https://audio.tudienkala.com/audio/r/e/refrain.mp3
87,refute,/rɪˈfjuːt/,v,bác bỏ; chứng minh điều gì là sai,She refutes any suggestion that she behaved unprofessionally.,Cô ấy bác bỏ bất kì ý kiến nào nói rằng cô ấy cư xử không chuyên nghiệp.,https://audio.tudienkala.com/data/cache/images/300x225/r/e/refute1.jpg,https://audio.tudienkala.com/audio/r/e/refute.mp3
87,relinquish,/ri'liɳkwiʃ/,v,"từ bỏ, buông thả","After Claude married Kiki, he had to relinquish his exclusive hold on the kitchen and learn to share the joys of cooking.","Sau khi Claude lấy Kiki, anh ta đã phải từ bỏ độc quyền nắm giữ nhà bếp và biết chia sẻ niềm vui nấu nướng.",https://audio.tudienkala.com/data/cache/images/300x225/r/e/relinquish1.jpg,https://audio.tudienkala.com/audio/r/e/relinquish.mp3
87,remnant,/ˈremnənt/,n,"tàn dư, cái còn lại",There are a few remnants of food.,Có chút ít đồ ăn thừa.,https://audio.tudienkala.com/data/cache/images/300x225/r/e/remnant1.jpg,https://audio.tudienkala.com/audio/r/e/remnant.mp3
87,reprisal,/rɪˈpraɪzəl/,n,"sự trả thù, sự trả đũa",They did not want to give evidence for fear of reprisals.,Họ không muốn đưa ra bằng chứng vì sợ bị trả thù.,https://audio.tudienkala.com/data/cache/images/300x225/r/e/reprisal1.jpg,https://audio.tudienkala.com/audio/r/e/reprisal.mp3
87,resent,/rɪˈzent/,v,"phẫn uất, không bằng lòng",He resents being treated like a child.,Anh ấy không bằng lòng khi bị đối xử như một đứa trẻ.,https://audio.tudienkala.com/data/cache/images/300x225/r/e/resent1.jpg,https://audio.tudienkala.com/audio/r/e/resent.mp3
87,resilient,/rɪˈzɪliənt/,adj,kiên cường; nhanh chóng phục hồi sau một cú sốc hoặc chấn thương...,She's a resilient girl - she won't be unhappy for long.,Cô ấy là một cô gái kiên cường - cô ấy sẽ không buồn lâu đâu.,https://audio.tudienkala.com/data/cache/images/300x225/r/e/resilient1.jpg,https://audio.tudienkala.com/audio/r/e/resilient.mp3
87,respite,/ˈrespaɪt/,n,thời gian nghỉ ngơi hoặc thoát khỏi điều gì khó khăn hoặc không dễ chịu,She continued to work without respite.,Cô ấy tiếp tục làm việc mà không có thời gian nghỉ ngơi.,https://audio.tudienkala.com/data/images_example/300x225/s/h/she_contin_ex2_58772bf57f8b9ac5308b46a2.jpg,https://audio.tudienkala.com/audio/r/e/respite.mp3
87,retinue,/ˈret.ɪ.njuː/,n,đoàn tùy tùng,There was a retinue of advisers and bodyguards.,Đã có một đoàn tùy tùng gồm các cố vấn và vệ sĩ.,https://audio.tudienkala.com/data/cache/images/300x225/r/e/retinue1.png,https://audio.tudienkala.com/audio/r/e/retinue.mp3
87,retribution,/ˌretrɪˈbjuːʃən/,n,sự trừng phạt; sự báo thù,People are seeking retribution for the latest terrorist outrages.,Họ đang tìm kiếm sự trừng phạt cho những khủng bố lăng mạ gần đây nhất.,https://audio.tudienkala.com/data/cache/images/300x225/r/e/retribution1.jpg,https://audio.tudienkala.com/audio/r/e/retribution.mp3
87,retrieve,/rɪˈtriːv/,v,"lấy lại, mang về",She bent to retrieve her bottle from the floor.,Cô cúi xuống lấy chai nước của mình trên sàn nhà.,https://audio.tudienkala.com/data/cache/images/300x225/r/e/retrieve1.jpg,https://audio.tudienkala.com/audio/r/e/retrieve.mp3
87,ripple,/ˈrɪpl/,n,gợn sóng,The ducks were frightened by the sudden ripple in the calm waters.,Những chú vịt bị hoảng sợ bởi những gợn sóng đột ngột trên mặt nước yên tĩnh.,https://audio.tudienkala.com/data/cache/images/300x225/r/i/ripple1.jpg,https://audio.tudienkala.com/audio/r/i/ripple.mp3
87,rudimentary,/ruːdɪˈmentəri/,adj,"sơ bộ, sơ đẳng",They were given only rudimentary training in the job.,Họ chỉ đưa ra khóa đào tạo căn bản trong công việc.,https://audio.tudienkala.com/data/cache/images/300x225/r/u/rudimentary1.jpg,https://audio.tudienkala.com/audio/r/u/rudimentary.mp3
87,scatter,/ˈskætə(r)/,v,"rắc, rải",The farmer was scattering the grains of rice on the ground.,Người nông dân đang rải thóc trên sân.,https://audio.tudienkala.com/data/cache/images/300x225/s/c/scatter1.jpg,https://audio.tudienkala.com/audio/s/c/scatter.mp3
87,scorn,/skɔ:n/,n,"Sự khinh bỉ, sự khinh miệt",She was unable to hide the scorn in her voice.,Cô ta không thể che dấu sự khinh bỉ trong giọng nói của cô ta,https://audio.tudienkala.com/data/cache/images/300x225/s/c/scorn1.jpg,https://audio.tudienkala.com/audio/s/c/scorn.mp3
87,serene,/sɪˈriːn/,adj,"yên lặng, thanh bình","Although the children are gone for two days, my husband and I cannot enjoy a serene weekend because of the neighbor’s noisy dog.","Dù cho những đứa trẻ đã đi được 2 ngày, nhưng tôi và chồng tôi không thể có được cuối tuần thanh tịnh vì sự ồn ào của những chú chó hàng xóm.",https://audio.tudienkala.com/data/cache/images/300x225/s/e/serene1.jpg,https://audio.tudienkala.com/audio/s/e/serene.mp3
87,shroud,/ʃraʊd/,v,che đậy,His family background is shrouded in mystery.,Lai lịch gia đình của ông ta được che đậy trong sự bí ẩn.,https://audio.tudienkala.com/data/cache/images/300x225/s/h/shroud1.jpg,https://audio.tudienkala.com/audio/s/h/shroud.mp3
87,sordid,/ˈsɔːdɪd/,adj,hèn mọn,It was a shock to discover the truth about his sordid past.,Đó là một cú sốc khi phát hiện sự thật về quá khứ hèn mọn của cậu ta.,https://audio.tudienkala.com/data/cache/images/300x225/s/o/sordid1.jpg,https://audio.tudienkala.com/audio/s/o/sordid.mp3
87,sporadic,/spəˈrædɪk/,adj,"không thường xuyên; không đều đặn, rải rác",More than 100 people have been killed this year in sporadic outbursts of ethnic violence.,Hơn 100 người đã thiệt mạng trong năm nay trong sự bùng phát rải rác của bạo lực sắc tộc.,https://audio.tudienkala.com/data/cache/images/300x225/s/p/sporadic1.jpg,https://audio.tudienkala.com/audio/s/p/sporadic.mp3
87,stagnant,/ˈstægnənt/,adj,trì trệ,A stagnant economy is not growing or developing.,Một nền kinh tế trì trệ là nền kinh tế không đang lớn lên hoặc không đang phát triển.,https://audio.tudienkala.com/data/images_example/300x225/a/_/a_stagnant_ex2_56248d117f8b9a020d26187c.jpg,https://audio.tudienkala.com/audio/s/t/stagnant.mp3
87,stigma,/ˈstɪɡmə/,n,thái độ kỳ thị với một căn bệnh hoặc cách ứng xử; vết nhơ,He suffered the social stigma of alcoholism.,Anh ta bị kỳ thị xã hội về sự nghiện rượu.,https://audio.tudienkala.com/data/cache/images/300x225/s/t/stigma1.jpg,https://audio.tudienkala.com/audio/s/t/stigma.mp3
87,strenuous,/ˈstrenjuəs/,adj,"đòi hỏi cố gắng lớn, vất vả",He made a strenuous climb.,Anh ta đã thực hiện một sự leo trèo vất vả.,https://audio.tudienkala.com/data/cache/images/300x225/s/t/strenuous1.jpg,https://audio.tudienkala.com/audio/s/t/strenuous.mp3
87,stringent,/ˈstrɪndʒənt/,adj,nghiêm ngặt,We need to introduce more stringent security measures such as identity cards.,Chúng tôi cần phải giới thiệu các biện pháp an ninh nghiêm ngặt hơn như chứng minh thư.,https://audio.tudienkala.com/data/cache/images/300x225/s/t/stringent1.jpg,https://audio.tudienkala.com/audio/s/t/stringent.mp3
87,stumble,/ˈstʌmbl/,v,vấp ngã,I stumbled over a tree root.,Tôi vấp phải một cái gốc cây.,https://audio.tudienkala.com/data/cache/images/300x225/s/t/stumble1.png,https://audio.tudienkala.com/audio/s/t/stumble.mp3
87,sturdy,/ˈstɜːdi/,adj,"cứng cáp, vững chắc",It's a sturdy wall.,Đó là một bức tường vững chắc.,https://audio.tudienkala.com/data/cache/images/300x225/s/t/sturdy1.jpg,https://audio.tudienkala.com/audio/s/t/sturdy.mp3
87,sublime,/səˈblaɪm/,adj,"siêu phàm, tuyệt vời",I adore sublime beauty.,Tôi ngưỡng mộ vẻ đẹp siêu phàm.,https://audio.tudienkala.com/data/cache/images/300x225/s/u/sublime1.jpg,https://audio.tudienkala.com/audio/s/u/sublime.mp3
87,supernatural,/supəˈnætʃərəl/,adj,siêu nhiên,Most Marvel characters have supernatural powers.,Hầu hết các nhân vật Marvel có sức mạnh siêu nhiên .,https://audio.tudienkala.com/data/cache/images/300x225/s/u/supernatural1.jpg,https://audio.tudienkala.com/audio/s/u/supernatural.mp3
87,suspend,/səˈspend/,v,tạm ngừng; đình chỉ,Production has been suspended while safety checks are carried out.,Sản xuất đã bị tạm ngưng trong khi kiểm tra an toàn được thực hiện.,https://audio.tudienkala.com/data/cache/images/300x225/s/u/suspend1.jpg,https://audio.tudienkala.com/audio/s/u/suspend.mp3
87,taunt,/tɔːnt/,v,"trêu chọc, khiêu khích",The other kids continually taunted him about his size.,Những đứa trẻ khác liên tục chế giễu cậu ấy về kích cỡ của cậu.,https://audio.tudienkala.com/data/cache/images/300x225/t/a/taunt1.jpg,https://audio.tudienkala.com/audio/t/a/taunt.mp3
87,temperate,/ˈtempərət/,adj,có chừng mực; ôn hoà,He is a temperate man.,Anh ấy là một người đàn ông ôn hòa.,https://audio.tudienkala.com/data/images_example/300x225/h/e/he_is_a_te_ex2_58772bff7f8b9ac5308b46d0.jpg,https://audio.tudienkala.com/audio/t/e/temperate.mp3
87,temporal,/ˈtempərəl/,adj,"(thuộc) trần tục, (thuộc) thế tục",He ignored the temporal pleasures of the world.,Ông ấy đã phớt lờ những thú vui trần thế của thế giới.,https://audio.tudienkala.com/data/cache/images/300x225/t/e/temporal1.jpg,https://audio.tudienkala.com/audio/t/e/temporal.mp3
87,tenet,/ˈtenɪt/,n,nguyên lý; giáo lý; chủ nghĩa,This is one of the basic tenets of the Christian faith.,Đây là một trong những nguyên lý cơ bản của đức tin Cơ đốc giáo.,https://audio.tudienkala.com/data/cache/images/300x225/t/e/tenet1.jpg,https://audio.tudienkala.com/audio/t/e/tenet.mp3
87,tentative,/ˈtentətɪv/,adj,tạm thời,I have tentative plans to take a trip to Seattle in July.,Tôi có kế hoạch tạm thời về một chuyến đi đến Seattle vào tháng Bảy.,https://audio.tudienkala.com/data/cache/images/300x225/t/e/tentative1.jpg,https://audio.tudienkala.com/audio/t/e/tentative.mp3
87,tenuous,/ˈtenjuəs/,adj,"yếu ớt, không chắc chắn (hầu như không tồn tại)",The police have only found a tenuous connection between the two robberies.,Cảnh sát chỉ tìm thấy một kết nối yếu ớt giữa hai tên cướp.,https://audio.tudienkala.com/data/cache/images/300x225/t/e/tenuous1.jpg,https://audio.tudienkala.com/audio/t/e/tenuous.mp3
87,thrive,/θraɪv/,v,"trở nên, tiếp tục thành công hoặc khỏe mạnh",New businesses thrive in this area.,Các doanh nghiệp mới tiếp tục phát triển mạnh trong lĩnh vực này.,https://audio.tudienkala.com/data/cache/images/300x225/t/h/thrive1.jpg,https://audio.tudienkala.com/audio/t/h/thrive.mp3
87,topography,/təˈpɒɡrəfi/,n,"địa thế, địa hình; phép họa đồ",A map showing the topography of the island,Bản đồ chỉ ra địa hình của hòn đảo.,https://audio.tudienkala.com/data/cache/images/300x225/t/o/topography1.jpg,https://audio.tudienkala.com/audio/t/o/topography.mp3
87,tranquil,/ˈtræŋkwɪl/,adj,tĩnh lặng,I love a tranquil scene.,Tôi yêu một khung cảnh tĩnh lặng.,https://audio.tudienkala.com/data/cache/images/300x225/t/r/tranquil1.jpg,https://audio.tudienkala.com/audio/t/r/tranquil.mp3
87,turmoil,/ˈtɜːmɔɪl/,n,"sự rối loạn, tình trạng hỗn loạn","During the riots, there was widespread turmoil in the city.","Trong suốt cuộc bạo loạn, tình trạng hỗn loạn lan rộng trong thành phố.",https://audio.tudienkala.com/data/cache/images/300x225/t/u/turmoil1.jpg,https://audio.tudienkala.com/audio/t/u/turmoil.mp3
87,ubiquitous,/juːˈbɪkwɪtəs/,adj,có ở khắp nơi; rất phổ biến,"Leather is very much in fashion this season, as is the ubiquitous denim.",Da được sử dụng rất nhiều trong thời trang mùa này như một chất liệu phổ biến.,https://audio.tudienkala.com/data/cache/images/300x225/u/b/ubiquitous1.jpg,https://audio.tudienkala.com/audio/u/b/ubiquitous.mp3
87,uncalled for,/ʌnˈkɔːldfɔːr/,adj,"không đúng lúc, đúng chỗ",His comments were uncalled for.,Ý kiến của ông không đúng chỗ.,https://audio.tudienkala.com/data/cache/images/300x225/u/n/uncalled_for1.jpg,https://audio.tudienkala.com/audio/u/n/uncalled_for.mp3
87,uncanny,/ʌnˈkæni/,adj,"kỳ lạ, khó hiểu",I had an uncanny feeling I was being watched.,"Tôi có một cảm giác kỳ lạ, tôi đang bị theo dõi.",https://audio.tudienkala.com/data/cache/images/300x225/u/n/uncanny1.jpg,https://audio.tudienkala.com/audio/u/n/uncanny.mp3
87,uphold,/ʌpˈhəʊld/,v,"ủng hộ, duy trì",We have a duty to uphold the law.,Chúng ta có nhiệm vụ phải tuân theo luật pháp.,https://audio.tudienkala.com/data/cache/images/300x225/u/p/uphold1.jpg,https://audio.tudienkala.com/audio/u/p/uphold.mp3
87,utilitarian,/ˌjuːtɪlɪˈteəriən/,adj,"mang tính hữu dụng, thiết thực","Like many factories, it's a very ugly utilitarian building.","Giống như nhiều nhà máy, đó là một tòa nhà thiết thực rất xấu xí.",https://audio.tudienkala.com/data/cache/images/300x225/u/t/utilitarian1.jpg,https://audio.tudienkala.com/audio/u/t/utilitarian.mp3
87,vain,/veɪn/,adj,"vô ích, không có kết quả",She closed her eyes tightly in a vain attempt to hold back the tears.,Cô nhắm mắt lại trong một nỗ lực vô ích để giữ nước mắt.,https://audio.tudienkala.com/data/images_example/300x225/s/h/she_closed_ex2_58772ec97f8b9a48318b45ca.jpg,https://audio.tudienkala.com/audio/v/a/vain.mp3
87,vanish,/ˈvænɪʃ/,v,biến mất (một cách không thể giải thích),He turned around and vanished into the house.,Cậu ấy quay vòng và biến mất trong ngôi nhà.,https://audio.tudienkala.com/data/cache/images/300x225/v/a/vanish1.jpg,https://audio.tudienkala.com/audio/v/a/vanish.mp3
87,versatile,/ˈvɜːsətaɪl/,adj,"đa năng, nhiều công dụng",This food processor is versatile. You can mix or chop up wet and dry foods.,Máy xay đa năng này rất đa năng. Bạn có thể trộn hoặc nghiền cả đồ ướt và đồ khô.,https://audio.tudienkala.com/data/images_example/300x225/t/h/this_food__ex1_58772aab7f8b9a9d308b471b.jpg,https://audio.tudienkala.com/audio/v/e/versatile.mp3
87,vestige,/ˈvestɪdʒ/,n,"dấu vết, vết tích (của cái gì đó đã từng tồn tại)",They are the last vestiges of the old colonial regime.,Chúng là vết tích cuối cùng của chế độ thực dân cũ.,https://audio.tudienkala.com/data/cache/images/300x225/v/e/vestige1.jpg,https://audio.tudienkala.com/audio/v/e/vestige.mp3
87,violate,/ˈvaɪəleɪt/,v,"vi phạm, xâm phạm",He violated international law.,Anh ta đã vi phạm luật pháp quốc tế.,https://audio.tudienkala.com/data/cache/images/300x225/v/i/violate1.jpg,https://audio.tudienkala.com/audio/v/i/violate.mp3
87,withhold,/wi 'hould/,v,"Giấu, kìm lại, giữ lại",Do not withhold any information from your accountant or he will not be able to prepare your tax form correctly.,Đừng giấu diếm bất kỳ thông tin nào với người kế toán của bạn kẻo không anh ta không thể chuẩn bị biểu mẫu thuế cho bạn chính xác được.,https://audio.tudienkala.com/data/cache/images/300x225/w/i/withhold1.png,https://audio.tudienkala.com/audio/w/i/withhold.mp3
87,withstand,/wɪðˈstænd/,v,"trụ lại, chịu đựng",The materials used have to be able to withstand high temperatures.,Các vật liệu được sử dụng phải có khả năng chịu được nhiệt độ cao.,https://audio.tudienkala.com/data/cache/images/300x225/w/i/withstand1.jpg,https://audio.tudienkala.com/audio/w/i/withstand.mp3
87,zenith,/ˈzenɪθ/,n,"cực điểm, tột đỉnh","In the 1860s, Tolstoy was at the zenith of his achievement.","Trong những năm 1860, Tolstoy đã ở đỉnh cao trong sự nghiệp của mình.",https://audio.tudienkala.com/data/images_example/300x225/i/n/in_the_186_ex2_58772aad7f8b9a9d308b4727.jpg,https://audio.tudienkala.com/audio/z/e/zenith.mp3
88,abet,/əˈbet/,v,xúi giục,He was abetted in the deception by his wife.,Ông ấy bị xúi bẩy lừa dối vợ.,https://audio.tudienkala.com/data/cache/images/300x225/a/b/abet1.jpg,https://audio.tudienkala.com/audio/a/b/abet.mp3
88,abhor,/əbˈhɔːr/,v,ghê tởm; ghét cay ghét đắng,I abhor all forms of racism.,Tôi ghét cay ghét đắng tất cả các hình thức phân biệt chủng tộc.,https://audio.tudienkala.com/data/cache/images/300x225/a/b/abhor1.jpg,https://audio.tudienkala.com/audio/a/b/abhor.mp3
88,abject,/ˈæbdʒekt/,adj,khốn khổ và hết hy vọng,They are in abject poverty.,Họ nghèo rớt mồng tơi.,https://audio.tudienkala.com/data/cache/images/300x225/a/b/abject1.jpg,https://audio.tudienkala.com/audio/a/b/abject.mp3
88,abridge,/əˈbrɪdʒ/,v,"rút ngắn lại, cắt bớt (sách, vở kịch,...)",The book was abridged for children.,Cuốn sách đã được rút ngắn bớt cho trẻ em.,https://audio.tudienkala.com/data/cache/images/300x225/a/b/abridge1.jpg,https://audio.tudienkala.com/audio/a/b/abridge.mp3
88,abrogate,/ˈæb.rə.ɡeɪt/,v,"bãi bỏ (luật lệ, thỏa thuận,...)",The rule has been abrogated by mutual consent.,Quy tắc đã được bãi bỏ theo thoả thuận chung.,https://audio.tudienkala.com/data/cache/images/300x225/a/b/abrogate1.jpg,https://audio.tudienkala.com/audio/a/b/abrogate.mp3
88,abstemious,/æbˈstiː.mi.əs/,adj,"tiết chế, có điều độ",He was a hard-working man with abstemious habits.,Anh ấy là người đàn ông làm việc chăm chỉ với những thói quen điều độ.,https://audio.tudienkala.com/data/images_example/300x225/h/e/he_was_a_h_ex2_58772d2e7f8b9ade308b4614.jpg,https://audio.tudienkala.com/audio/a/b/abstemious.mp3
88,accede,/əkˈsiːd/,v,"đồng ý, tán thành",He acceded to demands for his resignation.,Ông ta đã đồng ý yêu cầu từ chức.,https://audio.tudienkala.com/data/cache/images/300x225/a/c/accede1.jpg,https://audio.tudienkala.com/audio/a/c/accede.mp3
88,accentuate,/əkˈsentʃueɪt/,v,"tô điểm, làm nổi bật",Her short hair accentuated her huge eyes.,Mái tóc ngắn của cô ấy đã làm nổi bật đôi mắt to của cô.,https://audio.tudienkala.com/data/images_example/300x225/h/e/her_short__ex2_58772ecd7f8b9a48318b45da.jpg,https://audio.tudienkala.com/audio/a/c/accentuate.mp3
88,acrimonious,/ˌækrɪˈməʊniəs/,adj,"chua cay, gay gắt",His parents went through an acrimonious divorce.,Cha mẹ của cậu ấy đã trải qua một cuộc ly hôn gay gắt.,https://audio.tudienkala.com/data/cache/images/300x225/a/c/acrimonious1.jpg,https://audio.tudienkala.com/audio/a/c/acrimonious.mp3
88,acumen,/ˈækjʊmən/,n,sự nhạy bén,She has considerable business acumen.,Cô ta có tài kinh doanh nhạy bén.,https://audio.tudienkala.com/data/images_example/300x225/s/h/she_has_co_ex2_58772c047f8b9ac5308b46ea.jpg,https://audio.tudienkala.com/audio/a/c/acumen.mp3
88,admonish,/ədˈmɒnɪʃ/,v,"khiển trách, la rầy",She was admonished for chewing gum in class.,Cô đã bị khiển trách vì nhai kẹo cao su trong lớp.,https://audio.tudienkala.com/data/cache/images/300x225/a/d/admonish1.jpg,https://audio.tudienkala.com/audio/a/d/admonish.mp3
88,affable,/ˈæfəbl/,adj,"lịch sự, hoà nhã; niềm nở, ân cần",He greeted everyone in the same relaxed and affable manner.,Anh ấy chào đón tất cả mọi người đều thoải mái và niềm nở.,https://audio.tudienkala.com/data/cache/images/300x225/a/f/affable2.png,https://audio.tudienkala.com/audio/a/f/affable.mp3
88,aforementioned,/əˈfɔːmenʃənd/,adj,"đã kể trước đây, đã nói ở trên",The aforementioned person was seen acting suspiciously.,Những người kể trên đã được xem là có hành động đáng ngờ.,https://audio.tudienkala.com/data/cache/images/300x225/a/f/aforementioned1.jpg,https://audio.tudienkala.com/audio/a/f/aforementioned.mp3
88,aggravate,/ˈæɡrəveɪt/,v,"làm trầm trọng, xấu thêm",Pollution can aggravate asthma.,Ô nhiễm có thể làm bệnh hen suyễn trầm trọng thêm.,https://audio.tudienkala.com/data/images_example/300x225/p/o/pollution__ex2_58772a057f8b9a8e308b4699.jpg,https://audio.tudienkala.com/audio/a/g/aggravate.mp3
88,agitate,/ˈædʒɪteɪt/,v,"tranh luận, vận động",Political groups agitate for social change.,Nhóm chính trị vận động vì sự thay đổi xã hội.,https://audio.tudienkala.com/data/cache/images/300x225/a/g/agitate1.jpg,https://audio.tudienkala.com/audio/a/g/agitate.mp3
88,alacrity,/əˈlækrəti/,n,sự sốt sắng,They accepted the offer with alacrity.,Họ chấp nhận lời đề nghị với một sự sốt sắng.,https://audio.tudienkala.com/data/cache/images/300x225/a/l/alacrity1.jpg,https://audio.tudienkala.com/audio/a/l/alacrity.mp3
88,alienate,/ˈeɪliəneɪt/,v,làm ai đó xa lánh bản thân,Many artists feel alienated from society,Nhiều nghệ sĩ cảm thấy mình bị xã hội xa lánh.,https://audio.tudienkala.com/data/cache/images/300x225/a/l/alienate1.jpg,https://audio.tudienkala.com/audio/a/l/alienate.mp3
88,allay,/əˈleɪ/,v,"làm dịu đi, làm lắng xuống (nỗi xúc động, nỗi buồn...)",The government is keen to allay the public’s fears.,Chính phủ muốn làm dịu nỗi sợ hãi của công chúng.,https://audio.tudienkala.com/data/images_example/300x225/t/h/the_govern_ex2_58772ece7f8b9a48318b45e0.png,https://audio.tudienkala.com/audio/a/l/allay.mp3
88,allure,/əˈljʊər/,n,"sức quyến rũ, sức lôi cuốn",The hungry woman could not resist the allure of the bakery.,Người phụ nữ đói bụng không thể cưỡng lại sức quyến rũ của chiếc bánh.,https://audio.tudienkala.com/data/cache/images/300x225/a/l/allure1.jpg,https://audio.tudienkala.com/audio/a/l/allure.mp3
88,amass,/əˈmæs/,v,"chất đống, tích luỹ",He amassed a fortune from silver mining.,Ông ấy đã tích lũy được khối tài sản từ khai thác mỏ bạc.,https://audio.tudienkala.com/data/cache/images/300x225/a/m/amass1.jpg,https://audio.tudienkala.com/audio/a/m/amass.mp3
88,anachronism,/əˈnæk.rə.nɪ.zəm/,n,"người, phong tục, quan niệm lỗi thời",The monarchy is seen by many people as an anachronism in the modern world.,Chế độ quân chủ được nhìn thấy bởi nhiều người có quan niệm lỗi thời trong thế giới hiện đại.,https://audio.tudienkala.com/data/cache/images/300x225/a/n/anachronism1.jpg,https://audio.tudienkala.com/audio/a/n/anachronism.mp3
88,animus,/ˈænɪməs/,n,ác cảm,"If you hear any animus in my voice, it is because I really dislike my mother-in-law.","Nếu bạn nghe thấy bất kỳ ác cảm trong giọng nói của tôi, do tôi thực sự không thích mẹ chồng tôi.",https://audio.tudienkala.com/data/images_example/300x225/i/f/if_you_hea_ex2_58772ecf7f8b9a48318b45e6.png,https://audio.tudienkala.com/audio/a/n/animus.mp3
88,apprise,/əˈpraɪz/,v,"cho biết, báo cho biết",The young doctor found it difficult to apprise the man of his wife’s death.,Vị bác sĩ trẻ thấy khó khăn khi thông báo cho người đàn ông rằng vợ ông đã chết.,https://audio.tudienkala.com/data/cache/images/300x225/a/p/apprise1.jpg,https://audio.tudienkala.com/audio/a/p/apprise.mp3
88,approbation,/ˌæp.rəˈbeɪ.ʃən/,n,"sự chấp thuận, sự đồng ý",She showed a sign of approbation.,Cô đã cho thấy dấu hiệu của sự tán thành.,https://audio.tudienkala.com/data/cache/images/300x225/a/p/approbation1.jpg,https://audio.tudienkala.com/audio/a/p/approbation.mp3
88,archetype,/ˈɑːkɪtaɪp/,n,ví dụ điển hình,She is the archetype of an American movie star.,Cô là ví dụ điển hình của một ngôi sao điện ảnh Mỹ.,https://audio.tudienkala.com/data/cache/images/300x225/a/r/archetype1.jpg,https://audio.tudienkala.com/audio/a/r/archetype.mp3
88,artful,/ˈɑːtfəl/,adj,"tinh ranh, ma mãnh","He was artful and cunning, and I didn't really trust him.","Cậu ta tinh ranh và xảo quyệt, và tôi đã không thực sự tin tưởng cậu ta.",https://audio.tudienkala.com/data/images_example/300x225/h/e/he_was_art_ex2_58772ed17f8b9a48318b45ec.jpg,https://audio.tudienkala.com/audio/a/r/artful.mp3
88,ascetic,/əˈsetɪk/,adj,khổ hạnh,The monks lived a very ascetic life.,Các tu sĩ đã sống một cuộc sống rất khổ hạnh.,https://audio.tudienkala.com/data/cache/images/300x225/a/s/ascetic1.jpg,https://audio.tudienkala.com/audio/a/s/ascetic.mp3
88,assail,/əˈseɪl/,v,công kích (bằng lời nói hoặc vũ lực),He was assailed with fierce blows to the head.,Anh ấy đã bị công kích với những cú đánh ác liệt vào đầu.,https://audio.tudienkala.com/data/cache/images/300x225/a/s/assail1.jpg,https://audio.tudienkala.com/audio/a/s/assail.mp3
88,assiduous,/əˈsɪdjuəs/,adj,"chuyên cần, siêng năng",He is one of the most assiduous members of the team.,Anh ta là một trong những thành viên siêng năng nhất của đội bóng.,https://audio.tudienkala.com/data/images_example/300x225/h/e/he_is_one__ex2_58772d307f8b9ade308b4622.jpg,https://audio.tudienkala.com/audio/a/s/assiduous.mp3
88,auspicious,/ɔːˈspɪʃəs/,adj,"có điềm tốt, điềm lành; thuận lợi",They won their first match of the season 5–1 which was an auspicious beginning.,Họ đã giành chiến thắng trận đấu đầu tiên của mùa giải với tỉ số 5-1 đó là một khởi đầu tốt lành.,https://audio.tudienkala.com/data/cache/images/300x225/a/u/auspicious1.jpg,https://audio.tudienkala.com/audio/a/u/auspicious.mp3
88,avarice,/ˈævərɪs/,n,"tính hám lợi, tính tham lam",My husband is full of avarice.,Chồng tôi thì đầy lòng tham lam.,https://audio.tudienkala.com/data/cache/images/300x225/a/v/avarice1.jpg,https://audio.tudienkala.com/audio/a/v/avarice.mp3
88,awry,/əˈraɪ/,adj,"hỏng, không như ý muốn",All my plans for the party had gone awry.,Tất cả kế hoạch của tôi cho bữa tiệc đều không như mong đợi.,https://audio.tudienkala.com/data/cache/images/300x225/a/w/awry1.png,https://audio.tudienkala.com/audio/a/w/awry.mp3
88,bane,/beɪn/,n,"điều gây ra rắc rối, buồn phiền cho ai",The neighbours' kids are the bane of my life.,Những đứa trẻ hàng xóm là điều gây rắc rối cho cuộc sống của tôi.,https://audio.tudienkala.com/data/cache/images/300x225/b/a/bane1.jpg,https://audio.tudienkala.com/audio/b/a/bane.mp3
88,belie,/bɪˈlaɪ/,v,"tạo ra ấn tượng sai về ai, điều gì",Her calm face belied the terror she was feeling.,Khuôn mặt bình tĩnh của cô ấy trái ngược với nỗi sợ hãi mà cô ấy đang cảm thấy.,https://audio.tudienkala.com/data/images_example/300x225/h/e/her_calm_f_ex2_58772d317f8b9ade308b462c.jpg,https://audio.tudienkala.com/audio/b/e/belie.mp3
88,belligerent,/bəˈlɪdʒərənt/,adj,hay gây sự,She is a belligerent person.,Cô ấy một người hiếu chiến.,https://audio.tudienkala.com/data/cache/images/300x225/b/e/belligerent1.jpg,https://audio.tudienkala.com/audio/b/e/belligerent.mp3
88,bestow,/bɪˈstəʊ/,v,ban tặng cái gì cho ai (nhất là để cho thấy họ đáng tôn trọng),It was a title bestowed upon him by the king.,Nó là một danh hiệu ban cho anh ta bởi nhà vua.,https://audio.tudienkala.com/data/cache/images/300x225/b/e/bestow1.jpg,https://audio.tudienkala.com/audio/b/e/bestow.mp3
88,bibliophile,/ˈbɪb.li.ə.faɪl/,n,người mê sách,Sue is a bibliophile who reads at least four books every day.,"Sue là một người mê sách, cô đọc ít nhất bốn cuốn sách mỗi ngày.",https://audio.tudienkala.com/data/images_example/300x225/s/u/sue_is_a_b_ex2_58772ed37f8b9a48318b45f4.jpg,https://audio.tudienkala.com/audio/b/i/bibliophile.mp3
88,blandishments,/ˈblæn.dɪʃ.mənts/,n,lời xu nịnh,I never thought you were capable of such blandishment.,Tôi không bao giờ nghĩ rằng bạn đã có khả năng xu nịnh như vậy.,https://audio.tudienkala.com/data/cache/images/300x225/b/l/blandishments1.jpg,https://audio.tudienkala.com/audio/b/l/blandishments.mp3
88,bombast,/ˈbɒmbæst/,n,lời nói khoa trương,His speech was full of bombast.,Bài phát biểu của ông ấy đầy khoa trương.,https://audio.tudienkala.com/data/cache/images/300x225/b/o/bombast1.jpg,https://audio.tudienkala.com/audio/b/o/bombast.mp3
88,boorish,/ˈbʊərɪʃ/,adj,thô lỗ,"I hate boorish behaviors, such as yelling for service in restaurants.","Tôi ghét những hành vi thô lỗ, như là la hét để được phục vụ trong nhà hàng.",https://audio.tudienkala.com/data/cache/images/300x225/b/o/boorish1.jpg,https://audio.tudienkala.com/audio/b/o/boorish.mp3
88,bucolic,/bjuˈkɒlɪk/,adj,"(thuộc) thôn quê, cuộc sống nông thôn",The painting shows a typically bucolic scene with peasants.,Bức tranh cho thấy một cảnh thường thấy ở nông thôn với những người nông dân.,https://audio.tudienkala.com/data/cache/images/300x225/b/u/bucolic1.jpg,https://audio.tudienkala.com/audio/b/u/bucolic.mp3
88,buffoon,/bəˈfuːn/,n,anh hề,"I was a fool, the tragic buffoon who lives in the forest.","Tôi là một kẻ ngốc, là người hề bi thảm sống trong rừng.",https://audio.tudienkala.com/data/cache/images/300x225/b/u/buffoon1.jpg,https://audio.tudienkala.com/audio/b/u/buffoon.mp3
88,bulwark,/ˈbʊlwək/,n,người bảo vệ; nguyên tắc bảo vệ,"At the time fascism had many supporters in the West, who saw it as a bulwark against communism.","Vào thời kỳ này, chủ nghĩa phát xít đã có nhiều người ủng hộ ở phương Tây, người coi nó như là một bức tường thành chống chủ nghĩa cộng sản.",https://audio.tudienkala.com/data/cache/images/300x225/b/u/bulwark1.jpg,https://audio.tudienkala.com/audio/b/u/bulwark.mp3
88,bumptious,/ˈbʌmp.ʃəs/,adj,tự phụ; khoa trương,He is quite bumptious about his wealthy family.,Anh ta khá là khoa trương về gia đình giàu có của anh ta.,https://audio.tudienkala.com/data/cache/images/300x225/b/u/bumptious1.jpg,https://audio.tudienkala.com/audio/b/u/bumptious.mp3
88,burgeon,/ˈbɜːdʒən/,v,"bắt đầu lớn lên, phát triển nhanh chóng",Love burgeoned between them.,Tình yêu lớn dần giữa họ.,https://audio.tudienkala.com/data/images_example/300x225/l/o/love_burge_ex2_58772b3a7f8b9ab7308b45cb.jpg,https://audio.tudienkala.com/audio/b/u/burgeon.mp3
88,cadaverous,/kəˈdævərəs/,adj,"tái nhợt, nhìn như bị bệnh",The cadaverous model walked the runway.,Người mẫu tái nhợt đi trên sàn diễn.,https://audio.tudienkala.com/data/cache/images/300x225/c/a/cadaverous1.jpg,https://audio.tudienkala.com/audio/c/a/cadaverous.mp3
88,calamity,/kəˈlæməti/,n,"tai hoạ, tai ương",Sudan suffered a series of calamities during the 1980s.,Sudan bị một loạt các thiên tai trong những năm 1980.,https://audio.tudienkala.com/data/cache/images/300x225/c/a/calamity1.jpg,https://audio.tudienkala.com/audio/c/a/calamity.mp3
88,candid,/ˈkændɪd/,adj,"ngay thẳng, bộc trực",The two presidents have had candid talks about the current crisis.,Hai vị tổng thống đã có cuộc đàm phán thẳng thắn về cuộc khủng hoảng hiện nay.,https://audio.tudienkala.com/data/cache/images/300x225/c/a/candid1.jpg,https://audio.tudienkala.com/audio/c/a/candid.mp3
88,candour,/ˈkændər/,n,"tính thật thà, ngay thẳng","""We really don't know what to do about it,"" she said with surprising candour.","""Chúng tôi thực sự không biết phải làm gì về nó,"" cô ấy nói thẳng thắn một cách đáng ngạc nhiên.",https://audio.tudienkala.com/data/cache/images/300x225/c/a/candour1.jpg,https://audio.tudienkala.com/audio/c/a/candour.mp3
88,cantankerous,/kænˈtæŋkərəs/,adj,"nóng tính, hay phàn nàn",He's getting a bit cantankerous in his old age.,Ông ấy trở nên nóng tính một chút bởi tuổi già.,https://audio.tudienkala.com/data/cache/images/300x225/c/a/cantankerous1.jpg,https://audio.tudienkala.com/audio/c/a/cantankerous.mp3
89,capricious,/kəˈprɪʃəs/,adj,thất thường,"Because of his capricious nature, Kenny found it hard to keep a steady job.","Do bản tính thất thường của mình, Kenny nhận thấy khó để duy trì một công việc ổn định.",https://audio.tudienkala.com/data/cache/images/300x225/c/a/capricious1.jpg,https://audio.tudienkala.com/audio/c/a/capricious.mp3
89,castigate,/ˈkæstɪɡeɪt/,v,"chỉ trích ai, điều gì một cách nghiêm khắc",He castigated himself for being so stupid.,Cậu ấy tự khiển trách bản thân vì đã quá ngu ngốc.,https://audio.tudienkala.com/data/images_example/300x225/h/e/he_castiga_ex2_58772d367f8b9ade308b464a.jpg,https://audio.tudienkala.com/audio/c/a/castigate.mp3
89,cherish,/ˈtʃerɪʃ/,v,"trân trọng, yêu quý",Children need to be cherished.,Trẻ em cần được yêu thương.,https://audio.tudienkala.com/data/cache/images/300x225/c/h/cherish1.jpg,https://audio.tudienkala.com/audio/c/h/cherish.mp3
89,chicanery,/ʃɪˈkeɪnəri/,n,"việc dùng mánh khóe, sự nói chuyện khôn khéo để lừa gạt người khác",He resorted to the worst flattery and chicanery to win the job.,Anh ta đã phải dùng đến sự tâng bốc tồi tệ nhất và xảo ngôn để giành chiến thắng trong công việc.,https://audio.tudienkala.com/data/images_example/300x225/h/e/he_resorte_ex2_58772d377f8b9ade308b4652.jpg,https://audio.tudienkala.com/audio/c/h/chicanery.mp3
89,circumspect,/ˈsɜːkəmspekt/,adj,thận trọng,He was very circumspect in his financial affairs.,Anh ấy đã rất thận trọng trong vấn đề tài chính của mình.,https://audio.tudienkala.com/data/cache/images/300x225/c/i/circumspect1.jpg,https://audio.tudienkala.com/audio/c/i/circumspect.mp3
89,circumvent,/ˌsɜːkəmˈvent/,v,tìm cách tránh một khó khăn hoặc một quy định nào đó; lách (luật),They found a way of circumventing the law.,Họ đã tìm ra một cách để lách luật.,https://audio.tudienkala.com/data/cache/images/300x225/c/i/circumvent1.png,https://audio.tudienkala.com/audio/c/i/circumvent.mp3
89,cogent,/ˈkəʊdʒənt/,adj,vững chắc; có sức thuyết phục,She put forward some cogent reasons for abandoning the plan.,Cô ấy đưa ra một số lý do thuyết phục cho việc từ bỏ kế hoạch.,https://audio.tudienkala.com/data/cache/images/300x225/c/o/cogent1.jpg,https://audio.tudienkala.com/audio/c/o/cogent.mp3
89,cold-shoulder,,v,lạnh nhạt với ai,"I spoke to her on the street, but she gave me the cold shoulder.","Tôi đã nói chuyện với cô ấy trên phố, nhưng cô ấy lại lạnh nhạt với tôi.",https://audio.tudienkala.com/data/cache/images/300x225/c/o/cold-shoulder1.jpg,https://audio.tudienkala.com/audio/c/o/cold-shoulder.mp3
89,collide,/kəˈlaɪd/,v,"va nhau, đụng nhau",The car and the van collided head-on in thick fog.,Ô tô và chiếc xe tải va chạm đầu vào nhau trong sương mù dày đặc.,https://audio.tudienkala.com/data/cache/images/300x225/c/o/collide1.jpg,https://audio.tudienkala.com/audio/c/o/collide.mp3
89,commodious,/kəˈməʊdiəs/,adj,rộng rãi,I finally found an inexpensive hotel with rooms that are commodious enough for the whole family.,Cuối cùng tôi cũng tìm được một khách sạn không quá đắt có phòng đủ rộng rãi cho cả gia đình.,https://audio.tudienkala.com/data/cache/images/300x225/c/o/commodious1.jpg,https://audio.tudienkala.com/audio/c/o/commodious.mp3
89,concord,/ˈkɒŋ.kɔːd/,n,"sự hòa hợp, hòa thuận",We should live in concord with neighbouring states.,Chúng ta nên sống hòa hợp với các quốc gia láng giềng.,https://audio.tudienkala.com/data/cache/images/300x225/c/o/concord1.jpg,https://audio.tudienkala.com/audio/c/o/concord.mp3
89,condolence,/kənˈdəʊləns/,n,lời chia buồn; sự chia buồn,Our condolences go to his wife and family.,Xin gửi lời chia buồn của chúng tôi đến với vợ và gia đình anh ấy.,https://audio.tudienkala.com/data/cache/images/300x225/c/o/condolence1.jpg,https://audio.tudienkala.com/audio/c/o/condolence.mp3
89,condone,/kənˈdəʊn/,v,"tha thứ, bỏ qua",Terrorism can never be condoned.,Khủng bố không bao giờ có thể được tha thứ.,https://audio.tudienkala.com/data/cache/images/300x225/c/o/condone1.jpg,https://audio.tudienkala.com/audio/c/o/condone.mp3
89,confederate,/kənˈfedərət/,n,người đồng mưu; người cấu kết,Rokovssky was his confederate in the assassination plot.,Rokovssky là đồng phạm của hắn trong âm mưu ám sát.,https://audio.tudienkala.com/data/cache/images/300x225/c/o/confederate1.jpg,https://audio.tudienkala.com/audio/c/o/confederate.mp3
89,confluence,/ˈkɒnfluːəns/,n,sự hợp lưu (khi hai thứ hợp thành một),The confluence of the two interior design styles has created a unique trend in decorating.,Sự phối hợp của hai phong cách thiết kế nội thất đã tạo ra một xu hướng độc đáo trong trang trí.,https://audio.tudienkala.com/data/cache/images/300x225/c/o/confluence1.jpg,https://audio.tudienkala.com/audio/c/o/confluence.mp3
89,confound,/kənˈfaʊnd/,v,khiến ai bối rối và ngạc nhiên,The sudden rise in share prices has confounded economists.,Sự gia tăng đột biến trong giá cổ phiếu làm cho các nhà kinh tế học phải ngạc nhiên.,https://audio.tudienkala.com/data/images_example/300x225/t/h/the_sudden_ex2_58772c137f8b9ac5308b473d.jpg,https://audio.tudienkala.com/audio/c/o/confound.mp3
89,congregate,/ˈkɒŋɡrɪɡeɪt/,v,"tập hợp, tụ hợp",Young people often congregate in the main square in the evenings.,Thanh thiếu niên thường tụ tập ở quảng trường chính vào các buổi tối.,https://audio.tudienkala.com/data/cache/images/300x225/c/o/congregate1.jpg,https://audio.tudienkala.com/audio/c/o/congregate.mp3
89,consecrate,/ˈkɒnsɪkreɪt/,v,dùng cho mục đích tôn giáo,The church was consecrated in 1853.,Nhà thờ được dùng cho mục đích tôn giáo vào năm 1853.,https://audio.tudienkala.com/data/cache/images/300x225/c/o/consecrate1.jpg,https://audio.tudienkala.com/audio/c/o/consecrate.mp3
89,conspire,/kənˈspaɪər/,v,âm mưu (việc gì đó bất hợp pháp hoặc tai hại),They were accused of conspiring against the king.,Họ bị cáo buộc âm mưu chống lại nhà vua.,https://audio.tudienkala.com/data/cache/images/300x225/c/o/conspire1.jpg,https://audio.tudienkala.com/audio/c/o/conspire.mp3
89,consummate,/ˈkɒn.sə.mət/,adj,cực kì giỏi; hoàn hảo,She was a consummate performer.,Cô ấy là một diễn viên chuyên nghiệp.,https://audio.tudienkala.com/data/images_example/300x225/s/h/she_was_a__ex2_58772c147f8b9ac5308b4743.jpg,https://audio.tudienkala.com/audio/c/o/consummate.mp3
89,contrive,/kənˈtraɪv/,v,"xoay xở, lo liệu",She contrived to spend a couple of hours with him every Sunday evening.,Cô định ra một vài giờ dành cho anh ấy vào mỗi tối chủ nhật.,https://audio.tudienkala.com/data/images_example/300x225/s/h/she_contri_ex2_58772a5f7f8b9a9d308b4589.jpg,https://audio.tudienkala.com/audio/c/o/contrive.mp3
89,convivial,/kənˈvɪv.i.əl/,adj,"vui tươi, thân thiện (bầu không khí, tính cách)",Anna was a convivial party host who made everyone feel at home.,"Anna là cô chủ tiệc thân thiện, cô đã làm mọi người cảm thấy như ở nhà.",https://audio.tudienkala.com/data/cache/images/300x225/c/o/convivial1.jpg,https://audio.tudienkala.com/audio/c/o/convivial.mp3
89,cordial,/ˈkɔːdiəl/,adj,nồng hậu,"If you treat people in a cordial manner, they will treat you well also.","Nếu bạn đối xử với mọi người một cách chân thành, họ cũng sẽ đối xử với bạn tốt như vậy.",https://audio.tudienkala.com/data/cache/images/300x225/c/o/cordial1.jpg,https://audio.tudienkala.com/audio/c/o/cordial.mp3
89,coterie,/ˈkəʊtəri/,n,nhóm (những người có cùng sở thích nhưng không thích mời người khác),"With his latest novel, James hopes to reach a whole new coterie of readers.","Với cuốn tiểu thuyết mới nhất của mình, James hy vọng sẽ chạm tới được nhóm độc giả hoàn toàn mới.",https://audio.tudienkala.com/data/cache/images/300x225/c/o/coterie1.jpg,https://audio.tudienkala.com/audio/c/o/coterie.mp3
89,covet,/ˈkʌvɪt/,v,"thèm thuồng, thèm muốn",He had long coveted the chance to work with a famous musician.,Cậu ấy từ lâu đã khao khát có cơ hội làm việc với một nhạc sĩ nổi tiếng.,https://audio.tudienkala.com/data/cache/images/300x225/c/o/covet1.jpg,https://audio.tudienkala.com/audio/c/o/covet.mp3
89,crass,/kræs/,adj,"đần độn, dốt đặc",I thought his comments were somewhat crass.,Tôi nghĩ rằng ý kiến của cậu ấy là hơi thô bỉ.,https://audio.tudienkala.com/data/cache/images/300x225/c/r/crass1.jpg,https://audio.tudienkala.com/audio/c/r/crass.mp3
89,creditable,/ˈkredɪtəbl/,adj,"đáng khen, đáng ca ngợi",It was a very creditable result for the team.,Đó là một kết quả rất đáng khen cho cả đội.,https://audio.tudienkala.com/data/cache/images/300x225/c/r/creditable1.jpg,https://audio.tudienkala.com/audio/c/r/creditable.mp3
89,credulous,/ˈkred.jʊ.ləs/,adj,"cả tin, nhẹ dạ",Few people are credulous enough to believe such nonsense.,Có vài người nhẹ dạ đến mức lại tin những điều vô lý như vậy.,https://audio.tudienkala.com/data/images_example/300x225/f/e/few_people_ex2_58772d3c7f8b9ade308b4670.jpg,https://audio.tudienkala.com/audio/c/r/credulous.mp3
89,cringe,/krɪndʒ/,v,"tránh xa ai, trốn ai vì sợ",I cringe when I think of the poems I wrote then.,Tôi co rúm người lại khi tôi nghĩ về những bài thơ tôi viết sau đó.,https://audio.tudienkala.com/data/cache/images/300x225/c/r/cringe1.jpg,https://audio.tudienkala.com/audio/c/r/cringe.mp3
89,culpable,/ˈkʌlpəbl/,adj,đáng khiển trách,The judge found the man culpable of the crime and sentenced him to life in prison.,Các thẩm phán xét thấy tội lỗi của người đàn ông là một tội ác và kết án ông tù chung thân.,https://audio.tudienkala.com/data/cache/images/300x225/c/u/culpable1.jpg,https://audio.tudienkala.com/audio/c/u/culpable.mp3
89,dearth,/dɜːθ/,n,"sự thiếu, sự khan hiếm",There was a dearth of reliable information on the subject.,Có một sự khan hiếm thông tin đáng tin cậy về đề tài này.,https://audio.tudienkala.com/data/cache/images/300x225/d/e/dearth1.jpg,https://audio.tudienkala.com/audio/d/e/dearth.mp3
89,decipher,/dɪˈsaɪfər/,v,giải mã,There was no way I could decipher my doctor’s handwriting.,Không có cách nào mà tôi có thể giải mã chữ viết tay bác sĩ của tôi.,https://audio.tudienkala.com/data/cache/images/300x225/d/e/decipher1.jpg,https://audio.tudienkala.com/audio/d/e/decipher.mp3
89,deem,/diːm/,v,"cho rằng, thấy rằng",The evening was deemed a great success.,Buổi tối đã được coi là một thành công lớn.,https://audio.tudienkala.com/data/images_example/300x225/t/h/the_evenin_ex2_58772edc7f8b9a48318b4620.jpg,https://audio.tudienkala.com/audio/d/e/deem.mp3
89,delectable,/dɪˈlektəbl/,adj,ngon lành,There is the delectable smell of freshly baked bread.,Có mùi ngon lành của bánh mì mới ra lò.,https://audio.tudienkala.com/data/cache/images/300x225/d/e/delectable1.jpg,https://audio.tudienkala.com/audio/d/e/delectable.mp3
89,deluge,/ˈdeljuːdʒ/,v,"đổ dồn một thứ gì cho ai, cái gì trong cùng một lúc",The town was deluged with thick slimy mud.,Thành phố tràn ngập đầy bùn nhớp nháp.,https://audio.tudienkala.com/data/cache/images/300x225/d/e/deluge1.jpg,https://audio.tudienkala.com/audio/d/e/deluge.mp3
89,demagogue,/ˈdeməɡɒɡ/,n,"(chính trị gia, người cầm quyền) kẻ mị dân",Only a demagogue could persuade so many people to rebel against authority.,Chỉ có một kẻ mị dân mới có thể thuyết phục được rất nhiều người nổi dậy chống lại chính quyền.,https://audio.tudienkala.com/data/cache/images/300x225/d/e/demagogue1.jpg,https://audio.tudienkala.com/audio/d/e/demagogue.mp3
89,demure,/dɪˈmjʊər/,adj,"kín đáo; nghiêm trang, từ tốn",She was a demure young lady.,Cô ta là một quý bà trẻ đoan trang.,https://audio.tudienkala.com/data/cache/images/300x225/d/e/demure1.jpg,https://audio.tudienkala.com/audio/d/e/demure.mp3
89,denounce,/dɪˈnaʊns/,v,chỉ trích mạnh mẽ,The government's economic policy has been denounced on all sides.,Chính sách kinh tế của chính phủ đã bị chỉ trích mạnh mẽ từ tất cả các bên.,https://audio.tudienkala.com/data/cache/images/300x225/d/e/denounce1.jpg,https://audio.tudienkala.com/audio/d/e/denounce.mp3
89,deplete,/dɪˈpliːt/,v,"cạn kiệt, suy yếu",Food supplies were severely depleted.,Nguồn cung cấp lương thực đã cạn kiệt nghiêm trọng.,https://audio.tudienkala.com/data/images_example/300x225/f/o/food_suppl_ex2_58772a657f8b9a9d308b45a9.jpg,https://audio.tudienkala.com/audio/d/e/deplete.mp3
89,deplore,/dɪˈplɔːr/,v,kịch liệt phản đối,"Like everyone else, I deplore and condemn this killing.","Cũng giống như những người khác, tôi kịch liệt phản đối và lên án vụ giết người này.",https://audio.tudienkala.com/data/cache/images/300x225/d/e/deplore1.jpg,https://audio.tudienkala.com/audio/d/e/deplore.mp3
89,deprave,/dɪˈpreɪv/,v,"làm hư hỏng, làm suy đồi",In my view this book would deprave young children.,Theo quan điểm của tôi cuốn sách này sẽ làm trẻ nhỏ hư hỏng.,https://audio.tudienkala.com/data/cache/images/300x225/d/e/deprave1.jpg,https://audio.tudienkala.com/audio/d/e/deprave.mp3
89,deprecate,/ˈdep.rə.keɪt/,v,"phản đối mạnh, không tán thành",Your children will not respect you if you constantly deprecate them.,Con bạn sẽ không tôn trọng bạn nếu bạn liên tục không tán thành chúng.,https://audio.tudienkala.com/data/images_example/300x225/y/o/your_child_ex2_58772d3e7f8b9ade308b467e.jpg,https://audio.tudienkala.com/audio/d/e/deprecate.mp3
89,depreciate,/dɪˈpriːʃieɪt/,v,bị giảm giá trị,The new car starts to depreciate in value as soon as it is driven off the lot.,Chiếc xe hơi mới sẽ bắt đầu giảm giá trị khi nó được lái nhiều.,https://audio.tudienkala.com/data/cache/images/300x225/d/e/depreciate1.jpg,https://audio.tudienkala.com/audio/d/e/depreciate.mp3
89,deranged,/dɪˈreɪndʒd/,adj,loạn trí,She got mentally deranged.,Cô ấy bị thần kinh loạn trí rồi.,https://audio.tudienkala.com/data/cache/images/300x225/d/e/deranged1.jpg,https://audio.tudienkala.com/audio/d/e/deranged.mp3
89,destitute,/ˈdestɪtjuːt/,adj,bần cùng,"When he died, his family was left completely destitute life.","Khi ông ấy qua đời, gia đình ông đã hoàn toàn rơi vào cảnh bần cùng.",https://audio.tudienkala.com/data/cache/images/300x225/d/e/destitute1.jpg,https://audio.tudienkala.com/audio/d/e/destitute.mp3
89,didactic,/daɪˈdæk.tɪk/,adj,"để dạy ai điều gì, sư phạm","Although the fiction books are not meant to be didactic, they are quite informative.","Mặc dù những cuốn sách tiểu thuyết không có ý nghĩa giáo huấn, nhưng chúng có tác dụng nâng cao ý thức.",https://audio.tudienkala.com/data/cache/images/300x225/d/i/didactic1.jpg,https://audio.tudienkala.com/audio/d/i/didactic.mp3
89,diffident,/ˈdɪfɪdənt/,adj,thiếu tự tin; không muốn nói về bản thân,The diffident girl found it hard to talk to the boy of her dreams.,Các cô gái thiếu tự tin sẽ thấy khó khăn khi nói chuyện với các chàng trai về ước mơ của mình.,https://audio.tudienkala.com/data/cache/images/300x225/d/i/diffident1.jpg,https://audio.tudienkala.com/audio/d/i/diffident.mp3
89,dilettante,/ˌdɪl.əˈtæn.ti/,n,người không chuyên sâu (không tập trung đi sâu vào cái gì); nghiệp dư,"Although Gary purchased an expensive camera, he is a dilettante because he rarely takes pictures.","Dù Gary đã mua một chiếc máy ảnh đắt tiền, nhưng anh ấy chỉ là người nghiệp dư, vì anh hiếm khi chụp ảnh.",https://audio.tudienkala.com/data/cache/images/300x225/d/i/dilettante1.jpg,https://audio.tudienkala.com/audio/d/i/dilettante.mp3
89,disconcert,/ˌdɪskənˈsɜːt/,v,"làm bối rối, làm lúng túng",His answer rather disconcerted her.,Câu trả lời của cậu ấy hơi làm cô ấy bối rối.,https://audio.tudienkala.com/data/cache/images/300x225/d/i/disconcert1.jpg,https://audio.tudienkala.com/audio/d/i/disconcert.mp3
89,disconsolate,/dɪˈskɒnsələt/,adj,rất buồn và thất vọng,The disconsolate players left for home without a trophy.,Các cầu thủ rất buồn và thất vọng trở về nhà mà không có chiến thắng nào.,https://audio.tudienkala.com/data/cache/images/300x225/d/i/disconsolate1.jpg,https://audio.tudienkala.com/audio/d/i/disconsolate.mp3
90,discord,/ˈdɪskɔːd/,n,sự bất hòa,He often sows discord among family members.,Anh ta thường gieo mối bất hoà trong các thành viên gia đình.,https://audio.tudienkala.com/data/cache/images/300x225/d/i/discord1.jpg,https://audio.tudienkala.com/audio/d/i/discord.mp3
90,dispassionate,/dɪˈspæʃ.ən.ət/,adj,không thiên vị,She is a dispassionate observer.,Cô ấy là một quan sát viên công minh.,https://audio.tudienkala.com/data/cache/images/300x225/d/i/dispassionate1.jpg,https://audio.tudienkala.com/audio/d/i/dispassionate.mp3
90,disseminate,/di'semineit/,v,"truyền bá; phổ biến, gieo rắc (khắp nơi)",The media disseminates news across the world.,Truyền thông đại chúng phổ biến tin tức đi khắp thế giới.,https://audio.tudienkala.com/data/cache/images/300x225/d/i/disseminate.gif,https://audio.tudienkala.com/audio/d/i/disseminate.mp3
90,dissipate,/ˈdɪsɪpeɪt/,v,"xua tan, (làm) tiêu tan","Eventually, his anger dissipated.",Cuối cùng thì cơn giận của cậu ấy cũng tan biến.,https://audio.tudienkala.com/data/images_example/300x225/e/v/eventually_ex2_58772c1c7f8b9ac5308b4771.jpg,https://audio.tudienkala.com/audio/d/i/dissipate.mp3
90,dissociate,/dɪˈsəʊʃieɪt/,v,"tách mình ra khỏi một kế hoạch, hoạt động,...",She tried to dissociate the two events in her mind.,Cô đã cố gắng phân tách ra hai sự kiện trong tâm trí cô.,https://audio.tudienkala.com/data/images_example/300x225/s/h/she_tried__ex2_58772ee27f8b9a48318b4634.jpg,https://audio.tudienkala.com/audio/d/i/dissociate.mp3
90,dissolute,/ˈdɪs.ə.luːt/,adj,phóng đãng,He has been excommunicated from the church because of his dissolute habits.,Ông ấy đã bị nhà thờ trừng phạt vì những thói quen phóng túng của mình.,https://audio.tudienkala.com/data/cache/images/300x225/d/i/dissolute1.jpg,https://audio.tudienkala.com/audio/d/i/dissolute.mp3
90,divulge,/daɪˈvʌldʒ/,v,tiết lộ thông tin bí mật,Police refused to divulge the identity of the suspect.,Cảnh sát từ chối tiết lộ danh tính của các nghi can.,https://audio.tudienkala.com/data/cache/images/300x225/d/i/divulge1.jpg,https://audio.tudienkala.com/audio/d/i/divulge.mp3
90,dolorous,/ˈdɒlərəs/,adj,đau thương,The dolorous film made me recall sad times.,Bộ phim đau thương khiến tôi nhớ lại những khi buồn bã.,https://audio.tudienkala.com/data/cache/images/300x225/d/o/dolorous1.jpg,https://audio.tudienkala.com/audio/d/o/dolorous.mp3
90,edict,/ˈiːdɪkt/,n,"chỉ dụ, sắc lệnh",The festival was banned by royal edict.,Lễ hội đã bị cấm bởi sắc lệnh hoàng gia.,https://audio.tudienkala.com/data/cache/images/300x225/e/d/edict1.jpg,https://audio.tudienkala.com/audio/e/d/edict.mp3
90,edify,/ˈed.ɪ.faɪ/,v,"mở mang trí óc (ai), soi sáng ai (nghĩa bóng)",These books will both entertain and edify readers.,Những quyển sách sẽ mang cả tính giải trí và mở mang trí óc cho độc giả.,https://audio.tudienkala.com/data/cache/images/300x225/e/d/edify1.jpg,https://audio.tudienkala.com/audio/e/d/edify.mp3
90,effete,/ɪˈfiːt/,adj,suy yếu; hết thời,That was an effete monarchy.,Đó là một chế độ quân chủ suy yếu.,https://audio.tudienkala.com/data/images_example/300x225/t/h/that_was_a_ex2_58772ee57f8b9a48318b463e.jpg,https://audio.tudienkala.com/audio/e/f/effete.mp3
90,egoism,/ˈiːɡəʊɪzəm/,n,tính ích kỷ,His egoism prevented him from really loving anyone but himself.,Sự ích kỷ của anh ta đã cản trở anh ta yêu bất kì ai ngoài bản thân anh ta.,https://audio.tudienkala.com/data/cache/images/300x225/e/g/egoism1.jpg,https://audio.tudienkala.com/audio/e/g/egoism.mp3
90,egregious,/ɪˈɡriːdʒəs/,adj,"cực kì xấu xa, tệ",He has a egregious behaviour.,Anh ta có một lối cư xử tệ hại.,https://audio.tudienkala.com/data/cache/images/300x225/e/g/egregious1.jpg,https://audio.tudienkala.com/audio/e/g/egregious.mp3
90,elevate,/ˈeləˌveɪt/,v,nâng lên,Lie down and elevate your feet.,Nằm xuống và nâng chân lên.,https://audio.tudienkala.com/data/cache/images/300x225/e/l/elevate1.jpg,https://audio.tudienkala.com/audio/e/l/elevate.mp3
90,elucidate,/ɪˈluːsɪdeɪt/,v,làm sáng tỏ; giải thích,He elucidated a point of grammar.,Cậu ấy đã làm sáng tỏ là một điểm của ngữ pháp.,https://audio.tudienkala.com/data/cache/images/300x225/e/l/elucidate2.png,https://audio.tudienkala.com/audio/e/l/elucidate.mp3
90,elude,/ɪˈluːd/,v,"tránh né, trốn thoát ai một cách khéo léo",The two men managed to elude the police for six weeks.,Hai người đàn ông đã xoay xở để tránh né cảnh sát trong sáu tuần.,https://audio.tudienkala.com/data/cache/images/300x225/e/l/elude1.jpg,https://audio.tudienkala.com/audio/e/l/elude.mp3
90,encase,/ɪnˈkeɪs/,v,"bọc lấy, bao bọc (để bảo vệ)",The reactor is encased in concrete and steel.,Các lò phản ứng được bọc trong bê tông và thép.,https://audio.tudienkala.com/data/cache/images/300x225/e/n/encase1.jpg,https://audio.tudienkala.com/audio/e/n/encase.mp3
90,encroach,/ɪnˈkrəʊtʃ/,v,"xâm phạm (thời gian, quyền lợi, đời tư,...)",I won't encroach on your time any longer.,Tôi sẽ không xâm phạm vào thời gian của bạn nữa.,https://audio.tudienkala.com/data/cache/images/300x225/e/n/encroach1.jpg,https://audio.tudienkala.com/audio/e/n/encroach.mp3
90,engender,/ɪnˈdʒendər/,v,"gây ra, đem lại",The issue engendered controversy.,Vấn đề đã gây ra tranh cãi.,https://audio.tudienkala.com/data/cache/images/300x225/e/n/engender1.gif,https://audio.tudienkala.com/audio/e/n/engender.mp3
90,ennui,/ɒnˈwiː/,n,sự buồn chán,Listening to your dull story about becoming a librarian is leaving me in a state of ennui.,"Nghe câu chuyện buồn tẻ của bạn về việc trở thành người quản lí thư viện, đang để lại cho tôi một tâm trạng buồn chán.",https://audio.tudienkala.com/data/cache/images/300x225/e/n/ennui1.jpg,https://audio.tudienkala.com/audio/e/n/ennui.mp3
90,ensue,/ɪnˈsjuː/,v,xảy ra sau đó,An argument ensued.,Một cuộc tranh cãi đã xảy ra sau đó.,https://audio.tudienkala.com/data/cache/images/300x225/e/n/ensue1.jpg,https://audio.tudienkala.com/audio/e/n/ensue.mp3
90,enthral,/ɪnˈθrɔːl/,v,"mê hoặc, làm mê mệt","The child watched, and was enthralled by the bright moving images.","Bọn trẻ đã xem, và bị mê hoặc bởi những hình ảnh sáng chuyển động.",https://audio.tudienkala.com/data/cache/images/300x225/e/n/enthral1.jpg,https://audio.tudienkala.com/audio/e/n/enthral.mp3
90,entreat,/ɪnˈtriːt/,v,"khẩn nài, khẩn khoản","Please help me, I entreat you.","Xin hãy giúp tôi, tôi van nài bạn đấy.",https://audio.tudienkala.com/data/cache/images/300x225/e/n/entreat1.jpg,https://audio.tudienkala.com/audio/e/n/entreat.mp3
90,ephemeral,/ɪˈfemərəl/,adj,phù du; kéo dài trong thời gian ngắn,He's fed up with ephemeral pleasures.,Anh ta chán ngấy với những thú vui phù du.,https://audio.tudienkala.com/data/cache/images/300x225/e/p/ephemeral1.jpg,https://audio.tudienkala.com/audio/e/p/ephemeral.mp3
90,epitaph,/ˈepɪtɑːf/,n,văn bia,"When I am buried, I want the epitaph on my headstone to read, “Wife, Mother, and Friend.”","Khi tôi được chôn cất, tôi muốn các chữ khắc bia trên bia mộ của tôi là ""Vợ, Mẹ, và bạn bè.""",https://audio.tudienkala.com/data/cache/images/300x225/e/p/epitaph1.jpg,https://audio.tudienkala.com/audio/e/p/epitaph.mp3
90,epithet,/ˈep.ɪ.θet/,n,từ dùng để chỉ ai hoặc cái gì đó có tính chất quan trọng (nhất là để khen hoặc chỉ trích),The film is long and dramatic but does not quite earn the epithet ‘epic’.,Bộ phim dài và kịch tính nhưng không hoàn toàn giành được danh xưng 'hoành tráng'.,https://audio.tudienkala.com/data/cache/images/300x225/e/p/epithet1.jpg,https://audio.tudienkala.com/audio/e/p/epithet.mp3
90,equable,/ˈek.wə.bl̩/,adj,"điềm đạm, điềm tĩnh",He has an equable temperament.,Anh ta có khí chất điềm đạm.,https://audio.tudienkala.com/data/cache/images/300x225/e/q/equable1.jpg,https://audio.tudienkala.com/audio/e/q/equable.mp3
90,erode,/ɪˈrəʊd/,v,"xói mòn, ăn mòn",The cliff face has been steadily eroded by the sea.,Bề mặt vách đá bị bào mòn dần dần bởi sóng biển.,https://audio.tudienkala.com/data/cache/images/300x225/e/r/erode1.jpg,https://audio.tudienkala.com/audio/e/r/erode.mp3
90,err,/ɜːr/,v,phạm sai lầm,"To err is human, to forgive divine.","Con người không ai hoàn hảo, hãy biết tha thứ.",https://audio.tudienkala.com/data/cache/images/300x225/e/r/err1.jpg,https://audio.tudienkala.com/audio/e/r/err.mp3
90,erudite,/ˈer.ʊ.daɪt/,adj,"học rộng, uyên bác",She could turn any conversation into an erudite discussion.,Cô ấy có thể biến bất kỳ cuộc trò chuyện nào thành một cuộc thảo luận uyên bác.,https://audio.tudienkala.com/data/cache/images/300x225/e/r/erudite2.png,https://audio.tudienkala.com/audio/e/r/erudite.mp3
90,evacuate,/ɪˈvækjueɪt/,v,sơ tán,Police evacuated nearby buildings.,Cảnh sát đã sơ tán tòa nhà gần đó.,https://audio.tudienkala.com/data/cache/images/300x225/e/v/evacuate1.jpg,https://audio.tudienkala.com/audio/e/v/evacuate.mp3
90,exalt,/ɪɡˈzɒlt/,v,ca ngợi,His son was exalted to a high position in the government through family connections.,Con trai ông ấy đã được đưa lên đến một vị trí cao trong chính phủ nhờ vào mối quan hệ gia đình.,https://audio.tudienkala.com/data/cache/images/300x225/e/x/exalt1.jpg,https://audio.tudienkala.com/audio/e/x/exalt.mp3
90,excavate,/ˈekskəveɪt/,v,khai quật,The Germans began to excavate the great temple of Hera at Samos in 1910.,Người Đức đã bắt đầu khai quật ngôi đền lớn của Hera tại Samos vào năm 1910.,https://audio.tudienkala.com/data/cache/images/300x225/e/x/excavate1.jpg,https://audio.tudienkala.com/audio/e/x/excavate.mp3
90,excerpt,/ˈeksɜːpt/,n,đoạn trích,Read the following excerpt from one of Milton's poems.,Hãy đọc đoạn trích sau đây từ một trong những bài thơ của Milton.,https://audio.tudienkala.com/data/cache/images/300x225/e/x/excerpt1.jpg,https://audio.tudienkala.com/audio/e/x/excerpt.mp3
90,exhilarate,/ɪɡˈzɪl.ə.reɪt/,v,"làm vui vẻ, làm phấn khởi",Achieving my weight loss goal is sure to exhilarate me.,Đạt được mục tiêu giảm cân chắc chắn sẽ làm tôi phấn khởi.,https://audio.tudienkala.com/data/cache/images/300x225/e/x/exhilarate1.jpg,https://audio.tudienkala.com/audio/e/x/exhilarate.mp3
90,expound,/ɪkˈspaʊnd/,v,trình bày chi tiết,He expounded his views on the subject to me at great length.,Anh ấy đã trình bày quan điểm về chủ đề cho tôi thật dài dòng.,https://audio.tudienkala.com/data/cache/images/300x225/e/x/expound1.jpg,https://audio.tudienkala.com/audio/e/x/expound.mp3
90,expurgate,/ˈekspəɡeɪt/,v,cắt bỏ (những chỗ không thích hợp trong một cuốn sách hoặc một cuộc hội thoại),"Although Peter tried very hard to expurgate thoughts of Anna from his mind after the breakup, he still saw her face everywhere.","Dù Peter đã rất cố gắng để bỏ bớt những suy nghĩ về Anna từ tâm trí của mình sau khi chia tay, nhưng anh vẫn thấy khuôn mặt của cô ở khắp mọi nơi.",https://audio.tudienkala.com/data/cache/images/300x225/e/x/expurgate1.jpg,https://audio.tudienkala.com/audio/e/x/expurgate.mp3
90,extirpate,/ˈekstɜːpeɪt/,v,"phá hủy, hủy bỏ một thứ không tốt hoặc không cần đến",Hopefully the pesticides will extirpate the insects from my garden.,Hy vọng rằng các loại thuốc trừ sâu sẽ loại trừ tận gốc côn trùng trong khu vườn của tôi.,https://audio.tudienkala.com/data/cache/images/300x225/e/x/extirpate1.jpeg,https://audio.tudienkala.com/audio/e/x/extirpate.mp3
90,extol,/ɪkˈstəʊl/,v,"tán dương, khen ngợi",Doctors often extol the virtues of eating less fat.,Các bác sĩ thường khen ngợi tác dụng của việc ăn ít chất béo;,https://audio.tudienkala.com/data/images_example/300x225/d/o/doctors_of_ex2_58772a727f8b9a9d308b45f3.jpg,https://audio.tudienkala.com/audio/e/x/extol.mp3
90,extraneous,/ɪkˈstreɪniəs/,adj,không trực tiếp liên quan đến (vấn đề đang giải quyết...),We do not want any extraneous information on the page.,Chúng tôi không muốn có bất kỳ thông tin nào không liên quan trên trang web.,https://audio.tudienkala.com/data/cache/images/300x225/e/x/extraneous1.jpg,https://audio.tudienkala.com/audio/e/x/extraneous.mp3
90,exult,/ɪɡˈzʌlt/,v,"hân hoan, hoan hỉ, hả hê (vì một điều gì đã diễn ra)","He leaned back, exulting at the success of his plan.",Cậu ấy ngả người ra sau và hoan hỉ vì kế hoạch thành công.,https://audio.tudienkala.com/data/cache/images/300x225/e/x/exult1.jpg,https://audio.tudienkala.com/audio/e/x/exult.mp3
90,facetious,/fəˈsiːʃəs/,adj,"cố gắng tỏ ra đùa cợt (một cách không phù hợp, không đúng lúc)","Because Jane was overbearing and often facetious, she had few friends.","Vì Jane độc đoán và hay đùa cợt, nên cô có ít bạn.",https://audio.tudienkala.com/data/cache/images/300x225/f/a/facetious1.jpg,https://audio.tudienkala.com/audio/f/a/facetious.mp3
90,fallible,/ˈfæləbl/,adj,có thể sai lầm,Memory is selective and fallible.,Bộ nhớ thì có chọn lọc và có thể sai lầm.,https://audio.tudienkala.com/data/cache/images/300x225/f/a/fallible1.jpg,https://audio.tudienkala.com/audio/f/a/fallible.mp3
90,fastidious,/fæsˈtɪdiəs/,adj,"tỉ mỉ, kĩ lưỡng",Everything was planned in fastidious detail.,Mọi thứ đã được lên kế hoạch chi tiết kĩ lưỡng.,https://audio.tudienkala.com/data/cache/images/300x225/f/a/fastidious1.jpg,https://audio.tudienkala.com/audio/f/a/fastidious.mp3
90,fatuous,/ˈfætjuəs/,adj,ngu ngốc,It was a fatuous choice to carry so many glass cups at once.,Đó là một sự lựa chọn ngu ngốc khi mang theo quá nhiều ly thủy tinh cùng một lúc.,https://audio.tudienkala.com/data/images_example/300x225/i/t/it_was_a_f_ex2_58772d487f8b9ade308b46bc.jpg,https://audio.tudienkala.com/audio/f/a/fatuous.mp3
90,feign,/feɪn/,v,giả vờ,He survived the massacre by feigning death.,Ông ấy đã sống sót trong vụ thảm sát bằng cách giả vờ chết.,https://audio.tudienkala.com/data/cache/images/300x225/f/e/feign1.jpg,https://audio.tudienkala.com/audio/f/e/feign.mp3
90,fervid,/ˈfɜːvɪd/,adj,"nồng nhiệt, tha thiết",The candidate made a fervid speech that held the audience’s attention.,"Các ứng cử viên đã phát biểu nồng nhiệt, giữ được sự chú ý của khán giả.",https://audio.tudienkala.com/data/images_example/300x225/t/h/the_candid_ex2_58772eee7f8b9a48318b4666.jpg,https://audio.tudienkala.com/audio/f/e/fervid.mp3
90,flaccid,/ˈflæs.ɪd/,adj,"mềm, nhũn",The flaccid wind did not stir the chimes on the front porch.,Làn gió yếu ớt không khuấy động được chuông ở trước hiên.,https://audio.tudienkala.com/data/cache/images/300x225/f/l/flaccid1.jpg,https://audio.tudienkala.com/audio/f/l/flaccid.mp3
90,flagrant,/ˈfleɪɡrənt/,adj,trắng trợn,There is a flagrant abuse of human rights.,Có một sự lạm dụng trắng trợn nhân quyền.,https://audio.tudienkala.com/data/cache/images/300x225/f/l/flagrant1.jpg,https://audio.tudienkala.com/audio/f/l/flagrant.mp3
90,flashback,/ˈflæʃbæk/,n,hồi tưởng,Looking at a family photo album is a great way to experience a flashback of your life.,Nhìn vào album ảnh gia đình là một cách tuyệt vời để trải nghiệm một đoạn hồi tưởng về cuộc sống của bạn.,https://audio.tudienkala.com/data/cache/images/300x225/f/l/flashback1.png,https://audio.tudienkala.com/audio/f/l/flashback.mp3
91,flaunt,/flɔːnt/,v,khoe khoang,She flaunts her new clothes today.,Hôm nay cô ấy chưng diện quần áo mới.,https://audio.tudienkala.com/data/cache/images/300x225/f/l/flaunt1.jpg,https://audio.tudienkala.com/audio/f/l/flaunt.mp3
91,fluctuate,/´flʌktʃu¸eit/,v,"dao động, thay đổi bất thường",No one is very comfortable making a large investment while the currency values fluctuate almost daily.,Không ai thấy thật yên tâm thực hiện một đầu tư lớn trong khi giá trị tiền tệ dao động như cơm bữa.,https://audio.tudienkala.com/data/cache/images/300x225/f/l/fluctuate2.jpg,https://audio.tudienkala.com/audio/f/l/fluctuate.mp3
91,fortuitous,/fɔːˈtjuː.ɪ.təs/,adj,tình cờ (nhất là một điều may mắn),This is a fortuitous meeting.,Đây là một cuộc gặp gỡ tình cờ.,https://audio.tudienkala.com/data/images_example/300x225/t/h/this_is_a__ex2_58772c287f8b9ac5308b47ab.jpg,https://audio.tudienkala.com/audio/f/o/fortuitous.mp3
91,fracas,/ˈfrækɑː/,n,"cuộc cãi lộn ầm ĩ, cuộc ẩu đã ầm ĩ",There was a fracas between the supporters of the two teams.,Đã có một cuộc ẩu đả giữa những người ủng hộ của hai đội.,https://audio.tudienkala.com/data/images_example/300x225/t/h/there_was__ex2_58772eef7f8b9a48318b466c.jpg,https://audio.tudienkala.com/audio/f/r/fracas.mp3
91,frugal,/ˈfruːɡəl/,adj,tiết kiệm,He chose a frugal life.,Anh ấy chọn một cuộc sống tiết kiệm.,https://audio.tudienkala.com/data/cache/images/300x225/f/r/frugal1.jpg,https://audio.tudienkala.com/audio/f/r/frugal.mp3
91,frustrate,/frʌsˈtreɪt/,v,làm ai đó nản,What frustrates him is that there's too little money to spend on the project.,Điều thất vọng của cậu ấy là có quá ít tiền để chi tiêu cho các dự án.,https://audio.tudienkala.com/data/cache/images/300x225/f/r/frustrate1.jpg,https://audio.tudienkala.com/audio/f/r/frustrate.mp3
91,genealogy,/dʒiːniˈælədʒi/,n,gia phả học,"Genealogy also known as family history, is the study of families and the tracing of their lineages and history.","Gia phả còn được gọi là lịch sử gia đình, là nghiên cứu về gia đình và sự theo dấu dòng tộc và lịch sử.",https://audio.tudienkala.com/data/cache/images/300x225/g/e/genealogy1.jpg,https://audio.tudienkala.com/audio/g/e/genealogy.mp3
91,gesticulate,/dʒesˈtɪkjəleɪt/,v,khoa tay múa chân (để diễn đạt hoặc gây sự chú ý),"He was gesticulating wildly at me , but I could not understand what he was trying to tell me.","Anh ta khoa tay múa chân rối rít với tôi, nhưng tôi chẳng hiểu anh ta muốn nói gì.",https://audio.tudienkala.com/data/cache/images/300x225/g/e/gesticulate1.jpg,https://audio.tudienkala.com/audio/g/e/gesticulate.mp3
91,glib,/ɡlɪb/,adj,"lém lỉnh, liến thoắng",a glib salesman,một nhân viên bán hàng lém lỉnh,https://audio.tudienkala.com/data/images_example/300x225/a/_/a_glib_sal_ex2_58772ef17f8b9a48318b4674.jpg,https://audio.tudienkala.com/audio/g/l/glib.mp3
91,glisten,/ˈɡlɪsən/,v,sáng lấp lánh,Her eyes were glistening with tears.,Đôi mắt cô ấy long lanh những giọt nước mắt.,https://audio.tudienkala.com/data/images_example/300x225/h/e/her_eyes_w_ex2_58772ef17f8b9a48318b4676.jpg,https://audio.tudienkala.com/audio/g/l/glisten.mp3
91,glorify,/ˈɡlɔːrɪfaɪ/,v,"tuyên dương, ca ngợi",He denies that the movie glorifies violence.,Ông ấy phủ nhận rằng bộ phim tôn vinh bạo lực.,https://audio.tudienkala.com/data/cache/images/300x225/g/l/glorify1.jpg,https://audio.tudienkala.com/audio/g/l/glorify.mp3
91,gratify,/ˈɡrætɪfaɪ/,v,làm ai đó hài lòng,It gratified him to think that it was all his work.,Anh ấy hài lòng khi nghĩ rằng đó là tất cả các công việc của mình.,https://audio.tudienkala.com/data/cache/images/300x225/g/r/gratify1.jpg,https://audio.tudienkala.com/audio/g/r/gratify.mp3
91,gregarious,/ɡrɪˈɡeəriəs/,adj,thích giao lưu,She's very outgoing and gregarious.,Cô ấy rất cởi mở và thích giao lưu.,https://audio.tudienkala.com/data/cache/images/300x225/g/r/gregarious1.jpg,https://audio.tudienkala.com/audio/g/r/gregarious.mp3
91,haggle,/ˈhæɡl/,v,"mặc cả, tranh cãi",It's not worth haggling over a few pence.,Thật không đáng để mặc cả vài xu.,https://audio.tudienkala.com/data/cache/images/300x225/h/a/haggle1.jpg,https://audio.tudienkala.com/audio/h/a/haggle.mp3
91,handicraft,/ˈhændɪkrɑːft/,n,thủ công mỹ nghệ,"Her hobbies are music, reading and handicraft.","Sở thích của cô ấy là âm nhạc, đọc sách và thủ công mỹ nghệ.",https://audio.tudienkala.com/data/cache/images/300x225/h/a/handicraft1.jpg,https://audio.tudienkala.com/audio/h/a/handicraft.mp3
91,harangue,/həˈræŋ/,v,"diễn thuyết quyết liệt gay gắt nhằm chỉ trích ai, cái gì; kêu gọi, hô hào",He walked to the front of the stage and began to harangue the audience.,Anh ấy bước lên phía trước sân khấu và bắt đầu đọc diễn văn trước đám đông khán giả.,https://audio.tudienkala.com/data/cache/images/300x225/h/a/harangue1.jpg,https://audio.tudienkala.com/audio/h/a/harangue.mp3
91,haughty,/ˈhɔːti/,adj,"kiêu căng, ngạo mạn",He replied with haughty disdain.,Ông ta trả lời với thái độ khinh thị ngạo mạn.,https://audio.tudienkala.com/data/cache/images/300x225/h/a/haughty1.jpg,https://audio.tudienkala.com/audio/h/a/haughty.mp3
91,heedless,/ˈhiːd.ləs/,adj,"không chú ý, lơ là",The boy is heedless of his studies.,Thằng bé lơ là việc học hành.,https://audio.tudienkala.com/data/images_example/300x225/t/h/the_boy_is_ex2_58772ef47f8b9a48318b4680.jpg,https://audio.tudienkala.com/audio/h/e/heedless.mp3
91,heinous,/ˈheɪnəs/,adj,cực kỳ tàn ác,He is a heinous criminal.,Ông ta là kẻ tội phạm tàn ác.,https://audio.tudienkala.com/data/images_example/300x225/h/e/he_is_a_he_ex2_58772ef47f8b9a48318b4682.jpg,https://audio.tudienkala.com/audio/h/e/heinous.mp3
91,hiatus,/haɪˈeɪtəs/,n,quãng nghỉ,"After a five-month hiatus, the talks resumed.","Sau một thời gian gián đoạn năm tháng, các cuộc đàm phán được nối lại.",https://audio.tudienkala.com/data/cache/images/300x225/h/i/hiatus1.jpg,https://audio.tudienkala.com/audio/h/i/hiatus.mp3
91,hurl,/hɜːl/,v,ném mạnh,He hurled a brick through the window.,Anh ấy đã ném mạnh một viên gạch qua cửa sổ.,https://audio.tudienkala.com/data/cache/images/300x225/h/u/hurl1.jpg,https://audio.tudienkala.com/audio/h/u/hurl.mp3
91,hurtle,/ˈhɜːtl/,v,di chuyển rất nhanh về một hướng,When meteors hurtle through the atmosphere they leave a column of ionized gas in their trail.,"Khi sao băng di chuyển rất nhanh qua bầu khí quyển, chúng để lại một cột khí ion hóa trên đường đi.",https://audio.tudienkala.com/data/cache/images/300x225/h/u/hurtle1.jpg,https://audio.tudienkala.com/audio/h/u/hurtle.mp3
91,hyperbole,/haɪˈpɜːbəli/,n,lối nói cường điệu,The film is being promoted with all the usual hyperbole.,Bộ phim đang được quảng bá với tất cả sự cường điệu như thường lệ.,https://audio.tudienkala.com/data/images_example/300x225/t/h/the_film_i_ex2_58772c2a7f8b9ac5308b47b9.jpg,https://audio.tudienkala.com/audio/h/y/hyperbole.mp3
91,idiosyncrasy,/ɪd.i.əˈsɪŋ.krə.si/,n,phong cách riêng (nhất là bất bình thường); đặc tính không bình thường,"Wearing a raincoat, even on a hot day, is one of her idiosyncrasies.","Mặc một chiếc áo mưa, thậm chí vào một ngày nóng, là một trong những phong cách riêng của cô ấy.",https://audio.tudienkala.com/data/cache/images/300x225/i/d/idiosyncrasy1.jpg,https://audio.tudienkala.com/audio/i/d/idiosyncrasy.mp3
91,impair,/ɪmˈpeər/,v,"làm suy yếu, phá hỏng",His age impaired his chances of finding a new job.,Tuổi của anh ấy đã làm giảm cơ hội tìm một công việc mới.,https://audio.tudienkala.com/data/cache/images/300x225/i/m/impair1.jpg,https://audio.tudienkala.com/audio/i/m/impair.mp3
91,impeach,/ɪmˈpiːtʃ/,v,kết tội (một nhân vật quan trọng),His veracity cannot be impeached,Tính trung thực của ông ấy không thể bị nghi ngờ.,https://audio.tudienkala.com/data/cache/images/300x225/i/m/impeach1.jpg,https://audio.tudienkala.com/audio/i/m/impeach.mp3
91,impervious,/ɪmˈpɜːviəs/,adj,"không cho chất lỏng, khí thấm hay đi qua được",She was impervious to his charms.,Cô ấy vẫn trơ trơ trước sự quyến rũ của anh ta.,https://audio.tudienkala.com/data/images_example/300x225/s/h/she_was_im_ex2_58772c2c7f8b9ac5308b47c9.jpg,https://audio.tudienkala.com/audio/i/m/impervious.mp3
91,implacable,/ɪmˈplækəbl/,adj,không thể thay đổi được,He's my an implacable enemy.,Anh ta là một kẻ thù không đội trời chung của tôi.,https://audio.tudienkala.com/data/images_example/300x225/a/n/an_implaca_ex2_58772a7a7f8b9a9d308b461d.jpg,https://audio.tudienkala.com/audio/i/m/implacable.mp3
91,impregnable,/ɪmˈpreɡ.nə.bl̩/,adj,bất khả xâm phạm,This is an impregnable fortress.,Đây là một pháo đài bất khả xâm phạm.,https://audio.tudienkala.com/data/cache/images/300x225/i/m/impregnable1.jpg,https://audio.tudienkala.com/audio/i/m/impregnable.mp3
91,improvident,/ɪmˈprɒvɪdənt/,adj,không biết dự liệu; hoang phí,He taught his children to save money so they would not become improvident adults.,Ông ấy đã dạy con cái của mình tiết kiệm tiền vì vậy chúng sẽ không trở thành những người hoang phí.,https://audio.tudienkala.com/data/cache/images/300x225/i/m/improvident1.jpg,https://audio.tudienkala.com/audio/i/m/improvident.mp3
91,impugn,/ɪmˈpjuːn/,v,"công kích, bài bác",There were no real grounds for impugning the decision.,Không có cơ sở thực tế để bài bác các quyết định.,https://audio.tudienkala.com/data/images_example/300x225/t/h/there_were_ex2_58772ef77f8b9a48318b468e.jpg,https://audio.tudienkala.com/audio/i/m/impugn.mp3
91,inaugurate,/ɪˈnɔːɡjəreɪt/,v,khai mạc; tấn phong,He will be inaugurated (as) President in January.,Ông ấy sẽ được nhậm chức Tổng thống vào tháng giêng.,https://audio.tudienkala.com/data/cache/images/300x225/i/n/inaugurate1.jpg,https://audio.tudienkala.com/audio/i/n/inaugurate.mp3
91,incarcerate,/ɪnˈkɑːsəreɪt/,v,"bỏ tù, tống giam, giam hãm",Thousands were incarcerated in labour camps.,Hàng ngàn người đã bị giam giữ trong các trại lao động.,https://audio.tudienkala.com/data/cache/images/300x225/i/n/incarcerate1.jpg,https://audio.tudienkala.com/audio/i/n/incarcerate.mp3
91,incessant,/ɪnˈsesənt/,adj,"không dứt, liên miên",There has been a week of almost incessant rain.,Đã một tuần mưa liên miên.,https://audio.tudienkala.com/data/cache/images/300x225/i/n/incessant1.jpg,https://audio.tudienkala.com/audio/i/n/incessant.mp3
91,incisive,/ɪnˈsaɪsɪv/,adj,"sắc sảo, sâu sắc",I admire those who have an incisive mind.,Tôi ngưỡng mộ những ai có trí óc sắc sảo.,https://audio.tudienkala.com/data/images_example/300x225/a/n/an_incisiv_ex2_58772a7d7f8b9a9d308b462f.jpg,https://audio.tudienkala.com/audio/i/n/incisive.mp3
91,incognito,/ɪnkɒɡˈniːtəʊ/,adv,ẩn danh,Movie stars often prefer to travel incognito.,Các ngôi sao điện ảnh thường thích đi du lịch ẩn danh.,https://audio.tudienkala.com/data/cache/images/300x225/i/n/incognito1.jpg,https://audio.tudienkala.com/audio/i/n/incognito.mp3
91,incontrovertible,/ˌɪnˌkɒntrəˈvɜːtəbl/,adj,"không thể chối cãi, hiển nhiên",This is an incontrovertible evidence.,Đây là chứng cớ rành rành.,https://audio.tudienkala.com/data/cache/images/300x225/i/n/incontrovertible1.jpg,https://audio.tudienkala.com/audio/i/n/incontrovertible.mp3
91,indefatigable,/ˌɪndɪˈfætɪɡəbl/,adj,không biết mỏi mệt,She was indefatigable in her search for the truth.,Cô ấy không biết mệt mỏi trong công cuộc tìm kiếm sự thật.,https://audio.tudienkala.com/data/cache/images/300x225/i/n/indefatigable1.jpg,https://audio.tudienkala.com/audio/i/n/indefatigable.mp3
91,infinitesimal,/ɪn.fɪ.nɪˈtes.ɪ.məl/,adj,cực kì nhỏ,Don't underestimate an infinitesimal risk.,Đừng đánh giá thấp một sự rủi ro vô cùng nhỏ.,https://audio.tudienkala.com/data/cache/images/300x225/i/n/infinitesimal1.jpg,https://audio.tudienkala.com/audio/i/n/infinitesimal.mp3
91,infringe,/ɪnˈfrɪndʒ/,v,vi phạm luật lệ,The material can be copied without infringing copyright.,Tài liệu có thể được sao chép mà không vi phạm bản quyền.,https://audio.tudienkala.com/data/cache/images/300x225/i/n/infringe1.jpg,https://audio.tudienkala.com/audio/i/n/infringe.mp3
91,ingenuous,/ɪnˈdʒen.ju.əs/,adj,"trung thực, ngây thơ",You're too ingenuous.,Bạn quá ngây thơ rồi đấy.,https://audio.tudienkala.com/data/cache/images/300x225/i/n/ingenuous1.jpg,https://audio.tudienkala.com/audio/i/n/ingenuous.mp3
91,ingratiate,/ɪnˈɡreɪʃieɪt/,v,lấy lòng,"She tried to ingratiate herself with the director, in the hope of getting promotion.",Cô ta cố lấy lòng giám đốc với hi vọng được thăng tiến.,https://audio.tudienkala.com/data/cache/images/300x225/i/n/ingratiate1.jpg,https://audio.tudienkala.com/audio/i/n/ingratiate.mp3
91,innuendo,/ˌɪnjuˈendəʊ/,n,"lời nói bóng nói gió, lời nói cạnh khóe",He had been subject to a campaign of innuendo in the press.,Anh ta là đối tượng của một chiến dịch nói cạnh nói khoé trên báo chí.,https://audio.tudienkala.com/data/cache/images/300x225/i/n/innuendo2.jpg,https://audio.tudienkala.com/audio/i/n/innuendo.mp3
91,inordinate,/ɪˈnɔːdɪnət/,adj,quá mức,They spent an inordinate amount of time and money on the production.,Họ đã dành một lượng quá nhiều thời gian và tiền bạc vào việc sản xuất.,https://audio.tudienkala.com/data/cache/images/300x225/i/n/inordinate1.jpg,https://audio.tudienkala.com/audio/i/n/inordinate.mp3
91,inscrutable,/ɪnˈskruːtɪbl/,adj,"bí hiểm, khó hiểu (khó biết được suy nghĩ hay cảm xúc của họ)",She has an inscrutable smile.,Cô ấy có một nụ cười bí hiểm.,https://audio.tudienkala.com/data/images_example/300x225/s/h/she_has_an_ex2_58772c317f8b9ac5308b47e5.jpg,https://audio.tudienkala.com/audio/i/n/inscrutable.mp3
91,insinuate,/ɪnˈsɪnjueɪt/,v,"nói bóng gió, ám chỉ",The article insinuated that he was having an affair with his friend's wife.,Bài báo nói bóng gió rằng ông ta đã có quan hệ với vợ của bạn mình.,https://audio.tudienkala.com/data/cache/images/300x225/i/n/insinuate1.jpg,https://audio.tudienkala.com/audio/i/n/insinuate.mp3
91,instigate,/ˈɪnstɪɡeɪt/,v,"xúi giục, kích động",They were accused of instigating racial violence.,Họ bị cáo buộc xúi giục bạo lực sắc tộc.,https://audio.tudienkala.com/data/cache/images/300x225/i/n/instigate1.jpg,https://audio.tudienkala.com/audio/i/n/instigate.mp3
91,intrepid,/ɪnˈtrepɪd/,adj,"gan dạ, dũng cảm",He used to be an intrepid explorer.,Anh ta từng là một nhà thám hiểm dũng cảm.,https://audio.tudienkala.com/data/cache/images/300x225/i/n/intrepid1.jpg,https://audio.tudienkala.com/audio/i/n/intrepid.mp3
91,irascible,/ɪˈræs.ə.bl̩/,adj,dễ nổi nóng,He has an irascible disposition.,Ông ấy có tính khí nóng nảy.,https://audio.tudienkala.com/data/cache/images/300x225/i/r/irascible1.jpg,https://audio.tudienkala.com/audio/i/r/irascible.mp3
91,irksome,/ˈɜːksəm/,adj,phiền phức,What an irksome journey!,Thật là một cuộc hành trình tẻ nhạt!,https://audio.tudienkala.com/data/cache/images/300x225/i/r/irksome1.jpg,https://audio.tudienkala.com/audio/i/r/irksome.mp3
92,jaunty,/ˈdʒɔːnti/,adj,"khoái chí, hài lòng với bản thân",a jaunty smile,Một nụ cười khoái chí.,https://audio.tudienkala.com/data/cache/images/300x225/j/a/jaunty1.jpg,https://audio.tudienkala.com/audio/j/a/jaunty.mp3
92,laconic,/ləˈkɒnɪk/,adj,"vắn tắt, súc tích",a laconic comment,Một lời nhận xét ngắn gọn,https://audio.tudienkala.com/data/images_example/300x225/a/_/a_laconic__ex2_58772d577f8b9ade308b470f.jpg,https://audio.tudienkala.com/audio/l/a/laconic.mp3
92,laud,/lɔːd/,v,"ca ngợi, khen ngợi",He was lauded for his courage.,Anh ấy được ca ngợi vì lòng dũng cảm của mình.,https://audio.tudienkala.com/data/cache/images/300x225/l/a/laud1.jpg,https://audio.tudienkala.com/audio/l/a/laud.mp3
92,luminary,/ˈluːmɪnəri/,n,"chuyên gia, người gây ảnh hưởng lớn trong một lĩnh vực",He has played with all the great jazz luminaries.,Cậu ấy được biểu diễn với tất cả các ngôi sao nhạc jazz lớn.,https://audio.tudienkala.com/data/cache/images/300x225/l/u/luminary1.jpg,https://audio.tudienkala.com/audio/l/u/luminary.mp3
92,microcosm,/ˈmaɪkrəʊˌkɒzəm/,n,"mô hình, đại diện thu nhỏ; thế giới vi mô",The family is a microcosm of society.,Gia đình là một mô hình thu nhỏ của xã hội.,https://audio.tudienkala.com/data/cache/images/300x225/m/i/microcosm1.jpg,https://audio.tudienkala.com/audio/m/i/microcosm.mp3
92,mingle,/ˈmɪŋgl ̩/,v,"hòa lẫn, trộn lẫn",Coffee and milk mingle well.,Cà phê và sữa hòa quyện nhau.,https://audio.tudienkala.com/data/cache/images/300x225/m/i/mingle1.jpg,https://audio.tudienkala.com/audio/m/i/mingle.mp3
92,misanthrope,/ˈmɪsənθrəʊp/,n,kẻ ghét mọi người và tránh xa xã hội loài người; kẻ ghét đời,The young people thought him a gloomy misanthrope.,Giới trẻ nghĩ rằng ông ta là một kẻ chán đời ảm đảm.,https://audio.tudienkala.com/data/cache/images/300x225/m/i/misanthrope1.jpg,https://audio.tudienkala.com/audio/m/i/misanthrope.mp3
92,mishandle,/mɪsˈhændl/,v,giải quyết tồi,The entire campaign had been badly mishandled.,Toàn bộ chiến dịch đã bị xử lí sai một cách tồi tệ.,https://audio.tudienkala.com/data/cache/images/300x225/m/i/mishandle1.jpg,https://audio.tudienkala.com/audio/m/i/mishandle.mp3
92,misnomer,/mɪsˈnəʊmər/,n,"sự nhầm tên, sự dùng từ sai, sự dùng thuật ngữ sai","Since Fred is very skinny, calling him Fat Fred is indeed a misnomer.","Kể từ khi Fred trông rất gầy, người ta vẫn gọi ông Fat Fred quả thực là một cách gọi nhầm lẫn.",https://audio.tudienkala.com/data/cache/images/300x225/m/i/misnomer1.png,https://audio.tudienkala.com/audio/m/i/misnomer.mp3
92,mobilize,/ˈməʊbɪlaɪz/,v,"hợp tác làm việc cho mục đích chung; huy động, động viên",The unions mobilized thousands of workers in a protest against the cuts.,Các đoàn thể huy động hàng nghìn công nhân trong một cuộc biểu tình chống lại việc cắt giảm.,https://audio.tudienkala.com/data/cache/images/300x225/m/o/mobilize1.jpg,https://audio.tudienkala.com/audio/m/o/mobilize.mp3
92,morose,/məˈrəʊs/,adj,"buồn rầu, rầu rĩ, ủ ê",She seems a bit morose today.,Hôm nay cô ấy có vẻ hơi rầu rĩ.,https://audio.tudienkala.com/data/cache/images/300x225/m/o/morose1.jpg,https://audio.tudienkala.com/audio/m/o/morose.mp3
92,mortify,/ˈmɔːtɪfaɪ/,v,"làm cho xấu hổ, làm mất thể diện",She was mortified to realize he had heard every word she said.,Cô ấy đã xấu hổ khi nhận ra rằng anh ta đã nghe từng lời cô nói.,https://audio.tudienkala.com/data/cache/images/300x225/m/o/mortify1.jpg,https://audio.tudienkala.com/audio/m/o/mortify.mp3
92,mutable,/ˈmjuːtəbl/,adj,có thể biến đổi,a mutable personality,tính cách có thể thay đổi,https://audio.tudienkala.com/data/cache/images/300x225/m/u/mutable1.jpg,https://audio.tudienkala.com/audio/m/u/mutable.mp3
92,nonchalant,/ˌnɑːnʃəˈlɑːnt/,n,"bình thản, thản nhiên","‘It'll be fine,’ she replied, with a nonchalant shrug.","""Sẽ ổn thôi,"" cô đáp lại với một cái nhún vai bình thản.",https://audio.tudienkala.com/data/cache/images/300x225/n/o/nonchalant1.png,
92,obnoxious,/əbˈnɒkʃəs/,adj,khả ố; dễ ghét,obnoxious behaviour,cách cư xử đáng ghét,https://audio.tudienkala.com/data/cache/images/300x225/o/b/obnoxious1.png,https://audio.tudienkala.com/audio/o/b/obnoxious.mp3
92,obtrude,/əbˈtruːd/,v,bắt ai phải chịu đựng mình; bắt ai phải chú ý đến mình,Music from the next room obtruded upon his thoughts.,Nhạc phát ra từ phòng kế bên gây tác động đến suy nghĩ anh ấy.,https://audio.tudienkala.com/data/cache/images/300x225/o/b/obtrude1.jpg,https://audio.tudienkala.com/audio/o/b/obtrude.mp3
92,obviate,/ˈɒbvieɪt/,v,xoá bỏ (một vấn đề hoặc nhu cầu),This new evidence obviates the need for any further enquiries.,Bằng chứng mới này sẽ xóa bỏ bất kì nhu cầu thắc mắc nào.,https://audio.tudienkala.com/data/cache/images/300x225/o/b/obviate1.jpg,https://audio.tudienkala.com/audio/o/b/obviate.mp3
92,omnipotent,/ɒmˈnɪp.ə.tənt/,adj,toàn năng; có thể làm bất cứ điều gì,My teenager daughter likes to believe she is omnipotent in our household.,Cô con gái nhỏ của tôi tin rằng cô ấy có thể làm mọi công việc nhà.,https://audio.tudienkala.com/data/cache/images/300x225/o/m/omnipotent1.jpg,https://audio.tudienkala.com/audio/o/m/omnipotent.mp3
92,oppress,/əˈpres/,v,áp bức,The regime is accused of oppressing religious minorities.,Chế độ này bị cáo buộc áp bức tôn giáo thiểu số.,https://audio.tudienkala.com/data/cache/images/300x225/o/p/oppress1.jpg,https://audio.tudienkala.com/audio/o/p/oppress.mp3
92,ostensible,/ɒsˈtensɪbl/,adj,"bề ngoài là, có vẻ là (để che giấu sự thật)",The ostensible reason for his absence was illness.,Lý do giả tạo cho sự vắng mặt của ông là bị bệnh.,https://audio.tudienkala.com/data/cache/images/300x225/o/s/ostensible1.jpg,https://audio.tudienkala.com/audio/o/s/ostensible.mp3
92,ostracize,/ˈɒstrəsaɪz/,v,tẩy chay,He was ostracized by his colleagues for refusing to support the strike.,Ông bị tẩy chay bởi các đồng nghiệp của mình vì từ chối hỗ trợ các cuộc đình công.,https://audio.tudienkala.com/data/cache/images/300x225/o/s/ostracize1.jpg,https://audio.tudienkala.com/audio/o/s/ostracize.mp3
92,pacify,/ˈpæsɪfaɪ/,v,"làm yên, xoa dịu",The baby could not be pacified.,Em bé không dỗ nín khóc được.,https://audio.tudienkala.com/data/cache/images/300x225/p/a/pacify1.jpg,https://audio.tudienkala.com/audio/p/a/pacify.mp3
92,panacea,/ˌpænəˈsiːə/,n,"thuốc bách bệnh, thần dược",There is no single panacea for the problem of unemployment.,Không có thần dược duy nhất nào cho vấn đề thất nghiệp cả.,https://audio.tudienkala.com/data/images_example/300x225/t/h/there_is_n_ex2_58772a917f8b9a9d308b4697.jpg,https://audio.tudienkala.com/audio/p/a/panacea.mp3
92,patronize,/ˈpætrənaɪz/,v,"bảo trợ, đỡ đầu",Some television programmes tend to patronize children.,Một số chương trình truyền hình có xu hướng bảo trợ trẻ em.,https://audio.tudienkala.com/data/cache/images/300x225/p/a/patronize1.jpg,https://audio.tudienkala.com/audio/p/a/patronize.mp3
92,pedantic,/pəˈdæntɪk/,adj,"quá quan tâm về những chi tiết, quy tắc nhỏ nhặt","Sometimes, Peter is so pedantic in writing the perfect paper that he forgets to properly manage his time.","Đôi khi Peter lại quá quan trọng tiểu tiết để viết những trang giấy hoàn hảo, mà anh quên quản lý thời gian của mình một cách hợp lí.",https://audio.tudienkala.com/data/cache/images/300x225/p/e/pedantic1.jpg,https://audio.tudienkala.com/audio/p/e/pedantic.mp3
92,pensive,/ˈpen.sɪv/,adj,"trầm ngâm, đăm chiêu (nhất là vì chán hay lo lắng)",a pensive mood,một tâm trạng trầm ngâm,https://audio.tudienkala.com/data/cache/images/300x225/p/e/pensive1.jpg,https://audio.tudienkala.com/audio/p/e/pensive.mp3
92,peremptory,/pəˈremptəri/,adj,cưỡng bách,a peremptory summons,một giấy triệu tập cưỡng bách,https://audio.tudienkala.com/data/cache/images/300x225/p/e/peremptory1.jpg,https://audio.tudienkala.com/audio/p/e/peremptory.mp3
92,permeate,/ˈpɜːmieɪt/,v,lan ra; tràn ngập,The smell of leather permeated the room.,Mùi da tràn ngập căn phòng.,https://audio.tudienkala.com/data/cache/images/300x225/p/e/permeate1.jpg,https://audio.tudienkala.com/audio/p/e/permeate.mp3
92,perplex,/pəˈpleks/,v,"làm rối trí, làm khó hiểu",They were perplexed by her response.,Họ bị lúng túng bởi phản ứng của cô ấy.,https://audio.tudienkala.com/data/cache/images/300x225/p/e/perplex1.jpg,https://audio.tudienkala.com/audio/p/e/perplex.mp3
92,pertinacious,/pɜːtɪˈneɪʃəs/,adj,"bướng bỉnh, ương ngạnh",The boy next door is very pertinacious.,Cậu bé cạnh nhà rất là bướng bỉnh.,https://audio.tudienkala.com/data/cache/images/300x225/p/e/pertinacious1.jpg,https://audio.tudienkala.com/audio/p/e/pertinacious.mp3
92,peruse,/pəˈruːz/,v,"đọc kỹ, nghiên cứu",A copy of the report is available for you to peruse at your leisure.,Một bản sao của báo cáo có sẵn cho bạn để nghiên cứu vào lúc bạn rãnh rỗi.,https://audio.tudienkala.com/data/cache/images/300x225/p/e/peruse1.jpg,https://audio.tudienkala.com/audio/p/e/peruse.mp3
92,pervade,/pəˈveɪd/,v,"toả khắp, tràn ngập khắp",a pervading mood of fear,một tâm trạng tràn ngập sự sợ hãi,https://audio.tudienkala.com/data/images_example/300x225/a/_/a_pervadin_ex2_587729ef7f8b9a8e308b4621.png,https://audio.tudienkala.com/audio/p/e/pervade.mp3
92,petrify,/ˈpet.rə.faɪ/,v,"làm ai đó sững sờ, chết điếng",Just the thought of making a speech petrifies me.,Chỉ cần ý nghĩ đến việc làm một bài diễn văn đủ làm chết điếng tôi.,https://audio.tudienkala.com/data/cache/images/300x225/p/e/petrify1.jpg,https://audio.tudienkala.com/audio/p/e/petrify.mp3
92,phobia,/ˈfəʊbiə/,n,"sự ám ảnh, nỗi sợ hãi",He has a phobia about flying.,Ông ấy có một nỗi ám ảnh về bay lượn.,https://audio.tudienkala.com/data/cache/images/300x225/p/h/phobia1.jpg,https://audio.tudienkala.com/audio/p/h/phobia.mp3
92,plagiarize,/ˈpleɪdʒəraɪz/,v,đạo văn,He was accused of plagiarizing his colleague's results.,Anh ấy bị cáo buộc đạo văn kết quả đồng nghiệp của mình.,https://audio.tudienkala.com/data/cache/images/300x225/p/l/plagiarize1.jpg,https://audio.tudienkala.com/audio/p/l/plagiarize.mp3
92,platitude,/ˈplætɪtjuːd/,n,"lời nhận xét, câu phát biểu vô vị, tầm thường",a political speech full of platitudes and empty promises,một bài phát biểu chính trị đầy vô vị và những lời hứa suông,https://audio.tudienkala.com/data/cache/images/300x225/p/l/platitude1.png,https://audio.tudienkala.com/audio/p/l/platitude.mp3
92,plebeian,/pləˈbiː.ən/,adj,thuộc tầng lớp xa hội thấp; bình dân; thấp hèn,plebeian tastes,những sở thích tầm thường,https://audio.tudienkala.com/data/cache/images/300x225/p/l/plebeian1.jpg,https://audio.tudienkala.com/audio/p/l/plebeian.mp3
92,pomp,/pɒmp/,n,"trang phục, đồ trang trí, âm nhạc trang trọng,... và những nghi thức truyền thống của một dịp hay nghi lễ",all the pomp and ceremony of a royal wedding,âm nhạc trang trọng và nghi lễ của một đám cưới hoàng gia,https://audio.tudienkala.com/data/cache/images/300x225/p/o/pomp1.jpg,https://audio.tudienkala.com/audio/p/o/pomp.mp3
92,ponderous,/ˈpɒndərəs/,adj,rất nhàm chán và chậm chạp,Sam quickly fell asleep during the ponderous movie.,Sam đã nhanh chống buồn ngủ trong suốt bộ phim dài nhàm chán.,https://audio.tudienkala.com/data/cache/images/300x225/p/o/ponderous1.jpg,https://audio.tudienkala.com/audio/p/o/ponderous.mp3
92,posthumous,/ˈpɒstjəməs/,adj,"(xảy ra, thực hiện, xuất bản...) sau khi ai đó chết",a posthumous award for bravery,một giải thưởng sau khi chết cho sự dũng cảm,https://audio.tudienkala.com/data/images_example/300x225/a/_/a_posthumo_ex2_58772d1a7f8b9ade308b458f.jpg,https://audio.tudienkala.com/audio/p/o/posthumous.mp3
92,precipitous,/prɪˈsɪp.ɪ.təs/,adj,"vội vàng, hấp tấp",precipitous intervention,sự can thiệp nhanh,https://audio.tudienkala.com/data/images_example/300x225/p/r/precipitou_ex2_58772b4b7f8b9ab7308b4620.jpg,https://audio.tudienkala.com/audio/p/r/precipitous.mp3
92,precocious,/prɪˈkəʊʃəs/,adj,sớm phát triển; có một số khả năng được phát triển ở tuổi sớm hơn bình thường,a precocious child who started her acting career at the age of 5,một đứa trẻ sớm phát triển đã bắt đầu sự nghiệp diễn xuất khi 5 tuổi,https://audio.tudienkala.com/data/cache/images/300x225/p/r/precocious1.jpg,https://audio.tudienkala.com/audio/p/r/precocious.mp3
92,predilection,/ˌpriːdɪˈlekʃən/,n,"sự ưa chuộng, sự ưa thích đặc biệt (cái gì)",an artist with a predilection for bright colours,một nghệ sĩ với một sự yêu thích những màu sắc tươi sáng,https://audio.tudienkala.com/data/cache/images/300x225/p/r/predilection1.jpg,https://audio.tudienkala.com/audio/p/r/predilection.mp3
92,prevaricate,/prɪˈvær.ɪ.keɪt/,v,nói quanh co (để lảng tránh sự thật),Stop prevaricating and come to the point.,Ngừng nói quanh co lại và hãy đến điểm chính đi.,https://audio.tudienkala.com/data/cache/images/300x225/p/r/prevaricate1.jpg,https://audio.tudienkala.com/audio/p/r/prevaricate.mp3
92,procrastinate,/prəʊˈkræstɪneɪt/,v,"trì hoãn, chần chừ",People were dying of starvation while governments procrastinated.,Nhiều người chết vì đói trong khi chính phủ thì chần chừ.,https://audio.tudienkala.com/data/cache/images/300x225/p/r/procrastinate1.jpg,https://audio.tudienkala.com/audio/p/r/procrastinate.mp3
92,proficient,/prəˈfɪʃnt/,adj,"tài giỏi, thành thạo",I'm a reasonably proficient driver.,Tôi là một lái xe khá thành thạo.,https://audio.tudienkala.com/data/images_example/300x225/i/m/im_a_reaso_ex2_587726857f8b9acf2f8b4652.jpg,https://audio.tudienkala.com/audio/p/r/proficient.mp3
92,promulgate,/ˈprɒməlɡeɪt/,v,"truyền bá, phổ biến",to promulgate a law,ban hành một đạo luật,https://audio.tudienkala.com/data/cache/images/300x225/p/r/promulgate1.jpg,https://audio.tudienkala.com/audio/p/r/promulgate.mp3
92,propagate,/ˈprɒpəɡeɪt/,v,tuyên truyền,Television advertising propagates a false image of the ideal family.,Quảng cáo trên truyền hình đang phát tán hình ảnh nhầm lẫn về gia đình lý tưởng.,https://audio.tudienkala.com/data/cache/images/300x225/p/r/propagate1.gif,https://audio.tudienkala.com/audio/p/r/propagate.mp3
92,propel,/prəˈpel/,v,"khiến, thúc đẩy ai đi theo một hướng hay lâm vào tình trạng nào đó",mechanically propelled vehicles,xe cơ đẩy,https://audio.tudienkala.com/data/cache/images/300x225/p/r/propel1.jpg,https://audio.tudienkala.com/audio/p/r/propel.mp3
92,pseudonym,/ˈsjuːdənɪm/,n,"biệt hiệu, bút danh",She writes under a pseudonym.,Cô ấy viết bài dưới một bút danh.,https://audio.tudienkala.com/data/cache/images/300x225/p/s/pseudonym1.jpg,https://audio.tudienkala.com/audio/p/s/pseudonym.mp3
93,quandary,/ˈkwɒndəri/,n,tình thế khó xử,George was in a quandary—should he go or shouldn't he?,George đã ở trong tình thế khó khăn là ông nên đi hay không nên đi?,https://audio.tudienkala.com/data/images_example/300x225/g/e/george_was_ex2_58772d6a7f8b9ade308b4784.png,https://audio.tudienkala.com/audio/q/u/quandary.mp3
93,querulous,/ˈkwer.ʊ.ləs/,adj,"hay than phiền; cáu kỉnh, bực mình",He complained in a querulous voice about having been woken up.,Ông ấy phàn nàn với một giọng nói cáu kỉnh về việc bị đánh thức.,https://audio.tudienkala.com/data/images_example/300x225/h/e/he_complai_ex2_58772d6a7f8b9ade308b4786.jpg,https://audio.tudienkala.com/audio/q/u/querulous.mp3
93,quintessence,/kwɪnˈtes.əns/,n,"ví dụ hoàn hảo, điển hình","For many children and adolescents all over the world, the name Voldemort is the quintessence of evil.","Đối với nhiều trẻ em và thanh thiếu niên trên khắp thế giới, tên Voldemort là điển hình của cái ác.",https://audio.tudienkala.com/data/images_example/300x225/f/o/for_many_c_ex2_58772f057f8b9a48318b46d1.jpg,https://audio.tudienkala.com/audio/q/u/quintessence.mp3
93,ramification,/ˌræm.ɪ.fɪˈkeɪ.ʃ/,n,"sự phân nhánh, sự chia nhánh",a ramification of a tree,một nhánh cây,https://audio.tudienkala.com/data/cache/images/300x225/r/a/ramification1.jpg,https://audio.tudienkala.com/audio/r/a/ramification.mp3
93,raze,/reɪz/,v,"san bằng, phá trụi",The building was razed by fire.,Tòa nhà đã bị phá trụi bởi lửa.,https://audio.tudienkala.com/data/images_example/300x225/t/h/the_buildi_ex2_58772d6b7f8b9ade308b478c.jpg,https://audio.tudienkala.com/audio/r/a/raze.mp3
93,recapitulate,/riːkəˈpɪtjʊleɪt/,v,tóm tắt lại,"At the start of each class, the professor will recapitulate yesterday’s lecture.","Vào lúc bắt đầu mỗi giờ học, giáo sư sẽ tóm tắt lại bài giảng của ngày hôm trước.",https://audio.tudienkala.com/data/cache/images/300x225/r/e/recapitulate1.jpg,https://audio.tudienkala.com/audio/r/e/recapitulate.mp3
93,recede,/rɪˈsiːd/,v,rời xa (ai hoặc một tình thế trước đó),the tide recedes,thuỷ triều rút xuống,https://audio.tudienkala.com/data/cache/images/300x225/r/e/recede1.jpg,https://audio.tudienkala.com/audio/r/e/recede.mp3
93,recumbent,/rɪˈkʌm.bənt/,adj,nằm nghiêng,her recumbent body,cơ thể cô ấy nằm nghiêng xuống,https://audio.tudienkala.com/data/cache/images/300x225/r/e/recumbent1.jpg,https://audio.tudienkala.com/audio/r/e/recumbent.mp3
93,redolent,/ˈred.əl.ənt/,adj,"sực mùi, thơm phức",a kitchen redolent with the smell of baking,căn bếp thơm nồng mùi bánh nướng,https://audio.tudienkala.com/data/cache/images/300x225/r/e/redolent1.jpg,https://audio.tudienkala.com/audio/r/e/redolent.mp3
93,redoubtable,/rɪˈdaʊtəbl/,adj,"được kính trọng; đáng sợ, đáng kính",a redoubtable leader,một nhà lãnh đạo đáng kính,https://audio.tudienkala.com/data/cache/images/300x225/r/e/redoubtable1.jpg,https://audio.tudienkala.com/audio/r/e/redoubtable.mp3
93,reimburse,/ˌriːɪmˈbɜːs/,v,bồi thường,You will be reimbursed for any loss or damage caused by our company.,Bạn sẽ được bồi thường cho bất kỳ tổn thất hoặc thiệt hại nào gây ra bởi công ty chúng tôi.,https://audio.tudienkala.com/data/cache/images/300x225/r/e/reimburse1.jpg,https://audio.tudienkala.com/audio/r/e/reimburse.mp3
93,reiterate,/riˈɪtəreɪt/,v,lặp lại để nhấn mạnh,Do you have to reiterate everything you say?,Bạn có phải nhắc lại tất cả mọi thứ bạn nói không?,https://audio.tudienkala.com/data/images_example/300x225/d/o/do_you_hav_ex2_58772f077f8b9a48318b46dd.png,https://audio.tudienkala.com/audio/r/e/reiterate.mp3
93,remunerative,/rɪˈmjuːnərətɪv/,adj,được trả hậu,a highly remunerative job,một công việc được trả hậu một cách hậu hĩnh,https://audio.tudienkala.com/data/cache/images/300x225/r/e/remunerative1.jpg,https://audio.tudienkala.com/audio/r/e/remunerative.mp3
93,renegade,/ˈrenɪɡeɪd/,n,"kẻ phản bội (phản đảng, phản đạo)","A renegade is a person who leaves one political, religious, etc. group to join another that has very different views.","Một kẻ phản bội là người rời bỏ một nhóm chính trị, tôn giáo... để tham gia một nhóm khác có quan điểm rất khác nhau.",https://audio.tudienkala.com/data/images_example/300x225/a/_/a_renegade_ex2_58772d207f8b9ade308b45b9.jpg,https://audio.tudienkala.com/audio/r/e/renegade.mp3
93,replenish,/rɪˈplenɪʃ/,v,làm đầy,Allow me to replenish your glass.,Cho phép tôi rót đầy ly của bạn nhé.,https://audio.tudienkala.com/data/images_example/300x225/a/l/allow_me_t_ex2_58772f087f8b9a48318b46e1.jpg,https://audio.tudienkala.com/audio/r/e/replenish.mp3
93,reverberate,/rɪˈvɜːbəreɪt/,v,"dội lại, vang lại nhiều lần (âm thanh); phản chiếu, phản xạ nhiều lần (ánh sáng, sức nóng...)",Why can the voice reverberate around this room?,Tại sao giọng nói lại có thể vang dội trong căn phòng này?,https://audio.tudienkala.com/data/images_example/300x225/w/h/why_can_th_ex2_58772f097f8b9a48318b46e3.jpg,https://audio.tudienkala.com/audio/r/e/reverberate.mp3
93,sacrosanct,/ˈsækrəʊsæŋkt/,adj,rất quan trọng (không thể thay đổi hay nghi ngờ),You can't reduce expenditures on scientific researches - that's sacrosanct !,Anh không được giảm chi phí nghiên cứu khoa học - đó là điều bất khả xâm phạm!,https://audio.tudienkala.com/data/images_example/300x225/y/o/you_cant_r_ex2_58772d717f8b9ade308b47aa.png,https://audio.tudienkala.com/audio/s/a/sacrosanct.mp3
93,sanctimonious,/sæŋktɪˈməʊniəs/,adj,đạo đức giả,a sanctimonious voice,một giọng nói đạo đức giả,https://audio.tudienkala.com/data/images_example/300x225/a/_/a_sanctimo_ex2_58772d717f8b9ade308b47ae.jpg,https://audio.tudienkala.com/audio/s/a/sanctimonious.mp3
93,sanguine,/ˈsæŋɡwɪn/,adj,"lạc quan, đầy hy vọng",It amazes me how having cancer does not prevent him from being sanguine!,Tôi ngạc nhiên vì ung thư không ngăn cản anh ta trở nên lạc quan!,https://audio.tudienkala.com/data/images_example/300x225/i/t/it_amazes__ex2_58772d237f8b9ade308b45cb.jpg,https://audio.tudienkala.com/audio/s/a/sanguine.mp3
93,scintilla,/sɪnˈtɪl.ə/,n,"một lượng rất nhỏ, một chút",There is not a scintilla of milk left in the fridge. Let’s go shopping.,Không có một chút sữa nào trong tủ lạnh. Chúng ta hãy đi mua sắm thôi.,https://audio.tudienkala.com/data/images_example/300x225/t/h/there_is_n_ex2_58772f097f8b9a48318b46e6.jpg,https://audio.tudienkala.com/audio/s/c/scintilla.mp3
93,scribble,/ˈskrɪbl/,v,"viết nhanh và ẩu, hí hoáy",He scribbled a note to his sister before leaving.,Cậu ấy viết vội một bức thư ngắn đến em gái trước khi rời khỏi.,https://audio.tudienkala.com/data/cache/images/300x225/s/c/scribble1.jpg,https://audio.tudienkala.com/audio/s/c/scribble.mp3
93,scrutinize,/ˈskruːtɪnaɪz/,v,xem xét kĩ lưỡng,He leaned forward to scrutinize his face in the mirror.,Cậu bé ngả người về phía trước để xem xét kỹ lưỡng khuôn mặt của cậu trong gương.,https://audio.tudienkala.com/data/images_example/300x225/h/e/he_leaned__ex2_58772d717f8b9ade308b47b0.jpg,https://audio.tudienkala.com/audio/s/c/scrutinize.mp3
93,seclude,/sɪˈkluːd/,v,"tách ai, mình ra khỏi những người khác",The monks secluded themselves from the rest of society.,Các tu sĩ sống tách biệt khỏi xã hội.,https://audio.tudienkala.com/data/cache/images/300x225/s/e/seclude1.jpg,https://audio.tudienkala.com/audio/s/e/seclude.mp3
93,sinecure,/ˈsɪn.ɪ.kjʊər/,n,công việc nhàn rỗi,His new job was a lifetime sinecure.,Công việc mới của cậu ta như là ngồi mát ăn bát vàng cả đời.,https://audio.tudienkala.com/data/cache/images/300x225/s/i/sinecure1.jpg,https://audio.tudienkala.com/audio/s/i/sinecure.mp3
93,skepticism,/ˈskeptɪsɪzəm/,n,sự hoài nghi,The boy had skepticism when his mother told him Santa brought him the presents.,Cậu bé đã hoài nghi khi mẹ cậu nói rằng ông già Nôen sẽ mang quà cho cậu.,https://audio.tudienkala.com/data/cache/images/300x225/s/k/skepticism1.jpg,https://audio.tudienkala.com/audio/s/k/skepticism.mp3
93,slovenly,/ˈslʌvənli/,adj,"cẩu thả, lôi thôi",He grew lazy and slovenly in his habits.,Cậu ta lớn lên trong thói quen lười biếng và cẩu thả của mình.,https://audio.tudienkala.com/data/cache/images/300x225/s/l/slovenly1.jpg,https://audio.tudienkala.com/audio/s/l/slovenly.mp3
93,sophisticate,/səˈfɪs.tɪ.kət/,n,"người thời lưu, người hiểu đời và nắm được xu thế văn hóa xã hội",The sophisticates in the office drink lemon tea ; we have coffee.,Những tay thời lưu ở cơ quan uống nước chè có chanh còn chúng tôi thì uống cà phê.,https://audio.tudienkala.com/data/cache/images/300x225/s/o/sophisticate1.jpg,https://audio.tudienkala.com/audio/s/o/sophisticate.mp3
93,spurn,/spɜːn/,v,"từ chối, hắt hủi",Eve spurned Mark's invitation.,Eve từ chối lời mời của Mark.,https://audio.tudienkala.com/data/cache/images/300x225/s/p/spurn1.jpg,https://audio.tudienkala.com/audio/s/p/spurn.mp3
93,stipulate,/ˈstɪpjəleɪt/,v,quy định,"When buying clothing, I generally avoid items that stipulate dry cleaning only.","Khi mua quần áo, tôi thường tránh những món hàng quy định chỉ giặt khô.",https://audio.tudienkala.com/data/cache/images/300x225/s/t/stipulate1.jpg,https://audio.tudienkala.com/audio/s/t/stipulate.mp3
93,stoic,/ˈstəʊɪk/,n,người có thể chịu đựng nỗi đau hoặc rắc rối mà không phàn nàn hay thể hiện cảm xúc,His stoic endurance,sức chịu đựng bền bỉ của cậu ấy,https://audio.tudienkala.com/data/images_example/300x225/h/i/his_stoic__ex2_58772d757f8b9ade308b47c4.jpg,https://audio.tudienkala.com/audio/s/t/stoic.mp3
93,stupendous,/stjuːˈpendəs/,adj,rất lớn hoặc ấn tượng (đặc biệt là khi nhiều hoặc tốt hơn mong đợi),stupendous achievements,thành tựu ấn tượng,https://audio.tudienkala.com/data/cache/images/300x225/s/t/stupendous1.jpg,https://audio.tudienkala.com/audio/s/t/stupendous.mp3
93,subdue,/səbˈdjuː/,v,"chinh phục, khuất phục",Troops were called in to subdue the rebels.,Quân đội đã được gọi đến để khuất phục các phiến quân.,https://audio.tudienkala.com/data/cache/images/300x225/s/u/subdue1.jpg,https://audio.tudienkala.com/audio/s/u/subdue.mp3
93,subside,/səbˈsaɪd/,v,"giảm bớt, lắng đi",storm subsides,cơn bão ngớt dần,https://audio.tudienkala.com/data/cache/images/300x225/s/u/subside1.jpg,https://audio.tudienkala.com/audio/s/u/subside.mp3
93,sultry,/ˈsʌltri/,adj,"oi bức, ngột ngạt",a sultry summer afternoon,một buổi trưa hè oi bức,https://audio.tudienkala.com/data/cache/images/300x225/s/u/sultry1.jpg,https://audio.tudienkala.com/audio/s/u/sultry.mp3
93,surpass,/səˈpɑːs/,v,"vượt qua, vượt xa",The book's success surpassed everyone's expectations.,Sự thành công của cuốn sách đã vượt qua sự mong đợi của tất cả mọi người.,https://audio.tudienkala.com/data/cache/images/300x225/s/u/surpass1.png,https://audio.tudienkala.com/audio/s/u/surpass.mp3
93,tantamount,/ˈtæntəmaʊnt/,adj,"đồng nghĩa với, tương đương với",If he resigned it would be tantamount to admitting that he was guilty.,"Nếu ông từ chức, nó sẽ tương đương với việc thừa nhận rằng ông đã phạm tội.",https://audio.tudienkala.com/data/images_example/300x225/i/f/if_he_resi_ex2_58772aa47f8b9a9d308b46fd.jpg,https://audio.tudienkala.com/audio/t/a/tantamount.mp3
93,temerity,/təˈmerɪti/,n,"sự táo bạo, bạo gan (thường bị chỉ trích là thô lỗ)",He had the temerity to call me a liar!,Ông ấy cả gan gọi tôi là một kẻ nói dối!,https://audio.tudienkala.com/data/cache/images/300x225/t/e/temerity1.jpg,https://audio.tudienkala.com/audio/t/e/temerity.mp3
93,temporize,/ˈtempəraɪz/,v,"trì hoãn, hoãn trả lời dứt khoát (nhằm tranh thủ thời gian)",He decided to temporized the meeting.,Ông ấy đã quyết định trì hoãn cuộc họp.,https://audio.tudienkala.com/data/cache/images/300x225/t/e/temporize1.jpg,https://audio.tudienkala.com/audio/t/e/temporize.mp3
93,transgress,/trænzˈɡres/,v,vi phạm; vượt quá giới hạn cho phép (đạo đức hoặc pháp luật),They had transgressed the bounds of decency.,Họ đã vượt quá giới hạn đạo đức.,https://audio.tudienkala.com/data/cache/images/300x225/t/r/transgress1.jpg,https://audio.tudienkala.com/audio/t/r/transgress.mp3
93,tremulous,/ˈtrem.jʊ.ləs/,adj,run (vì căng thẳng),a tremulous voice,một giọng nói run run,https://audio.tudienkala.com/data/cache/images/300x225/t/r/tremulous1.jpg,https://audio.tudienkala.com/audio/t/r/tremulous.mp3
93,turgid,/ˈtɜːdʒɪd/,adj,sưng; chứa nhiều nước hơn bình thường,the turgid waters of the Thames,Nước sông Thames dâng lên.,https://audio.tudienkala.com/data/cache/images/300x225/t/u/turgid1.jpg,https://audio.tudienkala.com/audio/t/u/turgid.mp3
93,unauthorized,/ʌnˈɔːθəraɪzd/,adj,"trái phép, không được phép",No access for unauthorized personnel.,Không có quyền truy cập cho các nhân viên không được phép.,https://audio.tudienkala.com/data/cache/images/300x225/u/n/unauthorized1.jpg,https://audio.tudienkala.com/audio/u/n/unauthorized.mp3
93,unbiased,/ʌnˈbaɪəst/,adj,"công bằng, không thiên vị",unbiased advice,lời khuyên công bằng,https://audio.tudienkala.com/data/cache/images/300x225/u/n/unbiased1.png,https://audio.tudienkala.com/audio/u/n/unbiased.mp3
93,uncouth,/ʌnˈkuːθ/,adj,"thô lỗ, bất lịch sự",uncouth posture,tư thế bất lịch sự,https://audio.tudienkala.com/data/images_example/300x225/u/n/uncouth_po_ex2_58772d797f8b9ade308b47de.jpg,https://audio.tudienkala.com/audio/u/n/uncouth.mp3
93,unquenchable,/ʌnˈkwen.tʃə.bl̩/,adj,"không đủ đáp ứng, không thể thỏa mãn","We were out in the hot sun all day, and our thirst was unquenchable.","Chúng tôi đã ra ngoài nắng nóng cả ngày, và cơn khát thì không thể thỏa mãn.",https://audio.tudienkala.com/data/cache/images/300x225/u/n/unquenchable1.jpg,https://audio.tudienkala.com/audio/u/n/unquenchable.mp3
93,untenable,/ʌnˈtenəbl/,adj,"không đứng vững được, không trụ lại được",His position had become untenable and he was forced to resign.,Vị trí của ông đã trở nên không thể giữ được và ông bị buộc phải từ chức.,https://audio.tudienkala.com/data/images_example/300x225/h/i/his_positi_ex2_58772f127f8b9a48318b470c.jpg,https://audio.tudienkala.com/audio/u/n/untenable.mp3
93,unveil,/ʌnˈveɪl/,v,"tuyên bố công khai, ra mắt (kế hoạch, sản phẩm,...)",They will be unveiling their new models at the Auto Show.,Họ sẽ ra mắt mẫu xe mới của họ tại Auto Show.,https://audio.tudienkala.com/data/images_example/300x225/t/h/they_will__ex2_58772f127f8b9a48318b470e.jpg,https://audio.tudienkala.com/audio/u/n/unveil.mp3
93,utilize,/ˈjuːtɪlaɪz/,v,"sử dụng, tận dụng cái gì cho một mục đích",It would be a good idea to utilize all of the old glass bottles as a table decoration!,Đó là một ý tưởng hay khi tận dụng tất cả chai thủy tinh cũ làm vật trang trí bàn!,https://audio.tudienkala.com/data/images_example/300x225/i/t/it_would_b_ex2_58772f137f8b9a48318b4710.png,https://audio.tudienkala.com/audio/u/t/utilize.mp3
93,vandalize,/ˈvændəlaɪz/,v,phá hoại (tài sản công cộng),A phone box was vandalized last night.,Một trạm điện thoại công cộng đã bị phá hoại vào tối qua.,https://audio.tudienkala.com/data/cache/images/300x225/v/a/vandalize1.jpg,https://audio.tudienkala.com/audio/v/a/vandalize.mp3
93,vanquish,/ˈvæŋ.kwɪʃ/,v,đánh bại hoàn toàn,to vanquish the enemy,đánh bại kẻ thù,https://audio.tudienkala.com/data/cache/images/300x225/v/a/vanquish1.jpg,https://audio.tudienkala.com/audio/v/a/vanquish.mp3
