topic,word,pronunciation,word_type,meaning,example_en,example_vi,image_url,audio_url
113,accept,/ək'sept/,v,"nhận, chấp nhận","She accepts the gift with a big smile, and thanks her boyfriend several times.",Cô ấy chấp nhận món quà với nụ cười lớn và cảm ơn bạn trai nhiều lần.,https://audio.tudienkala.com/data/cache/images/300x225/a/c/accept1.png,https://audio.tudienkala.com/audio/a/c/accept.mp3
113,accommodation,/əˌkɒməˈdeɪʃən/,n,chỗ ăn ở,Where can we find cheap accommodation?,Chúng ta có thể tìm thấy chỗ ở trọ giá rẻ ở đâu?,https://audio.tudienkala.com/data/cache/images/300x225/a/c/accommodation1.jpg,https://audio.tudienkala.com/audio/a/c/accommodation.mp3
113,address,/ə'dres/,v,"nhằm vào, trình bày",Marco's business plan addresses the needs of small business owners.,Kế hoạch kinh doanh của Marco nhằm vào nhu cầu của những chủ doanh nghiệp nhỏ.,https://audio.tudienkala.com/data/images_example/300x225/m/a/marcos_bus_ex1_56248cf37f8b9af80c011d69.jpg,https://audio.tudienkala.com/audio/a/d/address.mp3
113,administration,/ədˌmɪnɪˈstreɪʃən/,n,"việc, sự quản trị, điều hành",I want to talk to a woman who works in the administration department.,Tôi muốn nói chuyện với một người phụ nữ làm việc tại Cục Quản lý.,https://audio.tudienkala.com/data/cache/images/300x225/a/d/administration1.jpg,https://audio.tudienkala.com/audio/a/d/administration.mp3
113,admit,/ədˈmɪt/,v,"thừa nhận, cho vào",She admits being strict with her children.,Cô ấy thừa nhận đã nghiêm khắc với con cái.,https://audio.tudienkala.com/data/images_example/300x225/s/h/she_admits_ex1_56248d117f8b9a020d261804.jpg,https://audio.tudienkala.com/audio/a/d/admit.mp3
113,advantage,/ədˈvɑːntɪdʒ/,n,"lợi thế, thuận lợi",She had the advantage of a good education.,Cô ấy có lợi thế của một nền giáo dục tốt.,https://audio.tudienkala.com/data/cache/images/300x225/a/d/advantage2.jpg,https://audio.tudienkala.com/audio/a/d/advantage.mp3
113,advertising,/ˈædvətaɪzɪŋ/,n,"hoạt động, ngành quảng cáo",Cigarette advertising has been banned.,Quảng cáo thuốc lá đã bị cấm.,https://audio.tudienkala.com/data/images_example/300x225/c/i/cigarette__ex1_587726bd7f8b9ae72f8b456b.jpg,https://audio.tudienkala.com/audio/a/d/advertising.mp3
113,advice,/ədˈvaɪs/,n,lời khuyên,Steven gave me some good advice.,Steven đã cho tôi một vài lời khuyên tốt.,https://audio.tudienkala.com/data/cache/images/300x225/a/d/advice1.jpg,https://audio.tudienkala.com/audio/a/d/advice.mp3
113,agent,/ˈeɪdʒənt/,n,đại lý,A travel agent can usually find you the best deals on tickets and hotels.,Đại lý du lịch thường có thể tìm cho bạn những giao dịch tốt nhất vè vé và khách sạn.,https://audio.tudienkala.com/data/images_example/300x225/a/_/a_travel_a_ex1_56248d167f8b9a040dc66154.jpg,https://audio.tudienkala.com/audio/a/g/agent.mp3
113,agreement,/ə'gri:mənt/,n,"sự đồng ý, thỏa thuận với nhau","According to the agreement, the caterer will also supply the flowers for the event.","Theo như thỏa thuận, nhà cung cấp lương thực thực phẩm cũng sẽ cung cấp hoa cho sự kiện.",https://audio.tudienkala.com/data/cache/images/300x225/a/g/agreement1.png,https://audio.tudienkala.com/audio/a/g/agreement.mp3
113,appointment,/ə'pɔintmənt/,n,"cuộc hẹn, sự hẹn gặp",I've got a dentist appointment at 3 o'clock.,Tôi đã có một cuộc hẹn với nha sĩ lúc 03:00.,https://audio.tudienkala.com/data/cache/images/300x225/a/p/appointment2.jpg,https://audio.tudienkala.com/audio/a/p/appointment.mp3
113,arise,/əˈraɪz/,v,nảy sinh; phát sinh,A storm has arisen recently.,Một cơn bão xảy ra gần đây.,https://audio.tudienkala.com/data/images_example/300x225/a/_/a_storm_ar_ex1_587726be7f8b9ae72f8b456d.jpg,https://audio.tudienkala.com/audio/a/r/arise.mp3
113,assessment,/əˈses.mənt/,n,sự đánh giá,An adequate environmental impact assessment was not carried out on the bypass project.,Một đánh giá tác động môi trường thích hợp không được thực hiện trên các dự án đường vòng.,https://audio.tudienkala.com/data/cache/images/300x225/a/s/assessment1.jpg,https://audio.tudienkala.com/audio/a/s/assessment.mp3
113,background,/'bækgraund/,n,"kiến thức, kinh nghiệm",Your background in the publishing industry is a definite asset for this job.,Kiến thức của anh trong công nghiệp xuất bản là một vốn quý rõ ràng cho công việc này.,https://audio.tudienkala.com/data/cache/images/300x225/b/a/background1.jpg,https://audio.tudienkala.com/audio/b/a/background.mp3
113,benefit,/'benifit/,n,lợi ích,The discovery of oil brought many benefits to the country.,Việc phát hiện ra dầu hỏa mang đến nhiều lợi ích cho đất nước đó.,https://audio.tudienkala.com/data/images_example/300x225/t/h/the_discov_ex1_56248d157f8b9a040dc65ecc.jpg,https://audio.tudienkala.com/audio/b/e/benefit.mp3
113,binding,/ˈbaɪndɪŋ/,adj,"bắt buộc, ràng buộc",The judge said the document was not legally binding.,Thẩm phán cho biết tài liệu đã không được ràng buộc pháp lý.,https://audio.tudienkala.com/data/cache/images/300x225/b/i/binding1.jpg,https://audio.tudienkala.com/audio/b/i/binding.mp3
113,body language,/ˈbɒdi ˈlæŋɡwɪdʒ/,n,ngôn ngữ cơ thể,We could tell from his body language that he was nervous.,Chúng tôi có thể nói từ ngôn ngữ cơ thể của anh ấy rằng anh rất lo lắng.,https://audio.tudienkala.com/data/cache/images/300x225/b/o/body_language1.jpg,https://audio.tudienkala.com/audio/b/o/body_language.mp3
113,boss,/bɒs/,n,chủ,I like being my own boss.,Tôi thích là ông chủ của riêng tôi.,https://audio.tudienkala.com/data/cache/images/300x225/b/o/boss1.png,https://audio.tudienkala.com/audio/b/o/boss.mp3
113,budget,/ˈbʌdʒɪt/,n,"ngân sách, ngân quỹ",The company will have to prepare bigger budget for this department next year.,Công ty sẽ phải dự thảo ngân sách nhiều hơn cho bộ phận này vào năm sau.,https://audio.tudienkala.com/data/cache/images/300x225/b/u/budget1.jpg,https://audio.tudienkala.com/audio/b/u/budget.mp3
113,business,/ˈbɪznəs/,n,kinh doanh,It's been a pleasure to do business with you,Thật vui khi làm kinh doanh với bạn,https://audio.tudienkala.com/data/cache/images/300x225/b/u/business1.jpg,https://audio.tudienkala.com/audio/b/u/business.mp3
113,business card,/ˈbɪznəs kɑːd/,n,danh thiếp,"His business card gives his title as ""Chief of Security"".","Danh thiếp của anh ấy ghi chức danh là ""Trưởng ban an ninh"".",https://audio.tudienkala.com/data/cache/images/300x225/b/u/business_card1.jpg,https://audio.tudienkala.com/audio/b/u/business_card.mp3
113,buy,/baɪ/,v,mua,Where did you buy that dress?,Bạn đã mua chiếc áo đó ở đâu?,https://audio.tudienkala.com/data/images_example/300x225/w/h/where_did__ex1_587726bf7f8b9ae72f8b4577.jpg,https://audio.tudienkala.com/audio/b/u/buy.mp3
113,call,/kɔːl/,v,"gọi, gọi điện thoại",I will call you tomorrow.,Tôi sẽ gọi bạn vào ngày mai.,https://audio.tudienkala.com/data/cache/images/300x225/c/a/call1.png,https://audio.tudienkala.com/audio/c/a/call.mp3
113,candidate,/'kændidit/,n,"ứng cử viên, thí sinh, người dự tuyển",All of the candidates were ready for the competition.,Tất cả các ứng cử viên đã sẵn sàng cho cuộc thi.,https://audio.tudienkala.com/data/cache/images/300x225/c/a/candidate1.jpg,https://audio.tudienkala.com/audio/c/a/candidate.mp3
113,capital,/'kæpɪtl/,n,thủ đô,Paris is the capital of France.,Paris là thủ đô của Pháp.,https://audio.tudienkala.com/data/cache/images/300x225/c/a/capital1.jpeg,https://audio.tudienkala.com/audio/c/a/capital.mp3
113,career,/kəˈrɪər/,n,"nghề nghiệp, sự nghiệp",Pelé started his career as a football player at the age of 15.,Pê-lê bắt đầu sự nghiệp là một cầu thủ bóng đá khi ông ấy 15 tuổi.,https://audio.tudienkala.com/data/cache/images/300x225/c/a/career2.jpg,https://audio.tudienkala.com/audio/c/a/career.mp3
113,carry,/ˈkæri/,v,"mang, vác, chở, ẳm",The injured were carried away on stretchers.,Những người bị thương đã được mang đi trên cáng.,https://audio.tudienkala.com/data/cache/images/300x225/c/a/carry1.jpg,https://audio.tudienkala.com/audio/c/a/carry.mp3
113,category,/ˈkætəɡɔːri/,n,"loại, hạng",We have various categories of goods here.,Chúng tôi có nhiều loại hàng hóa khác nhau ở đây.,https://audio.tudienkala.com/data/images_example/300x225/w/e/we_have_va_ex1_56248d017f8b9afc0c2982b5.jpg,https://audio.tudienkala.com/audio/c/a/category.mp3
113,change,/tʃeinʤ/,v,thay đổi,You will never improve if you don't change your negative attitude.,Bạn sẽ không bao giờ cải thiện nếu bạn không thay đổi thái độ tiêu cực của bạn.,https://audio.tudienkala.com/data/cache/images/300x225/c/h/change1.jpg,https://audio.tudienkala.com/audio/c/h/change.mp3
113,charge,/tʃɑːdʒ/,v,tính phí,What did they charge for the repairs?,Họ đã tính phí gì cho việc sửa chữa?,https://audio.tudienkala.com/data/cache/images/300x225/c/h/charge1.png,https://audio.tudienkala.com/audio/c/h/charge.mp3
113,chart,/tʃɑːt/,n,biểu đồ,That chart is true to size.,Biểu đồ đó có kích thước chính xác.,https://audio.tudienkala.com/data/cache/images/300x225/c/h/chart2.png,https://audio.tudienkala.com/audio/c/h/chart.mp3
113,check,/tʃek/,v,kiểm tra,You should check your work before handing it in.,Bạn nên kiểm tra lại những gì bạn làm trước khi đem nộp.,https://audio.tudienkala.com/data/cache/images/300x225/c/h/check1.jpg,https://audio.tudienkala.com/audio/c/h/check.mp3
113,choose,/tʃuːz/,v,"chọn, chọn lựa",It took her a long time to choose a hat.,Cô ấy phải mất một thời gian dài để chọn một cái mũ.,https://audio.tudienkala.com/data/images_example/300x225/i/t/it_took_he_ex1_58213ca37f8b9a91078b4567.png,https://audio.tudienkala.com/audio/c/h/choose-l6.mp3
113,claim,/kleɪm/,v,"đòi, đòi quyền, nhận là, tự cho là",I don't claim to be an expert.,Tôi không tự cho là một chuyên gia.,https://audio.tudienkala.com/data/images_example/300x225/_/i/_i_dont_cl_ex1_56248d027f8b9afc0c29844d.png,https://audio.tudienkala.com/audio/c/l/claim.mp3
113,clause,/klɔːz/,n,điều khoản (trong văn bản pháp luật),There is a clause in the contract forbidding tenants to sublet.,Có một điều khoản trong hợp đồng cấm người thuê cho thuê lại.,https://audio.tudienkala.com/data/cache/images/300x225/c/l/clause1.png,https://audio.tudienkala.com/audio/c/l/clause.mp3
113,client,/'klaiənt/,n,"khách, khách hàng","We must provide excellent services for our clients, otherwise we will lose them to our competition.","Chúng ta phải cung cấp các dịch vụ xuất sắc cho khách hàng của mình, bằng không chúng ta sẽ để mất họ vào tay đối thủ.",https://audio.tudienkala.com/data/cache/images/300x225/c/l/client1.jpg,https://audio.tudienkala.com/audio/c/l/client.mp3
113,colleague,/ˈkɒliːɡ/,n,đồng nghiệp,We were friends and colleagues for more.,Chúng tôi là bạn bè và hơn nữa là đồng nghiệp.,https://audio.tudienkala.com/data/cache/images/300x225/c/o/colleague1.jpg,https://audio.tudienkala.com/audio/c/o/colleague.mp3
113,comment,/ˈkɒment/,n,"lời phê bình, lời nhận xét",His critical comments have contributed to my success.,Lời phê bình của ông đã góp phần vào thành công của tôi.,https://audio.tudienkala.com/data/cache/images/300x225/c/o/comment1.jpg,https://audio.tudienkala.com/audio/c/o/comment.mp3
113,commercial,/kəˈmɜːʃəl/,adj,"(thuộc) buôn bán, thương mại",The commercial future of the company looks very promising.,Tình hình buôn bán trong tương lai của công ty có vẻ rất hứa hẹn.,https://audio.tudienkala.com/data/images_example/300x225/t/h/the_commer_ex1_56248cf97f8b9afa0cb17b50.jpg,https://audio.tudienkala.com/audio/c/o/commercial.mp3
113,commission,/kəˈmɪʃən/,n,tiền hoa hồng,He earned £2000 in commission last month.,Anh ta kiếm được £ 2.000 trong hoa hồng tháng trước.,https://audio.tudienkala.com/data/cache/images/300x225/c/o/commission1.jpg,https://audio.tudienkala.com/audio/c/o/commission.mp3
113,commitment,/kəˈmɪtmənt,n,sự tận tâm,She has made a commitment to do her job well.,Cô đã làm một cam kết làm tốt công việc của mình.,https://audio.tudienkala.com/data/cache/images/300x225/c/o/commitment2.jpg,https://audio.tudienkala.com/audio/c/o/commitment.mp3
113,company,/ˈkʌmpəni/,n,công ty,She joined the company in 2009.,Cô ấy gia nhập công ty vào năm 2009.,https://audio.tudienkala.com/data/cache/images/300x225/c/o/company1.png,https://audio.tudienkala.com/audio/c/o/company.mp3
113,comparison,/kəmˈpærɪsən/,n,sự so sánh,I enclose the two plans for comparison.,Tôi gửi kèm theo hai phương án để so sánh.,https://audio.tudienkala.com/data/cache/images/300x225/c/o/comparison2.jpg,https://audio.tudienkala.com/audio/c/o/comparison.mp3
113,competition,"/,kɔmpi'tiʃn/",n,cuộc thi,Which team do you think will win that tug of war competition?,Bạn nghĩ đội nào sẽ thắng cuộc thi kéo co đó?,https://audio.tudienkala.com/data/cache/images/300x225/c/o/competition.jpg,https://audio.tudienkala.com/audio/c/o/competition.mp3
113,competitive,/kəmˈpetətɪv/,adj,"tính cạnh tranh, đua tranh",He isn’t a competitive person. He just wants to have a peaceful life.,Anh ấy không phải là một người thích đua tranh. Anh ấy chỉ muốn có một cuộc sống yên bình.,https://audio.tudienkala.com/data/cache/images/300x225/c/o/competitive1.jpg,https://audio.tudienkala.com/audio/c/o/competitive.mp3
113,condition,/kənˈdɪʃən/,n,"điều kiện, tình trạng","Except for some minor repairs, the building is in very good condition.","Trừ một vài tu chữa nhỏ, tòa nhà đang ở trong tình trạng rất tốt.",https://audio.tudienkala.com/data/cache/images/300x225/c/o/condition1.png,https://audio.tudienkala.com/audio/c/o/condition.mp3
113,conference,/ˈkɒnf(ə)r(ə)n/,n,hội nghị,"That room is used for exhibitions, conferences and social events.","Căn phòng đó được dùng cho triển lãm, hội nghị và các sự kiện xã hội.",https://audio.tudienkala.com/data/cache/images/300x225/c/o/conference1.jpg,https://audio.tudienkala.com/audio/c/o/conference.mp3
113,conflict,/ˈkɒnflɪkt/,n,cuộc xung đột,"When conflicts do happen, we work together to find the solutions.","Khi xảy ra các xung đột, chúng tôi sẽ cùng nhau tìm ra giải pháp.",https://audio.tudienkala.com/data/cache/images/300x225/c/o/conflict1.jpg,https://audio.tudienkala.com/audio/c/o/conflict.mp3
113,consumer,/kənˈsuːmə/,n,người tiêu dùng,It is necessary to raise consumers' awareness.,Nâng cao nhận thức của người tiêu dùng là điều cần thiết.,https://audio.tudienkala.com/data/cache/images/300x225/c/o/consumer1.jpg,https://audio.tudienkala.com/audio/c/o/consumer.mp3
113,contract,/kənˈtrakt/,n,hợp đồng,Are you going to break the contract?,Bạn đang định phá vỡ hợp đồng phải không?,https://audio.tudienkala.com/data/cache/images/300x225/c/o/contracts1.jpg,https://audio.tudienkala.com/audio/c/o/contract.mp3
114,contribution,/ˌkɒntrɪˈbjuːʃən/,n,sự đóng góp,"A person's true value does not lie in his appearance, but in his achievements and contributions to the community.","Giá trị đích thực của một người không nằm ở vẻ bề ngoài, mà ở những thành tích và đóng góp của họ với cộng đồng.",https://audio.tudienkala.com/data/cache/images/300x225/c/o/contribution1.jpg,https://audio.tudienkala.com/audio/c/o/contribution.mp3
114,convention,/kənˈvenʃən/,n,quy ước,The convention demands that a club member should resign in such a situation.,Lệ thường đòi hỏi các thành viên câu lạc bộ nên từ chức trong một tình huống như vậy.,https://audio.tudienkala.com/data/cache/images/300x225/c/o/convention2.jpg,https://audio.tudienkala.com/audio/c/o/convention.mp3
114,corporate,/ˈkɔːpərət/,adj,"thuộc, của công ty, tập đoàn",Our corporate headquarters are in London.,Trụ sở công ty của chúng tôi ở tại Luân Đôn.,https://audio.tudienkala.com/data/cache/images/300x225/c/o/corporate1.jpg,https://audio.tudienkala.com/audio/c/o/corporate.mp3
114,corporation,/ˌkɔːpərˈeɪʃən/,n,"tập đoàn, công ty lớn",There are many things you can learn if you work in a corporation.,Có rất nhiều điều bạn có thể học nếu bạn làm việc trong một công ty lớn.,https://audio.tudienkala.com/data/cache/images/300x225/c/o/corporation1.jpg,https://audio.tudienkala.com/audio/c/o/corporation.mp3
114,correction fluid,/kəˈrekʃn ˈfluːɪd/,n,"bút xóa, bút tẩy",A correction fluid is a highly effective tool used to correct mistakes by using a brush and carefully erasing your mistakes.,Một cây bút xóa là một công cụ hiệu quả cao được sử dụng để sửa lỗi bằng cách sử dụng một bàn chải và cẩn thận xóa lỗi của bạn.,https://audio.tudienkala.com/data/cache/images/300x225/c/o/correction_fluid1.jpg,https://audio.tudienkala.com/audio/c/o/correction_fluid.mp3
114,cost,/kɒst/,"v,n","có giá là, chi phí",How much does it cost?,Nó có giá bao nhiêu?,https://audio.tudienkala.com/data/cache/images/300x225/c/o/cost-1.jpg,https://audio.tudienkala.com/audio/c/o/cost-.mp3
114,credit,/ ˈkrɛdɪt /,n,tín dụng,Your credit limit is now £2000.,Hạn mức tín dụng của bạn bây giờ là £ 2000.,https://audio.tudienkala.com/data/cache/images/300x225/c/r/credit1.jpg,https://audio.tudienkala.com/audio/c/r/credit.mp3
114,culture,/ˈkʌltʃər/,n,văn hóa (của một nhóm hoặc tổ chức),"In general, culture effects on business.","Nhìn chung, văn hoá ảnh hưởng đến kinh doanh.",https://audio.tudienkala.com/data/images_example/300x225/i/n/in_general_ex1_587726c47f8b9ae72f8b4591.jpg,https://audio.tudienkala.com/audio/c/u/culture.mp3
114,currency,/ˈkʌr(ə)nsi/,n,"tiền, hệ thống tiền tệ",The unit of currency in the USA is the Dollar.,Đơn vị tiền tệ ở Mỹ là đồng Đô la.,https://audio.tudienkala.com/data/cache/images/300x225/c/u/currency11.jpg,https://audio.tudienkala.com/audio/c/u/currency.mp3
114,customer,/'kʌstəmə/,n,khách hàng (người mua hàng hóa hoặc dịch vụ),Let's make sure all invoices sent to customers are kept in alphabetical order.,Chúng ta phải chắc rằng mọi hóa đơn gửi cho khách hàng được giữ theo thứ tự ABC.,https://audio.tudienkala.com/data/cache/images/300x225/c/u/customer1.jpg,https://audio.tudienkala.com/audio/c/u/customer.mp3
114,database,/ˈdeɪtəbeɪs/,n,cơ sở dữ liệu,All of our customers' information was kept in a database.,Tất cả các thông tin của khách hàng được lưu giữ trong một cơ sở dữ liệu.,https://audio.tudienkala.com/data/cache/images/300x225/d/a/database1.jpg,https://audio.tudienkala.com/audio/d/a/database.mp3
114,deal,/diːl/,n,sự giao dịch,We did a deal with the management on overtime.,Chúng tôi đã có một sự thỏa thuận với ban giám đốc về việc làm thêm giờ.,https://audio.tudienkala.com/data/cache/images/300x225/d/e/deal1.jpg,https://audio.tudienkala.com/audio/d/e/deal.mp3
114,debt,/det/,n,"nợ, món nợ",The banks are worried about your increasing debt.,Các ngân hàng lo lắng về khoản nợ đang gia tăng của anh.,https://audio.tudienkala.com/data/cache/images/300x225/d/e/debt1.jpg,https://audio.tudienkala.com/audio/d/e/debt.mp3
114,decide,/dɪˈsaɪd/,v,quyết định,We've decided not to go away after all.,Chúng tôi đã quyết định không đi xa sau khi tất cả.,https://audio.tudienkala.com/data/cache/images/300x225/d/e/decide2.jpg,https://audio.tudienkala.com/audio/d/e/decide.mp3
114,decision,/di'siʤn/,n,quyết định,It is time for me to make a very important decision which can change my life.,Đã đến lúc để tôi đưa ra một quyết định quan trọng có thể thay đổi cả cuộc sống của tôi.,https://audio.tudienkala.com/data/cache/images/300x225/d/e/decision1.png,https://audio.tudienkala.com/audio/d/e/decision.mp3
114,degree,/dɪˈgriː/,n,bằng cấp,I have a master's degree in English.,Tôi có bằng thạc sĩ tiếng Anh.,https://audio.tudienkala.com/data/cache/images/300x225/d/e/degree1.png,https://audio.tudienkala.com/audio/d/e/degree.mp3
114,delivery,/dɪˈlɪvəri/,n,"sự giao hàng, sự phân phối",The caterer hired a courier to make the delivery.,Nhà cung cấp thực phẩm đã thuê một người đưa tin để thực hiện việc giao hàng.,https://audio.tudienkala.com/data/cache/images/300x225/d/e/delivery1.png,https://audio.tudienkala.com/audio/d/e/delivery.mp3
114,demand,/dɪˈmɑːnd/,n,nhu cầu,Higher prices reduce demand.,Giá cao hơn làm giảm nhu cầu.,https://audio.tudienkala.com/data/cache/images/300x225/d/e/demand1.jpg,https://audio.tudienkala.com/audio/d/e/demand.mp3
114,department,/dɪˈpɑːtmənt/,n,"phòng, ban, bộ",She worked in Human Resource department.,Cô ấy làm việc ở bộ phận nhân sự.,https://audio.tudienkala.com/data/cache/images/300x225/d/e/department1.jpg,https://audio.tudienkala.com/audio/d/e/department.mp3
114,develop,/di'veləp/,v,phát triển,This job can give you an opportunity to develop new skills.,Công việc này có thể cho bạn cơ hội phát triển các kỹ năng mới.,https://audio.tudienkala.com/data/cache/images/300x225/d/e/develop1.jpg,https://audio.tudienkala.com/audio/d/e/develop.mp3
114,director,/dɪˈrektər/,n,giám đốc,He's on the board of directors.,Ông ấy nằm trong ban giám đốc.,https://audio.tudienkala.com/data/cache/images/300x225/d/i/director2.jpg,https://audio.tudienkala.com/audio/d/i/director.mp3
114,discuss,/dɪˈskʌs/,v,"thảo luận, tranh luận (một vấn đề gì)",They held a meeting to discuss the future of the company.,Họ đã tổ chức một cuộc họp để thảo luận về tương lai của công ty.,https://audio.tudienkala.com/data/cache/images/300x225/d/i/discuss2.jpg,https://audio.tudienkala.com/audio/d/i/discuss.mp3
114,dismiss,/dɪˈsmɪs/,v,sa thải,He dismissed his staff.,Ông đã sa thải nhân viên của mình.,https://audio.tudienkala.com/data/images_example/300x225/h/e/he_dismiss_ex1_587726c67f8b9ae72f8b459d.jpg,https://audio.tudienkala.com/audio/d/i/dismiss.mp3
114,dispute,/ˈdɪspjuːt/,n,"cuộc tranh luận, cuộc tranh chấp",We have been unable to resolve the dispute over working conditions.,Chúng tôi không thể giải quyết được những tranh chấp về điều kiện làm việc.,https://audio.tudienkala.com/data/cache/images/300x225/d/i/dispute1.jpg,https://audio.tudienkala.com/audio/d/i/dispute.mp3
114,distribution,/ˌdɪstrɪˈbjuːʃən/,n,sự phân phối,The map shows the distribution of this species across the world.,Bản đồ cho thấy sự phân bố của loài này trên toàn thế giới.,https://audio.tudienkala.com/data/images_example/300x225/t/h/the_map_sh_ex1_587726c67f8b9ae72f8b45a1.png,https://audio.tudienkala.com/audio/d/i/distribution.mp3
114,draft,/drɑːft/,n,bản nháp,This is only the first draft of my speech.,Đây chỉ là bản nháp đầu tiên bài phát biểu của tôi.,https://audio.tudienkala.com/data/cache/images/300x225/d/r/draft2.jpg,https://audio.tudienkala.com/audio/d/r/draft.mp3
114,draw,/drɔː/,v,vẽ,He is only three years old but he can draw a chicken.,Cậu bé chỉ mới ba tuổi thôi nhưng có thể vẽ được con gà.,https://audio.tudienkala.com/data/cache/images/300x225/d/r/draw-l61.jpg,https://audio.tudienkala.com/audio/d/r/draw-l6.mp3
114,duty,/'dju:ti/,n,"bổn phận, nhiệm vụ",It is my duty to report it to the police.,Nhiệm vụ của tôi là báo cáo nó với cảnh sát.,https://audio.tudienkala.com/data/images_example/300x225/i/t/it_is_my_d_ex1_5816cae97f8b9a24318b45d9.jpg,https://audio.tudienkala.com/audio/d/u/duty.mp3
114,earnings,/ˈɜːnɪŋz/,n,"tiền kiếm được, thu nhập",The UK's employment report shows a decrease in the jobless rate and a rise in average earnings.,Báo cáo việc làm ở Anh cho thấy sự sụt giảm trong tỷ lệ thất nghiệp và tăng thu nhập trung bình.,https://audio.tudienkala.com/data/cache/images/300x225/e/a/earnings1.jpg,https://audio.tudienkala.com/audio/e/a/earnings.mp3
114,economics,/ˌiːkəˈnɒmɪks/,n,môn kinh tế,She's in her third year of economics at Washington University.,Cô ấy đang học năm thứ ba chuyên ngành kinh tế học tại Đại học Washington.,https://audio.tudienkala.com/data/cache/images/300x225/e/c/economics1.png,https://audio.tudienkala.com/audio/e/c/economics.mp3
114,economy,/ɪˈkɒnəmi/,n,nền kinh tế,This association focuses on improving member states' economy.,Tổ chức này tập trung vào việc cải thiện nền kinh tế của các nước thành viên.,https://audio.tudienkala.com/data/cache/images/300x225/e/c/economy2.jpg,https://audio.tudienkala.com/audio/e/c/economy.mp3
114,efficiency,/ɪˈfɪʃnsi/,n,"hiệu suất cao, năng suất cao, sự hiệu quả",The reforms will lead to cost efficiency and savings.,Các cuộc cải cách sẽ dẫn đến chi phí hiệu quả và tiết kiệm.,https://audio.tudienkala.com/data/cache/images/300x225/e/f/efficiency1.jpg,https://audio.tudienkala.com/audio/e/f/efficiency.mp3
114,employee,/ɪmˈplɔɪiː/,n,"nhân viên, người lao động",This company has about 200 employees.,Công ty này có khoảng 200 nhân viên.,https://audio.tudienkala.com/data/cache/images/300x225/e/m/employee1.png,https://audio.tudienkala.com/audio/e/m/employee.mp3
114,employer,/ɪmˈplɔɪər/,n,"chủ, người sử dụng lao động",They're very good employers.,Họ là những ông chủ rất tốt.,https://audio.tudienkala.com/data/cache/images/300x225/e/m/employer2.jpg,https://audio.tudienkala.com/audio/e/m/employer.mp3
114,employment,/ɪmˈplɔɪmənt/,n,công việc làm,She is looking for permanent employment.,Cô ta đang tìm việc làm lâu dài.,https://audio.tudienkala.com/data/images_example/300x225/s/h/she_is_loo_ex1_587726597f8b9acf2f8b457f.jpg,https://audio.tudienkala.com/audio/e/m/employment.mp3
114,encourage,/ɪnˈkʌrɪdʒ/,v,"khuyến khích, động viên",My mom always encourages me whenever I meet difficulties.,Mẹ tớ luôn động viên tớ khi tớ gặp khó khăn.,https://audio.tudienkala.com/data/images_example/300x225/m/y/my_mom_alw_ex1_56248d007f8b9afc0c29809d.jpg,https://audio.tudienkala.com/audio/e/n/encourage.mp3
114,enquiry,/ɪnˈkwaɪəri/,n,"sự hỏi thêm thông tin, sự vấn tin",This area of enquiry did finally prove fruitful.,Cuối cùng thì lĩnh vực điều tra này cũng chứng minh là có kết quả tốt.,https://audio.tudienkala.com/data/cache/images/300x225/e/n/enquiry2.jpg,https://audio.tudienkala.com/audio/e/n/enquiry.mp3
114,enterprise,/'entəpraiz/,n,"hãng, công ty, xí nghiệp",The new enterprise quickly established an account with the office supply store.,"Công ty mới thiết lập một cách nhanh chóng bản thanh toán với cửa hàng đồ dùng văn phòng (bàn ghế, văn phòng phẩm, máy fax...).",https://audio.tudienkala.com/data/cache/images/300x225/e/n/enterprise1.jpg,https://audio.tudienkala.com/audio/e/n/enterprise.mp3
114,environment,/ɪnˈvaɪrənmənt/,n,môi trường,We have to protect our environment.,Chúng ta phải bảo vệ môi trường của chúng tôi.,https://audio.tudienkala.com/data/cache/images/300x225/e/n/environment1.jpg,https://audio.tudienkala.com/audio/e/n/environment.mp3
114,equipment,/ɪˈkwɪpmənt/,n,thiết bị,"The company is in need of new office equipment such as computers, printers and photocopiers.","Công ty đang cần các thiết bị văn phòng mới như máy tính, máy in và máy photocopy.",https://audio.tudienkala.com/data/cache/images/300x225/e/q/equipment1.png,https://audio.tudienkala.com/audio/e/q/equipment.mp3
114,equivalent,/i'kwivələnt/,adj,tương đương,The food the airline serves in business class is equivalent to that served in first class.,Đồ ăn mà hãng hàng không phục vụ cho vé hạng thường thì tương đương với đồ ăn được phục vụ cho vé hạng nhất.,https://audio.tudienkala.com/data/images_example/300x225/t/h/the_food_t_ex1_56248d167f8b9a040dc66170.png,https://audio.tudienkala.com/audio/e/q/equivalent.mp3
114,establish,/is'tæbliʃ/,v,"thành lập, thiết lập",This company was established in 2010.,Công ty này được thành lập vào năm 2010.,https://audio.tudienkala.com/data/cache/images/300x225/e/s/establish1.png,https://audio.tudienkala.com/audio/e/s/establish.mp3
114,estimate,/ˈestɪmət/,v,ước lượng,We estimated our losses this year at about five thousand dollars.,Chúng tôi ước tính thua lỗ trong năm nay của chúng tôi là vào khoảng 5 ngàn đô-la.,https://audio.tudienkala.com/data/cache/images/300x225/e/s/estimate1.png,https://audio.tudienkala.com/audio/e/s/estimate.mp3
114,even,/ˈiːvən/,adj,huề vốn,The company just about broke even last year.,Công ty vừa huề vốn năm ngoái.,https://audio.tudienkala.com/data/images_example/300x225/t/h/the_compan_ex1_587726c87f8b9ae72f8b45ad.jpg,https://audio.tudienkala.com/audio/e/v/even.mp3
114,exchange,/ɪksˈtʃeɪndʒ/,v,trao đổi,Everyone in the group exchange business card.,Tất cả mọi người trong nhóm đều trao đổi danh thiếp cho nhau.,https://audio.tudienkala.com/data/cache/images/300x225/e/x/exchange1.jpg,https://audio.tudienkala.com/audio/e/x/exchange.mp3
114,executive,/ɪɡˈzekjətɪv/,n,"người điều hành (công ty, tổ chức,...)",The company executive is only 30 years old.,Giám đốc điều hành công ty là chỉ mới 30 tuổi.,https://audio.tudienkala.com/data/cache/images/300x225/e/x/executive2.jpg,https://audio.tudienkala.com/audio/e/x/executive.mp3
114,expectation,/ˌekspekˈteɪʃən/,n,"sự mong chờ, sự trông đợi",Everything came up to expectation.,Mọi thứ diễn ra đúng như sự mong đợi.,https://audio.tudienkala.com/data/cache/images/300x225/e/x/expectation2.jpg,https://audio.tudienkala.com/audio/e/x/expectation.mp3
114,expenditure,/ɪkˈspendɪtʃər/,n,sự chi tiêu; phí tổn,The government asked for the total expenditure this year of about $27 billion.,Chính phủ yêu cầu tổng chi tiêu trong năm nay khoảng 27 tỷ $.,https://audio.tudienkala.com/data/cache/images/300x225/e/x/expenditure1.jpg,https://audio.tudienkala.com/audio/e/x/expenditure.mp3
114,expense,/iks'pens/,n,chi phí,Buying a new house needs a lot of expense.,Mua một ngôi nhà mới cần rất nhiều chi phí.,https://audio.tudienkala.com/data/cache/images/300x225/e/x/expense1.png,https://audio.tudienkala.com/audio/e/x/expense.mp3
114,export,/ɪkˈspɔːt/,v,xuất khẩu,The islands export sugar and fruit.,Các đảo xuất khẩu đường và hoa quả.,https://audio.tudienkala.com/data/cache/images/300x225/e/x/export1.jpg,https://audio.tudienkala.com/audio/e/x/export.mp3
115,extend,/iks'tend/,v,"gia hạn, kéo dài (thời hạn...)",There are plans to extend the subway line in this city.,Có kế hoạch để mở rộng đường tàu điện ngầm trong thành phố này.,https://audio.tudienkala.com/data/cache/images/300x225/e/x/extend1.png,https://audio.tudienkala.com/audio/e/x/extend.mp3
115,extraordinary,/ɪkˈstrɔːdənəri/,adj,"lạ thường, khác thường",It's extraordinary that he managed to sleep through the party.,Thật là lạ thường khi anh ta vẫn tiếp tục ngủ trong suốt bữa tiệc.,https://audio.tudienkala.com/data/cache/images/300x225/e/x/extraordinary1.jpg,https://audio.tudienkala.com/audio/e/x/extraordinary.mp3
115,facility,/fəˈsɪləti/,n,"cơ sở vật chất, trang thiết bị",Schools and hospitals are necessary facilities.,Trường học và bệnh viện là những cơ sở vật chất cần thiết.,https://audio.tudienkala.com/data/cache/images/300x225/f/a/facility1.jpg,https://audio.tudienkala.com/audio/f/a/facility.mp3
115,factory,/'fæktəri/,n,"nhà máy, xí nghiệp",Does your brother work for this factory?,Anh trai của bạn làm việc cho nhà máy này không?,https://audio.tudienkala.com/data/cache/images/300x225/f/a/factory2.jpg,https://audio.tudienkala.com/audio/f/a/factory.mp3
115,fall,/fɔ:l/,n,mùa thu,Do you like fall?,Bạn có thích mùa thu không?,https://audio.tudienkala.com/data/cache/images/300x225/f/a/fall1.jpg,https://audio.tudienkala.com/audio/f/a/fall.mp3
115,figure,/ figɜ:/,n,con số,"These are all figures: 5, 12, 1997.","5, 12, 1997 là những con số.",https://audio.tudienkala.com/data/cache/images/300x225/f/i/figure1.jpg,https://audio.tudienkala.com/audio/f/i/figure.mp3
115,finance,/ˈfaɪnæns/,n,tài chính,"New York is the center of global finance, communications and business.","New York là trung tâm tài chính, thông tin và kinh tế của toàn thế giới.",https://audio.tudienkala.com/data/cache/images/300x225/f/i/finance1.jpg,https://audio.tudienkala.com/audio/f/i/finance.mp3
115,fire,/faɪər/,n,lửa,Animals are usually afraid of fire.,Động vật thường sợ lửa.,https://audio.tudienkala.com/data/images_example/300x225/a/n/animals_ar_ex1_56248cf97f8b9afa0cb17bd8.jpg,https://audio.tudienkala.com/audio/f/i/fire.mp3
115,flip chart,/flɪp tʃɑːt/,n,bảng kẹp giấy,Write answers on a flip chart or have a recorder keep notes for later reference.,Viết câu trả lời trên một biểu đồ hoặc có giấy ghi chú để tham khảo sau này.,https://audio.tudienkala.com/data/cache/images/300x225/f/l/flip_chart1.jpg,https://audio.tudienkala.com/audio/f/l/flip_chart.mp3
115,formal,/ˈfɔːm(ə)l/,adj,"trang trọng, nghi thức",The formal clothes made him feel uncomfortable.,Quần áo trang trọng làm anh ấy cảm thấy không thoải mái.,https://audio.tudienkala.com/data/cache/images/300x225/f/o/formal1.jpg,https://audio.tudienkala.com/audio/f/o/formal.mp3
115,forward,/ˈfɔːwəd/,v,phía trước,I put ‘please forward’ on the envelope.,Tôi đặt 'Đề nghị gửi chuyển tiếp' trên phong bì.,https://audio.tudienkala.com/data/cache/images/300x225/f/o/forward2.jpg,https://audio.tudienkala.com/audio/f/o/forward.mp3
115,function,/fʌŋkʃn/,n,"chức năng, nhiệm vụ",What is the function of this device?,Chức năng của thiết bị này là gì?,https://audio.tudienkala.com/data/cache/images/300x225/f/u/function1.png,https://audio.tudienkala.com/audio/f/u/function.mp3
115,fund,/fʌnd/,n,quỹ (tiết kiệm hoặc dùng cho một hoạt động cụ thể),We subscribe to the charity fund.,Chúng tôi quyên góp cho quỹ từ thiện.,https://audio.tudienkala.com/data/cache/images/300x225/f/u/fund1.jpg,https://audio.tudienkala.com/audio/f/u/fund.mp3
115,goal,/goul/,n,"mục đích, mục tiêu",Employees are expected to analyze and evaluate their annual goals.,Các nhân viên được yêu cầu phân tích và đánh giá các mục tiêu hàng năm của họ.,https://audio.tudienkala.com/data/cache/images/300x225/g/o/goal2.png,https://audio.tudienkala.com/audio/g/o/goal.mp3
115,goods,/ɡʊdz/,n,hàng hóa,The goods readied for selling.,Hàng hóa đã sẵn sàng để bán.,https://audio.tudienkala.com/data/cache/images/300x225/g/o/goods1.jpg,https://audio.tudienkala.com/audio/g/o/goods.mp3
115,growth,/ɡrəʊθ/,n,sự tăng trưởng,Economic growth is at zero.,Sự tăng trưởng kinh tế ở điểm không.,https://audio.tudienkala.com/data/cache/images/300x225/g/r/growth2.jpg,https://audio.tudienkala.com/audio/g/r/growth.mp3
115,handle,/ˈhændl/,v,"xử lí, giải quyết",You can handle all these matters.,Bạn có thể xử lý tất cả những vấn đề này.,https://audio.tudienkala.com/data/cache/images/300x225/h/a/handle3.jpg,https://audio.tudienkala.com/audio/h/a/handle.mp3
115,headquarters,/ˈhedˌkwɔːtəz/,n,trụ sở chính,Several companies have their headquarters in the area.,Một số công ty có trụ sở chính tại khu vực này.,https://audio.tudienkala.com/data/cache/images/300x225/h/e/headquarters1.jpg,https://audio.tudienkala.com/audio/h/e/headquarters.mp3
115,hire,/'haiə/,v,"thuê, mướn; tiền trả công",She was hired after her third interview.,Cô ta đã được thuê sau lần phỏng vấn thứ ba.,https://audio.tudienkala.com/data/cache/images/300x225/h/i/hire1.jpg,https://audio.tudienkala.com/audio/h/i/hire.mp3
115,holiday,/ˈhɒlɪdeɪ/,n,ngày lễ,We're enjoying our holiday.,Chúng tôi đang hưởng thụ kỳ nghỉ của mình.,https://audio.tudienkala.com/data/cache/images/300x225/h/o/holiday1.jpg,https://audio.tudienkala.com/audio/h/o/holiday.mp3
115,import,/ɪmˈpɔːt/,v,nhập khẩu,We import a large number of cars from Japan.,Chúng tôi nhập khẩu một số lượng lớn ô tô từ Nhật.,https://audio.tudienkala.com/data/cache/images/300x225/i/m/import1.jpg,https://audio.tudienkala.com/audio/i/m/import.mp3
115,impression,/ɪmˈpreʃən/,n,"ấn tượng, cảm tưởng",She gives the impression of being very busy.,Cô tạo ấn tượng là rất bận rộn.,https://audio.tudienkala.com/data/cache/images/300x225/i/m/impression2.jpg,https://audio.tudienkala.com/audio/i/m/impression.mp3
115,improve,/ɪmˈpruːv/,v,tốt lên,I cannot seem to improve my memory even if I try.,Tôi dường như không thể cải thiện trí nhớ của mình ngay cả khi tôi cố gắng.,https://audio.tudienkala.com/data/cache/images/300x225/i/m/improve2.jpg,https://audio.tudienkala.com/audio/i/m/improve.mp3
115,inbox,/ˈɪnbɒks/,n,hộp thư đến,I have a stack of emails in my inbox.,Tôi có một ngăn chứa các email trong hộp thư đến của tôi.,https://audio.tudienkala.com/data/cache/images/300x225/i/n/inbox1.jpg,https://audio.tudienkala.com/audio/i/n/inbox.mp3
115,income,/ˈɪnkʌm/,n,thu nhập,His income is too low to help his family.,Thu nhập của anh ấy là quá thấp để giúp gia đình.,https://audio.tudienkala.com/data/cache/images/300x225/i/n/income1.jpg,https://audio.tudienkala.com/audio/i/n/income.mp3
115,increase,/ɪnˈkriːs/,v,tăng,The number of injuries from automobile accidents increases every year.,Số lượng thương vong từ các vụ tai nạn ô tô tăng lên hàng năm.,https://audio.tudienkala.com/data/cache/images/300x225/i/n/increase1.png,https://audio.tudienkala.com/audio/i/n/increase.mp3
115,industry,/ˈɪndəstri/,n,"công nghiệp, ngành công nghiệp",Our country is developing a service industry.,Nước ta đang phát triển nền công nghiệp dịch vụ.,https://audio.tudienkala.com/data/cache/images/300x225/i/n/industry1.png,https://audio.tudienkala.com/audio/i/n/industry.mp3
115,inflation,/ɪnˈfleɪʃən/,n,lạm phát,The rate of inflation this year is ten percent.,Tỷ lệ lạm phát năm nay là mười phần trăm.,https://audio.tudienkala.com/data/cache/images/300x225/i/n/inflation1.png,https://audio.tudienkala.com/audio/i/n/inflation.mp3
115,instruction,/ɪnˈstrʌkʃən/,n,"lời chỉ dẫn, hướng dẫn",Follow the instructions on the packet carefully.,Thực hiện theo các hướng dẫn trên gói cẩn thận.,https://audio.tudienkala.com/data/cache/images/300x225/i/n/instruction2.jpg,https://audio.tudienkala.com/audio/i/n/instruction.mp3
115,insurance,/ɪnˈʃʊrəns/,n,bảo hiểm,You should seek advice from your financial adviser before deciding on appropriate insurance cover.,Bạn nên tìm kiếm lời khuyên từ các chuyên gia tư vấn tài chính của bạn trước khi quyết định mua bảo hiểm thích hợp.,https://audio.tudienkala.com/data/cache/images/300x225/i/n/insurance1.jpg,https://audio.tudienkala.com/audio/i/n/insurance.mp3
115,interest,/ˈɪntrəst/,n,sở thích,His interests are philosophy and chess.,Sở thích của cậu ấy là triết học và cờ vua.,https://audio.tudienkala.com/data/cache/images/300x225/i/n/interest1.jpg,https://audio.tudienkala.com/audio/i/n/interest.mp3
115,interview,/ˈɪntərvjuː/,n,cuộc phỏng vấn,He has an interview next week for the manager's job.,Anh ấy có một cuộc phỏng vấn vào tuần tới cho công việc của nhà quản lý.,https://audio.tudienkala.com/data/cache/images/300x225/i/n/interview2.jpg,https://audio.tudienkala.com/audio/i/n/interview.mp3
115,inventory,/in'ventri/,n,‹sự/bản› kiểm kê hàng hóa,The store closes one day a year so that the staff can take inventory of the stockroom.,Cửa hàng đóng cửa 1 ngày mỗi năm để cho nhân viên có thể thực hiện kiểm kê kho hàng.,https://audio.tudienkala.com/data/cache/images/300x225/i/n/inventory1.jpg,https://audio.tudienkala.com/audio/i/n/inventory.mp3
115,investment,/ɪnˈvest mənt/,n,sự đầu tư,Stocks are regarded as good long-term investments.,Cổ phiếu được coi là khoản đầu tư dài hạn tốt.,https://audio.tudienkala.com/data/cache/images/300x225/i/n/investment1.jpg,https://audio.tudienkala.com/audio/i/n/investment.mp3
115,issue,/ˈɪʃuː/,n,vấn đề,"This is a big issue, we need more time to think about it.","Đây là một vấn đề lớn, chúng ta cần có thời gian để suy nghĩ về nó.",https://audio.tudienkala.com/data/cache/images/300x225/i/s/issue1.jpg,https://audio.tudienkala.com/audio/i/s/issue.mp3
115,item,/'aitem/,n,"khoản, món, mục, mặt hàng",Do you think I can get all these items into one bag?,Cô có nghĩ rằng tôi có thể để tất cả món đồ này vào một cái túi không?,https://audio.tudienkala.com/data/cache/images/300x225/i/t/item1.png,https://audio.tudienkala.com/audio/i/t/item.mp3
115,job,/dʒɒb/,n,"công việc, nghề nghiệp",What is your job?,Công việc của bạn là gì?,https://audio.tudienkala.com/data/cache/images/300x225/j/o/job2.png,https://audio.tudienkala.com/audio/j/o/job-l6.mp3
115,job satisfaction,/dʒɒb satɪsˈfakʃ(ə)n/,n,sự thỏa mãn về công việc,"As most people spend a major part of their adult life at work, job satisfaction is an important element of individual wellbeing.","Hầu hết mọi người dành một phần quan trọng trong cuộc đời trưởng thành của họ trong công việc, sự hài lòng của công việc.",https://audio.tudienkala.com/data/cache/images/300x225/j/o/job_satisfaction1.jpg,https://audio.tudienkala.com/audio/j/o/job_satisfaction.mp3
115,join,/dʒɔɪn/,v,tham gia,I'm sure everyone will join me in wishing you a very happy birthday.,Tôi chắc chắn rằng tất cả mọi người sẽ cùng tớ gửi tới cậu lời chúc mừng sinh nhật thật hạnh phúc.,https://audio.tudienkala.com/data/cache/images/300x225/j/o/join1.png,https://audio.tudienkala.com/audio/j/o/join.mp3
115,key,/kiː/,adj,chìa khóa,Good communication is key to our success.,Giao tiếp tốt là chìa khóa thành công của chúng tôi.,https://audio.tudienkala.com/data/cache/images/300x225/k/e/key1.png,https://audio.tudienkala.com/audio/k/e/key.mp3
115,label,/ˈleɪbl/,n,"dán nhãn, ghi nhãn",He'll only wear clothes with a designer label.,Ông ấy sẽ chỉ mặc quần áo với một nhãn hiệu thiết kế.,https://audio.tudienkala.com/data/images_example/300x225/h/e/hell_only__ex1_56248cf37f8b9af80c011ed1.jpg,https://audio.tudienkala.com/audio/l/a/label.mp3
115,labour,/ˈleɪbər/,n,"công việc, nhất là công việc chân tay",The company wants to keep down labour costs.,Công ty muốn giảm bớt chi phí lao động.,https://audio.tudienkala.com/data/cache/images/300x225/l/a/labour2.jpg,https://audio.tudienkala.com/audio/l/a/labour.mp3
115,launch,/lɔːnt ʃ/,v,"phát động, khởi động",Last month we launched a campaign to help students with disabilities.,Tháng trước chúng tôi đã khởi động một chiến dịch giúp đỡ các học sinh khuyết tật.,https://audio.tudienkala.com/data/images_example/300x225/l/a/last_month_ex1_56248d0d7f8b9a000de3d291.jpg,https://audio.tudienkala.com/audio/l/a/launch.mp3
115,leading,/ˈliːdɪŋ/,adj,"hàng đầu, chính, quan trọng",She was offered the leading role in the new TV series.,Cô ấy được mời đóng vai chính trong bộ phim truyền hình mới.,https://audio.tudienkala.com/data/cache/images/300x225/l/e/leading2.jpg,https://audio.tudienkala.com/audio/l/e/leading.mp3
115,leave,/li:v/,v,"khởi hành, rời khỏi",When do they leave their house?,Khi nào họ rời khỏi nhà của họ?,https://audio.tudienkala.com/data/cache/images/300x225/l/e/leave1.jpg,https://audio.tudienkala.com/audio/l/e/leave.mp3
115,legal,/ˈliːɡəl/,adj,"(thuộc về) pháp luật, pháp lí",the European legal system,hệ thống pháp luật châu Âu,https://audio.tudienkala.com/data/cache/images/300x225/l/e/legal2.jpg,https://audio.tudienkala.com/audio/l/e/legal.mp3
115,liability,"/,laiə'biliti/",n,"nguy cơ, điều gây khó khăn trở ngại",The slippery steps were a terrible liability for the store.,Những bậc thềm trơn trượt là một nguy cơ tệ hại cho cửa hàng.,https://audio.tudienkala.com/data/cache/images/300x225/l/i/liability1.png,https://audio.tudienkala.com/audio/l/i/liability.mp3
115,limit,/'limit/,n,"giới hạn, hết hạn dùng",We were reaching the limits of civilization.,Chúng tôi đã đạt đến giới hạn của nền văn minh.,https://audio.tudienkala.com/data/cache/images/300x225/l/i/limit1.png,https://audio.tudienkala.com/audio/l/i/limit.mp3
115,loan,/ləʊn/,n,khoản vay,It took three years to repay my student loan.,Phải mất ba năm để hoàn trả khoản vay sinh viên của tôi.,https://audio.tudienkala.com/data/cache/images/300x225/l/o/loan2.jpg,https://audio.tudienkala.com/audio/l/o/loan.mp3
116,loss,"/lɔs , lɒs/",n,sự mất mát,He suffered a hearing loss.,Anh ấy bị mất thính giác.,https://audio.tudienkala.com/data/images_example/300x225/h/e/he_suffere_ex1_5812f5de7f8b9a24318b45c4.jpg,https://audio.tudienkala.com/audio/l/o/loss.mp3
116,lunch,/lʌntʃ/,n,bữa trưa,I often have lunch at 11 o'clock.,Tôi thường ăn trưa lúc 11 giờ.,https://audio.tudienkala.com/data/cache/images/300x225/l/u/lunch1.png,https://audio.tudienkala.com/audio/l/u/lunch-l6.mp3
116,maintain,/men'tein/,v,duy trì,Combining physical activity with a healthy diet is the best way to maintain a healthy body weight.,Kết hợp hoạt động thể chất với chế độ ăn uống lành mạnh là cách tốt nhất để duy trì trọng lượng cơ thể khỏe mạnh.,https://audio.tudienkala.com/data/cache/images/300x225/m/a/maintain2.jpg,https://audio.tudienkala.com/audio/m/a/maintain.mp3
116,manage,/'mænidʤ/,v,"quán lý, điều hành",I managed to pass the exams.,Tôi đã xoay sở vượt qua được các kỳ thi.,https://audio.tudienkala.com/data/cache/images/300x225/m/a/manage1.png,https://audio.tudienkala.com/audio/m/a/manage.mp3
116,management,/ˈmænɪdʒmənt/ UK: /ˈmænɪdʒmənt/,n,"(sự) quản lý, quản trị",We need someone with good management style to help with our work.,Chúng tôi cần một người có cách quản lý tốt để giúp đỡ với công việc của chúng tôi.,https://audio.tudienkala.com/data/cache/images/300x225/m/a/management2.jpg,https://audio.tudienkala.com/audio/m/a/management.mp3
116,manual,/ˈmænjuəl/,n,"sách hướng dẫn sử dụng, sổ tay",I need a manual to know how to use this software.,Tớ cần một quyển sách hướng dẫn để biết cách sử dụng phần mềm này.,https://audio.tudienkala.com/data/cache/images/300x225/m/a/manual1.png,https://audio.tudienkala.com/audio/m/a/manual.mp3
116,manufacturer,/ˌmænjʊˈfæktʃərər/,n,nhà sản xuất,Faulty goods should be returned to the manufacturers.,Hàng hóa bị lỗi nên được trả lại cho nhà sản xuất.,https://audio.tudienkala.com/data/cache/images/300x225/m/a/manufacturer1.jpg,https://audio.tudienkala.com/audio/m/a/manufacturer.mp3
116,market,/'mɑ:kit/,n,"thị trường, chợ, nơi mua bán sản phẩm...",My mother goes to the market every morning.,Mẹ tôi đi vào chợ mỗi buổi sáng.,https://audio.tudienkala.com/data/cache/images/300x225/m/a/market1.png,https://audio.tudienkala.com/audio/m/a/market.mp3
116,marketing,/ˈmɑːkɪtɪŋ/,n,ngành tiếp thị,She works in sales and marketing.,Cô ấy bán hàng và tiếp thị.,https://audio.tudienkala.com/data/cache/images/300x225/m/a/marketing1.jpg,https://audio.tudienkala.com/audio/m/a/marketing.mp3
116,maternity leave,/məˈtɜːnətiˌliːv/,n,thời gian nghỉ sinh,Maternity leave is available after six months of contract work.,Thời gian nghỉ sinh trong hợp đồng là sau sáu tháng.,https://audio.tudienkala.com/data/cache/images/300x225/m/a/maternity_leave1.jpg,https://audio.tudienkala.com/audio/m/a/maternity_leave.mp3
116,measure,/ˈmeʒər/,v,đo,Can you measure accurately with this ruler?,Cậu có thể đo chính xác với cái thước này không?,https://audio.tudienkala.com/data/cache/images/300x225/m/e/measure1.png,https://audio.tudienkala.com/audio/m/e/measure.mp3
116,meeting,/ˈmiːtɪŋ/,n,buổi họp,The meeting will be held in the school hall.,Cuộc họp sẽ được tổ chức tại hội trường của trường.,https://audio.tudienkala.com/data/cache/images/300x225/m/e/meeting1.png,https://audio.tudienkala.com/audio/m/e/meeting.mp3
116,mention,/'menʃn/,v,"nói đến, đề cập đếm, đề xuất",You should mention in the letter that we can arrange for mailing the brochures as well as printing them.,Anh nên đề cập trong thư rằng chúng ta có thể thu xếp gửi (thư) tờ bướm cũng như là in ấn chúng.,https://audio.tudienkala.com/data/cache/images/300x225/m/e/mention1.jpg,https://audio.tudienkala.com/audio/m/e/mention.mp3
116,message,/ˈmesɪdʒ/,n,"thông báo, lời nhắn",Jenny's not here at the moment. Can I take a message?,Jenny giờ không ở đây. Tôi có thể nhận lời nhắn không?,https://audio.tudienkala.com/data/cache/images/300x225/m/e/message1.png,https://audio.tudienkala.com/audio/m/e/message.mp3
116,mouse mat,/maʊs mæt/,n,tấm đế để chuột máy tính,Some people think a mouse mat's a pretty simple thing.,Một số người nghĩ rằng một tấm để chuột máy tính là một vật khá đơn giản.,https://audio.tudienkala.com/data/cache/images/300x225/m/o/mouse_mat1.jpg,https://audio.tudienkala.com/audio/m/o/mouse_mat.mp3
116,negative,/ˈneɡətɪv/,adj,"tiêu cực, có hại",The crisis had a negative effect on trade.,Cuộc khủng hoảng đã ảnh hưởng tiêu cực đến thương mại.,https://audio.tudienkala.com/data/cache/images/300x225/n/e/negative1.jpg,https://audio.tudienkala.com/audio/n/e/negative.mp3
116,negotiation,/nɪˌɡəʊʃiˈeɪʃən/,n,"sự đàm phán, sự thương lượng",The contract under negotiation could affect 1400 workers of this factory.,Các hợp đồng được đàm phán có thể ảnh hưởng đến 1.400 công nhân của nhà máy này.,https://audio.tudienkala.com/data/cache/images/300x225/n/e/negotiation1.jpg,https://audio.tudienkala.com/audio/n/e/negotiation.mp3
116,net,/net/,adj,"thuần, ròng, tịnh, thực",What do you earn net of tax?,Bạn kiếm được bao nhiêu sau khi trừ thuế?,https://audio.tudienkala.com/data/cache/images/300x225/n/e/net2.jpg,https://audio.tudienkala.com/audio/n/e/net.mp3
116,network,/ˈnetwɜːrk/,v,nối mạng,People stay after the speech to network.,Mọi người ở lại sau bài phát biểu để làm quen với những người cùng chí hướng.,https://audio.tudienkala.com/data/cache/images/300x225/n/e/network1.jpg,https://audio.tudienkala.com/audio/n/e/network.mp3
116,nine,/nʌɪn/,cardinal no,số chín,There are nine times out of ten.,Cứ mười lần thì có đến chín lần.,https://audio.tudienkala.com/data/cache/images/300x225/n/i/nine1.png,https://audio.tudienkala.com/audio/n/i/nine.mp3
116,notice,/ˈnəʊtɪs/,v,"lưu ý, lưu tâm",People were making fun of him but he didn't seem to notice.,Mọi người thường cười nhạo anh ấy nhưng anh ấy có vẻ như chẳng chú ý tới.,https://audio.tudienkala.com/data/cache/images/300x225/n/o/notice1.jpg,https://audio.tudienkala.com/audio/n/o/notice.mp3
116,obligation,/ˌɒblɪˈɡeɪʃən/,n,"nghĩa vụ, bổn phận",She did not feel under any obligation to tell him the truth.,Cô không cảm thấy có nghĩa vụ phải nói với anh sự thật.,https://audio.tudienkala.com/data/cache/images/300x225/o/b/obligation1.jpg,https://audio.tudienkala.com/audio/o/b/obligation.mp3
116,obtain,/əb'tein/,v,"giành được, kiếm được (to acquire)",In the second experiment they obtained a very clear result.,"Ở thí nghiệm thứ hai, họ đạt được kết quả rất rõ ràng.",https://audio.tudienkala.com/data/cache/images/300x225/o/b/obtain1.png,https://audio.tudienkala.com/audio/o/b/obtain.mp3
116,occupation,/ˌɒkjəˈpeɪʃən/,n,nghề nghiệp,"Please state your name, age and occupation below.","Xin ghi rõ tên, tuổi, nghề nghiệp dưới đây.",https://audio.tudienkala.com/data/cache/images/300x225/o/c/occupation1.jpg,https://audio.tudienkala.com/audio/o/c/occupation.mp3
116,offer,/'ɔfə/,n,"đề xuất, đề nghị, chào mời, chào hàng",Devon accepted our offer to write the business plan.,Devon đã chuấp thuận đề nghị của chúng tôi để viết một bản kế hoạch kinh doanh.,https://audio.tudienkala.com/data/cache/images/300x225/o/f/offer1.png,https://audio.tudienkala.com/audio/o/f/offer.mp3
116,office,/ˈɒfɪs/,n,văn phòng,Are you going to the office today?,Bạn sẽ đến văn phòng hôm nay phải không?,https://audio.tudienkala.com/data/cache/images/300x225/o/f/office1.png,https://audio.tudienkala.com/audio/o/f/office.mp3
116,official,/əˈfɪʃəl/,n,"quan chức, công chức",Palace officials are refusing to comment on the royal divorce.,Các viên chức cung điện từ chối bình luận về việc ly hôn của hoàng gia.,https://audio.tudienkala.com/data/cache/images/300x225/o/f/official2.jpg,https://audio.tudienkala.com/audio/o/f/official.mp3
116,operator,/ˈɒpəreɪtər/,n,người trực tổng đài,Dial 100 and ask for the operator.,Quay số 100 và hỏi người trực tổng đài.,https://audio.tudienkala.com/data/cache/images/300x225/o/p/operator1.jpg,https://audio.tudienkala.com/audio/o/p/operator.mp3
116,opinion,/əˈpɪnjən/,n,"ý kiến, quan điểm","In my opinion, you should change your hairstyle.","Theo tôi, bạn nên thay đổi kiểu tóc của bạn.",https://audio.tudienkala.com/data/cache/images/300x225/o/p/opinion1.jpg,https://audio.tudienkala.com/audio/o/p/opinion.mp3
116,opportunity,/ˌɒpərˈtyunɪti/,n,"cơ hội, thời cơ",This is the perfect opportunity to make a new start.,Đây là một cơ hội hoàn hảo để làm nên một sự bắt đầu mới.,https://audio.tudienkala.com/data/cache/images/300x225/o/p/opportunity1.jpg,https://audio.tudienkala.com/audio/o/p/opportunity.mp3
116,option,/'ɔpʃn/,n,"sự chọn lựa, quyền lựa chọn","With the real estate market so tight right now, you don't have that many options.","Với thị trường BĐS khan hiếm đến vậy vào lúc này, anh không có nhiều chọn lựa đến vậy.",https://audio.tudienkala.com/data/cache/images/300x225/o/p/option2.jpg,https://audio.tudienkala.com/audio/o/p/option.mp3
116,order,/'ɔ:də/,n,đơn đặt hàng,The customer placed an order for ten new chairs.,Người khách hàng đưa đơn đặt hàng 10 cái ghế mới.,https://audio.tudienkala.com/data/images_example/300x225/t/h/the_custom_ex1_56248cf37f8b9af80c011edd.jpg,https://audio.tudienkala.com/audio/o/r/order.mp3
116,order book,/ˈɔːdə(r) bʊk/,n,sổ ghi các đơn hàng đặt,The company’s order book stood at £5.5 m.,"Đơn đặt hàng của công ty đứng ở mức 5,5 triệu bảng.",https://audio.tudienkala.com/data/cache/images/300x225/o/r/order_book1.jpg,https://audio.tudienkala.com/audio/o/r/order_book.mp3
116,outbox,/ˈaʊtbɒks/,n,hộp thư đi (email bạn viết được lưu ở đây trước khi gửi đi),The email I have written this morning is stored in outbox.,Các email tôi đã viết sáng nay được lưu trong hộp thư đi.,https://audio.tudienkala.com/data/cache/images/300x225/o/u/outbox1.jpg,https://audio.tudienkala.com/audio/o/u/outbox.mp3
116,output,/ˈaʊtpʊt/,n,"sản lượng, đầu ra",Manufacturing output has increased by 8%.,Sản lượng sản xuất đã tăng 8%.,https://audio.tudienkala.com/data/cache/images/300x225/o/u/output1.jpg,https://audio.tudienkala.com/audio/o/u/output.mp3
116,package,/ˈpækɪdʒ/,v,đóng gói,Products are packaged before being sold.,Các sản phẩm được đóng gói trước khi đem đi bán.,https://audio.tudienkala.com/data/cache/images/300x225/p/a/package1.png,https://audio.tudienkala.com/audio/p/a/package.mp3
116,paper clip,/ˈpeɪpə(r) klɪp/,n,kẹp giấy,My producer reached into his desk drawer and pulled out a few pieces of paper held together with a paper clip.,Nhà sản xuất của tôi thò tay vào ngăn kéo bàn của mình và lấy ra một vài mẩu giấy được giữ bởi chiếc kẹp giấy.,https://audio.tudienkala.com/data/cache/images/300x225/p/a/paper_clip1.jpg,https://audio.tudienkala.com/audio/p/a/paper_clip.mp3
116,partner,/ˈpɑːtnə(r)/,n,"bạn (cùng phe, cùng nhóm)",Practice the dialogue with a partner.,Tập đoạn đối thoại với bạn mình.,https://audio.tudienkala.com/data/cache/images/300x225/p/a/partner-l61.jpg,https://audio.tudienkala.com/audio/p/a/partner.mp3
116,pay,/peɪ/,v,"trả, đưa",They pay me $100 a day.,Họ trả tôi 100 đô la một ngày.,https://audio.tudienkala.com/data/images_example/300x225/i/m/im_paid_10_ex1_58258c347f8b9aa1078b45dc.jpg,https://audio.tudienkala.com/audio/p/a/pay.mp3
116,pay cheque,/ˈpeɪtʃek/,n,số tiền mà bạn kiếm được,He wants a job with a nice big pay cheque.,Anh ta muốn một công việc với một khoản lương hậu hĩnh.,https://audio.tudienkala.com/data/cache/images/300x225/p/a/pay_cheque1.jpg,https://audio.tudienkala.com/audio/p/a/pay_cheque.mp3
116,payment,/ˈpeɪmənt/,n,"sự chi trả, thanh toán",Please arrange payment as soon as possible.,Hãy sắp xếp thanh toán càng sớm càng tốt.,https://audio.tudienkala.com/data/cache/images/300x225/p/a/payment1.jpg,https://audio.tudienkala.com/audio/p/a/payment.mp3
116,pay packet,/peɪ ˈpækɪt/,n,"thu nhập, tiền lương",She was looking for other jobs to supplement her pay packet.,Cô ấy đang tìm kiếm công việc khác để tăng thu nhập.,https://audio.tudienkala.com/data/cache/images/300x225/p/a/pay_packet1.jpg,https://audio.tudienkala.com/audio/p/a/pay_packet.mp3
116,penalty,/'penlti/,n,hình phạt,The referee awarded a penalty kick.,Trọng tài cho hưởng quả phạt đền.,https://audio.tudienkala.com/data/cache/images/300x225/p/e/penalty1.png,https://audio.tudienkala.com/audio/p/e/penalty.mp3
116,pencil sharpener,/ˈpensl ˈʃɑːpnə(r)/,n,cái gọt bút chì,"Excuse me! I would like to borrow two pencil sharpeners, please!",Phiền bạn một chút! Tôi muốn mượn hai chiếc gọt bút chì.,https://audio.tudienkala.com/data/cache/images/300x225/p/e/pencil_sharpener1.jpg,https://audio.tudienkala.com/audio/p/e/pencil_sharpener.mp3
116,pension,/ˈpenʃən/,n,lương hưu,He was granted a pension.,Ông ta được cấp một khoản lương hưu.,https://audio.tudienkala.com/data/cache/images/300x225/p/e/pension2.jpg,https://audio.tudienkala.com/audio/p/e/pension.mp3
116,performance,/pəˈfɔːm(ə)ns/,n,"buổi biểu diễn, sự trình diễn",The performances are not as exciting as I expected.,Những màn trình diễn không hấp dẫn như là tôi mong đợi.,https://audio.tudienkala.com/data/cache/images/300x225/p/e/performance1.jpg,https://audio.tudienkala.com/audio/p/e/performance.mp3
116,permanent,/ˈpɜːmənənt/,adj,"lâu dài, thường trực; cố định",Eighty-five percent of the land of Greenland lies beneath a permanent ice cap.,Tám mươi lăm phần trăm diện tích đất Greenland nằm dưới lớp băng vĩnh viễn.,https://audio.tudienkala.com/data/images_example/300x225/e/i/eighty-fiv_ex1_587726d57f8b9ae72f8b45f7.png,https://audio.tudienkala.com/audio/p/e/permanent.mp3
116,permission,/pəˈmɪʃən/,n,"sự cho phép, sự chấp nhận",We need to get our parents' permission to take part in the English Speaking Contest in Da Nang next month.,Chúng tôi cần sự cho phép của phụ huynh để tham gia vào cuộc thi nói Tiếng Anh ở Đà Nẵng vào tháng sau.,https://audio.tudienkala.com/data/cache/images/300x225/p/e/permission1.jpg,https://audio.tudienkala.com/audio/p/e/permission.mp3
116,personnel,"/,pə:sə'nel/",n,nhân viên,The employee went to see the director of personnel about taking an extended leave of absence.,Người nhân viên đi gặp giám đốc nhân sự về việc xin gia hạn thời gian nghỉ phép.,https://audio.tudienkala.com/data/cache/images/300x225/p/e/personnel1.png,https://audio.tudienkala.com/audio/p/e/personnel.mp3
117,plan,/plæn/,n,"kế hoạch, dự án",Do you have any plans for the summer?,Bạn có kế hoạch nào cho mùa hè không?,https://audio.tudienkala.com/data/cache/images/300x225/p/l/plan1.jpg,https://audio.tudienkala.com/audio/p/l/plan.mp3
117,point,/pɔɪnt/,v,chỉ ra điều gì,She pointed her finger in my direction.,Cô ấy chỉ ngón tay về phía tôi.,https://audio.tudienkala.com/data/cache/images/300x225/p/o/point1.jpg,https://audio.tudienkala.com/audio/p/o/point.mp3
117,policy,/'pɔlisi/,n,"chính sách, hợp đồng, khế ước",The company's insurance policy did not cover cosmetic surgery.,Chính sách bảo hiểm của công ty không bao gồm phẫu thuật thẩm mỹ.,https://audio.tudienkala.com/data/cache/images/300x225/p/o/policy1.png,https://audio.tudienkala.com/audio/p/o/policy.mp3
117,position,/pəˈzɪʃn/,n,vị trí,I'm writing to apply for the position of a volunteer guide.,Tôi viết thư để ứng tuyển vị trí hướng dẫn viên tình nguyện.,https://audio.tudienkala.com/data/images_example/300x225/i/m/im_writing_ex1_56248cfb7f8b9afa0cb17d50.jpg,https://audio.tudienkala.com/audio/p/o/position.mp3
117,positive,/ˈpɒzətɪv/,adj,"tích cực, lạc quan","On the positive side, profits have increased.","Về mặt tích cực, lợi nhuận đã tăng.",https://audio.tudienkala.com/data/cache/images/300x225/p/o/positive1.jpg,https://audio.tudienkala.com/audio/p/o/positive.mp3
117,possibility,/ˌpɒsəˈbɪləti/,n,khả năng (có thể xảy ra hoặc tồn tại),What had seemed impossible now seemed a distinct possibility.,Những gì có vẻ không thể bây giờ dường như là một khả năng chắc chắn.,https://audio.tudienkala.com/data/cache/images/300x225/p/o/possibility2.jpg,https://audio.tudienkala.com/audio/p/o/possibility.mp3
117,post,/pəʊst/,v,đăng tin,Please log-in to post your comment.,Xin vui lòng đăng nhập để đăng bình luận của bạn.,https://audio.tudienkala.com/data/cache/images/300x225/p/o/post1.jpg,https://audio.tudienkala.com/audio/p/o/post.mp3
117,potential,/pəˈtenʃl/,adj,"tiềm năng, tiềm tàng",They will select potential matches and help the two people meet face to face.,Họ sẽ chọn những người phù hợp có tiềm năng và giúp hai người gặp mặt trực tiếp.,https://audio.tudienkala.com/data/cache/images/300x225/p/o/potential1.png,https://audio.tudienkala.com/audio/p/o/potential.mp3
117,presentation,/ˌprezənˈteɪʃən/,n,bài trình bày,The speaker gave an interesting presentation on conservation of the environment .,Người phát biểu đã có một bài trình bày thú vị về bảo vệ môi trường.,https://audio.tudienkala.com/data/cache/images/300x225/p/r/presentation1.jpeg,https://audio.tudienkala.com/audio/p/r/presentation.mp3
117,president,/ˈprezɪdənt/,n,"hiệu trưởng, chủ tịch",Mr. Trung is the president of my school.,Ông Trung là hiệu trưởng của trường tôi.,https://audio.tudienkala.com/data/cache/images/300x225/p/r/president1.png,https://audio.tudienkala.com/audio/p/r/president.mp3
117,price,/praɪs/,n,giá tiền,I'm only buying it if it's the right price.,Tôi chỉ mua nó nếu nó có giá hợp lí.,https://audio.tudienkala.com/data/cache/images/300x225/p/r/price1.jpg,https://audio.tudienkala.com/audio/p/r/price.mp3
117,process,/ˈprəʊses/,n,quá trình,"Singing contests usually have the same process: auditions, semi-finals, and finals.","Các cuộc thi ca hát thường có quá trình giống nhau: thử giọng, bán kết, và chung kết.",https://audio.tudienkala.com/data/cache/images/300x225/p/r/process1.png,https://audio.tudienkala.com/audio/p/r/process.mp3
117,produce,/prə'dju:s/,v,"sản xuất, sản sinh, tạo ra",People produce a lot of goods every year.,Người sản xuất rất nhiều hàng hóa mỗi năm.,https://audio.tudienkala.com/data/cache/images/300x225/p/r/produce1.jpg,https://audio.tudienkala.com/audio/p/r/produce.mp3
117,product,/ˈprɒdʌkt/,n,sản phẩm,The new product took more than three years to develop before being put on the market.,Sản phẩm mới mất hơn ba năm để phát triển trước khi được đưa ra thị trường.,https://audio.tudienkala.com/data/cache/images/300x225/p/r/product1.png,https://audio.tudienkala.com/audio/p/r/product.mp3
117,production,/prəˈdʌkʃən/,n,(sự) sản xuất,The new model will be in production by the end of the year.,Các mô hình mới sẽ được sản xuất vào cuối năm nay.,https://audio.tudienkala.com/data/cache/images/300x225/p/r/production1.jpg,https://audio.tudienkala.com/audio/p/r/production.mp3
117,professional,/prəˈfeʃənəl/,adj,chuyên nghiệp,She's a professional dancer.,Cô ấy là một người khiêu vũ chuyên nghiệp.,https://audio.tudienkala.com/data/cache/images/300x225/p/r/professional1.jpg,https://audio.tudienkala.com/audio/p/r/professional.mp3
117,profit,/ˈprɒfɪt/,n,lợi nhuận,Company profits are down from last year's figures.,Lợi nhuận của công ty giảm so với những con số của năm ngoái.,https://audio.tudienkala.com/data/cache/images/300x225/p/r/profit1.png,https://audio.tudienkala.com/audio/p/r/profit.mp3
117,prospect,/ˈprɑːspekt/,n,viễn cảnh; triển vọng,The candidate wanted to know the prospects of promotion in the job.,Các ứng cử viên muốn biết về triển vọng thăng tiến trong công việc.,https://audio.tudienkala.com/data/cache/images/300x225/p/r/prospect1.jpg,https://audio.tudienkala.com/audio/p/r/prospect.mp3
117,purchase,/'pθ:tʃəs/,n,"sự mua, tậu; vật mua được, vật tậu được",Over 96% of American households purchase bananas at least once each month.,Hơn 96% các hộ gia đình Hoa Kỳ mua chuối ít nhất mỗi tháng một lần.,https://audio.tudienkala.com/data/cache/images/300x225/p/u/purchase1.png,https://audio.tudienkala.com/audio/p/u/purchase.mp3
117,pushpin,/ˈpʊʃ.pɪn/,n,"cái ghim (với đầu nhựa có màu, không dẹt)",Add pushpins to mark certain locations on the map.,Gắn cái ghim để đánh dấu vị trí nhất định trên bản đồ.,https://audio.tudienkala.com/data/cache/images/300x225/p/u/pushpin1.jpg,https://audio.tudienkala.com/audio/p/u/pushpin.mp3
117,qualification,"/,kwɔlifi'keiʃn/",n,"năng lực, trình độ (để làm cái gì)",It is easy for him to find a good job with such good qualifications.,Rất dễ dàng cho anh ta để tìm một công việc tốt với trình độ tốt như vậy.,https://audio.tudienkala.com/data/cache/images/300x225/q/u/qualification.jpg,https://audio.tudienkala.com/audio/q/u/qualification.mp3
117,qualified,/ˈkwɒlɪfaɪd/,adj,đủ điều kiện,She's extremely well qualified for the job.,Cô ấy rất đủ điều kiện cho công việc.,https://audio.tudienkala.com/data/cache/images/300x225/q/u/qualified1.jpg,https://audio.tudienkala.com/audio/q/u/qualified.mp3
117,quarter,/ˈkwɔːrtə(r)/,n,"1/4, 15 phút",It's a quarter past five.,Bây giờ là 5 giờ 15 phút.,https://audio.tudienkala.com/data/cache/images/300x225/q/u/quarter-l61.png,https://audio.tudienkala.com/audio/q/u/quarter-l6.mp3
117,range,/reɪndʒ/,n,phạm vi,The range of the director's vision is impressive.,Tầm nhìn của đạo diễn là đầy ấn tượng.,https://audio.tudienkala.com/data/cache/images/300x225/r/a/range1.png,https://audio.tudienkala.com/audio/r/a/range.mp3
117,rank,/ræŋk/,n,thứ hạng,Vietnamese athletes compete regionally and internationally and hold high ranks in many sports.,Các vận động viên Việt Nam tranh tài trong khu vực và quốc tế và giữ những thứ hạng cao ở nhiều môn thể thao.,https://audio.tudienkala.com/data/cache/images/300x225/r/a/rank2.png,https://audio.tudienkala.com/audio/r/a/rank.mp3
117,ratio,/ˈreɪʃiəʊ/,n,"tỷ số, tỷ lệ",in the ratio of 5 to 10,theo tỷ lệ 5 trên 10,https://audio.tudienkala.com/data/cache/images/300x225/r/a/ratio1.jpg,https://audio.tudienkala.com/audio/r/a/ratio.mp3
117,reach,/riːtʃ/,v,đạt đến một mốc hay giai đoạn nào đó,They didn't reach the border until after dark.,Họ không đến biên giới cho đến khi trời tối.,https://audio.tudienkala.com/data/cache/images/300x225/r/e/reach1.jpg,https://audio.tudienkala.com/audio/r/e/reach.mp3
117,receive,/rɪˈsiːv/,v,nhận,She received her prize from the manager.,Cô ấy đã nhận giải thưởng của cô ấy từ người quản lý.,https://audio.tudienkala.com/data/cache/images/300x225/r/e/receive1.png,https://audio.tudienkala.com/audio/r/e/receive.mp3
117,recession,/rɪˈseʃən/,n,sự suy thoái (kinh tế),The economy is in deep recession.,Nền kinh tế đang trên đà suy thoái sâu.,https://audio.tudienkala.com/data/cache/images/300x225/r/e/recession1.jpg,https://audio.tudienkala.com/audio/r/e/recession.mp3
117,reduce,/rɪˈduːs/,v,"giảm, hạ",Doctors will always try to reduce the temperature of patients with fever.,Các bác sĩ sẽ luôn cố gắng để làm giảm nhiệt độ của bệnh nhân bị sốt.,https://audio.tudienkala.com/data/cache/images/300x225/r/e/reduce1.jpg,https://audio.tudienkala.com/audio/r/e/reduce.mp3
117,reference,/ˈrefrəns/,n,thư giới thiệu,I can send two references from my teachers.,Tôi có thể gửi 2 thư giới thiệu từ thầy cô tôi.,https://audio.tudienkala.com/data/images_example/300x225/i/_/i_can_send_ex1_56248cf37f8b9af80c011ee9.jpg,https://audio.tudienkala.com/audio/r/e/reference.mp3
117,refuse,/rɪˈfjuːz/,v,từ chối,He flatly refused to discuss the matter.,Ông thẳng thừng từ chối thảo luận về vấn đề này.,https://audio.tudienkala.com/data/cache/images/300x225/r/e/refuse2.jpg,https://audio.tudienkala.com/audio/r/e/refuse.mp3
117,regulation,/ˌregjʊˈleɪʃən/,n,"quy tắc, nội quy",Our company is going to have some new regulations.,Công ty chúng ta sẽ có một số quy định mới.,https://audio.tudienkala.com/data/cache/images/300x225/r/e/regulation1.png,https://audio.tudienkala.com/audio/r/e/regulation.mp3
117,reply,/rɪˈplaɪ/,v,"trả lời, đáp lại",I will reply as soon as possible.,Tôi sẽ trả lời sớm nhất có thể.,https://audio.tudienkala.com/data/cache/images/300x225/r/e/reply1.jpg,https://audio.tudienkala.com/audio/r/e/reply.mp3
117,report,/rɪˈpɔːt/,v,"báo cáo, tường thuật",The company is expected to report record profits this year.,Công ty dự kiến ​​sẽ báo cáo lợi nhuận kỷ lục trong năm nay.,https://audio.tudienkala.com/data/cache/images/300x225/r/e/report2.jpg,https://audio.tudienkala.com/audio/r/e/report.mp3
117,requirement,/rɪˈkwaɪəmənt/,n,yêu cầu,A good degree is a minimum requirement for many jobs.,Một bằng cấp tốt là một yêu cầu tối thiểu đối với nhiều việc làm.,https://audio.tudienkala.com/data/cache/images/300x225/r/e/requirement1.jpg,https://audio.tudienkala.com/audio/r/e/requirement.mp3
117,responsibility,"/ris,pɔnsə'biliti/",n,"trách nhiệm, bổn phận","The product development department has a huge responsibility to be sure that the product is safe, even if used improperly.","Bộ phận phát triển sản phẩm có một trách nhiệm to lớn là phải chắc rằng sản phẩm là an toàn, cho dù là sử dụng không đúng cách.",https://audio.tudienkala.com/data/images_example/300x225/t/h/the_produc_ex1_580ec4197f8b9ae2888b458a.jpg,https://audio.tudienkala.com/audio/r/e/responsibility.mp3
117,result,/ri'zʌlt/,n,"kết quả, đáp số",The scientific results prove that the new procedure is not significantly safer than the traditional one.,Các kết quả khoa học đã chứng minh rằng thủ tục mới không an toàn hơn đáng kể so với thủ tục truyền thống.,https://audio.tudienkala.com/data/cache/images/300x225/r/e/result1.png,https://audio.tudienkala.com/audio/r/e/result.mp3
117,review,/rɪˈvjuː/,n,"bài đánh giá, lời đánh giá",The film received generally positive reviews.,Bộ phim nhìn chung đã nhận được nhiều lời đánh giá tích cực.,https://audio.tudienkala.com/data/cache/images/300x225/r/e/review1.jpeg,https://audio.tudienkala.com/audio/r/e/review.mp3
117,reward,/rɪˈwɔːd/,n,"tiền thưởng, vật thưởng (làm việc chăm chỉ...)",Hard work brings its own rewards.,Làm việc chăm chỉ mang lại phần thưởng cho riêng bạn.,https://audio.tudienkala.com/data/cache/images/300x225/r/e/reward2.jpg,https://audio.tudienkala.com/audio/r/e/reward.mp3
117,rise,/raɪz/,v,"mọc (mặt trời), nhô lên",The Sun rises in the East.,Mặt trời mọc ở hướng Đông.,https://audio.tudienkala.com/data/cache/images/300x225/r/i/rise1.png,https://audio.tudienkala.com/audio/r/i/rise.mp3
117,risk,/rɪsk/,n,"nguy cơ, sự nguy hiểm, sự rủi ro",The primary risk for most start-up businesses is insufficient capital.,Nguy cơ lớn nhất đối với hầu hết các cuộc khởi nghiệp là thiếu vốn.,https://audio.tudienkala.com/data/cache/images/300x225/r/i/risk1.png,https://audio.tudienkala.com/audio/r/i/risk.mp3
117,role,/rəʊl/,n,"vai, vai trò",The role of the teacher in the classroom.,Vai trò của giáo viên trong lớp học.,https://audio.tudienkala.com/data/cache/images/300x225/r/o/role1.jpg,https://audio.tudienkala.com/audio/r/o/role.mp3
117,routine,/ruːˈtiːn/,n,thói quen,Make exercise a part of your daily routine.,Hãy biến sự tập luyện thành một phần của thói quen hàng ngày của bạn.,https://audio.tudienkala.com/data/cache/images/300x225/r/o/routine-l61.jpg,https://audio.tudienkala.com/audio/r/o/routine-l6.mp3
117,rubber band,/ˈrʌbə(r) bænd/,n,dây cao su,The first rubber band was developed in 1843.,Dây cao su đầu tiên được làm vào năm 1843.,https://audio.tudienkala.com/data/cache/images/300x225/r/u/rubber_band1.jpg,https://audio.tudienkala.com/audio/r/u/rubber_band.mp3
117,salary,/ˈsæləri/,n,lương hàng tháng,The technician was pleased to have a raise in salary after only six months on the job.,Người kỹ thuật viên đã hài lòng khi có sự tăng lương chỉ sau 6 tháng làm việc.,https://audio.tudienkala.com/data/cache/images/300x225/s/a/salary1.png,https://audio.tudienkala.com/audio/s/a/salary.mp3
117,schedule,/ˈskedʒuːl/,n,"chương trình, lịch trình",The TV schedules are filled with interesting films.,Lịch trình trên TV toàn là những phim hấp dẫn.,https://audio.tudienkala.com/data/cache/images/300x225/s/c/schedule1.png,https://audio.tudienkala.com/audio/s/c/schedule.mp3
117,screen,/skriːn,v,"sàng, lọc (hồ sơ xin việc)",Government employees may be screened by the security services.,Nhân viên chính phủ có thể được kiểm tra bởi các dịch vụ an ninh.,https://audio.tudienkala.com/data/images_example/300x225/g/o/government_ex2_587726677f8b9acf2f8b45a8.png,https://audio.tudienkala.com/audio/s/c/screen.mp3
117,secretary,/ˈsekrətəri/,n,thư kí,Please contact my secretary to make an appointment.,Vui lòng liên hệ với thư ký của tôi để đặt một cuộc hẹn.,https://audio.tudienkala.com/data/cache/images/300x225/s/e/secretary1.jpg,https://audio.tudienkala.com/audio/s/e/secretary.mp3
117,section,/ˈsekʃən/,n,"bộ phận, phòng, ban",He's the director of the finance section.,Ông là giám đốc bộ phận tài chính.,https://audio.tudienkala.com/data/images_example/300x225/h/e/hes_the_di_ex1_587726db7f8b9ae72f8b4617.jpg,https://audio.tudienkala.com/audio/s/e/section.mp3
118,sell,/sel/,v,bán,I plan to sell my car to James for £800.,Tôi định bán xe của tôi cho James với giá 800 Bảng.,https://audio.tudienkala.com/data/cache/images/300x225/s/e/sell2.jpg,https://audio.tudienkala.com/audio/s/e/sell.mp3
118,senior,/ˈsiːniər/,adj,"chức cao, thâm niên",I have ten years' experience at senior management level.,Tôi có mười năm kinh nghiệm ở cấp quản lý cao cấp.,https://audio.tudienkala.com/data/cache/images/300x225/s/e/senior2.jpg,https://audio.tudienkala.com/audio/s/e/senior.mp3
118,service,/ˈsɜːvɪs/,n,dịch vụ,The food was good but the service was very slow.,Thức ăn thì rất ngon nhưng dịch vụ thì quá tồi.,https://audio.tudienkala.com/data/cache/images/300x225/s/e/service1.jpeg,https://audio.tudienkala.com/audio/s/e/service.mp3
118,share,/ʃeər/,n,một phần (được phân chia giữa 2 hay nhiều người),We gave them all the chance to have a share in the profits.,Chúng tôi đã cho họ cơ hội để chia sẻ một phần lợi nhuận.,https://audio.tudienkala.com/data/images_example/300x225/w/e/we_gave_th_ex1_587726dc7f8b9ae72f8b461d.jpg,https://audio.tudienkala.com/audio/s/h/share.mp3
118,shareholder,/ˈʃeəˌhəʊldər/,n,"người nắm giữ cổ phần, cổ đông",The company also holds meetings with its major institutional shareholders to discuss the company's operations.,Công ty cũng tổ chức các cuộc họp với cổ đông tổ chức lớn để thảo luận về các hoạt động của công ty.,https://audio.tudienkala.com/data/cache/images/300x225/s/h/shareholder1.jpg,https://audio.tudienkala.com/audio/s/h/shareholder.mp3
118,shift,/ʃɪft/,v,chuyển dịch,He shifted a little in his chair.,Anh ấy dịch chuyển một chút trên ghế của mình.,https://audio.tudienkala.com/data/images_example/300x225/h/e/he_shifted_ex1_56248cf47f8b9af80c012079.jpg,https://audio.tudienkala.com/audio/s/h/shift.mp3
118,situation,"/,sitju'eiʃn/",n,"tình hình, vị thế",The airline suggested I check with the State Department regarding the political situation in the country I'm flying to.,Hãng hàng không đã đề nghị tôi kiểm tra với Bộ Ngoại giao Mỹ về tình hình chính trị ở quốc gia mà tôi đang bay đến.,https://audio.tudienkala.com/data/cache/images/300x225/s/i/situation1.png,https://audio.tudienkala.com/audio/s/i/situation.mp3
118,skill,/skil/,n,"kỹ năng, kỹ xảo",The software developer has excellent technical skills and would be an asset to our software programming team.,Người phát triển phần mềm có những kỹ năng chuyên môn xuất săc và là một vốn quý đối với đội ngũ lập trình phần mềm của chúng tôi.,https://audio.tudienkala.com/data/cache/images/300x225/s/k/skill1.jpg,https://audio.tudienkala.com/audio/s/k/skill.mp3
118,social security,/ˈsəʊʃl sɪˈkjʊərəti/,n,phúc lợi xã hội,"The CPI affects income tax rates, social security benefits, school lunches and food stamps.","CPI ảnh hưởng thuế suất thuế thu nhập, lợi ích an sinh xã hội, bữa trưa ở trường và tem phiếu thực phẩm.",https://audio.tudienkala.com/data/cache/images/300x225/s/o/social_security1.jpg,https://audio.tudienkala.com/audio/s/o/social_security.mp3
118,software,/ˈsɒftweə(r)/,n,"phần mềm, chương trình máy tính",Many computers come pre-loaded with software.,Nhiều máy tính đã có sẵn phần mềm.,https://audio.tudienkala.com/data/cache/images/300x225/s/o/software1.jpg,https://audio.tudienkala.com/audio/s/o/software.mp3
118,sort,/sɔːt/,v,"sắp xếp, phân loại","Rubbish can be sorted into glass, plastics and cans.","Rác có thể được phân loại thành thủy tinh, nhựa và vỏ đồ hộp.",https://audio.tudienkala.com/data/cache/images/300x225/s/o/sort2.jpg,https://audio.tudienkala.com/audio/s/o/sort.mp3
118,speaker,/ˈspiːkər/,n,"diễn giả, người diễn thuyết",He was a guest speaker at the conference.,Ông là một diễn giả tại hội nghị.,https://audio.tudienkala.com/data/cache/images/300x225/s/p/speaker1.jpg,https://audio.tudienkala.com/audio/s/p/speaker.mp3
118,stable,/ˈsteɪbl ̩/,adj,ổn định,She seems more stable these days.,Cô ấy có vẻ ổn định hơn trong những ngày này.,https://audio.tudienkala.com/data/images_example/300x225/s/h/she_seems__ex1_56248d127f8b9a020d261ab0.jpg,https://audio.tudienkala.com/audio/s/t/stable.mp3
118,staff,/stɑːf/,n,nhân viên,The staff are very happy about the latest pay increase.,Đội ngũ nhân viên rất vui về lần tăng lương gần nhất.,https://audio.tudienkala.com/data/cache/images/300x225/s/t/staff1.jpg,https://audio.tudienkala.com/audio/s/t/staff.mp3
118,statement,/'steitmənt/,n,"sự trình bày, bản kê",My bank sends me monthly statement.,Ngân hàng gởi cho tôi bản trình bày vào mỗi tháng.,https://audio.tudienkala.com/data/cache/images/300x225/s/t/statement1.png,https://audio.tudienkala.com/audio/s/t/statement.mp3
118,steady,/ˈstedi/,adj,"đều đặn, ổn định",We are making slow but steady progress.,Chúng tôi đang tiến bộ chậm nhưng ổn định.,https://audio.tudienkala.com/data/cache/images/300x225/s/t/steady1.png,https://audio.tudienkala.com/audio/s/t/steady.mp3
118,stock,/stɒk/,v,trữ hàng,The employees stocked the shelves on a weekly basis.,Các nhân viên trữ hàng lên kệ căn cứ theo mỗi tuần.,https://audio.tudienkala.com/data/cache/images/300x225/s/t/stock1.png,https://audio.tudienkala.com/audio/s/t/stock.mp3
118,strategy,/ˈstrætədʒi/,n,"chiến lược, sự vạch kế hoạch hành động",A business plan is a strategy for running a business and avoiding problems.,Một kế hoạch kinh doanh là một chiến lược để vận hành công việc và tránh các rắc rối.,https://audio.tudienkala.com/data/cache/images/300x225/s/t/strategy1.jpg,https://audio.tudienkala.com/audio/s/t/strategy.mp3
118,strike,/straɪk/,n,"cuộc đình công, cuộc bãi công",The train drivers have voted to take strike action.,Những người lái tàu hỏa đã bỏ phiếu cho cuộc bãi công.,https://audio.tudienkala.com/data/cache/images/300x225/s/t/strike1.jpg,https://audio.tudienkala.com/audio/s/t/strike.mp3
118,structure,/ˈstrʌktʃər/,n,"cấu trúc, công trình kiến trúc",Tell me about the structure of the examination.,Nói cho tôi biết về cấu trúc của kỳ thi.,https://audio.tudienkala.com/data/cache/images/300x225/s/t/structure1.jpg,https://audio.tudienkala.com/audio/s/t/structure.mp3
118,success,/sək'ses/,n,"‹sự/người› thành công, thành đạt, thắng lợi",The director's success came after years of hiring the right people at the right time.,Thành công của giám đốc đã đến sau hàng năm trời thuê đúng người vào đúng thời điểm.,https://audio.tudienkala.com/data/cache/images/300x225/s/u/success1.jpg,https://audio.tudienkala.com/audio/s/u/success.mp3
118,summary,/ˈsʌməri/,n,"(bài, bản) tóm tắt",What is job summary?,Tóm tắt công việc là gì?,https://audio.tudienkala.com/data/cache/images/300x225/s/u/summary2.jpg,https://audio.tudienkala.com/audio/s/u/summary.mp3
118,supplier,/səˈplaɪər/,n,nhà cung cấp,Dell is a leading supplier of computers in the US.,Dell là một nhà cung cấp hàng đầu về máy tính tại Mỹ.,https://audio.tudienkala.com/data/cache/images/300x225/s/u/supplier1.jpg,https://audio.tudienkala.com/audio/s/u/supplier.mp3
118,supply,/sə'plai/,n,"‹sự/đồ/nguồn/_› dự trữ, tiếp tế cấp","By making better use of our supply, we can avoid ordering until next month.","Bằng cách dùng tốt hơn đồ dự trữ của mình, chúng tôi khỏi phải đặt hàng cho đến tháng tới.",https://audio.tudienkala.com/data/images_example/300x225/b/y/by_making__ex1_56248d157f8b9a040dc65f4c.jpg,https://audio.tudienkala.com/audio/s/u/supply.mp3
118,support,/sə´pɔ:t/,v,"ủng hộ, hỗ trợ",She supported her husband through many difficult times.,Cô ấy đã hỗ trợ chồng mình qua nhiều thời điểm khó khăn.,https://audio.tudienkala.com/data/cache/images/300x225/s/u/support1.jpg,https://audio.tudienkala.com/audio/s/u/support.mp3
118,swing shift,/swɪŋ ʃɪft/,n,ca hai (từ 3 hoặc 4 giờ chiều đến 11 hoặc 12 giờ tối); công nhân làm ca hai,He works the swing shift.,Anh ấy làm việc ca 2.,https://audio.tudienkala.com/data/cache/images/300x225/s/w/swing_shift1.jpg,https://audio.tudienkala.com/audio/s/w/swing_shift.mp3
118,take,/teɪk/,v,"đưa, đưa đi, mang theo",We'll take the dog with us.,Chúng tôi sẽ mang con chó với chúng tôi.,https://audio.tudienkala.com/data/cache/images/300x225/t/a/take1.jpg,https://audio.tudienkala.com/audio/t/a/take.mp3
118,tape,/teɪp/,n,băng,If you give me a blank tape I'll record it for you.,"Nếu bạn đưa cho tôi một băng cát-xét trống, tôi sẽ ghi lại nó cho bạn.",https://audio.tudienkala.com/data/images_example/300x225/i/f/if_you_giv_ex1_5624becf7f8b9ac711196374.jpg,https://audio.tudienkala.com/audio/t/a/tape.mp3
118,target,/'tɑ:git/,n,"mục tiêu, mục đích",The airport terminal was the target of a bomb.,Trạm đến sân bay là mục tiêu của quả bom.,https://audio.tudienkala.com/data/cache/images/300x225/t/a/target2.png,https://audio.tudienkala.com/audio/t/a/target.mp3
118,task,/tɑːsk/,n,nhiệm vụ,We successfully completed task.,Chúng tôi hoàn thành xuất sắc nhiệm vụ.,https://audio.tudienkala.com/data/cache/images/300x225/t/a/task2.jpg,https://audio.tudienkala.com/audio/t/a/task.mp3
118,tax,/tæks/,n,thuế,Tax evasion is illegal.,Trốn thuế là bất hợp pháp.,https://audio.tudienkala.com/data/cache/images/300x225/t/a/tax1.jpg,https://audio.tudienkala.com/audio/t/a/tax.mp3
118,terms,/tɜːmz/,n,"điều kiện, điều khoản",The terms of payment were clearly listed at the bottom of the invoice.,Các điều kiện thanh toán đã được liệt kê rõ ràng ở bên dưới hóa đơn.,https://audio.tudienkala.com/data/cache/images/300x225/t/e/terms1.png,https://audio.tudienkala.com/audio/t/e/terms.mp3
118,the minutes,/ˈmɪnɪts/,n,bản tóm tắt những gì được thảo luận hay quyết định tại một cuộc họp,We read through the minutes of the last meeting.,Chúng tôi đọc qua bản tóm tắt những gì được thảo luận của cuộc họp lần trước.,https://audio.tudienkala.com/data/cache/images/300x225/t/h/the_minutes1.jpg,https://audio.tudienkala.com/audio/t/h/the_minutes.mp3
118,topic,/ˈtɒpɪk/,n,chủ đề,The main topic of conversation was Tom's new girlfriend.,Chủ đề chính của cuộc hội thoại là bạn gái mới của Tom.,https://audio.tudienkala.com/data/cache/images/300x225/t/o/topic2.jpg,https://audio.tudienkala.com/audio/t/o/topic.mp3
118,trade,/treɪd/,n,thương mại,The trade between the two countries has increased.,Thương mại giữa hai nước đã tăng lên.,https://audio.tudienkala.com/data/cache/images/300x225/t/r/trade1.jpg,https://audio.tudienkala.com/audio/t/r/trade.mp3
118,train,/treɪn/,n,tàu hỏa,We love travelling by train.,Chúng tôi thích đi du lịch bằng tàu hỏa.,https://audio.tudienkala.com/data/cache/images/300x225/t/r/train2.jpg,https://audio.tudienkala.com/audio/t/r/train.mp3
118,transfer,/trænsˈfɜːr/,v,chuyển,He has been transferred to a national hospital.,Anh ta đã được chuyển đến một bệnh viện quốc gia.,https://audio.tudienkala.com/data/cache/images/300x225/t/r/transfer1.jpg,https://audio.tudienkala.com/audio/t/r/transfer.mp3
118,transport,/ˈtrænspɔːt/,n,"sự chuyển chở, vận tải",The bicycle is a cheap and efficient means of transport.,Xe đạp là một phương tiện giao thông rẻ và tiện lợi.,https://audio.tudienkala.com/data/cache/images/300x225/t/r/transport1.png,https://audio.tudienkala.com/audio/t/r/transport.mp3
118,treasury,/ˈtreʒəri/,n,Kho bạc nhà nước; Bộ tài chính,The treasury estimates that the top 1% of earners will pay about 32.3% of all taxes this year.,"Bộ tài chính ước tính rằng trong top 1% người có thu nhập sẽ phải trả khoảng 32,3% của tất cả các loại thuế trong năm nay.",https://audio.tudienkala.com/data/cache/images/300x225/t/r/treasury1.jpg,https://audio.tudienkala.com/audio/t/r/treasury.mp3
118,trend,/trend/,n,xu hướng,The youth try to keep up with the fashion trend.,Giới trẻ cố gắng bắt kịp xu hướng thời trang.,https://audio.tudienkala.com/data/cache/images/300x225/t/r/trend1.jpg,https://audio.tudienkala.com/audio/t/r/trend.mp3
118,unemployment benefit,/ˌʌnɪmˈplɔɪmənt ˈbenɪfɪt/,n,trợ cấp thất nghiệp,It is estimated that extending unemployment benefits would raise gross domestic product (GDP).,Người ta ước tính rằng việc mở rộng trợ cấp thất nghiệp sẽ tăng tổng sản phẩm trong nước (GDP).,https://audio.tudienkala.com/data/cache/images/300x225/u/n/unemployment_benefit1.jpg,https://audio.tudienkala.com/audio/u/n/unemployment_benefit.mp3
118,union,/ˈjuːniən/,n,công đoàn,I've joined the union.,Tôi đã gia nhập công đoàn.,https://audio.tudienkala.com/data/cache/images/300x225/u/n/union2.jpg,https://audio.tudienkala.com/audio/u/n/union.mp3
118,vote,/vəʊt/,n,"lá phiếu, sự bỏ phiếu","There were 21 votes for and 17 against the motion, with 2 abstentions.","Có 21 phiếu cho 17 chống lại kiến nghị, với 2 phiếu trắng.",https://audio.tudienkala.com/data/cache/images/300x225/v/o/vote2.jpg,https://audio.tudienkala.com/audio/v/o/vote.mp3
118,wage,/weidʤ/,n,"tiền công, tiền lương (thường trả theo giờ)",Hourly wages have increase by 20 percent over the last two years.,Tiền công theo giờ đã tăng 20% qua 2 năm vừa rồi.,https://audio.tudienkala.com/data/cache/images/300x225/w/a/wage1.png,https://audio.tudienkala.com/audio/w/a/wage.mp3
118,weakness,/´wi:knis/,n,"điểm yếu, nhược điểm, khuyết điểm",You must recognize your product's strengths and weaknesses.,Bạn phải nhận ra điểm mạnh và điểm yếu của sản phẩm của bạn.,https://audio.tudienkala.com/data/cache/images/300x225/w/e/weakness1.jpg,https://audio.tudienkala.com/audio/w/e/weakness.mp3
118,weekend,/ˌwiːkˈend/,n,ngày cuối tuần,What will you do this weekend?,Bạn sẽ làm gì vào cuối tuần này?,https://audio.tudienkala.com/data/images_example/300x225/w/h/what_will__ex1_5824288d7f8b9a9f078b45b7.png,https://audio.tudienkala.com/audio/w/e/weekend-l6.mp3
118,work,/wɜ:k/,v,làm việc,She works very hard.,Cô ấy làm việc rất chăm chỉ.,https://audio.tudienkala.com/data/cache/images/300x225/w/o/work1.jpg,https://audio.tudienkala.com/audio/w/o/work.mp3
118,worker,/ˈwɜːkər/,n,người lao động,A worker continues working.,Công nhân tiếp tục làm việc.,https://audio.tudienkala.com/data/cache/images/300x225/w/o/worker2.png,https://audio.tudienkala.com/audio/w/o/worker.mp3
119,absent,/'æbsənt/,adj,"vắng mặt, đi vắng",Most students were absent from school at least once.,Hầu hết các học sinh đều đã vắng học ít nhất một lần.,https://audio.tudienkala.com/data/cache/images/300x225/a/b/absent1.gif,https://audio.tudienkala.com/audio/a/b/absent.mp3
119,acquire,/ə'kwaiə/,v,"đạt được, thu được",He has acquired a good knowledge of English.,Cậu ấy đã đạt được một kiến thức tốt về tiếng Anh.,https://audio.tudienkala.com/data/cache/images/300x225/a/c/acquire1.png,https://audio.tudienkala.com/audio/a/c/acquire.mp3
119,ad,/æd/,n,quảng cáo,We put an ad in the local paper.,Chúng tôi đặt quảng cáo trên tờ báo địa phương.,https://audio.tudienkala.com/data/cache/images/300x225/a/d/ad1.jpg,https://audio.tudienkala.com/audio/a/d/ad.mp3
119,advertise,/ˈædvərtaɪz/,v,"quảng cáo, đăng tin (tuyển dụng...)",Companies are not allowed to advertise cigarettes on television any more.,Các công ty không được phép quảng cáo thuốc lá trên truyền hình nữa.,https://audio.tudienkala.com/data/cache/images/300x225/a/d/advertise2.jpg,https://audio.tudienkala.com/audio/a/d/advertise.mp3
119,agenda,/ə´dʒendə/,n,"đề tài thảo luận, chương trình nghị sự",Newspapers have been accused of trying to set the agenda for the government.,Báo chí đã bị buộc tội cố gắng thiết lập chương trình nghị sự của chính phủ.,https://audio.tudienkala.com/data/cache/images/300x225/a/g/agenda1.png,https://audio.tudienkala.com/audio/a/g/agenda.mp3
119,AGM,/eɪ dʒiː ˈem/,abbreviation,cuộc tổng họp hằng năm (viết tắt của Annual General Meeting),"The next AGM of our company will take place on January 30, 2015.",Đại hội cổ đông tiếp theo của công ty chúng tôi sẽ diễn ra vào ngày 30 tháng 1 năm 2015.,https://audio.tudienkala.com/data/cache/images/300x225/a/g/agm1.jpg,https://audio.tudienkala.com/audio/a/g/AGM.mp3
119,allocate,/ˈæləkeɪt/,v,"cấp cho, phân phối",The office manager did not allocate enough money to purchase software.,Người quản lý văn phòng không cấp đủ tiền để mua sắm phần mềm.,https://audio.tudienkala.com/data/cache/images/300x225/a/l/allocate1.png,https://audio.tudienkala.com/audio/a/l/allocate.mp3
119,AOB,/eɪ əʊ ˈbiː/,abbreviation,"viết tắt của ""any other business"" (những nội dung khác được thảo luận cuối buổi họp mà nằm ngoài chương trình nghị sự)",Business meetings typically end with the chairperson asking if there is AOB 'any other business'.,Các cuộc họp kinh doanh thường kết thúc khi Chủ tịch yêu cầu làm công việc khác.,https://audio.tudienkala.com/data/cache/images/300x225/a/o/aob1.jpg,https://audio.tudienkala.com/audio/a/o/AOB.mp3
119,appoint,/əˈpɔɪnt/,v,"chỉ định, bổ nhiệm",He's just been appointed as director of the publishing division.,Anh ấy vừa được bổ nhiệm làm giám đốc bộ phận xuất bản.,https://audio.tudienkala.com/data/cache/images/300x225/a/p/appoint1.jpg,https://audio.tudienkala.com/audio/a/p/appoint.mp3
119,apprenticeship,/əˈprentɪʃɪp/,n,thời gian học việc; sự học việc,She was in the second year of her apprenticeship as a carpenter.,Cô ấy đang ở năm hai trong việc học nghề thợ mộc.,https://audio.tudienkala.com/data/cache/images/300x225/a/p/apprenticeship1.jpg,https://audio.tudienkala.com/audio/a/p/apprenticeship.mp3
119,approve,/əˈpruːv/,v,chấp thuận,We had to wait months for the council to approve our plans to extend the house.,Chúng tôi phải đợi trong nhiều tháng để các hội đồng phê duyệt kế hoạch của chúng tôi mở rộng ngôi nhà.,https://audio.tudienkala.com/data/cache/images/300x225/a/p/approve1.png,https://audio.tudienkala.com/audio/a/p/approve.mp3
119,aptitude,/ˈæptɪtjuːd/,n,năng khiếu,She showed a natural aptitude for the work.,Cô ấy đã bộc lộ năng khiếu trong công việc.,https://audio.tudienkala.com/data/cache/images/300x225/a/p/aptitude1.jpg,https://audio.tudienkala.com/audio/a/p/aptitude.mp3
119,arbitration,/ˌɑːbɪˈtreɪʃən/,n,sự giải quyết tranh chấp bằng trọng tài,Both sides in the dispute have agreed to go to arbitration.,Cả hai bên trong vụ tranh chấp đã đồng ý đi đến hòa giải,https://audio.tudienkala.com/data/cache/images/300x225/a/r/arbitration1.jpg,https://audio.tudienkala.com/audio/a/r/arbitration.mp3
119,aspiring,/əˈspaɪərɪŋ/,adj,"mong muốn, khao khát (tromg một lĩnh vực nào đó được đề cập đến)",Many aspiring musicians need hours of practice every day.,Những nhạc sĩ có tham vọng cần nhiều giờ luyện tập mỗi ngày.,https://audio.tudienkala.com/data/cache/images/300x225/a/s/aspiring1.jpg,https://audio.tudienkala.com/audio/a/s/aspiring.mp3
119,associate,/əˈsəʊsiət/,n,"cộng tác, đồng sự","I'd like you to meet an associate of mine, Mr. Dave.",Tôi muốn bạn gặp một cộng sự của tôi là Ông Dave.,https://audio.tudienkala.com/data/images_example/300x225/i/d/id_like_yo_ex2_587726e77f8b9ae72f8b464f.jpg,https://audio.tudienkala.com/audio/a/s/associate.mp3
119,attachment,/əˈtætʃmənt/,n,tài liệu đính kèm (khi gửi email),I'll send the document as an attachment to my next e-mail.,Tôi sẽ gửi tài liệu đính kèm vào e-mail tiếp theo của tôi.,https://audio.tudienkala.com/data/cache/images/300x225/a/t/attachment1.jpg,https://audio.tudienkala.com/audio/a/t/attachment.mp3
119,attain,/əˈteɪn/,v,đạt được,We need to know the best way to attain our goals.,Chúng ta cần phải biết cách tốt nhất để đạt được mục tiêu của mình.,https://audio.tudienkala.com/data/cache/images/300x225/a/t/attain2.png,https://audio.tudienkala.com/audio/a/t/attain.mp3
119,audit,/'ɔ:dit/,v,kiểm toán,The independent accountants audited the company's books.,Những kế toán viên độc lập đã kiểm toán sổ sách kế toán của công ty.,https://audio.tudienkala.com/data/cache/images/300x225/a/u/audit1.png,https://audio.tudienkala.com/audio/a/u/audit.mp3
119,ballot,/ˈbælət/,n,sự bỏ phiếu kín,The chairperson is chosen by secret ballot.,Chủ tọa được chọn bằng cách bỏ phiếu kín.,https://audio.tudienkala.com/data/cache/images/300x225/b/a/ballot1.jpg,https://audio.tudienkala.com/audio/b/a/ballot.mp3
119,bankruptcy,/ˈbæŋkrəptsi/,n,"sự phá sản, sự vỡ nợ",The company filed for bankruptcy(= asked to be officially bankrupt ) in 2009.,Công ty này đã đệ đơn xin phá sản (= yêu cầu được chính thức phá sản) trong năm 2009.,https://audio.tudienkala.com/data/cache/images/300x225/b/a/bankruptcy1.jpg,https://audio.tudienkala.com/audio/b/a/bankruptcy.mp3
119,bargain,/bɑːɡən/,n,"món hời, cơ hội tốt (buôn bán)",Lois compared the sweaters carefully to determine which was a better bargain.,Lois so sánh cẩn thận những chiếc áo len để xác định cái nào là món hời hơn.,https://audio.tudienkala.com/data/cache/images/300x225/b/a/bargain1.jpg,https://audio.tudienkala.com/audio/b/a/bargain.mp3
119,blunder,/ˈblʌndər/,n,lỗi sai ngớ ngẩn hoặc bất cẩn,I 've made an awful blunder.,Tôi mắc phải một lỗi ngớ ngẩn kinh khủng.,https://audio.tudienkala.com/data/cache/images/300x225/b/l/blunder1.jpg,https://audio.tudienkala.com/audio/b/l/blunder.mp3
119,boardroom,/ˈbɔːdruːm/,n,phòng họp của phòng ban công ty,The directors were working overtime in the boardroom.,Các giám đốc đã họp ngoài giờ trong phòng họp.,https://audio.tudienkala.com/data/cache/images/300x225/b/o/boardroom1.jpg,https://audio.tudienkala.com/audio/b/o/boardroom.mp3
119,bookkeeper,/ˈbʊkkiːpə(r)/,n,người làm sổ sách,We are planning to hire a freelance bookkeeper.,Chúng tôi đang có kế hoạch để thuê một người làm sổ sách tự do.,https://audio.tudienkala.com/data/cache/images/300x225/b/o/bookkeeper1.jpg,https://audio.tudienkala.com/audio/b/o/bookkeeper.mp3
119,borrow,/'bɔrou/,v,"mượn, vay",Can I borrow your mobile phone for a while? I have lost mine on the train.,Bạn có thể cho tôi mượn điện thoại một chút được không? Tôi vừa đánh mất điện thoại trên tàu.,https://audio.tudienkala.com/data/cache/images/300x225/b/o/borrow1.png,https://audio.tudienkala.com/audio/b/o/borrow.mp3
119,bottom line,/ˈbɒtəm laɪn/,n,"điểm mấu chốt, điểm cốt yếu","If our flight is late, we will miss our connection. That's the bottom line.","Nếu chuyến bay của chúng ta trễ, chúng ta sẽ bỏ lỡ chuyến bay chuyển tiếp. Đó là điểm mấu chốt.",https://audio.tudienkala.com/data/cache/images/300x225/b/o/bottom_line1.jpg,https://audio.tudienkala.com/audio/b/o/bottom_line.mp3
119,brainstorm,/ˈbreɪnstɔːm/,v,"nêu ý kiến, ý tưởng để thảo luận hoặc cân nhắc",They brainstormed and mapped plans for dealing with problems like affordable housing and the budget shortfall.,Họ động não và lập bản đồ kế hoạch để đối phó với các vấn đề như nhà ở giá rẻ và sự thiếu hụt ngân sách.,https://audio.tudienkala.com/data/cache/images/300x225/b/r/brainstorm1.jpg,https://audio.tudienkala.com/audio/b/r/brainstorm.mp3
119,brand,/brænd/,n,"nhãn hiệu, nhãn hàng, chi nhánh",All brands of aspirin are the same.,Mọi nhãn hiệu về thuốc giảm đau aspirin là như nhau.,https://audio.tudienkala.com/data/cache/images/300x225/b/r/brand2.png,https://audio.tudienkala.com/audio/b/r/brand.mp3
119,briefcase,/ˈbriːfkeɪs/,n,"kẹp, cặp đựng giấy tờ, tài liệu","Dozens of passer-by's walked past me, carrying their briefcases and their bags of work.","Hàng chục người qua đường đi ngang qua tôi, mang theo cặp và túi làm việc của họ.",https://audio.tudienkala.com/data/cache/images/300x225/b/r/briefcase1.jpg,https://audio.tudienkala.com/audio/b/r/briefcase.mp3
119,bulldog clip,/ˈbʊldɒɡ klɪp/,n,kẹp giấy kim loại,Barry handed him another receipt taken from another bulldog clip.,Barry đưa cho anh ta một hóa đơn rút ra từ kẹp giấy kim loại.,https://audio.tudienkala.com/data/cache/images/300x225/b/u/bulldog_clip1.jpg,https://audio.tudienkala.com/audio/b/u/bulldog_clip.mp3
119,bureaucracy,/bjʊəˈrɒkrəsi/,n,"sự quan liêu, thói quan liêu",I had to deal with the university's bureaucracy when I was applying for financial aid.,Tôi phải đối mặt với bộ máy quan liêu của trường đại học khi tôi nộp đơn xin hỗ trợ tài chính.,https://audio.tudienkala.com/data/cache/images/300x225/b/u/bureaucracy1.jpg,https://audio.tudienkala.com/audio/b/u/bureaucracy.mp3
119,calculate,/ˈkælkjuleɪt/,v,"tính, tính toán",It's difficult to calculate how long the move will take.,Thật khó để tính toán di chuyển sẽ mất bao lâu.,https://audio.tudienkala.com/data/cache/images/300x225/c/a/calculate2.jpg,https://audio.tudienkala.com/audio/c/a/calculate.mp3
119,calculator,/ˈkælkjuleɪtə(r)/,n,máy tính,I have a pocket calculator to do calculations.,Tôi có một máy tính bỏ túi để làm các phép tính.,https://audio.tudienkala.com/data/cache/images/300x225/c/a/calculator1.png,https://audio.tudienkala.com/audio/c/a/calculator.mp3
119,cancel,/ˈkans(ə)l/,v,hủy bỏ,The wedding was cancelled at the last minute.,Đám cưới đã bị hủy bỏ vào phút chót.,https://audio.tudienkala.com/data/cache/images/300x225/c/a/cancel1.jpg,https://audio.tudienkala.com/audio/c/a/cancel.mp3
119,cashier,/kəˈʃɪə/,n,thu ngân,He used to be a cashier at that supermarket.,Ông ấy từng là một nhân viên thu ngân ở siêu thị.,https://audio.tudienkala.com/data/cache/images/300x225/c/a/cashier11.jpg,https://audio.tudienkala.com/audio/c/a/cashier1.mp3
119,chairwoman,/ˈtʃeəwʊmən/,n,"nữ chủ tịch, nữ chủ tọa trong cuộc họp",A chairwoman is very powerful.,Nữ chủ tịch rất là quyền lực.,https://audio.tudienkala.com/data/cache/images/300x225/c/h/chairwoman2.jpg,https://audio.tudienkala.com/audio/c/h/chairwoman.mp3
119,chief executive officer,/tʃiːf ɪɡˈzekjətɪv ˈɔːfɪsər/,n,giám đốc điều hành,"Mr. Immelt has been named one of the ""World's Best CEOs"" three times by Barron's.","Ông Immelt đã được mệnh danh là một trong những ""Giám đốc điều hành xuất sắc nhất thế giới"" ba lần bởi Barron.",https://audio.tudienkala.com/data/cache/images/300x225/c/h/chief_executive_officer1.jpg,https://audio.tudienkala.com/audio/c/h/chief_executive_officer.mp3
119,civil servant,/ˈsɪvl ˈsɜːvənt/,n,công chức,"All the participants were employed civil servants, with income levels ranging from high to low.","Tất cả những người tham gia đã được tuyển dụng công chức, với mức thu nhập khác nhau, từ cao đến thấp.",https://audio.tudienkala.com/data/cache/images/300x225/c/i/civil_servant1.jpg,https://audio.tudienkala.com/audio/c/i/civil_servant.mp3
119,classify,/ˈklæsɪfaɪ/,v,phân loại,The books in the library are classified by subject.,Sách trong thư viện được phân loại theo môn học.,https://audio.tudienkala.com/data/images_example/300x225/t/h/the_books__ex1_56248d0d7f8b9a000de3d189.jpg,https://audio.tudienkala.com/audio/c/l/classify.mp3
119,clerk,/klɑːk/,n,thư kí,A clerk answers the call.,Cô thư ký trả lời điện thoại.,https://audio.tudienkala.com/data/cache/images/300x225/c/l/clerk2.jpg,https://audio.tudienkala.com/audio/c/l/clerk.mp3
119,collaborate,/kəˈlæbəreɪt/,v,cộng tác,Researchers around the world are collaborating to develop a new vaccine.,Các nhà nghiên cứu trên toàn thế giới đang cộng tác để phát triển một loại vắc xin mới.,https://audio.tudienkala.com/data/cache/images/300x225/c/o/collaborate1.jpg,https://audio.tudienkala.com/audio/c/o/collaborate.mp3
119,commence,/kəˈmens/,v,bắt đầu,We will commence the race in few minutes..,Chúng ta sẽ bắt đầu cuộc đua trong vài phút nữa.,https://audio.tudienkala.com/data/cache/images/300x225/c/o/commence1.png,https://audio.tudienkala.com/audio/c/o/commence.mp3
119,commodity,/kəˈmɑːdəti/,n,(Kinh tế) hàng hóa,Crude oil is the world's most important commodity.,Dầu thô là hàng hóa quan trọng nhất của thế giới.,https://audio.tudienkala.com/data/images_example/300x225/c/r/crude_oil__ex2_587726727f8b9acf2f8b45e0.jpg,https://audio.tudienkala.com/audio/c/o/commodity.mp3
119,communicate,/kəˈmjuːnɪkeɪt/,v,giao tiếp,"Thanks to the invention of the telephone, we can communicate with others all over the world.","Nhờ sự ra đời của điện thoại, chúng ta có thể giao tiếp với những người khác trên thế giới.",https://audio.tudienkala.com/data/images_example/300x225/t/h/thanks_to__ex1_582bca8a7f8b9aa1078b4642.jpg,https://audio.tudienkala.com/audio/c/o/communicate.mp3
119,commute,/kəˈmjuːt/,v,đi lại đều đặn (giữa nơi làm việc và nhà),She commutes from Oxford to London every day.,Cô đi lại đều đặn từ Oxford đến London mỗi ngày.,https://audio.tudienkala.com/data/cache/images/300x225/c/o/commute1.jpg,https://audio.tudienkala.com/audio/c/o/commute.mp3
119,compensate,/'kɔmpenseit/,v,"bù, đền bù, bồi thường","If you are injured in a traffic accident, you can be compensated for your losses.","Nếu bạn bị thương trong một tai nạn giao thông, bạn có thể được bồi thường mọi thiệt hại.",https://audio.tudienkala.com/data/cache/images/300x225/c/o/compensate1.png,https://audio.tudienkala.com/audio/c/o/compensate.mp3
119,competent,/ˈkɒmpɪtənt/,adj,"có đủ khả năng, trình độ",Make sure the firm is competent to carry out the work.,Hãy chắc chắn rằng công ty có đủ khả năng để thực hiện công việc.,https://audio.tudienkala.com/data/cache/images/300x225/c/o/competent1.jpg,https://audio.tudienkala.com/audio/c/o/competent.mp3
119,complain,/kəmˈpleɪn/,v,"than phiền, khiếu nại",He is always complaining about everything.,Anh ta luôn phàn nàn về mọi thứ.,https://audio.tudienkala.com/data/cache/images/300x225/c/o/complain1.jpg,https://audio.tudienkala.com/audio/c/o/complain.mp3
119,comply,/kəmˈplaɪ/,v,"tuân theo, đồng ý làm theo",They refused to comply with the UN resolution.,Họ từ chối tuân theo các nghị quyết của LHQ.,https://audio.tudienkala.com/data/cache/images/300x225/c/o/comply1.jpg,https://audio.tudienkala.com/audio/c/o/comply.mp3
119,compose,/kəmˈpəʊz/,v,"soạn, biên soạn",James composed music for over 100 films.,James đã sáng tác nhạc cho hơn 100 bộ phim.,https://audio.tudienkala.com/data/cache/images/300x225/c/o/compose1.png,https://audio.tudienkala.com/audio/c/o/compose.mp3
120,comprise,/kəmˈpraɪz/,v,bao gồm,Women and children comprise seventy percent of the hospital’s patients.,Phụ nữ và trẻ em chiếm bảy mươi phần trăm bệnh nhân của bệnh viện.,https://audio.tudienkala.com/data/images_example/300x225/w/o/women_and__ex2_587726ee7f8b9ae72f8b4673.png,https://audio.tudienkala.com/audio/c/o/comprise.mp3
120,compromise,/'kɔmprəmaiz/,n,sự thoả hiệp,After lengthy talks the two sides finally reached a compromise.,Sau cuộc đàm phán kéo dài hai bên cuối cùng đã đạt đến một thỏa hiệp.,https://audio.tudienkala.com/data/cache/images/300x225/c/o/compromise2.jpg,https://audio.tudienkala.com/audio/c/o/compromise.mp3
120,concession,/kənˈseʃən/,n,sự nhượng bộ,Employers made concessions to the workers in negotiations.,Người chủ đã có một số nhượng bộ với công nhân trong cuộc thương lượng.,https://audio.tudienkala.com/data/cache/images/300x225/c/o/concession2.jpg,https://audio.tudienkala.com/audio/c/o/concession.mp3
120,confirm,/kənˈfɜː(r)m/,v,xác nhận,Please write to confirm your reservation.,Xin vui lòng viết xác nhận cho việc đặt phòng của bạn.,https://audio.tudienkala.com/data/cache/images/300x225/c/o/confirm1.jpg,https://audio.tudienkala.com/audio/c/o/confirm.mp3
120,consensus,/kənˈsensəs/,n,"sự đồng thuận, nhất trí",The clients and agency have reached a consensus.,Các khách hàng và đại lý đã đạt được sự đồng thuận.,https://audio.tudienkala.com/data/cache/images/300x225/c/o/consensus1.jpg,https://audio.tudienkala.com/audio/c/o/consensus.mp3
120,contractor,/kənˈtræktər/,n,người thầu khoán,The contractor needs the amendment of bidding documents.,Nhà thầu khoán cần bản sửa đổi hồ sơ mời thầu.,https://audio.tudienkala.com/data/cache/images/300x225/c/o/contractor1.jpg,https://audio.tudienkala.com/audio/c/o/contractor.mp3
120,convince,/kən'vins/,v,Thuyết phục,He convinced me that he was right.,Anh ấy đã thuyết phục tôi rằng anh ấy đã đúng.,https://audio.tudienkala.com/data/cache/images/300x225/c/o/convince1.png,https://audio.tudienkala.com/audio/c/o/convince.mp3
120,cooperation,/kəʊˌɒpəˈreɪʃn/,n,sự hợp tác,The process of working or acting together for a common goal or benefit is cooperation.,Tiến trình làm việc và hoạt động cùng nhau vì một mục đích và lợi ích chung là sự hợp tác.,https://audio.tudienkala.com/data/cache/images/300x225/c/o/cooperation1.jpg,https://audio.tudienkala.com/audio/c/o/cooperation.mp3
120,coordinate,/kou'ɔ:dneit/,v,kết hợp,You should coordinate your activities with those of other groups.,Em nên kết hợp hoạt động của các em với hoạt động của các nhóm khác.,https://audio.tudienkala.com/data/cache/images/300x225/c/o/coordinate1.png,https://audio.tudienkala.com/audio/c/o/coordinate.mp3
120,copyright,/ˈkɒpiraɪt/,n,"bản quyền, quyền tác giả",They were sued for breach/infringement of copyright.,Họ đã bị kiện vì vi phạm / hành vi xâm phạm quyền tác giả.,https://audio.tudienkala.com/data/cache/images/300x225/c/o/copyright1.jpg,https://audio.tudienkala.com/audio/c/o/copyright.mp3
120,counsellor,/ˈkaʊnsələr/,n,"người khuyên bảo, cố vấn","After talking to a counsellor, I felt much better.","Sau khi nói chuyện với một cố vấn, tôi đã cảm thấy tốt hơn nhiều.",https://audio.tudienkala.com/data/cache/images/300x225/c/o/counsellor1.jpg,https://audio.tudienkala.com/audio/c/o/counsellor.mp3
120,creativity,/ˌkriːeɪˈtɪvəti/,n,"óc sáng tạo, tính sáng tạo",I think creativity and originality are more important than technical skill.,Tôi nghĩ rằng sáng tạo và độc đáo quan trọng hơn kỹ năng kỹ thuật.,https://audio.tudienkala.com/data/cache/images/300x225/c/r/creativity1.jpg,https://audio.tudienkala.com/audio/c/r/creativity.mp3
120,deadline,/ˈdedlaɪn/,n,thời hạn chót,The deadline for paying this years's taxes is just two weeks away.,Hạn chót cho việc nộp thuế cho năm nay chỉ còn cách 2 tuần.,https://audio.tudienkala.com/data/cache/images/300x225/d/e/deadline1.png,https://audio.tudienkala.com/audio/d/e/deadline.mp3
120,deadlock,/ˈdedlɒk/,n,sự bế tắc (trong việc đạt một thỏa thuận),The strike has reached a deadlock.,Cuộc đình công đã đi đến sự bế tắc.,https://audio.tudienkala.com/data/cache/images/300x225/d/e/deadlock1.jpg,https://audio.tudienkala.com/audio/d/e/deadlock.mp3
120,deal,/diːl/,n,sự giao dịch,We did a deal with the management on overtime.,Chúng tôi đã có một sự thỏa thuận với ban giám đốc về việc làm thêm giờ.,https://audio.tudienkala.com/data/cache/images/300x225/d/e/deal1.jpg,https://audio.tudienkala.com/audio/d/e/deal.mp3
120,decrease,/'di:kri:s/,v,làm giảm,A high population growth rate decreases economic development.,Tốc độ tăng trưởng dân số cao làm giảm sự phát triển kinh tế.,https://audio.tudienkala.com/data/cache/images/300x225/d/e/decrease1.jpg,https://audio.tudienkala.com/audio/d/e/decrease.mp3
120,dedication,"/,dedi'keiʃn/",n,"‹sự› cống hiến, hiến dâng, tận tâm, tận tụy",The director's dedication to a high-quality product has motivated many of his employees.,Sự cống hiến của giám đốc cho một sản phẩm chất lượng cao đã thúc đẩy nhiều nhân viên.,https://audio.tudienkala.com/data/cache/images/300x225/d/e/dedication1.jpg,https://audio.tudienkala.com/audio/d/e/dedication.mp3
120,delegate,/ˈdelɪɡət/,n,đại biểu,The conference was attended by delegates from 56 countries.,Hội nghị có sự tham dự của các đại biểu từ 56 quốc gia.,https://audio.tudienkala.com/data/cache/images/300x225/d/e/delegate1.jpg,https://audio.tudienkala.com/audio/d/e/delegate.mp3
120,demanding,/dɪˈmɑːndɪŋ/,adj,"khó khăn, đòi hỏi khắt khe",Her songs are technically more demanding than other contestants'.,Các ca khúc của cô ấy đòi hỏi nhiều hơn về mặt kỹ thuật so với của những thí sinh khác.,https://audio.tudienkala.com/data/cache/images/300x225/d/e/demanding1.jpg,https://audio.tudienkala.com/audio/d/e/demanding.mp3
120,dependable,/dɪˈpendəbl/,adj,có thể tin cậy được,He's not very dependable.,Anh ta không đáng tin cậy lắm.,https://audio.tudienkala.com/data/cache/images/300x225/d/e/dependable1.jpg,https://audio.tudienkala.com/audio/d/e/dependable.mp3
120,dexterity,/dekˈsterəti/,n,"sự khéo tay, sự khéo léo",You need manual dexterity to be good at video games.,Bạn cần sử dụng sự khéo léo để chơi tốt các trò chơi video.,https://audio.tudienkala.com/data/cache/images/300x225/d/e/dexterity1.jpg,https://audio.tudienkala.com/audio/d/e/dexterity.mp3
120,diagram,/ˈdaɪəɡræm/,n,biểu đồ,The results are shown in diagram 2.,Các kết quả được thể hiện trong sơ đồ 2.,https://audio.tudienkala.com/data/cache/images/300x225/d/i/diagram1.jpg,https://audio.tudienkala.com/audio/d/i/diagram.mp3
120,diploma,/dɪˈpləʊmə/,n,"văn bằng, chứng chỉ",My brother has got a diploma in business studies.,Anh trai tôi vừa mới nhận được văn bằng kinh tế.,https://audio.tudienkala.com/data/cache/images/300x225/d/i/diploma1.jpg,https://audio.tudienkala.com/audio/d/i/diploma.mp3
120,directory,/dəˈrektəri/ /daɪˈrektəri/ /dɪˈrektəri/,n,"sách hướng dẫn, danh bạ",We consulted the directory to see where the train station was located.,Chúng tôi đã tham khảo danh bạ điện thoại để xem ga xe lửa nằm ở chỗ nào.,https://audio.tudienkala.com/data/cache/images/300x225/d/i/directory2.png,https://audio.tudienkala.com/audio/d/i/directory.mp3
120,disability,/ˌdɪsəˈbɪləti/,n,"sự ốm yếu, tàn tật","Since our last meeting, students’ attitudes towards people with disability have changed.","Kể từ buổi họp cuối của chúng ta, quan điểm của các bạn học sinh về người khuyết tật đã thay đổi.",https://audio.tudienkala.com/data/cache/images/300x225/d/i/disability1.jpg,https://audio.tudienkala.com/audio/d/i/disability.mp3
120,disadvantage,/ˌdɪsədˈvɑːntɪdʒ/,n,bất lợi,The fact that he didn't speak a foreign language put him at a distinct disadvantage.,Thực tế là anh ta đã không nói tiếng nước ngoài khiến anh ta vào thế bất lợi rõ rệt.,https://audio.tudienkala.com/data/cache/images/300x225/d/i/disadvantage2.jpg,https://audio.tudienkala.com/audio/d/i/disadvantage.mp3
120,discount,/dɪsˈkaʊnt/,v,"giảm, bớt, giảm giá, chiết khấu, khấu trừ",Products are discounted deeply on the Black Friday.,Nhiều sản phẩm đã được giảm giá mạnh vào ngày thứ Sáu Đen.,https://audio.tudienkala.com/data/images_example/300x225/p/r/products_a_ex1_56248cfb7f8b9afa0cb17d78.png,https://audio.tudienkala.com/audio/d/i/discount-v.mp3
120,discrimination,/dɪˌskrɪmɪˈneɪʃən/,n,sự phân biệt đối xử,Better understanding of cognitive impairments and more contact between non-disabled and disabled people will change attitudes and reduce discrimination in life.,Việc hiểu biết đúng đắn hơn về sự suy giảm nhận thức cùng với sự tiếp xúc thường xuyên hơn giữa người bình thường và người khuyết tật sẽ thay đổi nhận thức và giảm sự phân biệt đối xử trong cuộc sống.,https://audio.tudienkala.com/data/cache/images/300x225/d/i/discrimination1.jpg,https://audio.tudienkala.com/audio/d/i/discrimination.mp3
120,dishonest,/dɪˈsɒnɪst/,adj,không trung thực,Beware of dishonest traders in the tourist areas.,Cảnh giác với những thương nhân thiếu trung thực trong các lĩnh vực du lịch.,https://audio.tudienkala.com/data/cache/images/300x225/d/i/dishonest1.png,https://audio.tudienkala.com/audio/d/i/dishonest.mp3
120,dismiss,/dɪˈsmɪs/,v,sa thải,He dismissed his staff.,Ông đã sa thải nhân viên của mình.,https://audio.tudienkala.com/data/images_example/300x225/h/e/he_dismiss_ex1_587726c67f8b9ae72f8b459d.jpg,https://audio.tudienkala.com/audio/d/i/dismiss.mp3
120,distribute,/dɪˈstrɪbjuːt/,v,phân phối,The books will be distributed free to local schools.,Những cuốn sách sẽ được phát miễn phí cho các trường học địa phương.,https://audio.tudienkala.com/data/images_example/300x225/t/h/the_books__ex1_587726767f8b9acf2f8b45f8.png,https://audio.tudienkala.com/audio/d/i/distribute.mp3
120,divide,/dɪˈvaɪd/,v,"chia ra, chia",The English Channel divides England from France.,Kênh Anh chia nước Anh khỏi Pháp.,https://audio.tudienkala.com/data/cache/images/300x225/d/i/divide2.png,https://audio.tudienkala.com/audio/d/i/divide.mp3
120,dividend,/'dividend/,n,"tiền lãi cổ phần, tiền được cuộc, cái bị chia, số bị chia (toán)",The dividend was calculated and distributed to the group.,Cổ tức được tính toán và phân bổ theo nhóm.,https://audio.tudienkala.com/data/cache/images/300x225/d/i/dividend1.png,https://audio.tudienkala.com/audio/d/i/dividend.mp3
120,downsize,/ˈdaʊnˌsaɪz/,v,cắt giảm nhân sự,The TV news producer told what happened after her director downsized the newsroom.,Nhà sản xuất tin tức truyền hình đã nói những gì xảy ra sau khi giám đốc của cô ấy cắt giảm nhân sự phòng tin tức.,https://audio.tudienkala.com/data/cache/images/300x225/d/o/downsize1.jpg,https://audio.tudienkala.com/audio/d/o/downsize.mp3
120,elite,/ɪˈliːt/,n,"nhóm người trong xã hội được xem là quan trọng và có ảnh hưởng nhất bởi quyền lực, tài năng, sự giàu có... của họ",a member of the intellectual elite,một thành viên của nhóm người trí thức giàu có,https://audio.tudienkala.com/data/cache/images/300x225/e/l/elite1.jpg,https://audio.tudienkala.com/audio/e/l/elite.mp3
120,employ,/ɪmˈplɔɪ/,v,thuê ai làm việc,For the past three years he has been employed as a firefighter.,"Trong ba năm qua, ông đã được thuê như là một lính cứu hỏa.",https://audio.tudienkala.com/data/cache/images/300x225/e/m/employ2.jpg,https://audio.tudienkala.com/audio/e/m/employ.mp3
120,enclose,/ɪnˈkləʊz/,v,gửi kèm,Please enclose a curriculum vitae with your letter of application.,Hãy gửi sơ yếu lý lịch kèm theo đơn xin việc.,https://audio.tudienkala.com/data/cache/images/300x225/e/n/enclose1.jpg,https://audio.tudienkala.com/audio/e/n/enclose.mp3
120,enclosure,/ɪnˈkləʊʒər/,n,vật được gửi đi cùng lần với lá thư (trong cùng một bì thư),Always state the number of enclosures at the bottom of your letter.,Luôn nêu số lượng vật được gửi đi cùng lần với lá thư ở dưới cùng của bức thư.,https://audio.tudienkala.com/data/cache/images/300x225/e/n/enclosure1.jpg,https://audio.tudienkala.com/audio/e/n/enclosure.mp3
120,endeavour,/ɪnˈdevər/,n,"(sự) cố gắng, nỗ lực",Please make every endeavour to arrive on time.,Hãy thực hiện mọi nỗ lực để đến đúng giờ.,https://audio.tudienkala.com/data/cache/images/300x225/e/n/endeavour1.jpg,https://audio.tudienkala.com/audio/e/n/endeavour.mp3
120,engagement,/ɪnˈgeɪdʒmənt/,n,đính hôn,They announced their engagement at the party on Sunday.,Họ tuyên bố đính hôn tại bữa tiệc vào ngày chủ nhật.,https://audio.tudienkala.com/data/cache/images/300x225/e/n/engagement1.png,https://audio.tudienkala.com/audio/e/n/engagement.mp3
120,entitlement,/ɪnˈtaɪtlmənt/,n,quyền được có hoặc làm gì,This may affect your entitlement to compensation.,Điều này có thể ảnh hưởng đến quyền được bồi thường của bạn.,https://audio.tudienkala.com/data/cache/images/300x225/e/n/entitlement1.jpg,https://audio.tudienkala.com/audio/e/n/entitlement.mp3
120,entrepreneur,/ˌɒntrəprəˈnɜːr/,n,người khởi nghiệp,He was one of the entrepreneurs of the 80s who made their money in property.,"Ông là một trong những doanh nhân thời thập niên 80, người kiếm tiền dựa vào tài sản.",https://audio.tudienkala.com/data/cache/images/300x225/e/n/entrepreneur1.jpg,https://audio.tudienkala.com/audio/e/n/entrepreneur.mp3
120,envelope,/ˈenvələʊp/,n,phong bì,I need an envelope to send this letter.,Tôi cần một phong bì để gửi lá thư này.,https://audio.tudienkala.com/data/cache/images/300x225/e/n/envelope1.png,https://audio.tudienkala.com/audio/e/n/envelope.mp3
120,escalate,/ˈeskəleɪt/,v,leo thang (nghĩa bóng),The fighting escalated into a full-scale war.,Cuộc giao tranh leo thang thành một cuộc chiến tranh toàn diện.,https://audio.tudienkala.com/data/cache/images/300x225/e/s/escalate1.jpg,https://audio.tudienkala.com/audio/e/s/escalate.mp3
120,ethics,/ˈeθɪk/,n,nguyên tắc đạo đức,He began to question the ethics of his position.,Ông ấy bắt đầu đặt câu hỏi về lập trường nguyên tắc đạo đức của mình.,https://audio.tudienkala.com/data/cache/images/300x225/e/t/ethics1.jpg,https://audio.tudienkala.com/audio/e/t/ethics.mp3
120,evaluate,/i'væljueit/,v,"đánh giá, định giá; ước lượng",It's important to evaluate your competition when making a business plan.,Đánh giá sức cạnh tranh của bạn là việc quan trọng khi lập một kế hoạch kinh doanh.,https://audio.tudienkala.com/data/cache/images/300x225/e/v/evaluate1.png,https://audio.tudienkala.com/audio/e/v/evaluate.mp3
120,faculty,/ˈfækəlti/,n,"khoa, bộ môn","It is said that with fading age, the physical and mental faculties do not remain as strong.","Người ta nói rằng khi lớn tuổi dần, năng lực thể chất và trí óc không còn khỏe mạnh.",https://audio.tudienkala.com/data/cache/images/300x225/f/a/faculty1.jpg,https://audio.tudienkala.com/audio/f/a/faculty.mp3
120,fax,/fæks/,n,hệ thống gửi tài liệu điện tử,He received the report by fax.,Cậu ấy nhận báo cáo bằng hệ thống gửi tài liệu điện tử.,https://audio.tudienkala.com/data/cache/images/300x225/f/a/fax1.jpg,https://audio.tudienkala.com/audio/f/a/fax.mp3
120,feasible,/ˈfiːzəbl/,adj,khả thi,"With the extra resources, the project now seems feasible.","Với các nguồn lực bổ sung, dự án bây giờ có vẻ khả thi.",https://audio.tudienkala.com/data/cache/images/300x225/f/e/feasible1.jpg,https://audio.tudienkala.com/audio/f/e/feasible.mp3
120,feedback,/ˈfiːdbæk/,n,phản hồi,The teacher will give you feedback on the test.,Các giáo viên sẽ cung cấp cho bạn thông tin phản hồi về các bài kiểm tra.,https://audio.tudienkala.com/data/cache/images/300x225/f/e/feedback1.jpg,https://audio.tudienkala.com/audio/f/e/feedback.mp3
121,flexible,/ˈfleksəbl/,adj,"linh động, linh hoạt",You need to be more flexible and imaginative in your approach.,Bạn cần phải linh hoạt hơn và giàu trí tưởng tượng trong cách tiếp cận của mình.,https://audio.tudienkala.com/data/cache/images/300x225/f/l/flexible1.jpg,https://audio.tudienkala.com/audio/f/l/flexible.mp3
121,forecast,/fɔ:'kɑ:st/,v,"dự báo, dự đoán, đoán trước",Analysts forecast a strong economic outlook.,Các nhà phân tích dự báo một viễn cảnh kinh tế sung sức.,https://audio.tudienkala.com/data/cache/images/300x225/f/o/forecast1.png,https://audio.tudienkala.com/audio/f/o/forecast.mp3
121,founder,/ˈfaʊndər/,n,nhà sáng lập,Steve Jobs and Steve Wozniak who are joint founders of Apple.,Steve Jobs và Steve Wozniak là những người sáng lập nên hãng Apple.,https://audio.tudienkala.com/data/images_example/300x225/s/t/steve_jobs_ex2_587726f77f8b9ae72f8b46a9.jpg,https://audio.tudienkala.com/audio/f/o/founder.mp3
121,franchise,/ˈfrænʃaɪz/,n,sự nhượng quyền thương hiệu,The Idol franchise was created in the UK by Simon Fuller.,Thương hiệu nhượng quyền Idol được sáng lập ở Vương quốc Anh bởi Simon Fuller.,https://audio.tudienkala.com/data/cache/images/300x225/f/r/franchise1.jpg,https://audio.tudienkala.com/audio/f/r/franchise.mp3
121,freelance,/ˈfriːlæns/,adj,làm nghề tự do,Linda has worked in Yemen as a freelance journalist since 2012.,Linda đã làm việc tại Yemen như một nhà báo tự do kể từ năm 2012.,https://audio.tudienkala.com/data/cache/images/300x225/f/r/freelance1.jpg,https://audio.tudienkala.com/audio/f/r/freelance.mp3
121,fringe benefit,/frɪndʒ ˈbenɪfɪt/,n,phúc lợi phụ thêm (ngoài lương),Salary is commensurate with experience and qualifications and includes excellent fringe benefits.,Mức lương tương xứng với kinh nghiệm và trình độ chuyên môn và bao gồm những quyền lợi phụ xuất sắc.,https://audio.tudienkala.com/data/cache/images/300x225/f/r/fringe_benefit1.jpg,https://audio.tudienkala.com/audio/f/r/fringe_benefit.mp3
121,full-time,/fʊl taɪm/,adv,"(học, làm việc) toàn thời gian",Looking after a child is a full-time job (= hard work that takes a lot of time).,Chăm sóc cho một đứa trẻ là một công việc toàn thời gian (= công việc khó khăn mà phải mất rất nhiều thời gian).,https://audio.tudienkala.com/data/cache/images/300x225/f/u/full-time1.jpg,https://audio.tudienkala.com/audio/f/u/full-time.mp3
121,graph,/ɡrɑːf/,n,đồ thị,The graph shows how house prices have risen since the 1980s.,Biểu đồ cho thấy cách mà giá nhà đã tăng lên kể từ những năm 1980.,https://audio.tudienkala.com/data/cache/images/300x225/g/r/graph1.jpg,https://audio.tudienkala.com/audio/g/r/graph.mp3
121,guideline,/ˈɡaɪdlaɪn/,n,"hướng dẫn, nguyên tắc chỉ đạo",The doctor has drawn up guidelines on the treatment of the mentally ill.,Các bác sĩ đã đưa ra các hướng dẫn về điều trị bệnh tâm thần.,https://audio.tudienkala.com/data/cache/images/300x225/g/u/guideline1.jpg,https://audio.tudienkala.com/audio/g/u/guideline.mp3
121,haggle,/ˈhæɡl/,v,"mặc cả, tranh cãi",It's not worth haggling over a few pence.,Thật không đáng để mặc cả vài xu.,https://audio.tudienkala.com/data/cache/images/300x225/h/a/haggle1.jpg,https://audio.tudienkala.com/audio/h/a/haggle.mp3
121,handbook,/ˈhændbʊk/,n,sổ tay hướng dẫn,The student handbook gives details of all courses.,Các sổ tay hướng dẫn sinh viên cung cấp các chi tiết của tất cả các khóa học.,https://audio.tudienkala.com/data/cache/images/300x225/h/a/handbook1.jpg,https://audio.tudienkala.com/audio/h/a/handbook.mp3
121,handout,/ˈhændaʊt/,n,"bản thông cáo về một sự kiện hoặc một vấn đề công chúng quan tâm, hoặc về quan điểm chính trị nào",You will find further details in the handout.,Bạn sẽ thấy thêm nhiều chi tiết trong bản tài liệu.,https://audio.tudienkala.com/data/cache/images/300x225/h/a/handout1.jpg,https://audio.tudienkala.com/audio/h/a/handout.mp3
121,handshake,/ˈhændʃeɪk/,n,cái bắt tay,She greeted him with a handshake.,Cô ấy chào đón anh ta với một cái bắt tay.,https://audio.tudienkala.com/data/cache/images/300x225/h/a/handshake1.jpg,https://audio.tudienkala.com/audio/h/a/handshake.mp3
121,harass,/ˈhærəs/,v,quấy rầy và làm phiền ai liên tục,He has complained of being harassed by the police.,Ông than phiền đã bị quấy rối bởi cảnh sát.,https://audio.tudienkala.com/data/images_example/300x225/h/e/he_has_com_ex2_587726fb7f8b9ae72f8b46bb.jpg,https://audio.tudienkala.com/audio/h/a/harass.mp3
121,headhunter,/ˈhedhʌntər/,n,"người, công ty săn đầu người",He spotted her potential and asked headhunters to approach her.,Ông ấy phát hiện ra tiềm năng của cô ta và nhờ công ty săn đầu người để tiếp cận cô.,https://audio.tudienkala.com/data/cache/images/300x225/h/e/headhunter1.jpg,https://audio.tudienkala.com/audio/h/e/headhunter.mp3
121,hierarchy,/ˈhaɪərɑːki/,n,hệ thống cấp bậc,She's quite high up in the management hierarchy.,Cô ấy có vị trí khá là cao trong hệ thống phân cấp quản lý.,https://audio.tudienkala.com/data/cache/images/300x225/h/i/hierarchy1.jpg,https://audio.tudienkala.com/audio/h/i/hierarchy.mp3
121,high-powered,/ˌhaɪˈpaʊəd/,adj,quyền cao chức trọng,a high-powered job,một công việc quyền cao chức trọng,https://audio.tudienkala.com/data/cache/images/300x225/h/i/high-powered1.jpg,https://audio.tudienkala.com/audio/h/i/high-powered.mp3
121,hire,/'haiə/,v,"thuê, mướn; tiền trả công",She was hired after her third interview.,Cô ta đã được thuê sau lần phỏng vấn thứ ba.,https://audio.tudienkala.com/data/cache/images/300x225/h/i/hire1.jpg,https://audio.tudienkala.com/audio/h/i/hire.mp3
121,hop,/hɒp/,v,chuyển từ một hoạt động hay đề tài này sang cái khác,I like to hop from channel to channel when I watch TV.,Tôi muốn chuyển từ kênh bày sang kênh khác khi xem TV.,https://audio.tudienkala.com/data/cache/images/300x225/h/o/hop1.jpg,https://audio.tudienkala.com/audio/h/o/hop.mp3
121,human resources,/ˈhjuːmən ˈriːsɔːrs/,n,bộ phận nhân sự,She is working at human resources.,Cô đang làm việc ở bộ phận nhân sự.,https://audio.tudienkala.com/data/cache/images/300x225/h/u/human_resources1.jpg,https://audio.tudienkala.com/audio/h/u/human_resources.mp3
121,implement,/ˈɪmplɪment/,v,"thi hành, thực hiện",The contract was implemented after everyone agreed.,Hợp đồng đã được thi hành sau khi tất cả mọi người đồng ý.,https://audio.tudienkala.com/data/cache/images/300x225/i/m/implement2.jpg,https://audio.tudienkala.com/audio/i/m/implement.mp3
121,incentive,/ɪnˈsentɪv/,n,"các phần thưởng khuyến khích nhân viên làm việc tốt hơn, động cơ",The company is offering a special low price as an added incentive for new customers.,Công ty đang cung cấp một mức giá thấp đặc biệt như một sự khuyến khích thêm khách hàng mới.,https://audio.tudienkala.com/data/cache/images/300x225/i/n/incentive1.jpg,https://audio.tudienkala.com/audio/i/n/incentive.mp3
121,inform,/ɪnˈfɔːrm/,v,báo tin cho; cho biết; cung cấp tin tức,We regret to inform you that your account has been suspended.,Chúng tôi rất tiếc phải thông báo rằng tài khoản của bạn đã bị treo.,https://audio.tudienkala.com/data/cache/images/300x225/i/n/inform1.jpg,https://audio.tudienkala.com/audio/i/n/inform.mp3
121,intermediary,/ˌɪntəˈmiːdiəri/,n,"người làm trung gian, người hoà giải",All talks have so far been conducted through an intermediary.,Tất cả các cuộc đàm phán cho đến nay đã được thực hiện thông qua một người trung gian.,https://audio.tudienkala.com/data/cache/images/300x225/i/n/intermediary1.jpg,https://audio.tudienkala.com/audio/i/n/intermediary.mp3
121,internship,/ˈɪntɜːrnʃɪp/,n,kỳ thực tập,I gained a lot of experience after finishing my internship.,Tôi đã tích lũy được rất nhiều kinh nghiệm sau khi hoàn tất kỳ thực tập của mình.,https://audio.tudienkala.com/data/cache/images/300x225/i/n/internship1.jpg,https://audio.tudienkala.com/audio/i/n/internship.mp3
121,interrupt,/ˌɪntəˈrʌpt/,v,gián đoạn,I wish you'd stop interrupting.,Tôi muốn anh ngừng gián đoạn tôi.,https://audio.tudienkala.com/data/cache/images/300x225/i/n/interrupt1.jpg,https://audio.tudienkala.com/audio/i/n/interrupt.mp3
121,inventory,/in'ventri/,n,‹sự/bản› kiểm kê hàng hóa,The store closes one day a year so that the staff can take inventory of the stockroom.,Cửa hàng đóng cửa 1 ngày mỗi năm để cho nhân viên có thể thực hiện kiểm kê kho hàng.,https://audio.tudienkala.com/data/cache/images/300x225/i/n/inventory1.jpg,https://audio.tudienkala.com/audio/i/n/inventory.mp3
121,invest,/in'vest/,v,đầu tư,Don't invest all of your time in just one project.,Đừng đầu tư tất cả thời gian của bạn vào chỉ một dự án.,https://audio.tudienkala.com/data/cache/images/300x225/i/n/invest1.jpg,https://audio.tudienkala.com/audio/i/n/invest.mp3
121,invoice,/ˈɪnvɔɪs/,n,hóa đơn,The Invoice included VAT.,Hoá đơn bao gồm thuế GTGT.,https://audio.tudienkala.com/data/cache/images/300x225/i/n/invoice1.jpg,https://audio.tudienkala.com/audio/i/n/invoice.mp3
121,jam,/dʒæm/,n,sự tắc nghẽn,We were stuck in a traffic jam for hours.,Chúng tôi đã bị tắc đường nhiều tiếng đồng hồ.,https://audio.tudienkala.com/data/cache/images/300x225/j/a/jam1.jpg,https://audio.tudienkala.com/audio/j/a/jam.mp3
121,job description,/dʒɑːb dɪˈskrɪpʃn/,n,bản mô tả công việc,"A job description should be practical, clear and accurate to effectively define your needs.","Một mô tả công việc phải thực tế, rõ ràng và chính xác để xác định nhu cầu của bạn một cách hiệu quả .",https://audio.tudienkala.com/data/cache/images/300x225/j/o/job_description1.jpg,https://audio.tudienkala.com/audio/j/o/job_description.mp3
121,job seeker,/dʒɒb ˈsiːkə(r)/,n,người tìm việc,You can claim job seeker allowance online.,Bạn có thể yêu cầu bồi thường tiền tại trang người tìm việc trực tuyến.,https://audio.tudienkala.com/data/cache/images/300x225/j/o/job_seeker1.jpg,https://audio.tudienkala.com/audio/j/o/job_seeker.mp3
121,job-sharing,/dʒɒb ʃerɪŋ/,n,việc 2 người chia nhau thời gian làm việc và tiền lương cho công việc đó,Options such as job-sharing and a compressed workweek--working four 10-hour days instead of five eight-hour days--are gaining in popularity.,Tình trạng như phân chia công việc và một tuần làm việc nén - làm việc bốn ngày 10 giờ thay vì năm ngày tám tiếng ngày càng phổ biến hơn.,https://audio.tudienkala.com/data/cache/images/300x225/j/o/job-sharing1.jpg,https://audio.tudienkala.com/audio/j/o/job-sharing.mp3
121,joint venture,/dʒɔɪnt ˈventʃə(r)/,n,công ty liên doanh,The website was a joint venture between him and his partner.,Trang web này là một liên doanh giữa ông và đối tác của mình.,https://audio.tudienkala.com/data/cache/images/300x225/j/o/joint_venture1.jpg,https://audio.tudienkala.com/audio/j/o/joint_venture.mp3
121,juggle,/ˈdʒʌɡl/,v,cố gắng giải quyết nhiều việc quan trọng cùng một lúc trong cuộc sống,"Working mothers are used to juggling their jobs, their children's needs and their housework.","Các bà mẹ thường cố gắng giải quyết nhiều việc quan trọng cùng một lúc, nhu cầu của con cái và công việc nội trợ của họ.",https://audio.tudienkala.com/data/cache/images/300x225/j/u/juggle1.jpg,https://audio.tudienkala.com/audio/j/u/juggle.mp3
121,know-how,/ˈnəʊhaʊ/,n,"bí quyết, cách làm, phương pháp",We need skilled workers and technical know-how.,Chúng tôi cần những công nhân lành nghề và bí quyết kỹ thuật.,https://audio.tudienkala.com/data/cache/images/300x225/k/n/know-how1.jpg,https://audio.tudienkala.com/audio/k/n/know-how.mp3
121,labourer,/ˈleɪbərər/,n,người lao động chân tay,Samuel wanted more than a life as an agricultural labourer.,Samuel muốn một cuộc sống hơn là một người lao động nông nghiệp.,https://audio.tudienkala.com/data/cache/images/300x225/l/a/labourer1.jpg,https://audio.tudienkala.com/audio/l/a/labourer.mp3
121,ladder,/ˈlædə/,n,cái thang,My father asked me to hold a ladder for him.,Bố tôi hỏi tôi giữ cái thang cho ông ấy.,https://audio.tudienkala.com/data/cache/images/300x225/l/a/ladder1.png,https://audio.tudienkala.com/audio/l/a/ladder.mp3
121,lay-off,/leɪ ɒf/,n,"sự tạm giãn thợ (vì không có việc), sự sa thải",lay-offs in the factory,sa thải nhân viên trong nhà máy,https://audio.tudienkala.com/data/cache/images/300x225/l/a/lay-off1.jpg,https://audio.tudienkala.com/audio/l/a/lay-off.mp3
121,livelihood,/ˈlaɪvlihʊd/,n,kế sinh nhai (cách kiếm tiền sinh sống),Many famers believe that the new regulations threaten their livelihoods.,Nhiều nông dân tin rằng các quy định mới đe dọa sinh kế của họ.,https://audio.tudienkala.com/data/images_example/300x225/m/a/many_famer_ex1_587727007f8b9ae72f8b46d9.jpg,https://audio.tudienkala.com/audio/l/i/livelihood.mp3
121,lucrative,/ˈluːkrətɪv/,adj,"có lợi, sinh lợi, béo bở",Croatia could be a potentially lucrative market for political consultants.,Croatia có thể là một thị trường tiềm năng sinh lợi cho các nhà tư vấn chính trị.,https://audio.tudienkala.com/data/cache/images/300x225/l/u/lucrative2.png,https://audio.tudienkala.com/audio/l/u/lucrative.mp3
121,mailbox,/ˈmeɪlbɒks/,n,hộp thư email,"She checked her mailbox daily, hoping for an email from her son.","Cô kiểm tra hộp thư của mình hàng ngày, với hy vọng cho một email từ con trai mình.",https://audio.tudienkala.com/data/cache/images/300x225/m/a/mailbox1.jpg,https://audio.tudienkala.com/audio/m/a/mailbox.mp3
121,marker,/ˈmɑːkər/,n,bút đánh dấu,She took a marker pen and wrote in big black letters on my records.,Cô ấy đã lấy một cây bút đánh dấu và viết bằng những chữ đen to lớn trong hồ sơ của tôi.,https://audio.tudienkala.com/data/cache/images/300x225/m/a/marker1.jpg,https://audio.tudienkala.com/audio/m/a/marker.mp3
121,mediate,/ˈmiːdieɪt/,v,"làm trung gian hòa giải, dàn xếp",The Secretary-General was asked to mediate in the dispute.,Tổng thư ký đã được yêu cầu dàn xếp cuộc tranh chấp.,https://audio.tudienkala.com/data/cache/images/300x225/m/e/mediate2.jpg,https://audio.tudienkala.com/audio/m/e/mediate.mp3
121,memo,/ˈmeməʊ/,n,ghi chú mà một người gửi cho người khác trong cùng một tổ chức,There is a memo on my desk.,Có một bản ghi ghi nhớ trên bàn tôi.,https://audio.tudienkala.com/data/cache/images/300x225/m/e/memo1.jpg,https://audio.tudienkala.com/audio/m/e/memo.mp3
121,mentor,/'mentɔ:/,n,thầy hướng dẫn,She is a friend and mentor to many children.,Cô ấy là một người bạn và người hướng dẫn của nhiều đứa trẻ.,https://audio.tudienkala.com/data/cache/images/300x225/m/e/mentor1.png,https://audio.tudienkala.com/audio/m/e/mentor.mp3
121,merchandise,/'mə:tʃəndaiz/,n,hàng hóa,I am very impressed with the selection of merchandise at this store.,Tôi rất có ấn tượng với sự tuyển chọn hàng hóa tại cửa hàng này.,https://audio.tudienkala.com/data/cache/images/300x225/m/e/merchandise1.jpg,https://audio.tudienkala.com/audio/m/e/merchandise.mp3
121,meticulous,/məˈtɪkjələs/,adj,"tỉ mỉ, kỹ càng",Their room had been prepared with meticulous care.,Phòng của họ đã được chuẩn bị cẩn thận tỉ mỉ.,https://audio.tudienkala.com/data/cache/images/300x225/m/e/meticulous1.jpg,https://audio.tudienkala.com/audio/m/e/meticulous.mp3
121,microphone,/ˈmaɪkrəfəʊn/,n,míc,Your voice sounds louder by using the microphone.,"Dùng míc, giọng của bạn sẽ to hơn.",https://audio.tudienkala.com/data/cache/images/300x225/m/i/microphone1.jpg,https://audio.tudienkala.com/audio/m/i/microphone.mp3
121,minimum wage,/ˈmɪnɪməm weɪdʒ/,n,mức lương tổi thiểu,"He worked twelve-hour shifts ten days in a row, and earned thirteen hundred dollars a month, almost ten times the minimum wage.","Ông ấy làm ca mười hai giờ trong mười ngày , và kiếm được 1.300 đô la một tháng, gần mười lần mức lương tối thiểu.",https://audio.tudienkala.com/data/cache/images/300x225/m/i/minimum_wage1.jpg,https://audio.tudienkala.com/audio/m/i/minimum_wage.mp3
122,mutual,/ˈmjuːtʃuəl/,adj,"lẫn nhau, qua lại",They parted by mutual consent.,Họ chia tay nhau theo thoả thuận chung.,https://audio.tudienkala.com/data/cache/images/300x225/m/u/mutual1.jpg,https://audio.tudienkala.com/audio/m/u/mutual.mp3
122,negotiate,/ni'gouʃieit/,v,"thương lượng, đàm phán, điều đình",You must know what you want and what you can accept when you negotiate a salary.,Anh phải biết mình muốn gì và mình có thể chấp nhận gì khi thương lượng về lương bổng.,https://audio.tudienkala.com/data/cache/images/300x225/n/e/negotiate1.png,https://audio.tudienkala.com/audio/n/e/negotiate.mp3
122,notebook,/ˈnəʊtbʊk/,n,quyển vở,My mother is buying me a notebook.,Mẹ tôi đang mua cho tôi quyển vở.,https://audio.tudienkala.com/data/cache/images/300x225/n/o/notebook2.png,https://audio.tudienkala.com/audio/n/o/notebook-l6.mp3
122,notify,/ˈnəʊtɪfaɪ/,v,thông báo,They notified the hotel that they had been delayed in traffic and would be arriving late.,Họ đã thông báo với khách sạn rằng họ đã bị chậm trễ trong giao thông và sẽ đến muộn.,https://audio.tudienkala.com/data/cache/images/300x225/n/o/notify1.jpg,https://audio.tudienkala.com/audio/n/o/notify.mp3
122,occupational,/ˌɒkjəˈpeɪʃənəl/,adj,(thuộc) nghề nghiệp,Some accidents that involve persons who do not actually have accident insurance are defined as occupational accidents.,Một số tai nạn liên quan đến những người không có bảo hiểm tai nạn được xác định tai nạn lao động.,https://audio.tudienkala.com/data/cache/images/300x225/o/c/occupational1.jpg,https://audio.tudienkala.com/audio/o/c/occupational.mp3
122,offline,/ɒfˈlaɪn/,adj,không trực tiếp kết nối với máy tính hoặc Internet,"For offline orders, call this number.","Đối với các đơn đặt hàng không trực tuyến, gọi số này.",https://audio.tudienkala.com/data/cache/images/300x225/o/f/offline1.jpg,https://audio.tudienkala.com/audio/o/f/offline.mp3
122,organize,/'ɔ:gənaiz/,v,tổ chức,The meeting is organized every month.,Cuộc họp được tổ chức hàng tháng.,https://audio.tudienkala.com/data/cache/images/300x225/o/r/organize1.jpg,https://audio.tudienkala.com/audio/o/r/organize.mp3
122,orient,/ˈɔːrient/,v,định hướng,Our students are oriented towards science subjects.,Sinh viên của chúng tôi đang được hướng tới các môn khoa học.,https://audio.tudienkala.com/data/cache/images/300x225/o/r/orient1.jpg,https://audio.tudienkala.com/audio/o/r/orient.mp3
122,outline,/ˈaʊtlaɪn/,n,"đề cương, dàn bài",You'd better write down the outline of the essay.,Bạn nên viết ra một phác thảo của bài luận.,https://audio.tudienkala.com/data/cache/images/300x225/o/u/outline1.jpg,https://audio.tudienkala.com/audio/o/u/outline.mp3
122,overhead projector,/ˌəʊvəˈhed prəˈdʒektə(r)/,n,máy chiếu,This overhead projector is an essential device for presentation.,Máy chiếu này là một thiết bị cần thiết để thuyết trình.,https://audio.tudienkala.com/data/cache/images/300x225/o/v/overhead_projector1.jpg,https://audio.tudienkala.com/audio/o/v/overhead_projector.mp3
122,overtime,/ˈoʊvərtaɪm/,n,giờ làm thêm,Workers are protesting against overtime hours and low wages.,Những công nhân đang phản đối giờ làm thêm và tiền lương thấp.,https://audio.tudienkala.com/data/cache/images/300x225/o/v/overtime1.jpg,https://audio.tudienkala.com/audio/o/v/overtime.mp3
122,overview,/´ouvə¸vju:/,n,"nhìn tồng quát, miêu tả chung, ngắn gọn",I did a quick overview of your teeth and they look in good shape.,Tôi đã khám tổng quát nhanh hàm răng của cô và chúng trông có vẻ tốt.,https://audio.tudienkala.com/data/images_example/300x225/i/_/i_did_a_qu_ex1_56248d167f8b9a040dc66278.jpg,https://audio.tudienkala.com/audio/o/v/overview.mp3
122,owe,/ou/,v,"nợ, mắc nợ, mang ơn",I owe Janet ten pounds.,Tôi nợ Janet 10 bảng.,https://audio.tudienkala.com/data/cache/images/300x225/o/w/owe1.png,https://audio.tudienkala.com/audio/o/w/owe.mp3
122,paperweight,/ˈpeɪpəweɪt/,n,vật chặn giấy,"The tools of calligraphy include accessories such as penholders, brush pots, ink boxes, paperweights, seals and seal boxes.","Những dụng cụ của thư pháp bao gồm các phụ kiện như giá bút, chậu bàn chải, hộp mực, chặn giấy, con dấu và hộp đựng con dấu.",https://audio.tudienkala.com/data/cache/images/300x225/p/a/paperweight1.jpg,https://audio.tudienkala.com/audio/p/a/paperweight.mp3
122,parcel,/ˈpɑːrsl/,n,"bưu kiện, gói hàng",The parcel was wrapped in brown paper.,Bưu kiện đó được gói trong giấy màu nâu.,https://audio.tudienkala.com/data/cache/images/300x225/p/a/parcel1.png,https://audio.tudienkala.com/audio/p/a/parcel.mp3
122,participate,/pɑːˈtɪsɪpeɪt/,v,tham gia,She never participates in any of our discussions.,Cô ấy không bao giờ tham gia vào bất cứ buổi thảo luận nào của chúng tôi.,https://audio.tudienkala.com/data/cache/images/300x225/p/a/participate1.jpeg,https://audio.tudienkala.com/audio/p/a/participate.mp3
122,password,/ˈpɑːswɜːd/,n,khẩu lệnh,Enter a username and password to get into the system.,Nhập tên người dùng và mật khẩu để vào hệ thống.,https://audio.tudienkala.com/data/cache/images/300x225/p/a/password1.png,https://audio.tudienkala.com/audio/p/a/password.mp3
122,payslip,/ˈpeɪ.slɪp/,n,phiếu trả lương,The payslip format helps an employee to know how the net amount has been worked out.,Phiếu trả lương giúp người lao động biết cách số tiền đã được giải quyết.,https://audio.tudienkala.com/data/cache/images/300x225/p/a/payslip1.jpg,https://audio.tudienkala.com/audio/p/a/payslip.mp3
122,per diem,/ˌpɜː ˈdiːem/,adj,mỗi ngày,Tax-free per diem allowance to defray living expenses away from home.,Miễn thuế phụ cấp công tác phí để trang trải chi phí sinh hoạt xa nhà.,https://audio.tudienkala.com/data/cache/images/300x225/p/e/per_diem1.jpg,https://audio.tudienkala.com/audio/p/e/per_diem.mp3
122,perk,/pɜːk/,n,"thù lao, bổng lộc, đặc quyền, lợi ích","In exchange for your loyalty, I will provide perks you can't get from other companies.","Để đổi lấy lòng trung thành của bạn, tôi sẽ cung cấp các đặc quyền bạn không thể có được từ các công ty khác.",https://audio.tudienkala.com/data/cache/images/300x225/p/e/perk1.jpg,https://audio.tudienkala.com/audio/p/e/perk.mp3
122,personnel,"/,pə:sə'nel/",n,nhân viên,The employee went to see the director of personnel about taking an extended leave of absence.,Người nhân viên đi gặp giám đốc nhân sự về việc xin gia hạn thời gian nghỉ phép.,https://audio.tudienkala.com/data/cache/images/300x225/p/e/personnel1.png,https://audio.tudienkala.com/audio/p/e/personnel.mp3
122,photocopier,/ˈfəʊtəʊˌkɒpiər/,n,,"While this broad category includes heavy machinery, it's also where statisticians place computers, fax machines, photocopiers and printers.","Trong khi thể loại rộng này bao gồm các máy móc hạng nặng, nó cũng là nơi các nhà thống kê đặt máy tính, máy fax, máy photocopy và máy in.",https://audio.tudienkala.com/data/cache/images/300x225/p/h/photocopier1.jpg,https://audio.tudienkala.com/audio/p/h/photocopier.mp3
122,pile,/paɪl/,v,"chất đống lên, trở nên nhiều hơn",Problems were beginning to pile up.,Vấn đề đã bắt đầu chồng chất lên.,https://audio.tudienkala.com/data/cache/images/300x225/p/i/pile2.jpg,https://audio.tudienkala.com/audio/p/i/pile.mp3
122,pointer,/ˈpɔɪntər/,n,"que (chỉ bản đồ, bảng...)",He needs a pointer for his presentation.,Anh ta cần một que chỉ bản đồ cho phần trình bày của mình.,https://audio.tudienkala.com/data/cache/images/300x225/p/o/pointer1.jpg,https://audio.tudienkala.com/audio/p/o/pointer.mp3
122,portfolio,/pɔ:t'fouljou/,n,"danh mục đầu tư, danh sách vốn đầu tư (của 1 cty, ngân hàng...)",Investors are advised to have diverse portfolios.,Nhà đầu tư được khuyên nên có nhiều danh mục đầu tư khác nhau.,https://audio.tudienkala.com/data/cache/images/300x225/p/o/portfolio1.png,https://audio.tudienkala.com/audio/p/o/portfolio.mp3
122,post,/pəʊst/,v,đăng tin,Please log-in to post your comment.,Xin vui lòng đăng nhập để đăng bình luận của bạn.,https://audio.tudienkala.com/data/cache/images/300x225/p/o/post1.jpg,https://audio.tudienkala.com/audio/p/o/post.mp3
122,prejudice,/ˈpredʒədɪs/,n,"định kiến, thành kiến",Governmental programs must be administered without prejudice.,Các chương trình của Chính phủ phải được quản lý mà không có thành kiến.,https://audio.tudienkala.com/data/cache/images/300x225/p/r/prejudice1.jpg,https://audio.tudienkala.com/audio/p/r/prejudice.mp3
122,private sector,/ˈpraɪvət ˈsektə(r)/,n,khu vực kinh tế tư nhân,All private sector companies are important actors in improving living standards and creating employment opportunities within Viet Nam.,Tất cả những công ty khu vực kinh tế tư nhân là tác nhân quan trọng trong việc cải thiện mức sống và tạo cơ hội việc làm tại Việt Nam.,https://audio.tudienkala.com/data/cache/images/300x225/p/r/private_sector1.jpg,https://audio.tudienkala.com/audio/p/r/private_sector.mp3
122,probation,/proʊˈbeɪʃn/,n,thời gian tập sự,How long is the probation period?,Thời gian thử việc là bao lâu?,https://audio.tudienkala.com/data/cache/images/300x225/p/r/probation1.jpg,https://audio.tudienkala.com/audio/p/r/probation.mp3
122,public sector,/ˈpʌblɪk ˈsektə(r)/,n,khu vực kinh tế nhà nước,The public sector in Vietnam needs streamlining.,Các khu vực kinh tế nhà nước ở Việt Nam cần tinh giản.,https://audio.tudienkala.com/data/cache/images/300x225/p/u/public_sector1.jpg,https://audio.tudienkala.com/audio/p/u/public_sector.mp3
122,punctual,/ˈpʌŋktʃuəl/,adj,đúng giờ,You are all required to be punctual.,Tất cả các bạn được yêu cầu đúng giờ.,https://audio.tudienkala.com/data/cache/images/300x225/p/u/punctual1.png,https://audio.tudienkala.com/audio/p/u/punctual.mp3
122,quit,/kwɪt/,v,"nghỉ, bỏ (học, làm việc...)",He quit studying at 16.,Ông ấy bỏ học ở tuổi 16.,https://audio.tudienkala.com/data/images_example/300x225/h/e/he_quit_st_ex1_587727097f8b9ae72f8b4707.jpg,https://audio.tudienkala.com/audio/q/u/quit.mp3
122,racism,/ˈreɪsɪzəm/,n,sự phân biệt chủng tộc,Half a million people held a mass protest against racism last night.,Nửa triệu người đã tổ chức một cuộc biểu tình hàng loạt chống lại phân biệt chủng tộc vào đêm qua.,https://audio.tudienkala.com/data/cache/images/300x225/r/a/racism1.jpg,https://audio.tudienkala.com/audio/r/a/racism.mp3
122,R & D,/ɑːr ən ˈdiː/,abbreviation,viết tắt của Research and Development - Nghiên cứu và phát triển,"A research and development (R&D) department is responsible for innovations in design, products, and style.","Một bộ phận nghiên cứu và phát triển (R&D) chịu trách nhiệm cho sự đổi mới trong thiết kế, sản phẩm, và phong cách.",https://audio.tudienkala.com/data/cache/images/300x225/r/_/r__d1.jpg,https://audio.tudienkala.com/audio/r/_/r__d.mp3
122,receipt,/rɪˈsiːt/,n,giấy biên nhận,"Can I have a receipt, please?",Tôi có thể xin biên lai không?,https://audio.tudienkala.com/data/cache/images/300x225/r/e/receipt_11.png,https://audio.tudienkala.com/audio/r/e/receipt_1.mp3
122,reception,/rɪˈsepʃən/,n,quầy lễ tân,He received a lukewarm reception at this hotel.,Anh ấy nhận được một sự đón tiếp không nhiệt tình ở khách sạn này.,https://audio.tudienkala.com/data/cache/images/300x225/r/e/reception1.jpg,https://audio.tudienkala.com/audio/r/e/reception.mp3
122,receptionist,/rɪˈsɛpʃ(ə)nɪst/,n,lễ tân,She works as a receptionist.,Cô ấy làm việc như một nhân viên lễ tân.,https://audio.tudienkala.com/data/cache/images/300x225/r/e/receptionist1.jpg,https://audio.tudienkala.com/audio/r/e/receptionist.mp3
122,recommend,/ˌrekəˈmend/,v,"giới thiệu, tiến cử",He recommended reading the book before seeing the movie.,Ông đề nghị đọc cuốn sách trước khi xem phim.,https://audio.tudienkala.com/data/cache/images/300x225/r/e/recommend1.jpg,https://audio.tudienkala.com/audio/r/e/recommend.mp3
122,recruit,/ri'kru:t/,n,"lính mới, nhân viên mới, thành viên mới",The new recruits spent the entire day in training.,Những nhân viên mới đã dành ra cả ngày để rèn luyện.,https://audio.tudienkala.com/data/cache/images/300x225/r/e/recruit1.jpg,https://audio.tudienkala.com/audio/r/e/recruit.mp3
122,recruiter,/rɪˈkruːtə(r)/,n,nhà tuyển dụng,Corporate recruiters are visiting the university campus to interview final year students.,Những nhà tuyển dụng từ các công ty đang tham quan khuôn viên trường đại học để phỏng vấn sinh viên năm cuối.,https://audio.tudienkala.com/data/cache/images/300x225/r/e/recruiter1.jpg,https://audio.tudienkala.com/audio/r/e/recruiter.mp3
122,redundant,/rɪˈdʌndənt/,adj,"không có việc, bị sa thải",Many people were made redundant this year.,Nhiều người đã bị sa thải trong năm nay.,https://audio.tudienkala.com/data/cache/images/300x225/r/e/redundant1.jpg,https://audio.tudienkala.com/audio/r/e/redundant.mp3
122,refund,/ˈriːfʌnd/,n,hoàn tiền,"If there is a delay of 12 hours or more, you will receive a full refund of the price of your trip.","Nếu có một sự chậm trễ của 12 giờ hoặc nhiều hơn, bạn sẽ nhận được hoàn trả đầy đủ giá của chuyến đi của bạn.",https://audio.tudienkala.com/data/cache/images/300x225/r/e/refund1.jpg,https://audio.tudienkala.com/audio/r/e/refund.mp3
122,reimburse,/ˌriːɪmˈbɜːs/,v,bồi thường,You will be reimbursed for any loss or damage caused by our company.,Bạn sẽ được bồi thường cho bất kỳ tổn thất hoặc thiệt hại nào gây ra bởi công ty chúng tôi.,https://audio.tudienkala.com/data/cache/images/300x225/r/e/reimburse1.jpg,https://audio.tudienkala.com/audio/r/e/reimburse.mp3
122,reject,/'ri:dʤekt/,n,"đồ thừa, đồ bỏ, phế phẩm",We put the rejects in this box.,Chúng tôi để những phế phẩm vào trong hộp này.,https://audio.tudienkala.com/data/images_example/300x225/w/e/we_put_the_ex1_56248d157f8b9a040dc65eb8.jpg,https://audio.tudienkala.com/audio/r/e/reject.mp3
122,reliable,/rɪˈlaɪəbl/,adj,đáng tin cậy,Huong is always my reliable friend. I can tell her anything I think.,Hương luôn là người bạn đáng tin cậy của tôi. Tôi có thể nói với cô ấy bất cứ thứ gì mà tôi nghĩ.,https://audio.tudienkala.com/data/cache/images/300x225/r/e/reliable1.jpg,https://audio.tudienkala.com/audio/r/e/reliable.mp3
122,relocate,/ˌriːləʊˈkeɪt/,v,"di chuyển (nhân viên, công ty...) đến nơi khác",The company relocated its head office to Stanford.,Công ty di chuyển trụ sở chính đến Stanford.,https://audio.tudienkala.com/data/cache/images/300x225/r/e/relocate1.jpg,https://audio.tudienkala.com/audio/r/e/relocate.mp3
122,remind,/rɪˈmaɪnd/,v,nhắc nhở,He is so hard-working that he has never been reminded of homework.,Anh ấy chăm chỉ đến nỗi anh ấy không bao giờ bị nhắc nhở về việc làm bài tập về nhà.,https://audio.tudienkala.com/data/cache/images/300x225/r/e/remind1.jpg,https://audio.tudienkala.com/audio/r/e/remind.mp3
122,reminder,/rɪˈmaɪndər/,n,vật nhắc nhở,Mum sent me off with a final reminder to be back before 11pm.,Mẹ tiễn tôi với lời nhắc nhở cuối cùng phải về nhà trước 11 giờ đêm.,https://audio.tudienkala.com/data/cache/images/300x225/r/e/reminder1.png,https://audio.tudienkala.com/audio/r/e/reminder.mp3
122,resign,/rɪˈzaɪn/,v,"từ chức, xin thôi (việc)",She resigned as director.,Cô ấy đã từ chức giám đốc.,https://audio.tudienkala.com/data/cache/images/300x225/r/e/resign1.jpg,https://audio.tudienkala.com/audio/r/e/resign.mp3
122,resume,/ˈrezjumeɪ/,n,"bản tóm tắt, sơ yếu lí lịch","If you would like us to keep your resume on file for future openings, please submit it to us.","Nếu bạn muốn chúng tôi giữ sơ yếu lý lịch của bạn cho những vị trí trống trong tương lai, xin vui lòng gửi cho chúng tôi.",https://audio.tudienkala.com/data/images_example/300x225/i/f/if_you_wou_ex2_5877270c7f8b9ae72f8b471a.jpg,https://audio.tudienkala.com/audio/r/s/rsum.mp3
123,retail,/ˈri:teɪl/,n,bán lẻ,The job is open to applicants with over two years' experience in retail.,Công việc trống dành cho các ứng viên với kinh nghiệm hơn hai năm trong ngành bán lẻ.,https://audio.tudienkala.com/data/cache/images/300x225/r/e/retail1.png,https://audio.tudienkala.com/audio/r/e/retail.mp3
123,retailer,/ˈriːteɪlər/,n,nhà bán lẻ,Amazon is the largest onlineretailer in the world.,Amazon là nhà bán lẻ trực tuyến lớn nhất thế giới.,https://audio.tudienkala.com/data/cache/images/300x225/r/e/retailer1.jpg,https://audio.tudienkala.com/audio/r/e/retailer.mp3
123,retire,/ri'taiə/,v,nghỉ hưu,She was forced to retire early from teaching because of ill health.,Cô bị buộc phải nghỉ hưu sớm trong việc giảng dạy vì lý do sức khỏe.,https://audio.tudienkala.com/data/cache/images/300x225/r/e/retire1.png,https://audio.tudienkala.com/audio/r/e/retire.mp3
123,rotation,/rəʊˈteɪʃən/,n,"sự luân phiên, sự đổi người làm một công việc nào",Job rotation is a useful motivation tool.,Xoay chuyển công việc là một công cụ khích lệ có ích.,https://audio.tudienkala.com/data/images_example/300x225/j/o/jobrotatio_ex2_5877270d7f8b9ae72f8b471e.jpg,https://audio.tudienkala.com/audio/r/o/rotation.mp3
123,sack,/sæk/,n,sự sa thải,Four hundred workers face the sack.,Bốn trăm công nhân phải đối mặt với sự sa thải.,https://audio.tudienkala.com/data/cache/images/300x225/s/a/sack1.jpg,https://audio.tudienkala.com/audio/s/a/sack.mp3
123,salesman,/ˈseɪlz.mən/,n,người bán hàng,I have worked as a salesman before.,Trước đây tôi đã từng là nhân viên bán hàng.,https://audio.tudienkala.com/data/cache/images/300x225/s/a/salesman1.jpg,https://audio.tudienkala.com/audio/s/a/salesman.mp3
123,scissors,/ˈsɪzəz/,n,cái kéo,What are the scissors for?,Cái kéo này để làm gì thế?,https://audio.tudienkala.com/data/cache/images/300x225/s/c/scissors1.png,https://audio.tudienkala.com/audio/s/c/scissors.mp3
123,self-confident,/ˌselfˈkɒnfidənt/,adj,tự tin,I must be self-confident in public.,Tôi phải tự tin trước đám đông.,https://audio.tudienkala.com/data/cache/images/300x225/s/e/self-confident1.jpg,https://audio.tudienkala.com/audio/s/e/self-confident.mp3
123,sexist,/ˈseksɪst/,n,người phân biệt đối xử theo gới tính,She was offended by his sexist remarks.,Cô ấy khó chịu vì những nhận xét coi thường phụ nữ của anh ta.,https://audio.tudienkala.com/data/cache/images/300x225/s/e/sexist1.jpg,https://audio.tudienkala.com/audio/s/e/sexist.mp3
123,shipment,/ˈʃɪpmənt/,n,sự vận chuyển hàng hóa,The goods are ready for shipment.,Các mặt hàng đã sẵn sàng cho lô hàng.,https://audio.tudienkala.com/data/cache/images/300x225/s/h/shipment1.jpg,https://audio.tudienkala.com/audio/s/h/shipment.mp3
123,shortcoming,/ˈʃɔ:tˌkʌmɪŋ/,n,khuyết điểm,"Whatever his shortcomings as a husband, he was a good father to his children.",Dù cho những khuyết điểm của anh ấy khi là người chồng thì anh ta là một người cha tốt cho các con.,https://audio.tudienkala.com/data/cache/images/300x225/s/h/shortcoming1.jpg,https://audio.tudienkala.com/audio/s/h/shortcoming.mp3
123,sick leave,/sɪk liːv/,n,nghỉ ốm,"The costs of absenteeism, the productivity loss which occurs if workers are on sick leave.","Các chi phí của vắng mặt, mất năng suất xảy ra nếu người lao động khi nghỉ ốm.",https://audio.tudienkala.com/data/cache/images/300x225/s/i/sick_leave1.jpg,https://audio.tudienkala.com/audio/s/i/sick_leave.mp3
123,slide,/slaɪd/,n,một trang trình chiếu trong bài trình chiếu trên máy tính,I'm still working on the slides for my presentation.,Tôi vẫn làm việc trên các trang trình chiếu cho bài thuyết trình của tôi.,https://audio.tudienkala.com/data/images_example/300x225/i/m/im_still_w_ex2_587727107f8b9ae72f8b472c.jpg,https://audio.tudienkala.com/audio/s/l/slide.mp3
123,socialize,/ˈsəʊʃəlaɪz/,v,"hoà nhập, xã hội hoá",It is a good opportunity to socialize with new colleagues.,Đó là một cơ hội tốt để giao tiếp với đồng nghiệp mới.,https://audio.tudienkala.com/data/cache/images/300x225/s/o/socialize1.jpg,https://audio.tudienkala.com/audio/s/o/socialize.mp3
123,spam,/spæm/,n,thư rác,My mailbox is full of spams.,Hộp thư của tôi là đầy thư rác.,https://audio.tudienkala.com/data/cache/images/300x225/s/p/spam1.jpg,https://audio.tudienkala.com/audio/s/p/spam.mp3
123,specialize,/ˈspɛʃəˌlaɪz/,v,"chuyên môn hóa, chuyên về",He specialized in criminal law.,Anh ấy chuyên về pháp luật hình sự.,https://audio.tudienkala.com/data/cache/images/300x225/s/p/specialize1.jpg,https://audio.tudienkala.com/audio/s/p/specialize.mp3
123,spreadsheet,/ˈspredʃiːt/,n,"chương trình máy tính bao gồm cột và dòng để hoạch đinh tài chính, tính toán chi phí...",We have a colour-coded Excel spreadsheet of all of our trip expenses.,Chúng tôi có một bảng tính Excel mã màu của tất cả các chi phí chuyến đi của chúng tôi.,https://audio.tudienkala.com/data/cache/images/300x225/s/p/spreadsheet1.jpg,https://audio.tudienkala.com/audio/s/p/spreadsheet.mp3
123,stapler,/ˈsteɪplər/,n,cái dập ghim,Do you have a stapler?,Bạn có cái dập ghim không?,https://audio.tudienkala.com/data/cache/images/300x225/s/t/stapler1.png,https://audio.tudienkala.com/audio/s/t/stapler.mp3
123,stimulate,/ˈstɪmjuleɪt/,v,"khích lệ, khuyến khích",Reading stories can stimulate children's imagination.,Đọc truyện có thể thúc đẩy trí tưởng tượng của trẻ.,https://audio.tudienkala.com/data/images_example/300x225/r/e/reading_st_ex1_56248d0b7f8b9a000de3ce41.jpg,https://audio.tudienkala.com/audio/s/t/stimulate.mp3
123,summarize,/ˈsʌməraɪz/,v,"tóm tắt, tổng kết",The results of the research are summarized at the end of the chapter.,Các kết quả của nghiên cứu được tóm tắt ở cuối chương.,https://audio.tudienkala.com/data/cache/images/300x225/s/u/summarize1.jpg,https://audio.tudienkala.com/audio/s/u/summarize.mp3
123,supervisor,/'sju:pəvaizə/,n,người giám sát,I have a meeting with my supervisor about my research topic.,Tôi có một cuộc họp với người giám sát của tôi về chủ đề nghiên cứu.,https://audio.tudienkala.com/data/cache/images/300x225/s/u/supervisor2.png,https://audio.tudienkala.com/audio/s/u/supervisor.mp3
123,surname,/'sɜːneim/,n,họ,His surname is Smith.,Họ anh ấy là Smith.,https://audio.tudienkala.com/data/cache/images/300x225/s/u/surname1.png,https://audio.tudienkala.com/audio/s/u/surname-l6.mp3
123,tactic,/ˈtæktɪk/,n,chiến thuật,The manager discussed tactics with his team.,Người quản lý thảo luận chiến thuật với đội ngũ của mình.,https://audio.tudienkala.com/data/cache/images/300x225/t/a/tactic1.jpg,https://audio.tudienkala.com/audio/t/a/tactic.mp3
123,take-home pay,/ˈteɪkhəʊmpeɪ/,n,tiền lương sau khi đã trừ đi các khoản khác như thuế...,Your mortgage payment should not be more than 25% of your take-home pay.,Thanh toán thế chấp của bạn không nên quá 25% số tiền lương mang về nhà của bạn.,https://audio.tudienkala.com/data/cache/images/300x225/t/a/take-home_pay1.jpg,https://audio.tudienkala.com/audio/t/a/take-home_pay.mp3
123,technician,/tekˈnɪʃən/,n,kĩ thuật viên,"As a pianist, she’s a brilliant technician, but she lacks passion.","Là một nghệ sĩ dương cầm, cô ấy là một kỹ thuật viên giỏi, nhưng cô ấy lại thiếu niềm đam mê.",https://audio.tudienkala.com/data/cache/images/300x225/t/e/technician1.jpg,https://audio.tudienkala.com/audio/t/e/technician.mp3
123,teleconference,/ˌtelɪˈkɒnfərəns/,n,hội thảo từ xa (qua điện thoại và kết nối video),The company will be holding a teleconference to announce a major partnership.,Công ty sẽ tổ chức một cuộc hội thảo từ xa công bố một quan hệ đối tác lớn.,https://audio.tudienkala.com/data/cache/images/300x225/t/e/teleconference1.jpg,https://audio.tudienkala.com/audio/t/e/teleconference.mp3
123,tenure,/ˈtenjər/,n,"nhiệm kỳ, sự nắm giữ một chức vụ nào",The tenure of the US Presidency is four years.,Nhiệm kỳ tổng thống Mỹ là bốn năm.,https://audio.tudienkala.com/data/cache/images/300x225/t/e/tenure1.jpg,https://audio.tudienkala.com/audio/t/e/tenure.mp3
123,terminate,/ˈtɜːmɪneɪt/,v,"chấm dứt, kết thúc",The agreement was terminated immediately.,Thỏa thuận này đã được chấm dứt ngay lập tức.,https://audio.tudienkala.com/data/cache/images/300x225/t/e/terminate1.jpg,https://audio.tudienkala.com/audio/t/e/terminate.mp3
123,trade-off,/ˈtreɪdɒf/,n,việc cân bằng hai thứ đối ngược nhau; sự thỏa hiệp,There is a trade-off between the benefits of the drug and the risk of side effects.,Có một sự thỏa hiệp thương mại giữa các lợi ích của thuốc và nguy cơ tác dụng phụ.,https://audio.tudienkala.com/data/cache/images/300x225/t/r/trade-off1.jpg,https://audio.tudienkala.com/audio/t/r/trade-off.mp3
123,trainee,/ˌtreɪˈniː/,n,"người đang được đào tạo, thực tập sinh","As a trainee, your learning will be hands-on.","Như là một thực tập sinh, những gì bạn học sẽ được thực hành.",https://audio.tudienkala.com/data/cache/images/300x225/t/r/trainee1.jpg,https://audio.tudienkala.com/audio/t/r/trainee.mp3
123,trash,/træʃ/,n,rác,Don't throw trash on the street.,Đừng vứt rác trên đường phố.,https://audio.tudienkala.com/data/cache/images/300x225/t/r/trash1.jpg,https://audio.tudienkala.com/audio/t/r/trash.mp3
123,treasurer,/ˈtreʒərər/,n,thủ quỹ,My sister is a treasurer.,Chị gái tôi là một thủ quỹ.,https://audio.tudienkala.com/data/cache/images/300x225/t/r/treasurer1.jpg,https://audio.tudienkala.com/audio/t/r/treasurer.mp3
123,underestimate,/ˌʌndərˈestɪmeɪt/,v,đánh giá thấp,The statistics seriously underestimate the number of people affected.,Các số liệu thống kê nghiêm túc đánh giá thấp số lượng người bị ảnh hưởng.,https://audio.tudienkala.com/data/cache/images/300x225/u/n/underestimate1.jpg,https://audio.tudienkala.com/audio/u/n/underestimate.mp3
123,upload,/ʌpˈləʊd/,v,tải (dữ liệu) lên một hệ thống máy tính lớn hơn,I have uploaded the file to Google Drive.,Tôi đã tải lên các tập tin lên Google Drive.,https://audio.tudienkala.com/data/cache/images/300x225/u/p/upload1.jpg,https://audio.tudienkala.com/audio/u/p/upload.mp3
123,vacation,/veɪ'keɪʃn/,n,kỳ nghỉ,What are you going to do for vacation?,Bạn sẽ làm gì trong kỳ nghỉ?,https://audio.tudienkala.com/data/cache/images/300x225/v/a/vacation1.jpg,https://audio.tudienkala.com/audio/v/a/vacation.mp3
123,verify,/'verifai/,v,"kiểm tra lại, thẩm tra, xác minh",We have no way of verifying his story.,Chúng tôi không có cách nào để xác minh câu chuyện của anh ấy.,https://audio.tudienkala.com/data/cache/images/300x225/v/e/verify1.png,https://audio.tudienkala.com/audio/v/e/verify.mp3
123,vice-president,/vaɪs ˈprezɪdənt/,n,Phó giám đốc,Peter was duly elected vice-president the following June.,Peter xứng đáng được chọn làm phó giám đốc vào tháng sáu tới.,https://audio.tudienkala.com/data/cache/images/300x225/v/i/vice-president1.jpg,https://audio.tudienkala.com/audio/v/i/vice-president.mp3
123,visual aid,/ˈvɪʒuəl eɪd/,n,"tranh ảnh, video... được sử dụng để minh họa trong quá trình dạy học","The use of visual aids, coupled with good public speaking skills, work hand-in-hand to create effective presentations.","Việc sử dụng các công cụ trực quan, cùng với kỹ năng nói trước công chúng tốt, đồng hành trong công việc để tạo ra các bài thuyết trình hiệu quả.",https://audio.tudienkala.com/data/cache/images/300x225/v/i/visual_aid1.jpg,https://audio.tudienkala.com/audio/v/i/visual_aid.mp3
123,whiteboard,/ˈwaɪtbɔːd/,n,bảng trắng,At the front door is a whiteboard marking the day's events.,Tại cửa trước là một tấm bảng đánh dấu sự kiện trong ngày.,https://audio.tudienkala.com/data/cache/images/300x225/w/h/whiteboard1.jpg,https://audio.tudienkala.com/audio/w/h/whiteboard.mp3
123,wholesale,/ˈhəʊlseɪl/,n,bán buôn,"We only sell wholesale, not to the public.","Chúng tôi chỉ bán phân phối sỉ, không bán lẻ đại trà.",https://audio.tudienkala.com/data/cache/images/300x225/w/h/wholesale1.png,https://audio.tudienkala.com/audio/w/h/wholesale.mp3
123,win-win,/ˈwɪnwɪn/,adj,có lợi cho các bên liên quan,This is a win-win situation all around.,Đây là một tình huống có lợi cho tất cả các bên liên quan.,https://audio.tudienkala.com/data/cache/images/300x225/w/i/win-win1.jpg,https://audio.tudienkala.com/audio/w/i/win-win.mp3
123,workaholic,/ˌwɜːkəˈhɒlɪk/,n,người nghiện công việc; người tham công tiếc việc,My brother is a real workaholic who almost never takes time off.,Anh trai tôi thật sự là một người nghiện công việc người hầu như không bao giờ có thời gian nghỉ.,https://audio.tudienkala.com/data/cache/images/300x225/w/o/workaholic1.jpg,https://audio.tudienkala.com/audio/w/o/workaholic.mp3
123,workforce,/ˈwɜ:kfɔ:s/,n,lực lượng lao động,The majority of factories in the region have a workforce of 50 to 100 people.,Phần lớn các nhà máy trong khu vực có lực lượng lao động từ 50 đến 100 người.,https://audio.tudienkala.com/data/cache/images/300x225/w/o/workforce1.png,https://audio.tudienkala.com/audio/w/o/workforce.mp3
123,workload,/ˈwɜːrkloʊd/,n,khối lượng công việc,We have taken on extra staff to cope with the increased workload.,Chúng tôi đã tuyển thêm nhân viên để đối phó với khối lượng công việc gia tăng.,https://audio.tudienkala.com/data/cache/images/300x225/w/o/workload1.jpg,https://audio.tudienkala.com/audio/w/o/workload.mp3
123,workplace,/ˈwɜːkpleɪs/,n,nơi làm việc,These safety standards apply to all workplaces.,Các tiêu chuẩn an toàn áp dụng cho tất cả các nơi làm việc.,https://audio.tudienkala.com/data/cache/images/300x225/w/o/workplace1.png,https://audio.tudienkala.com/audio/w/o/workplace.mp3
123,wrap,/ræp/,v,gói,The book is carefully wrapped.,Cuốn sách được bao bọc cẩn thận.,https://audio.tudienkala.com/data/cache/images/300x225/w/r/wrap1.png,https://audio.tudienkala.com/audio/w/r/wrap.mp3
