topic,word,pronunciation,word_type,meaning,example_en,example_vi,image_url,audio_url
131,April,/ˈeɪpr(ɪ)l/,n,tháng Tư,She was born in April.,Cô ấy ra đời vào tháng Tư.,https://audio.tudienkala.com/data/images_example/300x225/s/h/she_was_bo_ex2_5624bed07f8b9ac711196515.jpg,https://audio.tudienkala.com/audio/a/p/april.mp3
131,August,/ɔːˈɡʌst/,n,tháng Tám,They got married last August.,Họ đã kết hôn cuối tháng tám.,https://audio.tudienkala.com/data/images_example/300x225/t/h/they_got_m_ex2_5624bed07f8b9ac711196518.jpg,https://audio.tudienkala.com/audio/a/u/august.mp3
131,December,/dɪˈsɛmbə/,n,tháng Mười Hai,My parents got married in December.,Cha mẹ tôi đã kết hôn vào tháng Mười Hai.,https://audio.tudienkala.com/data/cache/images/300x225/d/e/december1.png,https://audio.tudienkala.com/audio/d/e/december.mp3
131,February,/ˈfebruəri/,n,tháng 2,I was born on 5 February.,Tôi sinh ra vào ngày 05 tháng 2.,https://audio.tudienkala.com/data/cache/images/300x225/f/e/february1.jpg,https://audio.tudienkala.com/audio/f/e/February.mp3
131,Friday,/ˈfraɪdeɪ/,n,thứ Sáu,I learn to draw every Friday.,Tôi học vẽ mỗi thứ sáu.,https://audio.tudienkala.com/data/cache/images/300x225/f/r/friday-l61.jpg,https://audio.tudienkala.com/audio/f/r/friday-l6.mp3
131,January,/ˈdʒanjʊ(ə)ri/,n,tháng Một,Her father died in January.,Cha cô ấy qua đời vào tháng Giêng.,https://audio.tudienkala.com/data/cache/images/300x225/j/a/january1.png,https://audio.tudienkala.com/audio/j/a/january.mp3
131,July,/dʒʊˈlʌɪ/,n,tháng Bảy,The film festival is in July.,Các liên hoan phim vào tháng Bảy.,https://audio.tudienkala.com/data/cache/images/300x225/j/u/july1.png,https://audio.tudienkala.com/audio/j/u/july.mp3
131,June,/dʒuːn/,n,tháng Sáu,It is hot in June.,Trời nóng vào tháng Sáu.,https://audio.tudienkala.com/data/cache/images/300x225/j/u/june2.jpg,https://audio.tudienkala.com/audio/j/u/june.mp3
131,March,/mɑːtʃ/,n,tháng Ba,I will see her in March.,Tôi sẽ gặp cô ấy vào tháng Ba.,https://audio.tudienkala.com/data/cache/images/300x225/m/a/march1.png,https://audio.tudienkala.com/audio/m/a/march.mp3
131,Monday,/'mʌndeɪ/,n,thứ Hai,I have English on Monday.,Tôi có môn tiếng Anh vào thứ hai.,https://audio.tudienkala.com/data/cache/images/300x225/m/o/monday-l61.jpg,https://audio.tudienkala.com/audio/m/o/monday-l6.mp3
131,November,/nə(ʊ)ˈvɛmbə/,n,tháng Mười Một,He's starting his new job in November.,Anh ta bắt đầu công việc mới của mình vào tháng 11.,https://audio.tudienkala.com/data/cache/images/300x225/n/o/november2.jpg,https://audio.tudienkala.com/audio/n/o/november.mp3
131,October,/ɒkˈtəʊbə/,n,tháng Mười,We 're going to London in October.,Tháng Mười chúng tôi sẽ đến Luân Đôn.,https://audio.tudienkala.com/data/cache/images/300x225/o/c/october2.png,https://audio.tudienkala.com/audio/o/c/october.mp3
131,Saturday,/ˈsætədeɪ/,n,thứ Bảy,We often go to the cinema on Saturday evening.,Chúng tôi thường đi xem phim vào tối thứ Bảy.,https://audio.tudienkala.com/data/images_example/300x225/w/e/we_often_g_ex1_582426d17f8b9aa1078b45a6.jpg,https://audio.tudienkala.com/audio/s/a/saturday-l6.mp3
131,September,/sɛpˈtɛmbə/,n,tháng Chín,School starts in September.,Trường học bắt đầu vào tháng Chín.,https://audio.tudienkala.com/data/cache/images/300x225/s/e/september1.png,https://audio.tudienkala.com/audio/s/e/september.mp3
131,Sunday,/ˈsʌndeɪ/,n,Chủ nhật,Why don't we go out this Sunday?,Tại sao chúng ta không đi chơi Chủ nhật này?,https://audio.tudienkala.com/data/cache/images/300x225/s/u/sunday-l61.jpg,https://audio.tudienkala.com/audio/s/u/sunday-l6.mp3
131,Thursday,/ˈθɜːzdeɪ/,n,thứ Năm,What are you going to do on Thursday evening?,Bạn sẽ làm gì vào tối thứ năm?,https://audio.tudienkala.com/data/cache/images/300x225/t/h/thursday-l61.jpg,https://audio.tudienkala.com/audio/t/h/thursday-l6.mp3
131,Tuesday,/ˈtuːzdeɪ/,n,thứ Ba,What do you learn on Tuesday?,Bạn học môn gì vào thứ ba?,https://audio.tudienkala.com/data/cache/images/300x225/t/u/tuesday-l61.jpg,https://audio.tudienkala.com/audio/t/u/tuesday-l6.mp3
131,Wednesday,/ˈwenzdeɪ/,n,thứ Tư,I play chess every Wednesday afternoon.,Tôi chơi cờ mỗi buổi chiều thứ tư.,https://audio.tudienkala.com/data/cache/images/300x225/w/e/wednesday-l61.jpeg,https://audio.tudienkala.com/audio/w/e/wednesday-l6.mp3
131,actor,/'æktər/,n,diễn viên nam,He is a famous actor.,Anh ấy là một diễn viên nổi tiếng.,https://audio.tudienkala.com/data/cache/images/300x225/a/c/actor1.jpg,https://audio.tudienkala.com/audio/a/c/actor.mp3
131,actress,/'æktris/,n,diễn viên nữ,She dreams about becoming an actress.,Cô mơ mình trở thành một diễn viên.,https://audio.tudienkala.com/data/cache/images/300x225/a/c/actress1.jpg,https://audio.tudienkala.com/audio/a/c/actress.mp3
131,afternoon,/ ɑːftəˈnuːn/,n,chiều,Come over on Sunday afternoon.,Hãy ghé qua vào buổi chiều chủ nhật.,https://audio.tudienkala.com/data/cache/images/300x225/a/f/afternoon1.png,https://audio.tudienkala.com/audio/a/f/afternoon.mp3
131,apple,/'æpl/,n,táo,There are some apples on the table.,Có một số trái táo trên bàn.,https://audio.tudienkala.com/data/cache/images/300x225/a/p/apple2.jpg,https://audio.tudienkala.com/audio/a/p/apple.mp3
131,arm,/ɑ:rm/,n,cánh tay,The broken arm makes him uncomfortable.,Cánh tay bị gãy làm anh ấy không thoải mái chút nào.,https://audio.tudienkala.com/data/cache/images/300x225/a/r/arm2.jpg,https://audio.tudienkala.com/audio/a/r/arm.mp3
131,artist,/ˈɑːtɪst/,n,nghệ sĩ,"In Paris she met a group of young artists: poets, film-makers and painters.","Tại Paris, cô ấy đã gặp một nhóm các nghệ sĩ trẻ: nhà thơ, nhà làm phim và họa sĩ.",https://audio.tudienkala.com/data/cache/images/300x225/a/r/artist2.jpg,https://audio.tudienkala.com/audio/a/r/artist.mp3
131,aunt,/ænt/,n,"cô, dì, bác gái",My aunt lives in Canada.,Dì của tôi sống ở Canada.,https://audio.tudienkala.com/data/cache/images/300x225/a/u/aunt1.jpg,https://audio.tudienkala.com/audio/a/u/aunt.mp3
131,autumn,/'ɔ:təm/,n,mùa thu,It's very cool in the autumn.,Trời rất mát mẻ vào mùa thu.,https://audio.tudienkala.com/data/cache/images/300x225/a/u/autumn1.jpg,https://audio.tudienkala.com/audio/a/u/autumn.mp3
131,baby,/ˈbeɪbi/,n,bé,Be quiet! The baby is sleeping.,Im lặng! Em bé đang ngủ.,https://audio.tudienkala.com/data/cache/images/300x225/b/a/baby1.png,https://audio.tudienkala.com/audio/b/a/baby.mp3
131,bad,/bad/,adj,"xấu, dở",Try not to be a bad parent.,Cố gắng không là một phụ huynh dở.,https://audio.tudienkala.com/data/cache/images/300x225/b/a/bad1.png,https://audio.tudienkala.com/audio/b/a/bad.mp3
131,bag,/bæg/,n,"túi, bao",This bag is very heavy.,Túi này rất nặng.,https://audio.tudienkala.com/data/cache/images/300x225/b/a/bag2.jpg,https://audio.tudienkala.com/audio/b/a/bag.mp3
131,ball,/bɔːl/,n,trái banh,Bounce the ball and try and hit it over the net.,Tung bóng và cố gắng và ném nó vào rổ.,https://audio.tudienkala.com/data/cache/images/300x225/b/a/ball1.png,https://audio.tudienkala.com/audio/b/a/ball.mp3
131,basket,/ˈbɑːskɪt/,n,rổ,I bring a fruit basket to the picnic.,Tôi mang theo một giỏ trái cây để dã ngoại.,https://audio.tudienkala.com/data/cache/images/300x225/b/a/basket1.jpg,https://audio.tudienkala.com/audio/b/a/basket.mp3
131,bath,/bɑːθ/,n,bồn tắm,I'll have a bath when I want to.,Tôi sẽ tắm khi tôi muốn.,https://audio.tudienkala.com/data/cache/images/300x225/b/a/bath1.jpg,https://audio.tudienkala.com/audio/b/a/bath.mp3
131,bathroom,/ˈbæθruːm/,n,phòng tắm,"Honey, let’s wash your hands in the bathroom before dinner.","Con yêu, chúng ta cùng rửa tay con trong phòng tắm trước khi ăn cơm tối nhé.",https://audio.tudienkala.com/data/cache/images/300x225/b/a/bathroom1.png,https://audio.tudienkala.com/audio/b/a/bathroom.mp3
131,bed,/bed/,n,giường,I'm tired. I'm going to bed.,Tôi mệt. Tôi đi ngủ.,https://audio.tudienkala.com/data/cache/images/300x225/b/e/bed2.jpg,https://audio.tudienkala.com/audio/b/e/bed.mp3
131,bedroom,/bedruːm/,n,phòng ngủ,They’re looking for a house with two bedrooms.,Họ đang tìm một ngôi nhà có hai phòng ngủ.,https://audio.tudienkala.com/data/cache/images/300x225/b/e/bedroom1.png,https://audio.tudienkala.com/audio/b/e/bedroom.mp3
131,beef,/biːf/,n,thịt bò,I have lunch with beef and rice.,Tôi ăn trưa với thịt bò và cơm.,https://audio.tudienkala.com/data/cache/images/300x225/b/e/beef1.png,https://audio.tudienkala.com/audio/b/e/beef.mp3
131,beer,/bɪər/,n,bia,Are you a beer drinker?,Bạn có phải là người nghiện rượu bia?,https://audio.tudienkala.com/data/cache/images/300x225/b/e/beer1.png,https://audio.tudienkala.com/audio/b/e/beer.mp3
131,bell,/bel/,n,cái chuông,The church bells rang out to welcome in the New Year.,Tiếng chuông nhà thờ vang lên để chào đón trong năm mới.,https://audio.tudienkala.com/data/cache/images/300x225/b/e/bell1.png,https://audio.tudienkala.com/audio/b/e/bell.mp3
131,bicycle,/ˈbaɪsɪkl/,n,xe đạp,Some boys are riding their bicycle in the park.,Một số cậu bé đang đạp xe đạp trong công viên.,https://audio.tudienkala.com/data/cache/images/300x225/b/i/bicycle1.png,https://audio.tudienkala.com/audio/b/i/bicycle.mp3
131,big,/big/,adj,"to, lớn",My school is very big.,Trường tôi rất to.,https://audio.tudienkala.com/data/cache/images/300x225/b/i/big-l61.jpg,https://audio.tudienkala.com/audio/b/i/big-l6.mp3
131,bike,/baɪk/,n,xe đạp,Peter often goes to school by bike.,Peter thường đi học bằng xe đạp.,https://audio.tudienkala.com/data/cache/images/300x225/b/i/bike1.png,https://audio.tudienkala.com/audio/b/i/bike.mp3
131,bird,/bəːd/,n,chim,More than a third of Britain's bird species need urgent protection.,Nhiều hơn một phần ba các loài chim ở Anh cần bảo vệ khẩn cấp.,https://audio.tudienkala.com/data/cache/images/300x225/b/i/bird1.png,https://audio.tudienkala.com/audio/b/i/bird.mp3
131,black,/blæk/,adj,đen,I have a black dress.,Tôi có một chiếc váy màu đen.,https://audio.tudienkala.com/data/cache/images/300x225/b/l/black2.jpg,https://audio.tudienkala.com/audio/b/l/black.mp3
131,blue,/blu:/,adj,xanh da trời,I have a blue pencil case.,Tôi có một hộp bút màu xanh.,https://audio.tudienkala.com/data/cache/images/300x225/b/l/blue2.jpg,https://audio.tudienkala.com/audio/b/l/blue.mp3
131,boat,/ bəʊt/,n,"con tàu, con thuyền",Boat racing is a popular sport in many countries.,Đua thuyền là một môn thể thao phổ biến tại nhiều quốc gia.,https://audio.tudienkala.com/data/cache/images/300x225/b/o/boat2.jpg,https://audio.tudienkala.com/audio/b/o/boat.mp3
131,body,/'bɔdi/,n,"cơ thể, thân thể",You should keep your body clean.,Bạn nên giữ cho cơ thể sạch sẽ.,https://audio.tudienkala.com/data/cache/images/300x225/b/o/body1.jpg,https://audio.tudienkala.com/audio/b/o/body.mp3
131,book,/buk/,n,"sách, quyển sách",My book is thick. Your book is thin.,Quyển sách của tôi dày. Quyển sách của bạn mỏng.,https://audio.tudienkala.com/data/images_example/300x225/m/y/my_book_is_ex1_56248ced7f8b9af60c142ca3.jpg,https://audio.tudienkala.com/audio/b/o/book-l6n.mp3
131,bottle,/'bɑːtl/,n,chai,I would like to buy a bottle of water.,Tôi muốn mua một chai nước.,https://audio.tudienkala.com/data/cache/images/300x225/b/o/bottle1.png,https://audio.tudienkala.com/audio/b/o/bottle.mp3
131,box,/bɑːks/,n,hộp,She kept all the letters in a box.,Cô ấy giữ tất cả các lá thư trong một cái hộp.,https://audio.tudienkala.com/data/cache/images/300x225/b/o/box1.png,https://audio.tudienkala.com/audio/b/o/box.mp3
131,boy,/bɔɪ/,n,cậu con trai,Be a good boy and get me my coat.,Hãy là một cậu bé tốt và đưa giúp tôi chiếc áo khoác của tôi.,https://audio.tudienkala.com/data/cache/images/300x225/b/o/boy1.png,https://audio.tudienkala.com/audio/b/o/boy.mp3
132,bread,/bred/,n,bánh mì,Would you like some pieces of bread?,Bạn có muốn một miếng bánh mì?,https://audio.tudienkala.com/data/cache/images/300x225/b/r/bread1.png,https://audio.tudienkala.com/audio/b/r/bread.mp3
132,breakfast,/'brekfəst/,n,"bữa ăn sáng, điểm tâm",What time do you have breakfast?,Mấy giờ bạn ăn sáng?,https://audio.tudienkala.com/data/cache/images/300x225/b/r/breakfast-l61.jpg,https://audio.tudienkala.com/audio/b/r/breakfast-l6.mp3
132,brother,/ˈbrʌðə(r)/,n,anh/em trai,My brother is a student.,Anh/em trai tôi là học sinh.,https://audio.tudienkala.com/data/cache/images/300x225/b/r/brother-l61.jpg,https://audio.tudienkala.com/audio/b/r/brother-l6.mp3
132,brown,/braʊn/,adj,nâu,Do you like this brown table?,Bạn có thích bàn màu nâu này không?,https://audio.tudienkala.com/data/images_example/300x225/d/o/do_you_lik_ex1_56248cef7f8b9af60c1430b3.jpg,https://audio.tudienkala.com/audio/b/r/brown.mp3
132,cake,/keɪk/,n,bánh ngọt,She is making a cake.,Cô ấy đang làm một chiếc bánh.,https://audio.tudienkala.com/data/cache/images/300x225/c/a/cake1.jpg,https://audio.tudienkala.com/audio/c/a/cake.mp3
132,camera,/'kæmərə/,n,"máy ảnh, máy quay phim",I bought a new camera yesterday.,Tôi đã mua một máy ảnh mới ngày hôm qua.,https://audio.tudienkala.com/data/cache/images/300x225/c/a/camera2.jpg,https://audio.tudienkala.com/audio/c/a/camera.mp3
132,candy,/ˈkændi/,n,kẹo,She works at candy store.,Cô ấy làm việc ở cửa hàng kẹo.,https://audio.tudienkala.com/data/cache/images/300x225/c/a/candy1.png,https://audio.tudienkala.com/audio/c/a/candy.mp3
132,car,/kɑ:r/,n,xe ô tô,My father goes to work by car.,Cha tôi đi làm bằng xe hơi.,https://audio.tudienkala.com/data/cache/images/300x225/c/a/car2.jpg,https://audio.tudienkala.com/audio/c/a/car.mp3
132,carrot,/'kærət/,n,cà rốt,Rabbits like eating carrots.,Thỏ thích ăn cà rốt.,https://audio.tudienkala.com/data/cache/images/300x225/c/a/carrot1.jpg,https://audio.tudienkala.com/audio/c/a/carrot.mp3
132,cat,/kæt/,n,"mèo, con mèo",I love cats.,Tôi yêu mèo.,https://audio.tudienkala.com/data/cache/images/300x225/c/a/cat1.jpg,https://audio.tudienkala.com/audio/c/a/cat.mp3
132,chair,/tʃeə(r)/,n,ghế tựa,The chair has four legs.,Cái ghế tựa có bốn chân.,https://audio.tudienkala.com/data/cache/images/300x225/c/h/chair-l61.jpg,https://audio.tudienkala.com/audio/c/h/chair-l6.mp3
132,chicken,/ˈtʃɪkɪn/,n,"gà, thịt gà",My mother buys some chicken.,Mẹ tôi mua một số thịt gà.,https://audio.tudienkala.com/data/cache/images/300x225/c/h/chicken1.jpg,https://audio.tudienkala.com/audio/c/h/chicken.mp3
132,child,/tʃaɪld/,sing n,đứa trẻ,This couple has only one child.,Cặp đôi này có một đứa con duy nhất.,https://audio.tudienkala.com/data/cache/images/300x225/c/h/child-l61.jpg,https://audio.tudienkala.com/audio/c/h/child-l6.mp3
132,cinema,/ˈsɪnəmə/,n,rạp chiếu phim,Do you often go to the cinema?,Bạn có thường hay đi xem phim không?,https://audio.tudienkala.com/data/cache/images/300x225/c/i/cinema1.jpg,https://audio.tudienkala.com/audio/c/i/cinema.mp3
132,class,/klɑ:s/,n,lớp học,My class has 25 students.,Lớp tôi có 25 học sinh.,https://audio.tudienkala.com/data/cache/images/300x225/c/l/class1.png,https://audio.tudienkala.com/audio/c/l/class.mp3
132,classroom,/'klɑ:srum/,n,phòng học,That is my classroom.,Kia là phòng học của tôi.,https://audio.tudienkala.com/data/cache/images/300x225/c/l/classroom1.png,https://audio.tudienkala.com/audio/c/l/classroom-l6.mp3
132,clock,/klɔk/,n,đồng hồ treo tường,There is a clock in my class.,Có đồng hồ treo tường trong lớp tôi.,https://audio.tudienkala.com/data/cache/images/300x225/c/l/clock1.png,https://audio.tudienkala.com/audio/c/l/clock.mp3
132,coat,/kəʊt/,n,áo choàng,I put the diamond in the coat.,Tôi đặt những viên kim cương trong cái áo khoác.,https://audio.tudienkala.com/data/cache/images/300x225/c/o/coat1.png,https://audio.tudienkala.com/audio/c/o/coat.mp3
132,coffee,/ˈkɔːfi/,n,cà phê,I often drink a cup of coffee in the morning.,Tôi thường uống một tách cà phê vào buổi sáng.,https://audio.tudienkala.com/data/cache/images/300x225/c/o/coffee1.png,https://audio.tudienkala.com/audio/c/o/coffee.mp3
132,computer,/kəmˈpjuːtər/,n,máy vi tính,He's a computer programmer.,Anh ấy là lập trình viên máy tính.,https://audio.tudienkala.com/data/cache/images/300x225/c/o/computer1.png,https://audio.tudienkala.com/audio/c/o/computer.mp3
132,copy,/ˈkɑːpi/,v,sao chép,I need to copy these papers.,Tôi cần phải sao chép các giấy tờ này.,https://audio.tudienkala.com/data/cache/images/300x225/c/o/copy1.png,https://audio.tudienkala.com/audio/c/o/copy.mp3
132,cow,/kaʊ/,n,bò cái,They raise many cows.,Họ nuôi nhiều bò.,https://audio.tudienkala.com/data/cache/images/300x225/c/o/cow1.jpg,https://audio.tudienkala.com/audio/c/o/cow.mp3
132,cup,/kʌp/,n,tách,Have a cup of coffee.,Uống một tách cà phê nhé.,https://audio.tudienkala.com/data/cache/images/300x225/c/u/cup1.png,https://audio.tudienkala.com/audio/c/u/cup.mp3
132,dad,/dæd/,n,"bố, cha","Hi dad, can I go out tonight?","Thưa Bố, con có thể đi ra ngoài tối nay không?",https://audio.tudienkala.com/data/cache/images/300x225/d/a/dad1.png,https://audio.tudienkala.com/audio/d/a/dad.mp3
132,daughter,/ˈdɔːtə(r)/,n,con gái,Her daughter is in grade 6.,Con gái của cô ấy học lớp sáu.,https://audio.tudienkala.com/data/cache/images/300x225/d/a/daughter1.png,https://audio.tudienkala.com/audio/d/a/daughter-l6.mp3
132,day,/deɪ/,n,ngày; thời gian 24 giờ,I play badminton every day.,Tôi chơi cầu lông mỗi ngày.,https://audio.tudienkala.com/data/cache/images/300x225/d/a/day1.png,https://audio.tudienkala.com/audio/d/a/day-l6.mp3
132,dentist,/ˈdentɪst/,n,nha sĩ,A dentist's job is taking care of people's teeth.,Công việc của một nha sĩ là chăm sóc răng cho mọi người.,https://audio.tudienkala.com/data/cache/images/300x225/d/e/dentist1.png,https://audio.tudienkala.com/audio/d/e/dentist.mp3
132,desk,/desk/,n,bàn làm việc,There is a book on that desk.,Có một quyển sách trên bàn làm việc.,https://audio.tudienkala.com/data/images_example/300x225/t/h/there_is_a_ex1_56248ced7f8b9af60c142cc3.png,https://audio.tudienkala.com/audio/d/e/desk-l6.mp3
132,dinner,/'dɪnə/,n,bữa tối,I always have dinner with my family.,Tôi luôn ăn tối cùng gia đình tôi.,https://audio.tudienkala.com/data/cache/images/300x225/d/i/dinner1.jpg,https://audio.tudienkala.com/audio/d/i/dinner.mp3
132,doctor,/ˈdɒktə(r)/,n,bác sỹ,I am a doctor.,Tôi là bác sĩ.,https://audio.tudienkala.com/data/cache/images/300x225/d/o/doctor-l61.jpg,https://audio.tudienkala.com/audio/d/o/doctor-l6.mp3
132,dog,/dɒɡ/,n,con chó,I could hear a dog barking.,Tôi có thể nghe thấy tiếng chó sủa.,https://audio.tudienkala.com/data/images_example/300x225/i/_/i_could_he_ex2_5852504a7f8b9a34088b459a.jpg,https://audio.tudienkala.com/audio/d/o/dog.mp3
132,door,/dɔ:/,n,cửa ra vào,My classroom has one door.,Lớp học tôi có một cửa ra vào.,https://audio.tudienkala.com/data/cache/images/300x225/d/o/door-l61.jpg,https://audio.tudienkala.com/audio/d/o/door-l6.mp3
132,dress,/drɛs/,n,"đầm, váy dài",She can make a dress for herself.,Cô ấy có thể tự may váy cho mình.,https://audio.tudienkala.com/data/cache/images/300x225/d/r/dress2.jpg,https://audio.tudienkala.com/audio/d/r/dress.mp3
132,ear,/iə(r)/,n,tai,Put your hands over your ears.,Hãy đặt tay lên tai của mình nào.,https://audio.tudienkala.com/data/cache/images/300x225/e/a/ear1.png,https://audio.tudienkala.com/audio/e/a/ear.mp3
132,eat,/iːt/,v,ăn,She doesn't eat sensibly (= does,Cô ấy không ăn uống hợp lý,https://audio.tudienkala.com/data/cache/images/300x225/e/a/eat1.png,https://audio.tudienkala.com/audio/e/a/eat.mp3
132,egg,/eg/,n,trứng,I often have egg for my lunch.,Tôi thường có trứng cho bữa trưa của tôi.,https://audio.tudienkala.com/data/cache/images/300x225/e/g/egg1.png,https://audio.tudienkala.com/audio/e/g/egg.mp3
132,engineer,/ˌendʒɪˈnɪə(r)/,n,kỹ sư,My brother is an engineer.,Anh trai tôi là kỹ sư.,https://audio.tudienkala.com/data/cache/images/300x225/e/n/engineer-l61.jpg,https://audio.tudienkala.com/audio/e/n/engineer-l6.mp3
132,evening,/ˈiːvnɪŋ/,n,buổi tối,What do you usually do in the evening?,Bạn thường gì làm vào buổi tối?,https://audio.tudienkala.com/data/cache/images/300x225/e/v/evening1.jpg,https://audio.tudienkala.com/audio/e/v/evening.mp3
132,eye,/aɪ/,n,mắt,There were tears in his eyes.,Có nước mắt trên mắt của anh ấy,https://audio.tudienkala.com/data/cache/images/300x225/e/y/eye1.png,https://audio.tudienkala.com/audio/e/y/eye.mp3
132,face,/feɪs/,n,khuôn mặt,I wash my face every morning.,Tôi rửa mặt mỗi buổi sáng.,https://audio.tudienkala.com/data/cache/images/300x225/f/a/face1.png,https://audio.tudienkala.com/audio/f/a/face.mp3
132,family,/ˈfæməli/,n,gia đình,My family has five people.,Gia đình tôi có năm người.,https://audio.tudienkala.com/data/cache/images/300x225/f/a/family2.png,https://audio.tudienkala.com/audio/f/a/family.mp3
132,farmer,/'fɑ:rmər/,n,nông dân,My uncle is a farmer.,Chú tôi là một nông dân.,https://audio.tudienkala.com/data/cache/images/300x225/f/a/farmer1.png,https://audio.tudienkala.com/audio/f/a/farmer.mp3
132,father,/ˈfɑːðə(r)/,n,"bố, ba, cha,...",My father is a doctor.,Ba tôi là bác sĩ.,https://audio.tudienkala.com/data/cache/images/300x225/f/a/father1.png,https://audio.tudienkala.com/audio/f/a/father.mp3
132,finger,/'fiɳgə/,n,ngón tay,She has very long fingers.,Cô ấy có những ngón tay rất dài.,https://audio.tudienkala.com/data/cache/images/300x225/f/i/finger1.png,https://audio.tudienkala.com/audio/f/i/finger.mp3
132,fish,/fɪʃ/,n,cá,There are many fish in this pond.,Có rất nhiều cá trong ao này.,https://audio.tudienkala.com/data/cache/images/300x225/f/i/fish1.png,https://audio.tudienkala.com/audio/f/i/fish.mp3
132,flower,/ˈflaʊə(r)/,n,"hoa, bông hoa",Do you like flowers?,Bạn có thích hoa không?,https://audio.tudienkala.com/data/cache/images/300x225/f/l/flower1.png,https://audio.tudienkala.com/audio/f/l/flower.mp3
132,food,/fu:d/,n,"thức ăn, lương thực",Do we have enough food for this winter?,Chúng ta có đủ thức ăn cho mùa đông này không?,https://audio.tudienkala.com/data/cache/images/300x225/f/o/food1.png,https://audio.tudienkala.com/audio/f/o/food.mp3
132,foot,/fʊt/,sing n,"chân, bàn chân",He can stand on one foot very long.,Anh ấy có thể đứng bằng một chân rất lâu.,https://audio.tudienkala.com/data/cache/images/300x225/f/o/foot1.png,https://audio.tudienkala.com/audio/f/o/foot.mp3
132,football,/ˈfʊtbɔːl/,n,môn bóng đá,Football is considered the king of sports in many countries.,Bóng đá được xem là môn thể thao vua tại nhiều quốc gia.,https://audio.tudienkala.com/data/cache/images/300x225/f/o/football_-1.jpg,https://audio.tudienkala.com/audio/f/o/football.mp3
132,friend,/frɛnd/,n,bạn,He's one of my best friends.,Anh ấy là một người bạn tốt nhất của tôi.,https://audio.tudienkala.com/data/cache/images/300x225/f/r/friend1.png,https://audio.tudienkala.com/audio/f/r/friend.mp3
133,fruit,/fru:t/,n,trái cây,You should eat more fruit.,Bạn nên ăn nhiều trái cây.,https://audio.tudienkala.com/data/cache/images/300x225/f/r/fruit1.png,https://audio.tudienkala.com/audio/f/r/fruit.mp3
133,game,/geɪm/,n,trò chơi,We often play games during recess.,Chúng tôi thường chơi trò chơi trong giờ nghỉ.,https://audio.tudienkala.com/data/cache/images/300x225/g/a/game1.jpg,https://audio.tudienkala.com/audio/g/a/game.mp3
133,girl,/ɡɜːl/,n,con gái,My class has 20 girls and 15 boys.,Lớp học của tôi có 20 nữ và 15 nam.,https://audio.tudienkala.com/data/cache/images/300x225/g/i/girl2.png,https://audio.tudienkala.com/audio/g/i/girl-l6.mp3
133,grandparent,/ˈɡrændˌpeərənt/,n,"ông, bà",The children are staying with their grandparents.,Bọn trẻ đang ở với ông bà.,https://audio.tudienkala.com/data/cache/images/300x225/g/r/grandparent2.jpg,https://audio.tudienkala.com/audio/g/r/grandparent.mp3
133,grass,/ɡrɑːs/,n,cỏ,I sometimes lie on the grass and sleep.,Đôi khi tôi nằm trên cỏ và ngủ.,https://audio.tudienkala.com/data/cache/images/300x225/g/r/grass1.jpg,https://audio.tudienkala.com/audio/g/r/grass.mp3
133,green,/gri:n/,adj,xanh lá cây,My hat is green.,Mũ của tôi là màu xanh lá cây.,https://audio.tudienkala.com/data/cache/images/300x225/g/r/green2.jpg,https://audio.tudienkala.com/audio/g/r/green.mp3
133,hand,/hænd/,n,bàn tay,I want to hold your hand.,Tôi muốn nắm tay bạn.,https://audio.tudienkala.com/data/cache/images/300x225/h/a/hand1.png,https://audio.tudienkala.com/audio/h/a/hand.mp3
133,hat,/hat/,n,mũ,Take your hat out.,Hãy lấy cái nón của bạn ra.,https://audio.tudienkala.com/data/cache/images/300x225/h/a/hat1.png,https://audio.tudienkala.com/audio/h/a/hat.mp3
133,head,/hed/,n,đầu,She shakes her head when she doesn't agree.,Cô lắc đầu khi cô ấy không đồng ý.,https://audio.tudienkala.com/data/cache/images/300x225/h/e/head2.jpg,https://audio.tudienkala.com/audio/h/e/head.mp3
133,homework,/ˈhəʊmwɜːk/,n,bài tập về nhà,Why don't you do your homework?,Tại sao bạn không làm bài tập ở nhà của bạn?,https://audio.tudienkala.com/data/cache/images/300x225/h/o/homework-l61.jpg,https://audio.tudienkala.com/audio/h/o/homework-l6.mp3
133,horse,/hɔrs/,v,ngựa,He mounted his horse and rode off.,Ông ấy lên con ngựa và cởi đi.,https://audio.tudienkala.com/data/cache/images/300x225/h/o/horse1.png,https://audio.tudienkala.com/audio/h/o/horse.mp3
133,house,/haʊs/,n,ngôi nhà,My house is very big.,Nhà tôi rất lớn.,https://audio.tudienkala.com/data/cache/images/300x225/h/o/house-l61.jpg,https://audio.tudienkala.com/audio/h/o/house-l6.mp3
133,jacket,/ˈdʒækɪt/,n,"áo khoác (ngắn, nhẹ)",Is your jacket real leather?,Áo khoác của bạn bằng da thật à?,https://audio.tudienkala.com/data/cache/images/300x225/j/a/jacket2.jpg,https://audio.tudienkala.com/audio/j/a/jacket.mp3
133,juice,/ʤu:s/,n,nước ép,Would you like a glass of orange juice?,Bạn có muốn một ly nước cam không?,https://audio.tudienkala.com/data/cache/images/300x225/j/u/juice1.jpg,https://audio.tudienkala.com/audio/j/u/juice.mp3
133,kid,/kid/,n,"con dê con, đứa trẻ",Her parents expect a lovely kid.,Bố mẹ cô ấy mong đợi một đứa trẻ đáng yêu.,https://audio.tudienkala.com/data/cache/images/300x225/k/i/kid1.png,https://audio.tudienkala.com/audio/k/i/kid.mp3
133,king,/kɪŋ/,n,vua,He became king in 634.,Ông ấy trở thành vua vào năm 634.,https://audio.tudienkala.com/data/cache/images/300x225/k/i/king1.png,https://audio.tudienkala.com/audio/k/i/king.mp3
133,kitchen,/ˈkɪtʃ(ə)n/,n,phòng bếp,My mom is making me a cake in the kitchen.,Mẹ tôi đang làm cho tôi một cái bánh ở trong bếp.,https://audio.tudienkala.com/data/cache/images/300x225/k/i/kitchen1.png,https://audio.tudienkala.com/audio/k/i/kitchen.mp3
133,lake,/leɪk/,n,hồ,Where is the largest lake in Vietnam?,Hồ lớn nhất Việt Nam nằm ở đâu?,https://audio.tudienkala.com/data/cache/images/300x225/l/a/lake1.png,https://audio.tudienkala.com/audio/l/a/lake.mp3
133,lamp,/læmp/,n,đèn,This lamp looks very lovely.,Cái đèn này trông rất dễ thương.,https://audio.tudienkala.com/data/cache/images/300x225/l/a/lamp1.jpg,https://audio.tudienkala.com/audio/l/a/lamp-l6.mp3
133,leg,/leg/,n,chân,How many legs does an ant have?,Một con kiến có bao nhiêu cái chân?,https://audio.tudienkala.com/data/images_example/300x225/h/o/how_many_l_ex1_56248cef7f8b9af60c1430fb.png,https://audio.tudienkala.com/audio/l/e/leg.mp3
133,lemon,/'lemən/,n,chanh vàng,How much is a kilo of lemons?,Giá bao nhiêu cho một kg chanh?,https://audio.tudienkala.com/data/cache/images/300x225/l/e/lemon1.png,https://audio.tudienkala.com/audio/l/e/lemon.mp3
133,lunch,/lʌntʃ/,n,bữa trưa,I often have lunch at 11 o'clock.,Tôi thường ăn trưa lúc 11 giờ.,https://audio.tudienkala.com/data/cache/images/300x225/l/u/lunch1.png,https://audio.tudienkala.com/audio/l/u/lunch-l6.mp3
133,market,/'mɑ:kit/,n,"thị trường, chợ, nơi mua bán sản phẩm...",My mother goes to the market every morning.,Mẹ tôi đi vào chợ mỗi buổi sáng.,https://audio.tudienkala.com/data/cache/images/300x225/m/a/market1.png,https://audio.tudienkala.com/audio/m/a/market.mp3
133,meat,/mi:t/,n,thịt,He likes eating meat.,Anh ấy thích ăn thịt.,https://audio.tudienkala.com/data/cache/images/300x225/m/e/meat1.png,https://audio.tudienkala.com/audio/m/e/meat.mp3
133,milk,/mɪlk/,n,sữa,She is drinking milk.,Chị ấy đang uống sữa.,https://audio.tudienkala.com/data/cache/images/300x225/m/i/milk1.png,https://audio.tudienkala.com/audio/m/i/milk.mp3
133,moon,/muːn/,n,mặt trăng,There is a bright moon tonight.,Có mặt trăng sáng tối nay.,https://audio.tudienkala.com/data/cache/images/300x225/m/o/moon1.png,https://audio.tudienkala.com/audio/m/o/moon.mp3
133,morning,/ˈmɔːnɪŋ/,n,sáng,I don't work well in the morning.,Tôi không làm việc tốt vào buổi sáng.,https://audio.tudienkala.com/data/cache/images/300x225/m/o/morning1.png,https://audio.tudienkala.com/audio/m/o/morning.mp3
133,mother,/ˈmʌðə(r)/,n,"mẹ, má",My mother is a teacher.,Mẹ tôi là giáo viên.,https://audio.tudienkala.com/data/images_example/300x225/m/y/my_mother__ex1_5822d6207f8b9aa2078b457a.png,https://audio.tudienkala.com/audio/m/o/mother-l6.mp3
133,motorbike,/ˈməʊtərbaɪk/,n,"xe máy, xe mô- tô",My mother goes to work by motorbike.,Mẹ tôi đi làm bằng xe máy.,https://audio.tudienkala.com/data/cache/images/300x225/m/o/motorbike1.png,https://audio.tudienkala.com/audio/m/o/motorbike.mp3
133,mouse,/maʊs/,n,con chuột (máy tính),My computer's mouse is broken.,Chuột máy tính của tôi đã bị hỏng rồi.,https://audio.tudienkala.com/data/images_example/300x225/m/y/my_compute_ex1_56248d057f8b9afe0c09d25a.jpg,https://audio.tudienkala.com/audio/m/o/mouse.mp3
133,mouth,/maʊθ/,n,miệng,Please open your mouth.,Hãy mở miệng của bạn.,https://audio.tudienkala.com/data/cache/images/300x225/m/o/mouth1.png,https://audio.tudienkala.com/audio/m/o/mouth.mp3
133,musician,/mjuːˈzɪʃ(ə)n/,n,"nhạc sĩ, nhà soạn nhạc",Trinh Cong Son is a noted musician.,Trịnh Công Sơn là một nhạc sĩ nổi tiếng.,https://audio.tudienkala.com/data/images_example/300x225/t/r/trinh_cong_ex2_5850f7af7f8b9aa7078b4571.jpg,https://audio.tudienkala.com/audio/m/u/musician.mp3
133,name,/neim/,n,tên,My name is Mark.,Tên tôi là Mark.,https://audio.tudienkala.com/data/cache/images/300x225/n/a/name-l61.jpeg,https://audio.tudienkala.com/audio/n/a/name-l6.mp3
133,night,/naɪt/,n,đêm,The trip was for ten nights.,Chuyến đi trong mười đêm.,https://audio.tudienkala.com/data/cache/images/300x225/n/i/night1.jpg,https://audio.tudienkala.com/audio/n/i/night.mp3
133,nose,/nəʊz/,n,mũi,Her mother has a sharp nose.,Mẹ cô ấy có chiếc mũi cao.,https://audio.tudienkala.com/data/cache/images/300x225/n/o/nose1.png,https://audio.tudienkala.com/audio/n/o/nose.mp3
133,nurse,/nɜː(r)s/,n,y tá,My father is a doctor and my mother is a nurse.,Ba tôi là bác sĩ và mẹ tôi là y tá.,https://audio.tudienkala.com/data/cache/images/300x225/n/u/nurse-l61.jpg,https://audio.tudienkala.com/audio/n/u/nurse-l6.mp3
133,orange,/'ɔrinʤ/,adj,cam,This orange bag is very nice.,Túi màu cam này rất đẹp.,https://audio.tudienkala.com/data/cache/images/300x225/o/r/orange2.jpg,https://audio.tudienkala.com/audio/o/r/orange.mp3
133,pants,/pænts/,n,quần,The pants are defective.,Quần này bị lỗi.,https://audio.tudienkala.com/data/cache/images/300x225/p/a/pants1.png,https://audio.tudienkala.com/audio/p/a/pants.mp3
133,parent,/ˈpeərənt/,n,cha; mẹ,He's still living with his parents.,Anh ấy vẫn sống với ba mẹ của anh ấy.,https://audio.tudienkala.com/data/cache/images/300x225/p/a/parent1.png,https://audio.tudienkala.com/audio/p/a/parent.mp3
133,pen,/pen/,n,bút mực,My pen is red.,Bút tôi màu đỏ.,https://audio.tudienkala.com/data/cache/images/300x225/p/e/pen1.jpg,https://audio.tudienkala.com/audio/p/e/pen.mp3
133,pencil,/'pensl/,n,bút chì,This is my pencil.,Đây là bút chì của tôi.,https://audio.tudienkala.com/data/cache/images/300x225/p/e/pencil-l61.jpg,https://audio.tudienkala.com/audio/p/e/pencil-l6.mp3
133,pig,/pɪɡ/,n,lợn,The pig farming is hard.,Nghề nuôi lợn thì vất vả.,https://audio.tudienkala.com/data/cache/images/300x225/p/i/pig1.png,https://audio.tudienkala.com/audio/p/i/pig.mp3
133,pilot,/ˈpaɪlət/,n,phi công,The accident was caused by pilot error.,Tai nạn là do lỗi của phi công.,https://audio.tudienkala.com/data/cache/images/300x225/p/i/pilot2.jpg,https://audio.tudienkala.com/audio/p/i/pilot.mp3
133,pink,/pɪŋk/,n,màu hồng,The bedroom was decorated in pale pink.,Các phòng ngủ được trang trí bằng màu hồng nhạt.,https://audio.tudienkala.com/data/cache/images/300x225/p/i/pink2.jpg,https://audio.tudienkala.com/audio/p/i/pink.mp3
133,police,/pə'li:s/,n,"công an, cảnh sát",The police are busy.,Cảnh sát đang bận rộn.,https://audio.tudienkala.com/data/cache/images/300x225/p/o/police1.png,https://audio.tudienkala.com/audio/p/o/police.mp3
133,potato,/pə'teɪtəʊ/,n,khoai tây,Those farmers are planting potatoes.,Những người nông dân đang trồng khoai tây.,https://audio.tudienkala.com/data/cache/images/300x225/p/o/potato1.jpg,https://audio.tudienkala.com/audio/p/o/potato.mp3
133,prince,/prɪns/,n,hoàng tử,"Once upon a time, there lived a king who had seven princes.","Ngày xửa ngày xưa, có một ông vua có bảy hoàng tử.",https://audio.tudienkala.com/data/cache/images/300x225/p/r/prince1.png,https://audio.tudienkala.com/audio/p/r/prince.mp3
133,princess,/ˈprɪnsəs/,n,công chúa,My name is Sarah. It means Princess.,Tên tôi là Sarah. Nó nghĩa là công chúa.,https://audio.tudienkala.com/data/cache/images/300x225/p/r/princess2.jpg,https://audio.tudienkala.com/audio/p/r/princess.mp3
133,pupil,/ˈpjuːpəl/,n,học sinh,How many pupils does the school have?,Có bao nhiêu học sinh trong trường học?,https://audio.tudienkala.com/data/cache/images/300x225/p/u/pupil2.jpg,https://audio.tudienkala.com/audio/p/u/pupil.mp3
133,purple,/ˈpɜːpl/,adj,màu tía,My mother likes this purple hat.,Mẹ tôi thích chiếc mũ màu tím này.,https://audio.tudienkala.com/data/images_example/300x225/m/y/my_mother__ex1_56248cef7f8b9af60c14311f.jpg,https://audio.tudienkala.com/audio/p/u/purple.mp3
134,queen,/kwiːn/,n,nữ hoàng,The queen has two princesses.,Nữ hoàng có hai nàng công chúa.,https://audio.tudienkala.com/data/cache/images/300x225/q/u/queen2.jpg,https://audio.tudienkala.com/audio/q/u/queen.mp3
134,red,/red/,adj,đỏ,I like this red dress.,Tôi thích chiếc đầm màu đỏ này.,https://audio.tudienkala.com/data/images_example/300x225/i/_/i_like_thi_ex1_56248cef7f8b9af60c143123.jpg,https://audio.tudienkala.com/audio/r/e/red.mp3
134,rice,/raɪs/,n,"lúa, gạo, cơm","I usually have rice, vegetable and meat for lunch.","Tôi thường có gạo, rau và thịt để ăn trưa.",https://audio.tudienkala.com/data/cache/images/300x225/r/i/rice1.png,https://audio.tudienkala.com/audio/r/i/rice.mp3
134,ring,/rɪŋ/,n,sàn đấu (boxing),Two men are competing in the boxing ring.,Hai người đàn ông đang thi quyền anh trên sàn đấu .,https://audio.tudienkala.com/data/images_example/300x225/t/w/two_men_ar_ex1_58254b3e7f8b9aa3078b45d4.jpg,https://audio.tudienkala.com/audio/r/i/ring.mp3
134,room,/ruːmrʊm/,n,phòng,They had to sit in the waiting room for an hour.,Họ đã phải ngồi trong phòng chờ đợi cho một giờ.,https://audio.tudienkala.com/data/cache/images/300x225/r/o/room1.png,https://audio.tudienkala.com/audio/r/o/room.mp3
134,ruler,/'ru:lə/,n,thước kẻ,Her ruler is very long.,Thước của cô ấy rất dài.,https://audio.tudienkala.com/data/cache/images/300x225/r/u/ruler2.png,https://audio.tudienkala.com/audio/r/u/ruler-l6.mp3
134,school,/sku:l/,n,trường học,This is my school.,Đây là trường học tôi.,https://audio.tudienkala.com/data/cache/images/300x225/s/c/school-l61.jpg,https://audio.tudienkala.com/audio/s/c/school-l6.mp3
134,shelf,/ʃelf/,n,giá sách,I can reach the bookshelf.,Tôi có thể với tới giá sách.,https://audio.tudienkala.com/data/cache/images/300x225/s/h/shelf1.png,https://audio.tudienkala.com/audio/s/h/shelf.mp3
134,shirt,/ʃəːt/,n,áo sơ mi,I put all my shirts into the washing machine.,Tôi cho tất cả áo sơ mi của tôi vào máy giặt.,https://audio.tudienkala.com/data/cache/images/300x225/s/h/shirt1.jpg,https://audio.tudienkala.com/audio/s/h/shirt.mp3
134,shoe,/ʃuː/,n,giày,What's your shoe size?,Kích cỡ giày của bạn là gì?,https://audio.tudienkala.com/data/cache/images/300x225/s/h/shoe1.jpg,https://audio.tudienkala.com/audio/s/h/shoe.mp3
134,shoulder,/ˈʃəʊldə(r)/,n,vai,He carried the child on his shoulders.,Anh ấy mang đứa trẻ trên vai.,https://audio.tudienkala.com/data/images_example/300x225/h/e/he_carried_ex1_56248cef7f8b9af60c14312f.png,https://audio.tudienkala.com/audio/s/h/shoulder.mp3
134,shower,/ˈʃaʊə(r)/,n,vòi sen,I take a shower before going to school.,Tôi đi tắm trước khi đi học.,https://audio.tudienkala.com/data/cache/images/300x225/s/h/shower-l61.jpg,https://audio.tudienkala.com/audio/s/h/shower.mp3
134,singer,/ˈsɪŋər/,n,ca sĩ,Britney Spears is a famous singer.,Britney Spears là một ca sĩ nổi tiếng.,https://audio.tudienkala.com/data/images_example/300x225/b/r/britney_sp_ex1_56248cef7f8b9af60c143133.jpg,https://audio.tudienkala.com/audio/s/i/singer.mp3
134,sister,/ˈsɪstə(r)/,n,"chị gái, em gái",My sister is a nurse.,Chị gái tôi là y tá.,https://audio.tudienkala.com/data/cache/images/300x225/s/i/sister-l61.jpg,https://audio.tudienkala.com/audio/s/i/sister-l6.mp3
134,skirt,/skəːt/,n,"váy, chân váy",I like the red skirt more than the blue one.,Tớ thích chiếc váy đỏ hơn chiếc váy xanh.,https://audio.tudienkala.com/data/cache/images/300x225/s/k/skirt2.jpg,https://audio.tudienkala.com/audio/s/k/skirt.mp3
134,sky,/skaɪ/,n,trời,The sky suddenly went dark and it started to rain.,Bầu trời không mây đột nhiên trở nên tối tăm và nó bắt đầu mưa.,https://audio.tudienkala.com/data/cache/images/300x225/s/k/sky1.png,https://audio.tudienkala.com/audio/s/k/sky.mp3
134,snake,/sneɪk/,n,con rắn,Venomous snakes spit and hiss when they are cornered.,Con rắn độc nhổ và rít khi bị họ dồn vào chân tường.,https://audio.tudienkala.com/data/cache/images/300x225/s/n/snake2.jpg,https://audio.tudienkala.com/audio/s/n/snake.mp3
134,soap,/səʊp/,n,"xà phòng, xà bông",How much is a bar of soap?,Giá bao nhiêu cho một bánh xà phòng?,https://audio.tudienkala.com/data/cache/images/300x225/s/o/soap1.png,https://audio.tudienkala.com/audio/s/o/soap.mp3
134,son,/sʌn/,n,con trai,My son is fifteen years old.,Con trai tôi 15 tuổi.,https://audio.tudienkala.com/data/cache/images/300x225/s/o/son-l61.jpg,https://audio.tudienkala.com/audio/s/o/son-l6.mp3
134,song,/sɒŋ/,n,bài hát,We gathered and sang a song together.,Chúng tôi tập hợp và hát một bài hát với nhau.,https://audio.tudienkala.com/data/cache/images/300x225/s/o/song1.jpg,https://audio.tudienkala.com/audio/s/o/song.mp3
134,soup,/suːp/,n,xúp,The soup sounds good.,Món xúp nghe có vẻ ngon đấy.,https://audio.tudienkala.com/data/cache/images/300x225/s/o/soup1.png,https://audio.tudienkala.com/audio/s/o/soup.mp3
134,spider,/'spaidər/,spider,con nhện,There is a big spider here.,Có một con nhện lớn ở đây.,https://audio.tudienkala.com/data/cache/images/300x225/s/p/spider1.png,https://audio.tudienkala.com/audio/s/p/spider.mp3
134,spring,/spriɳ/,n,mùa xuân,It's warm in the spring.,Trời ấm áp vào mùa xuân.,https://audio.tudienkala.com/data/cache/images/300x225/s/p/spring1.jpg,https://audio.tudienkala.com/audio/s/p/spring.mp3
134,stamp,/stamp/,n,tem,The Post Office has issued a commemorative stamp to mark the event.,Bưu điện đã phát hành một con tem kỷ niệm để đánh dấu sự kiện.,https://audio.tudienkala.com/data/cache/images/300x225/s/t/stamp1.png,https://audio.tudienkala.com/audio/s/t/stamp.mp3
134,star,/stɑː(r),n,ngôi sao,Sirius is the brightest star in the sky.,Sirius là ngôi sao sáng nhất trên bầu trời.,https://audio.tudienkala.com/data/cache/images/300x225/s/t/stars1.png,https://audio.tudienkala.com/audio/s/t/stars.mp3
134,student,/'stju:dənt/,n,"học sinh, sinh viên",He is a student.,Anh ấy là học sinh.,https://audio.tudienkala.com/data/cache/images/300x225/s/t/student-l61.jpg,https://audio.tudienkala.com/audio/s/t/student-l6.mp3
134,sugar,/ˈʃʊɡər/,n,đường,Did you put sugar in your coffee?,Bạn đã cho đường vào cà phê phải không?,https://audio.tudienkala.com/data/cache/images/300x225/s/u/sugar1.png,https://audio.tudienkala.com/audio/s/u/sugar.mp3
134,summer,/ˈsʌmər/,n,mùa hè,It's very hot in the summer.,Trời rất nóng vào mùa hè.,https://audio.tudienkala.com/data/cache/images/300x225/s/u/summer1.png,https://audio.tudienkala.com/audio/s/u/summer.mp3
134,sun,/sʌn/,n,mặt trời,The sun was shining and birds were singing.,Mặt trời đang chiếu sáng và các loài chim đang hót.,https://audio.tudienkala.com/data/cache/images/300x225/s/u/sun1.png,https://audio.tudienkala.com/audio/s/u/sun.mp3
134,supermarket,/ˈsuːpərmɑːrkɪt/,n,siêu thị,This is Big C supermarket.,Đây là siêu thị Big C.,https://audio.tudienkala.com/data/cache/images/300x225/s/u/supermarket1.jpg,https://audio.tudienkala.com/audio/s/u/supermarket.mp3
134,sweater,/ˈswetər/,n,áo len,"When I wear this huge sweater, I look like a bear.","Khi tôi mặc chiếc áo len to lớn này, tôi trông giống như một con gấu.",https://audio.tudienkala.com/data/cache/images/300x225/s/w/sweater1.png,https://audio.tudienkala.com/audio/s/w/sweater.mp3
134,table,/ˈteɪbl/,n,"bàn, cái bàn",This table is very high.,Cái bàn này rất cao.,https://audio.tudienkala.com/data/cache/images/300x225/t/a/table-l61.jpg,https://audio.tudienkala.com/audio/t/a/table-l6.mp3
134,tea,/ti:/,n,trà,Would you like a cup of tea?,Bạn có muốn một tách trà không không?,https://audio.tudienkala.com/data/cache/images/300x225/t/e/tea1.png,https://audio.tudienkala.com/audio/t/e/tea.mp3
134,teacher,/'ti:tʃə/,n,giáo viên,Ms. Sarah is my English teacher.,Cô Sarah là giáo viên Anh văn.,https://audio.tudienkala.com/data/cache/images/300x225/t/e/teacher-l61.jpg,https://audio.tudienkala.com/audio/t/e/teacher-l6.mp3
134,television,/ˈtelɪvɪʒən/,n,"truyền hình, TV, máy thu hình",This television is very expensive.,Cái TV này rất đắt.,https://audio.tudienkala.com/data/cache/images/300x225/t/e/television-l61.jpg,https://audio.tudienkala.com/audio/t/e/television-l6.mp3
134,thank,/θaŋk/,v,cảm ơn,I want to say thank you very much.,Tôi muốn nói cảm ơn bạn rất nhiều.,https://audio.tudienkala.com/data/cache/images/300x225/t/h/thank1.jpg,https://audio.tudienkala.com/audio/t/h/thank.mp3
134,tomato,/təˈmeɪtəʊ/,n,cà chua,There are some tomatoes in the fridge.,Có một số cà chua trong tủ lạnh.,https://audio.tudienkala.com/data/cache/images/300x225/t/o/tomato1.png,https://audio.tudienkala.com/audio/t/o/tomato.mp3
134,tooth,/tu:θ/,n,răng,Jane had her first tooth when she was only five months.,Jane có chiếc răng đầu tiên khi mới 5 tháng tuổi.,https://audio.tudienkala.com/data/cache/images/300x225/t/o/tooth2.png,https://audio.tudienkala.com/audio/t/o/tooth-l6.mp3
134,tree,/tri:/,n,cây,My father likes planting trees.,Cha tôi thích trồng cây.,https://audio.tudienkala.com/data/cache/images/300x225/t/r/tree2.jpg,https://audio.tudienkala.com/audio/t/r/tree.mp3
134,umbrella,/ʌmˈbrelə/,n,"ô, dù",I put up my umbrella.,Tôi đặt lên chiếc ô của tôi.,https://audio.tudienkala.com/data/cache/images/300x225/u/m/umbrella1.png,https://audio.tudienkala.com/audio/u/m/umbrella.mp3
134,uncle,/ˈʌŋkl/,n,"chú, cậu, bác trai",I’m going to visit my uncle.,Tôi sẽ đến thăm chú tôi.,https://audio.tudienkala.com/data/cache/images/300x225/u/n/uncle1.jpg,https://audio.tudienkala.com/audio/u/n/uncle.mp3
134,waiter,/ˈweɪtə/,n,phục vụ nam,I'll ask the waiter for the bill.,Tôi sẽ hỏi người phục vụ hóa đơn.,https://audio.tudienkala.com/data/cache/images/300x225/w/a/waiter1.jpg,https://audio.tudienkala.com/audio/w/a/waiter.mp3
134,watch,/wɑːtʃ/,v,xem,I want to watch this programme.,Tôi muốn xem chương trình này.,https://audio.tudienkala.com/data/images_example/300x225/i/_/i_want_to__ex1_5824283f7f8b9aec0d8b45ad.jpg,https://audio.tudienkala.com/audio/w/a/watch-l6.mp3
134,water,/'wɔ:tə(r)/,n,nước,I need some water.,Tôi cần ít nước.,https://audio.tudienkala.com/data/cache/images/300x225/w/a/water1.png,https://audio.tudienkala.com/audio/w/a/water.mp3
134,white,/wait/,adj,trắng,I have a white shirt.,Tôi có một chiếc áo sơ mi trắng.,https://audio.tudienkala.com/data/cache/images/300x225/w/h/white2.jpg,https://audio.tudienkala.com/audio/w/h/white.mp3
134,wife,/waɪf/,n,vợ,My wife is a doctor.,Vợ tôi là bác sĩ.,https://audio.tudienkala.com/data/cache/images/300x225/w/i/wife1.jpg,https://audio.tudienkala.com/audio/w/i/wife.mp3
134,window,/ˈwɪndəʊ/,n,cửa sổ,I sit next to the window.,Tôi ngồi cạnh cửa sổ.,https://audio.tudienkala.com/data/cache/images/300x225/w/i/window1.jpg,https://audio.tudienkala.com/audio/w/i/window-l6.mp3
134,winter,/wintər/,n,mùa đông,I hate the winter.,Tôi ghét mùa đông.,https://audio.tudienkala.com/data/cache/images/300x225/w/i/winter1.png,https://audio.tudienkala.com/audio/w/i/winter.mp3
134,year,/jɪər/,n,năm,The museum is open all year round.,Bảo tàng mở cửa quanh năm.,https://audio.tudienkala.com/data/cache/images/300x225/y/e/year1.jpg,https://audio.tudienkala.com/audio/y/e/year.mp3
134,yellow,/ˈjeləʊ/,adj,vàng,Is your new shirt yellow?,Áo mới của bạn màu vàng phải không?,https://audio.tudienkala.com/data/cache/images/300x225/y/e/yellow2.jpg,https://audio.tudienkala.com/audio/y/e/yellow.mp3
135,accountant,/əˈkaʊnt(ə)nt/,n,Kế toán viên,"He is not sure if he owes tax on this, but is meeting his accountant this week to discuss the issue.","Ông ấy không chắc nếu ông nợ thuế về điều này, nhưng sẽ gặp kế toán của mình trong tuần này để thảo luận về vấn đề này.",https://audio.tudienkala.com/data/cache/images/300x225/a/c/accountant1.jpg,https://audio.tudienkala.com/audio/a/c/accountant.mp3
135,air,/eə(r)/,n,không khí,I like the fresh air in the countryside.,Tôi thích không khí trong lành ở nông thôn.,https://audio.tudienkala.com/data/cache/images/300x225/a/i/air1.jpg,https://audio.tudienkala.com/audio/a/i/air.mp3
135,airport,/ˈɛːpɔːt/,n,sân bay,There is no airport here.,Ở đây không có sân bay.,https://audio.tudienkala.com/data/cache/images/300x225/a/i/airport1.png,https://audio.tudienkala.com/audio/a/i/airport.mp3
135,apartment,/ə'pɑ:rtmənt/,n,căn hộ,We are living in a big apartment in the city centre.,Chúng tôi đang sống tại một căn hộ rộng rãi ở trung tâm thành phố.,https://audio.tudienkala.com/data/cache/images/300x225/a/p/apartment1.jpg,https://audio.tudienkala.com/audio/a/p/apartment.mp3
135,band,/bænd/,n,ban nhạc,The Beatles were probably the most famous band in the world.,The Beatles có lẽ là ban nhạc nổi tiếng nhất trên thế giới.,https://audio.tudienkala.com/data/cache/images/300x225/b/a/band2.jpg,https://audio.tudienkala.com/audio/b/a/band.mp3
135,bank,/baŋk/,n,ngân hàng,There is only one bank in this town.,Chỉ có một ngân hàng ở thị trấn này.,https://audio.tudienkala.com/data/cache/images/300x225/b/a/bank-1.jpg,https://audio.tudienkala.com/audio/b/a/bank-.mp3
135,basic,/'beisik/,adj,"nền tảng, cơ sở",Drums are basic to African music.,Trống là dụng cụ cơ bản của âm nhạc Châu Phi.,https://audio.tudienkala.com/data/images_example/300x225/d/r/drums_are__ex2_56248d157f8b9a040dc65ec8.jpg,https://audio.tudienkala.com/audio/b/a/basic.mp3
135,beach,/bi:tʃ/,n,bãi biển,We are going to Sam Son beach.,Chúng tôi đang đi đến bãi biển Sầm Sơn.,https://audio.tudienkala.com/data/cache/images/300x225/b/e/beach1.jpg,https://audio.tudienkala.com/audio/b/e/beach.mp3
135,birthday,/ˈbɜːrθdeɪ/,n,sinh nhật,Happy birthday!,Chúc mừng sinh nhật!,https://audio.tudienkala.com/data/cache/images/300x225/b/i/birthday1.png,https://audio.tudienkala.com/audio/b/i/birthday.mp3
135,bone,/bəʊn/,n,xương,The accident left him with three broken bones.,Vụ tai nạn làm cậu ta gãy 3 cái xương.,https://audio.tudienkala.com/data/cache/images/300x225/b/o/bone2.png,https://audio.tudienkala.com/audio/b/o/bone.mp3
135,bridge,/brɪdʒ/,n,cầu,We crossed the bridge over the River Windrush.,Chúng tôi băng qua cây cầu bắc qua sông Windrush.,https://audio.tudienkala.com/data/cache/images/300x225/b/r/bridge1.png,https://audio.tudienkala.com/audio/b/r/bridge.mp3
135,building,/ˈbɪldɪŋ/,n,"tòa nhà, tòa cao ốc",My house is near that building.,Nhà tôi ở gần tòa nhà đó.,https://audio.tudienkala.com/data/cache/images/300x225/b/u/building1.jpg,https://audio.tudienkala.com/audio/b/u/building.mp3
135,businessman,/ˈbɪznəsmən/,n,"doanh nhân, thương gia",He wants to be a businessman.,Anh ấy muốn trở thành một doanh nhân.,https://audio.tudienkala.com/data/cache/images/300x225/b/u/businessman1.jpg,https://audio.tudienkala.com/audio/b/u/businessman.mp3
135,busy,/ˈbɪzi/,adj,bận rộn,I’m very busy now.,Hiện tôi rất bận.,https://audio.tudienkala.com/data/cache/images/300x225/b/u/busy1.png,https://audio.tudienkala.com/audio/b/u/busy.mp3
135,camping,/ˈkæmpɪŋ/,n,sự cắm trại,Our camping equipment is old but still usable.,Thiết bị cắm trại của chúng tôi tuy cũ nhưng vẫn còn sử dụng được.,https://audio.tudienkala.com/data/cache/images/300x225/c/a/camping2.jpg,https://audio.tudienkala.com/audio/c/a/camping.mp3
135,chairman,/ˈtʃeəmən/,n,người điều khiển một cuộc họp; chủ toạ,The chairman concluded by thanking everyone.,Chủ tịch cám ơn mọi người để kết thúc cuộc họp.,https://audio.tudienkala.com/data/cache/images/300x225/c/h/chairman2.jpg,https://audio.tudienkala.com/audio/c/h/chairman.mp3
135,cheap,/tʃiːp/,adj,"rẻ, rẻ tiền",This dress is not cheap.,Trang phục này không phải là rẻ.,https://audio.tudienkala.com/data/cache/images/300x225/c/h/cheap11.jpg,https://audio.tudienkala.com/audio/c/h/cheap1.mp3
135,check,/tʃek/,v,kiểm tra,You should check your work before handing it in.,Bạn nên kiểm tra lại những gì bạn làm trước khi đem nộp.,https://audio.tudienkala.com/data/cache/images/300x225/c/h/check1.jpg,https://audio.tudienkala.com/audio/c/h/check.mp3
135,cheque,/ tʃɛk /,n,séc,Can you cash this cheque?,Bạn có thể đổi tờ séc này ra tiền mặt không?,https://audio.tudienkala.com/data/cache/images/300x225/c/h/cheque1.jpg,https://audio.tudienkala.com/audio/c/h/cheque.mp3
135,church,/tʃɜːtʃ/,n,nhà thờ,My best friend goes to church every Sunday.,Người bạn thân nhất của tôi đến nhà thờ mỗi Chủ nhật.,https://audio.tudienkala.com/data/cache/images/300x225/c/h/church1.png,https://audio.tudienkala.com/audio/c/h/church.mp3
135,city,/ˈsɪti/,n,thành phố,I live in Ho Chi Minh city.,Tôi sống ở thành phố Hồ Chí Minh.,https://audio.tudienkala.com/data/cache/images/300x225/c/i/city-l61.jpg,https://audio.tudienkala.com/audio/c/i/city-l6.mp3
135,cloud,/klaʊd/,n,"mây, đám mây",The sun went behind a cloud.,Mặt trời đã đi phía sau một đám mây.,https://audio.tudienkala.com/data/cache/images/300x225/c/l/cloud1.jpg,https://audio.tudienkala.com/audio/c/l/cloud.mp3
135,club,/klʌb/,n,câu lạc bộ,Join a club and make friends.,Tham gia một câu lạc bộ và kết bạn.,https://audio.tudienkala.com/data/cache/images/300x225/c/l/club1.jpg,https://audio.tudienkala.com/audio/c/l/club.mp3
135,cold,/kəʊld/,n,sự cảm lạnh,I caught a cold because I walked in the rain.,Tôi đã bị cảm lạnh vì đã đi bộ dưới mưa.,https://audio.tudienkala.com/data/cache/images/300x225/c/o/cold-ed1.png,https://audio.tudienkala.com/audio/c/o/cold.mp3
135,colour,/'kʌlə(r)/,n,màu sắc,What colour do you like?,Bạn thích màu gì?,https://audio.tudienkala.com/data/cache/images/300x225/c/o/color1.png,https://audio.tudienkala.com/audio/c/o/color.mp3
135,cook,/kʊk/,n,đầu bếp,She was employed as a cook in a hotel.,Cô ấy đã làm việc như một đầu bếp tại một khách sạn.,https://audio.tudienkala.com/data/cache/images/300x225/c/o/cook1.png,https://audio.tudienkala.com/audio/c/o/cook.mp3
135,cousin,/ˈkʌzən/,n,"anh, chị, em họ",She's my cousin.,Cô ấy là người em họ của tôi.,https://audio.tudienkala.com/data/cache/images/300x225/c/o/cousin2.jpg,https://audio.tudienkala.com/audio/c/o/cousin.mp3
135,diamond,/ˈdaɪəmənd/,n,kim cương,Diamonds are extremely expensive.,Kim cương cực kì đắt.,https://audio.tudienkala.com/data/images_example/300x225/d/i/diamonds_a_ex1_56248d0c7f8b9a000de3d151.jpeg,https://audio.tudienkala.com/audio/d/i/diamond.mp3
135,dictionary,/ˈdɪkʃəneri/,n,từ điển,"To check how a word is spelt, look it up in the dictionary.","Để kiểm tra làm thế nào đánh vần một từ, hãy tra nó trong từ điển.",https://audio.tudienkala.com/data/cache/images/300x225/d/i/dictionary1.png,https://audio.tudienkala.com/audio/d/i/dictionary.mp3
135,director,/dɪˈrektər/,n,giám đốc,He's on the board of directors.,Ông ấy nằm trong ban giám đốc.,https://audio.tudienkala.com/data/cache/images/300x225/d/i/director2.jpg,https://audio.tudienkala.com/audio/d/i/director.mp3
135,drugstore,/'drʌgstɔ:(r)/,n,hiệu thuốc tây,My father has a drugstore.,Cha tôi có một hiệu thuốc.,https://audio.tudienkala.com/data/cache/images/300x225/d/r/drugstore1.png,https://audio.tudienkala.com/audio/d/r/drugstore.mp3
135,early,/ˈɜːrli/,adv,sớm,The best rooms go to those who book earliest.,Các phòng tốt nhất cho những người đặt sớm nhất.,https://audio.tudienkala.com/data/cache/images/300x225/e/a/early1.jpg,https://audio.tudienkala.com/audio/e/a/early.mp3
135,east,/iːst/,n,phía đông,The sun rises in the east.,Mặt trời mọc ở hướng đông.,https://audio.tudienkala.com/data/cache/images/300x225/e/a/east1.png,https://audio.tudienkala.com/audio/e/a/east.mp3
135,easy,/'i:zi/,adj,dễ,This homework is very easy.,Bài tập này là rất dễ dàng.,https://audio.tudienkala.com/data/cache/images/300x225/e/a/easy1.jpg,https://audio.tudienkala.com/audio/e/a/easy.mp3
135,end,/end/,n,sự kết thúc,We had to hear about the whole journey from beginning to end.,Chúng ta phải nghe về cả chuyến đi từ lúc bắt đầu đến lúc kết thúc.,https://audio.tudienkala.com/data/cache/images/300x225/e/n/end1.jpg,https://audio.tudienkala.com/audio/e/n/end.mp3
135,enter,/ˈentər/,v,"đến, đi vào",They enter the room.,Họ bước vào phòng.,https://audio.tudienkala.com/data/cache/images/300x225/e/n/enter2.jpg,https://audio.tudienkala.com/audio/e/n/enter.mp3
135,example,/ɪɡˈzɑːmpl/,n,thí dụ,It is important to cite examples to support your argument.,Điều quan trọng là trích dẫn ví dụ để hỗ trợ lập luận của bạn.,https://audio.tudienkala.com/data/cache/images/300x225/e/x/example1.jpg,https://audio.tudienkala.com/audio/e/x/example.mp3
135,exit,/ˈeɡzɪt/,n,lối ra,There are four emergency exits in the department store.,Có 4 lối ra khẩn cấp trong cửa hàng bách hóa.,https://audio.tudienkala.com/data/cache/images/300x225/e/x/exit1.png,https://audio.tudienkala.com/audio/e/x/exit.mp3
135,factory,/'fæktəri/,n,"nhà máy, xí nghiệp",Does your brother work for this factory?,Anh trai của bạn làm việc cho nhà máy này không?,https://audio.tudienkala.com/data/cache/images/300x225/f/a/factory2.jpg,https://audio.tudienkala.com/audio/f/a/factory.mp3
135,fan,/fæn/,n,người hâm mộ,It's so crazy to be her fan.,Có điên mới là người hâm mộ cô ta.,https://audio.tudienkala.com/data/cache/images/300x225/f/a/fan2.jpg,https://audio.tudienkala.com/audio/f/a/fan.mp3
135,far,/fɑ:(r)/,adv,xa,My house is far from my school.,Nhà của tôi thì xa trường học của tôi.,https://audio.tudienkala.com/data/images_example/300x225/m/y/my_house_i_ex1_58243c697f8b9aa2078b45b2.jpg,https://audio.tudienkala.com/audio/f/a/far.mp3
135,fast,/fæst/,adj,nhanh,She is a fast runner.,Cô ấy là một người chạy nhanh.,https://audio.tudienkala.com/data/cache/images/300x225/f/a/fast1.jpg,https://audio.tudienkala.com/audio/f/a/fast.mp3
135,fat,/fæt/,adj,"béo, mập",My sister is very fat.,Chị gái tôi rất béo.,https://audio.tudienkala.com/data/cache/images/300x225/f/a/fat1.png,https://audio.tudienkala.com/audio/f/a/fat.mp3
135,field,/fiːld/,n,cánh đồng,My parents are working in the field.,Cha mẹ tôi đang làm việc trên cánh đồng này.,https://audio.tudienkala.com/data/cache/images/300x225/f/i/field1.jpg,https://audio.tudienkala.com/audio/f/i/field.mp3
135,fire,/faɪər/,n,lửa,Animals are usually afraid of fire.,Động vật thường sợ lửa.,https://audio.tudienkala.com/data/images_example/300x225/a/n/animals_ar_ex1_56248cf97f8b9afa0cb17bd8.jpg,https://audio.tudienkala.com/audio/f/i/fire.mp3
135,first,/fɜːst /,ordinal no,"thứ nhất, đầu tiên",My classroom is on the first floor.,Phòng học tôi ở tầng một.,https://audio.tudienkala.com/data/cache/images/300x225/f/i/first2.png,https://audio.tudienkala.com/audio/f/i/first-l6.mp3
135,fix,/ fɪks/,v,"lắp, sửa chữa",They couldn't fix my old computer.,Họ không thể sửa chữa được cái máy tính cũ của tôi.,https://audio.tudienkala.com/data/cache/images/300x225/f/i/fix1.png,https://audio.tudienkala.com/audio/f/i/fix.mp3
135,flat,/flæt/,adj,phẳng,People used to think the earth was flat.,Người ta thường suy nghĩ trái đất là phẳng.,https://audio.tudienkala.com/data/cache/images/300x225/f/l/flat1.jpg,https://audio.tudienkala.com/audio/f/l/flat.mp3
135,floor,/flɔː/,n,"tầng, lầu",My classroom is on the third floor.,Phòng học tôi ở tầng ba.,https://audio.tudienkala.com/data/cache/images/300x225/f/l/floor2.jpg,https://audio.tudienkala.com/audio/f/l/floor-l6.mp3
135,forest,/ˈfɔːrɪst/,n,rừng,How long will it take to walk through this forest?,Băng qua khu rừng này sẽ mất bao lâu?,https://audio.tudienkala.com/data/cache/images/300x225/f/o/forest1.jpg,https://audio.tudienkala.com/audio/f/o/forest.mp3
136,forever,/fərˈevə(r)/,adv,"mãi mãi, vĩnh viễn",I'll love you forever!,Mẹ sẽ yêu con mãi mãi!,https://audio.tudienkala.com/data/cache/images/300x225/f/o/forever1.png,https://audio.tudienkala.com/audio/f/o/forever.mp3
136,free,/friː/,adj,rảnh rỗi,If Sarah is free for lunch I'll take her out.,"Nếu Sarah rãnh vào buổi trưa, tôi sẽ ra ngoài cùng cô ấy",https://audio.tudienkala.com/data/cache/images/300x225/f/r/free2.jpg,https://audio.tudienkala.com/audio/f/r/free.mp3
136,full,/fʊl/,adj,"đầy đặn, dày",,,https://audio.tudienkala.com/data/images_example/300x225/m/y/my_suitcas_ex2_56248cef7f8b9af60c1430d7.jpg,https://audio.tudienkala.com/audio/f/u/full.mp3
136,garden,/ˈɡɑːrdn/,n,khu vườn,The children are playing in the garden.,Những đứa trẻ đang chơi trong vườn.,https://audio.tudienkala.com/data/cache/images/300x225/g/a/garden1.png,https://audio.tudienkala.com/audio/g/a/garden.mp3
136,gas,/gæs/,n,"hơi, khí đốt thiên nhiên",Gas is more expensive than coal.,Khí đốt đắt hơn than đá.,https://audio.tudienkala.com/data/cache/images/300x225/g/a/gas1.jpg,https://audio.tudienkala.com/audio/g/a/gas.mp3
136,gold,/ɡəʊld/,adj,vàng,The company name was spelled out in gold letters.,Tên công ty được ghi ra bằng chữ vàng.,https://audio.tudienkala.com/data/cache/images/300x225/g/o/gold1.png,https://audio.tudienkala.com/audio/g/o/gold.mp3
136,good,/ɡʊd/,adj,tốt,The results were pretty good.,Kết quả thu được khá tốt.,https://audio.tudienkala.com/data/images_example/300x225/t/h/the_result_ex2_5624becf7f8b9ac7111962a8.png,https://audio.tudienkala.com/audio/g/o/good.mp3
136,group,/ɡruːp/,n,nhóm,"In English class, we often work in groups.","Trong lớp tiếng Anh, chúng tôi thường làm việc theo nhóm.",https://audio.tudienkala.com/data/cache/images/300x225/g/r/group-l61.jpg,https://audio.tudienkala.com/audio/g/r/group-l6.mp3
136,hairdresser,/ˈheəˌdresər/,n,thợ cắt tóc,I've got a four o'clock appointment at the hairdresser's.,Tôi đã có một cuộc hẹn 4:00 tại tiệm làm tóc.,https://audio.tudienkala.com/data/cache/images/300x225/h/a/hairdresser1.jpg,https://audio.tudienkala.com/audio/h/a/hairdresser.mp3
136,happy,/ˈhæpi/,adj,"hạnh phúc, vui vẻ",We are happy to announce the engagement of our daughter.,Chúng tôi rất hạnh phúc thông báo lễ đính hôn của con gái chúng tôi.,https://audio.tudienkala.com/data/cache/images/300x225/h/a/happy1.png,https://audio.tudienkala.com/audio/h/a/happy.mp3
136,headache,/ˈhɛdeɪk/,n,đau đầu,I had a terrible headache yesterday.,Hôm qua tôi bị đau đầu kinh khủng.,https://audio.tudienkala.com/data/cache/images/300x225/h/e/headache-ed1.jpg,https://audio.tudienkala.com/audio/h/e/headache-ed.mp3
136,heart,/hɑːrt/,n,tim,She has a kind heart.,Cô ấy có một trái tim nhân hậu.,https://audio.tudienkala.com/data/cache/images/300x225/h/e/heart1.png,https://audio.tudienkala.com/audio/h/e/heart.mp3
136,high,/haɪ/,adj,cao,That table is quite high.,Cái bàn khá cao.,https://audio.tudienkala.com/data/cache/images/300x225/h/i/high1.jpg,https://audio.tudienkala.com/audio/h/i/high.mp3
136,hospital,/ˈhɒspɪt(ə)l/,n,bệnh viện,This hospital is very large.,Bệnh viện này là rất lớn.,https://audio.tudienkala.com/data/cache/images/300x225/h/o/hospitals1.jpg,https://audio.tudienkala.com/audio/h/o/hospital.mp3
136,hot,/hɔt/,adj,nóng,It's very hot today.,Ngày hôm nay rất nóng.,https://audio.tudienkala.com/data/images_example/300x225/i/t/its_very_h_ex1_56248cef7f8b9af60c143263.png,https://audio.tudienkala.com/audio/h/o/hot.mp3
136,hotel,/həʊˈtel/,n,khách sạn,I live near Horison hotel.,Tôi sống gần khách sạn Horison.,https://audio.tudienkala.com/data/images_example/300x225/i/_/i_live_nea_ex1_58243d057f8b9aa1078b45b3.png,https://audio.tudienkala.com/audio/h/o/hotel.mp3
136,hour,/'aʊə/,n,"giờ, tiếng đồng hồ",I can learn to play chess in an hour.,Tôi có thể học chơi cờ trong một tiếng.,https://audio.tudienkala.com/data/cache/images/300x225/h/o/hour1.png,https://audio.tudienkala.com/audio/h/o/hour-l6.mp3
136,hundred,/'hʌndred/,number,một trăm (100),There are just a hundred of us here.,Chỉ có 100 người chúng ta ở đây.,https://audio.tudienkala.com/data/cache/images/300x225/h/u/hundred1.jpg,https://audio.tudienkala.com/audio/h/u/hundred.mp3
136,hungry,/'hʌŋgri/,adj,đói bụng,She is very hungry.,Cô ấy rất đói.,https://audio.tudienkala.com/data/cache/images/300x225/h/u/hungry1.jpg,https://audio.tudienkala.com/audio/h/u/hungry.mp3
136,husband,/ˈhʌzbənd/,n,chồng,"This is my husband, Steve","Đây là chồng tôi, Steve.",https://audio.tudienkala.com/data/cache/images/300x225/h/u/husband1.jpg,https://audio.tudienkala.com/audio/h/u/husband.mp3
136,ice,/aɪs/,n,nước đá,My hands are as cold as ice.,Tay tôi lạnh như băng.,https://audio.tudienkala.com/data/images_example/300x225/m/y/my_hands_a_ex2_5624bed17f8b9ac7111967d3.jpg,https://audio.tudienkala.com/audio/i/c/ice.mp3
136,ink,/ɪŋk/,n,mực,We use ink to draw this picture.,Chúng tôi sử dụng mực để vẽ bức tranh này.,https://audio.tudienkala.com/data/cache/images/300x225/i/n/ink1.jpg,https://audio.tudienkala.com/audio/i/n/ink.mp3
136,job,/dʒɒb/,n,"công việc, nghề nghiệp",What is your job?,Công việc của bạn là gì?,https://audio.tudienkala.com/data/cache/images/300x225/j/o/job2.png,https://audio.tudienkala.com/audio/j/o/job-l6.mp3
136,journalist,/ˈdʒɜːrnəlɪst/,n,nhà báo,Journalists write stories for newspapers.,Nhà báo viết bài cho các tờ báo.,https://audio.tudienkala.com/data/cache/images/300x225/j/o/journalist1.png,https://audio.tudienkala.com/audio/j/o/journalist.mp3
136,key,/kiː/,adj,chìa khóa,Good communication is key to our success.,Giao tiếp tốt là chìa khóa thành công của chúng tôi.,https://audio.tudienkala.com/data/cache/images/300x225/k/e/key1.png,https://audio.tudienkala.com/audio/k/e/key.mp3
136,knife,/nʌɪf/,n,dao,Use a sharp knife to cut the melon into sections.,Sử dụng một con dao sắc để cắt dưa thành nhiều phần.,https://audio.tudienkala.com/data/cache/images/300x225/k/n/knife1.jpg,https://audio.tudienkala.com/audio/k/n/knife.mp3
136,land,/lænd/,n,đất,His land is very large.,Đất của ông ấy rất rộng.,https://audio.tudienkala.com/data/images_example/300x225/h/i/his_land_i_ex1_56248cf07f8b9af60c14338f.jpg,https://audio.tudienkala.com/audio/l/a/land.mp3
136,late,/leɪt/,adj,"muộn, trễ",You are late.,Bạn trễ rồi.,https://audio.tudienkala.com/data/cache/images/300x225/l/a/late1.jpg,https://audio.tudienkala.com/audio/l/a/late-l6.mp3
136,lawyer,/ˈlɔɪər/,n,luật sư,I want to see my lawyer before I say anything.,Tôi muốn nhìn thấy luật sư của tôi trước khi tôi nói bất cứ điều gì.,https://audio.tudienkala.com/data/cache/images/300x225/l/a/lawyer1.png,https://audio.tudienkala.com/audio/l/a/lawyer.mp3
136,lazy,/ˈleɪzi/,adj,lười biếng,He's too lazy to make his bed in the morning.,Anh ta lười biếng đến nổi không chịu dọn giường mỗi sáng khi thức dậy.,https://audio.tudienkala.com/data/cache/images/300x225/l/a/lazy1.png,https://audio.tudienkala.com/audio/l/a/lazy.mp3
136,lesson,/ˈlɛs(ə)n/,n,"bài học, bài giảng",Our first lesson on Tuesdays is French.,Bài học đầu tiên của chúng tôi vào ngày Thứ ba là tiếng Pháp.,https://audio.tudienkala.com/data/cache/images/300x225/l/e/lesson1.png,https://audio.tudienkala.com/audio/l/e/lesson.mp3
136,letter,/'letər/,n,lá thư,Do you often write letters to your friends?,Bạn có thường xuyên viết thư cho bạn bè của bạn không?,https://audio.tudienkala.com/data/cache/images/300x225/l/e/letter1.png,https://audio.tudienkala.com/audio/l/e/letter.mp3
136,library,/ˈlʌɪbri/,library,thư viện,I often go to the library on Friday morning.,Tôi thường đến thư viện vào sáng thứ Sáu.,https://audio.tudienkala.com/data/cache/images/300x225/l/i/library1.png,https://audio.tudienkala.com/audio/l/i/library.mp3
136,long,/lɔːŋ/,adj,dài,Her hair is very long.,Tóc của cô ấy rất dài.,https://audio.tudienkala.com/data/cache/images/300x225/l/o/long1.jpg,https://audio.tudienkala.com/audio/l/o/long.mp3
136,magazine,/ˌmæɡəˈziːn/,n,tạp chí,She has written articles for several women’s magazines.,Cô ấy đã viết nhiều bài cho các tạp chí phụ nữ.,https://audio.tudienkala.com/data/cache/images/300x225/m/a/magazine1.png,https://audio.tudienkala.com/audio/m/a/magazine.mp3
136,mail,/meɪl/,v,gửi thư,Could you mail it to me?,Bạn có thể gửi nó cho tôi không?,https://audio.tudienkala.com/data/cache/images/300x225/m/a/mail1.jpg,https://audio.tudienkala.com/audio/m/a/mail.mp3
136,man,/mæn/,n,đàn ông,"The old man plodded along, hardly able to stand.","Ông lão nặng nề bước đi, hầu như đứng không nổi.",https://audio.tudienkala.com/data/images_example/300x225/t/h/the_old_ma_ex2_5624bed17f8b9ac711196653.jpg,https://audio.tudienkala.com/audio/m/a/man.mp3
136,map,/map/,n,bản đồ,A map is very helpful when you travel.,Một chiếc bản đồ rất có ích khi bạn đi du lịch.,https://audio.tudienkala.com/data/cache/images/300x225/m/a/map1.png,https://audio.tudienkala.com/audio/m/a/map.mp3
136,medal,/ˈmedəl/,n,huy chương,Winning gold medals is meaningless if you cheat.,Thắng huy chương vàng là vô nghĩa nếu bạn ăn gian.,https://audio.tudienkala.com/data/cache/images/300x225/m/e/medal1.jpg,https://audio.tudienkala.com/audio/m/e/medal.mp3
136,member,/ˈmɛmbə/,n,thành viên,She's a member of the team.,Cô ấy là một thành viên của nhóm.,https://audio.tudienkala.com/data/cache/images/300x225/m/e/member1.png,https://audio.tudienkala.com/audio/m/e/member.mp3
136,minute,/'minit/,n,phút,I do this exercise in 10 minutes.,Tôi làm bài tập này trong 10 phút.,https://audio.tudienkala.com/data/cache/images/300x225/m/i/minute2.png,https://audio.tudienkala.com/audio/m/i/minute.mp3
136,mirror,/ˈmɪrə/,n,gương,I like what I see in the mirror.,Tôi thích những gì tôi nhìn thấy trong gương.,https://audio.tudienkala.com/data/cache/images/300x225/m/i/mirror1.jpg,https://audio.tudienkala.com/audio/m/i/mirror.mp3
136,money,/ˈmʌni/,n,tiền,Can you lend me some money until tomorrow?,Bạn có thể cho tôi mượn một số tiền cho đến ngày mai?,https://audio.tudienkala.com/data/cache/images/300x225/m/o/money1.png,https://audio.tudienkala.com/audio/m/o/money.mp3
136,month,/mʌnθ/,n,tháng,The rent is £300 per month.,Giá thuê là 300 Bảng mỗi tháng.,https://audio.tudienkala.com/data/cache/images/300x225/m/o/month1.jpg,https://audio.tudienkala.com/audio/m/o/month.mp3
136,mountain,/'maʊntn/,n,núi,The world’s highest mountain is Mount Everest.,Ngọn núi cao nhất thế giới là đỉnh Everest.,https://audio.tudienkala.com/data/cache/images/300x225/m/o/mountain1.png,https://audio.tudienkala.com/audio/m/o/mountain.mp3
136,movie,/'mu:vi/,n,"phim, điện ảnh",I like watching movies very much.,Tôi thích xem phim rất nhiều.,https://audio.tudienkala.com/data/cache/images/300x225/m/o/movie2.jpg,https://audio.tudienkala.com/audio/m/o/movie.mp3
136,museum,/mju:'ziːəm/,n,viện bảo tàng,We can walk to the museum. It’s not far from here.,"Chúng ta có thể đi bộ tới viện bảo tàng, nó cách đây không xa lắm.",https://audio.tudienkala.com/data/cache/images/300x225/m/u/museums1.jpg,https://audio.tudienkala.com/audio/m/u/museum.mp3
136,music,/ˈmjuːzɪk/,n,âm nhạc,The poem has been set to music.,Bài thơ đã được phổ nhạc.,https://audio.tudienkala.com/data/cache/images/300x225/m/u/music1.jpg,https://audio.tudienkala.com/audio/m/u/music.mp3
136,nation,/ˈneɪʃən/,n,"quốc gia, đất nước",Vietnam is a heroic nation.,Việt Nam là một đất nước anh hùng.,https://audio.tudienkala.com/data/cache/images/300x225/n/a/nation1.png,https://audio.tudienkala.com/audio/n/a/nation.mp3
136,neighbour,/ˈneɪbər/,n,hàng xóm,Our next-door neighbours are very noisy.,Hàng xóm cạnh nhà của chúng tôi rất ồn ào.,https://audio.tudienkala.com/data/cache/images/300x225/n/e/neighbour2.jpg,https://audio.tudienkala.com/audio/n/e/neighbour.mp3
137,never,/ˈnevər/,adv,chưa bao giờ,He never goes to work on foot.,Cậu ấy không bao giờ đi bộ đi làm.,https://audio.tudienkala.com/data/images_example/300x225/h/e/he_never_g_ex1_56248cef7f8b9af60c1431fb.png,https://audio.tudienkala.com/audio/n/e/never.mp3
137,new,/njuː/,adj,mới,This shoes are new.,Đôi giày này thì mới.,https://audio.tudienkala.com/data/images_example/300x225/t/h/this_shoes_ex1_56248cf27f8b9af80c011d3d.png,https://audio.tudienkala.com/audio/n/e/new.mp3
137,newspaper,/ˈnjuːspeɪpə/,n,nhật báo,Newspapers are published daily.,Báo chí được xuất bản hằng ngày.,https://audio.tudienkala.com/data/cache/images/300x225/n/e/newspaper1.png,https://audio.tudienkala.com/audio/n/e/newspaper.mp3
137,nice,/naɪs/,adj,"vui, vui vẻ",Have a nice day!,Chúc một vui vẻ!,https://audio.tudienkala.com/data/cache/images/300x225/n/i/nice1.png,https://audio.tudienkala.com/audio/n/i/nice.mp3
137,north,/nɔːθ/,n,bắc,She comes from the north.,Cô đến từ phía bắc.,https://audio.tudienkala.com/data/cache/images/300x225/n/o/north1.jpg,https://audio.tudienkala.com/audio/n/o/north.mp3
137,number,/ˈnʌmbə(r)/,n,số,I love numbers.,Tôi yêu các con số.,https://audio.tudienkala.com/data/cache/images/300x225/n/u/number-l61.jpg,https://audio.tudienkala.com/audio/n/u/number.mp3
137,ocean,/ˈəʊʃn/,n,"đại dương, biển",The ocean levels are rising.,Mực nước biển đang dâng lên.,https://audio.tudienkala.com/data/cache/images/300x225/o/c/ocean1.png,https://audio.tudienkala.com/audio/o/c/ocean.mp3
137,office,/ˈɒfɪs/,n,văn phòng,Are you going to the office today?,Bạn sẽ đến văn phòng hôm nay phải không?,https://audio.tudienkala.com/data/cache/images/300x225/o/f/office1.png,https://audio.tudienkala.com/audio/o/f/office.mp3
137,oil,/ ɔɪl/,n,"dầu, dầu mỏ",We are burning too much coal and oil.,Chúng tôi đang đốt quá nhiều than đá và dầu mỏ.,https://audio.tudienkala.com/data/cache/images/300x225/o/i/oil1.jpg,https://audio.tudienkala.com/audio/o/i/oil.mp3
137,old,/əʊld/,adj,già,"At thirty years old, he was already earning £40000 a year.","Ở tuổi ba mươi, anh ta đã kiếm được 40.000 Bảng một năm.",https://audio.tudienkala.com/data/cache/images/300x225/o/l/old1.jpg,https://audio.tudienkala.com/audio/o/l/old.mp3
137,outside,/ˌaʊtˈsaɪd/,adv,bên ngoài,He was waiting outside for two hours.,Anh ấy đã đợi bên ngoài hai giờ.,https://audio.tudienkala.com/data/images_example/300x225/h/e/he_was_wai_ex1_5624bed07f8b9ac7111964d3.jpg,https://audio.tudienkala.com/audio/o/u/outside.mp3
137,page,/peɪdʒ/,n,trang,Someone has torn a page out of this book.,Một người nào đó đã xé ra một trang của cuốn sách này.,https://audio.tudienkala.com/data/cache/images/300x225/p/a/page1.jpg,https://audio.tudienkala.com/audio/p/a/page.mp3
137,paper,/ˈpeɪpə/,n,giấy,Experience is more important for this job than paper qualifications.,Kinh nghiệm quan trọng cho công việc này hơn bằng cấp giấy.,https://audio.tudienkala.com/data/cache/images/300x225/p/a/paper1.png,https://audio.tudienkala.com/audio/p/a/paper.mp3
137,park,/pɑ:k/,n,công viên,There are many big trees in this park.,Có rất nhiều cây lớn trong công viên này.,https://audio.tudienkala.com/data/images_example/300x225/t/h/there_are__ex1_56248cee7f8b9af60c142f13.png,https://audio.tudienkala.com/audio/p/a/park.mp3
137,party,/'pɑ:ti/,n,"đảng, phái, nhóm",The parties agreed to settlement in their contract dispute.,Các bên đã nhất trí đi đến một thỏa thuận trong hợp đồng gây tranh cãi của họ.,https://audio.tudienkala.com/data/images_example/300x225/t/h/the_partie_ex1_56248cf37f8b9af80c011dc1.jpg,https://audio.tudienkala.com/audio/p/a/party.mp3
137,people,/ˈpi:pļ/,n,"người, nhiều người, nhân dân",How many people are there in your family?,Trong gia đình bạn có bao nhiêu người?,https://audio.tudienkala.com/data/cache/images/300x225/p/e/people-l61.jpg,https://audio.tudienkala.com/audio/p/e/people-l6.mp3
137,person,/ˈpɜrsən/,n,người (một người),He's just the person we need for the job.,Anh ta chỉ là người mà chúng ta cần cho công việc.,https://audio.tudienkala.com/data/cache/images/300x225/p/e/person1.png,https://audio.tudienkala.com/audio/p/e/person.mp3
137,photo,/ˈfəʊtəʊ/,n,"ảnh chụp, bức ảnh (viết tắt của photograph)",This is a photo of my son,Đây là một bức ảnh của con trai tôi.,https://audio.tudienkala.com/data/cache/images/300x225/p/h/photo1.png,https://audio.tudienkala.com/audio/p/h/photo.mp3
137,photographer,/fəˈtɒɡrəfər/,n,nhà nhiếp ảnh,The photographer is taking pictures of everyone.,Người nhiếp ảnh gia đang chụp ảnh tất cả mọi người.,https://audio.tudienkala.com/data/cache/images/300x225/p/h/photographer1.jpg,https://audio.tudienkala.com/audio/p/h/photographer.mp3
137,picture,/ˈpɪktʃər/,n,bức tranh,There is a picture of flowers on the wall.,Có một bức tranh hoa trên tường.,https://audio.tudienkala.com/data/cache/images/300x225/p/i/picture1.jpg,https://audio.tudienkala.com/audio/p/i/picture.mp3
137,plane,/plein/,n,máy bay,They go to London by plane.,Họ đi đến London bằng máy bay.,https://audio.tudienkala.com/data/cache/images/300x225/p/l/plane2.jpg,https://audio.tudienkala.com/audio/p/l/plane.mp3
137,plant,/plɑ:nt/,n,"thực vật, cây",Do you know this plant?,Bạn có biết cây này không?,https://audio.tudienkala.com/data/cache/images/300x225/p/l/plant1.png,https://audio.tudienkala.com/audio/p/l/plant.mp3
137,plate,/pleɪt/,n,cái đĩa,There's still a lot of food on your plate.,Vẫn còn rất nhiều thức ăn trong đĩa của cậu.,https://audio.tudienkala.com/data/cache/images/300x225/p/l/plate1.png,https://audio.tudienkala.com/audio/p/l/plate.mp3
137,poor,/puə/,adj,"nghèo, bần cùng",They were too poor to buy shoes for the kids.,Họ đã quá nghèo để mua giày cho trẻ em.,https://audio.tudienkala.com/data/cache/images/300x225/p/o/poor1.jpg,https://audio.tudienkala.com/audio/p/o/poor.mp3
137,pretty,/ˈprɪti/,adv,khá,"The house has four bedrooms, so it's pretty big.","Ngôi nhà có bốn phòng ngủ, vì vậy nó khá rộng.",https://audio.tudienkala.com/data/images_example/300x225/t/h/the_house__ex1_56248cf27f8b9af80c011d49.jpg,https://audio.tudienkala.com/audio/p/r/pretty.mp3
137,print,/prɪnt/,v,in ấn,Click on the icon when you want to print.,Nhấn vào biểu tượng khi bạn muốn in.,https://audio.tudienkala.com/data/images_example/300x225/c/l/click_on_t_ex2_587727aa7f8b9a01308b4613.png,https://audio.tudienkala.com/audio/p/r/print.mp3
137,question,/ˈkwestʃən/,n,câu hỏi,In an interview try to ask open questions that don't just need ‘Yes’ or ‘No’ as an answer.,Trong một cuộc phỏng vấn thử hỏi câu hỏi mở mà không chỉ cần 'Có' hoặc 'Không' như một câu trả lời.,https://audio.tudienkala.com/data/cache/images/300x225/q/u/question1.jpg,https://audio.tudienkala.com/audio/q/u/question.mp3
137,quick,/kwɪk/,adj,nhanh chóng,The doctor said he'd make a quick recovery.,Các bác sĩ cho biết cậu sẽ bình phục nhanh chóng.,https://audio.tudienkala.com/data/cache/images/300x225/q/u/quick1.jpg,https://audio.tudienkala.com/audio/q/u/quick.mp3
137,quit,/kwɪt/,v,"nghỉ, bỏ (học, làm việc...)",He quit studying at 16.,Ông ấy bỏ học ở tuổi 16.,https://audio.tudienkala.com/data/images_example/300x225/h/e/he_quit_st_ex1_587727097f8b9ae72f8b4707.jpg,https://audio.tudienkala.com/audio/q/u/quit.mp3
137,railway,/ˈreɪlweɪ/,n,"đường sắt, đường xe lửa",The railway is still under construction.,Tuyến đường sắt vẫn đang được xây dựng.,https://audio.tudienkala.com/data/cache/images/300x225/r/a/railway2.jpg,https://audio.tudienkala.com/audio/r/a/railway.mp3
137,rain,/reɪn/,n,mưa,There is heavy rain in Hanoi now.,Có mưa lớn ở Hà Nội hiện nay.,https://audio.tudienkala.com/data/cache/images/300x225/r/a/rain1.png,https://audio.tudienkala.com/audio/r/a/rain.mp3
137,restaurant,/ˈrestrɒnt/,n,"nhà hàng, tiệm ăn",My uncle wants to open a restaurant.,Chú tôi muốn mở một nhà hàng.,https://audio.tudienkala.com/data/cache/images/300x225/r/e/restaurant1.jpg,https://audio.tudienkala.com/audio/r/e/restaurant.mp3
137,rich,/ritʃ/,adj,giàu,Nobody gets rich from writing nowadays.,Ngày nay không có ai trở nên giàu có từ viết lách.,https://audio.tudienkala.com/data/cache/images/300x225/r/i/rich1.jpg,https://audio.tudienkala.com/audio/r/i/rich.mp3
137,river,/'rɪvə/,n,sông,The Nile is the longest river in the world.,Sông Nile là con sông dài nhất thế giới.,https://audio.tudienkala.com/data/cache/images/300x225/r/i/river1.png,https://audio.tudienkala.com/audio/r/i/river.mp3
137,road,/rəʊd/,n,con đường,This road is very narrow.,Con đường này rất hẹp.,https://audio.tudienkala.com/data/cache/images/300x225/r/o/road1.png,https://audio.tudienkala.com/audio/r/o/road.mp3
137,sad,/sad/,adj,buồn,"When I am dead, sing no sad songs for me.","Khi tôi chết, đừng hát những bài buồn cho tôi.",https://audio.tudienkala.com/data/cache/images/300x225/s/a/sad1.png,https://audio.tudienkala.com/audio/s/a/sad.mp3
137,safe,/seɪf/,adj,an toàn,In some cities you don't feel safe going out alone at night.,Ở một số thành phố bạn không cảm thấy an toàn khi ra ngoài một mình vào ban đêm.,https://audio.tudienkala.com/data/cache/images/300x225/s/a/safe1.jpg,https://audio.tudienkala.com/audio/s/a/safe.mp3
137,scientist,/ˈsaɪəntɪst/,n,nhà khoa học,Mr Waldron is a famous scientist.,Ông Waldron là một nhà khoa học nổi tiếng.,https://audio.tudienkala.com/data/cache/images/300x225/s/c/scientist1.jpg,https://audio.tudienkala.com/audio/s/c/scientist.mp3
137,sea,/siː/,n,biển,We left port and headed for the open sea(= far away from).,Chúng tôi rời cảng và đi về phía biển.,https://audio.tudienkala.com/data/cache/images/300x225/s/e/sea2.jpg,https://audio.tudienkala.com/audio/s/e/sea.mp3
137,season,/'si:zn/,n,mùa,There are four seasons in my country.,Có bốn mùa ở nước tôi.,https://audio.tudienkala.com/data/cache/images/300x225/s/e/season1.jpg,https://audio.tudienkala.com/audio/s/e/season.mp3
137,secretary,/ˈsekrətəri/,n,thư kí,Please contact my secretary to make an appointment.,Vui lòng liên hệ với thư ký của tôi để đặt một cuộc hẹn.,https://audio.tudienkala.com/data/cache/images/300x225/s/e/secretary1.jpg,https://audio.tudienkala.com/audio/s/e/secretary.mp3
137,ship,/ʃip/,v,vận chuyển,"Eva shipped the package carefully, since she knew the contents were made of glass.","Eva đã chuyển hàng một cách cẩn thận, bởi vì cô biết bên trong được làm bằng thủy tinh.",https://audio.tudienkala.com/data/images_example/300x225/e/v/eva_shippe_ex1_56248d157f8b9a040dc65f44.jpg,https://audio.tudienkala.com/audio/s/h/ship.mp3
137,shopping,/ˈʃɒpɪŋ/,n,mua sắm,Let's go shopping.,Nào cùng nhau đi mua sắm.,https://audio.tudienkala.com/data/cache/images/300x225/s/h/shopping11.jpg,https://audio.tudienkala.com/audio/s/h/shopping1.mp3
137,short,/ʃɔ:t/,adj,"thấp, ngắn",He is short and fat.,Ông ấy thấp và béo.,https://audio.tudienkala.com/data/cache/images/300x225/s/h/short1.png,https://audio.tudienkala.com/audio/s/h/short.mp3
137,sick,/sɪk/,adj,"ốm yếu, ốm đau",My grandfather is very sick.,Ông tớ rất yếu.,https://audio.tudienkala.com/data/cache/images/300x225/s/i/sick1.png,https://audio.tudienkala.com/audio/s/i/sick.mp3
137,silver,/ˈsɪlvə/,adj,bạc,I got a silver medal.,Tôi đã đoạt huy chương bạc.,https://audio.tudienkala.com/data/cache/images/300x225/s/i/silver1.png,https://audio.tudienkala.com/audio/s/i/silver.mp3
137,skin,/skɪn/,n,"da, làn da",Some doctors can tell you about your health by seeing your skin.,Một số bác sĩ có thể nói về sức khoẻ của bạn bằng cách nhìn vào làn da của bạn.,https://audio.tudienkala.com/data/cache/images/300x225/s/k/skin1.png,https://audio.tudienkala.com/audio/s/k/skin.mp3
137,slow,/sləʊ/,adj,chậm,Progress was slower than expected.,tiến độ chậm hơn mong đợi.,https://audio.tudienkala.com/data/cache/images/300x225/s/l/slow1.png,https://audio.tudienkala.com/audio/s/l/slow.mp3
137,small,/smɔ:l/,adj,"nhỏ, bé",My house is small.,Nhà tôi thì nhỏ.,https://audio.tudienkala.com/data/cache/images/300x225/s/m/small-l61.jpg,https://audio.tudienkala.com/audio/s/m/small-l6.mp3
137,soft,/sɒft/,adj,mềm,This blanket was soft and springy.,Chiếc chăn thì mềm mại và đàn hồi.,https://audio.tudienkala.com/data/cache/images/300x225/s/o/soft2.jpeg,https://audio.tudienkala.com/audio/s/o/soft.mp3
138,software,/ˈsɒftweə(r)/,n,"phần mềm, chương trình máy tính",Many computers come pre-loaded with software.,Nhiều máy tính đã có sẵn phần mềm.,https://audio.tudienkala.com/data/cache/images/300x225/s/o/software1.jpg,https://audio.tudienkala.com/audio/s/o/software.mp3
138,south,/saʊθ/,adv,phía nam,This room faces south.,Phòng này quay mặt về phía nam.,https://audio.tudienkala.com/data/cache/images/300x225/s/o/south1.png,https://audio.tudienkala.com/audio/s/o/south.mp3
138,sport,/spɔ:t/,n,môn thể thao,I like this sport.,Tôi thích môn thể thao này.,https://audio.tudienkala.com/data/cache/images/300x225/s/p/sport-l61.jpg,https://audio.tudienkala.com/audio/s/p/sport-l6.mp3
138,store,/stɔ:(r)/,n,cửa hàng,My grandmother has a small store.,Bà tôi có một cửa hàng nhỏ.,https://audio.tudienkala.com/data/cache/images/300x225/s/t/store-n1.png,https://audio.tudienkala.com/audio/s/t/store-n.mp3
138,story,/ˈstɔːri/,n,câu chuyện,This story finishes here.,Chuyện này đến đây là kết thúc rồi.,https://audio.tudienkala.com/data/cache/images/300x225/s/t/story2.jpg,https://audio.tudienkala.com/audio/s/t/story.mp3
138,street,/stri:t/,n,đường phố,I live on Hai Ba Trung Street.,Tôi sống trên đường Hai Bà Trưng.,https://audio.tudienkala.com/data/cache/images/300x225/s/t/street-l61.jpg,https://audio.tudienkala.com/audio/s/t/street-l6.mp3
138,strong,/strɔɳ/,adj,"khỏe, mạnh, tốt, bền, kiên cố; đanh thép, kiên quyết; sôi nổi, nhiệt tình...",That boy is very strong.,Cậu bé đó là rất mạnh mẽ.,https://audio.tudienkala.com/data/cache/images/300x225/s/t/strong1.jpg,https://audio.tudienkala.com/audio/s/t/strong.mp3
138,subject,/ˈsʌbdʒɪkt/,n,môn học,"I love all subjects in high school, but if only I could choose what I want to take.","Tôi yêu tất cả các môn học ở trường trung học, nhưng giá như tôi có thể chọn những môn tôi muốn.",https://audio.tudienkala.com/data/cache/images/300x225/s/u/subject1.png,https://audio.tudienkala.com/audio/s/u/subject.mp3
138,suit,/sju:t/,v,"phù hợp với, thích hợp với",I have finally found a health plan that suits my needs.,Rốt cuộc thì tôi đã tìm ra một dự án chăm sóc sức khỏe (mà) phù hợp với nhu cầu của tôi.,https://audio.tudienkala.com/data/cache/images/300x225/s/u/suit1.png,https://audio.tudienkala.com/audio/s/u/suit.mp3
138,suitcase,/ˈsuːtkeɪs/,n,va li,My suitcase was packed tight.,Va li tôi chật cứng rồi.,https://audio.tudienkala.com/data/cache/images/300x225/s/u/suitcase1.png,https://audio.tudienkala.com/audio/s/u/suitcase.mp3
138,surname,/'sɜːneim/,n,họ,His surname is Smith.,Họ anh ấy là Smith.,https://audio.tudienkala.com/data/cache/images/300x225/s/u/surname1.png,https://audio.tudienkala.com/audio/s/u/surname-l6.mp3
138,sweet,/swiːt/,n,ngọt,Every children like eating sweet.,Trẻ em ai cũng thích ăn kẹo.,https://audio.tudienkala.com/data/cache/images/300x225/s/w/sweet1.png,https://audio.tudienkala.com/audio/s/w/sweet.mp3
138,tall,/tɔ:l/,adj,cao,My brother is very tall.,Anh trai tôi là rất cao.,https://audio.tudienkala.com/data/cache/images/300x225/t/a/tall2.jpg,https://audio.tudienkala.com/audio/t/a/tall.mp3
138,team,/tiːm/,n,đội,The team is not playing very well this season.,Đội chơi không được tốt vào mùa này.,https://audio.tudienkala.com/data/cache/images/300x225/t/e/team1.jpg,https://audio.tudienkala.com/audio/t/e/team.mp3
138,test,/test/,v,"kiểm tra, thử nghiệm","Children are tested on core subjects at ages 7, 11 and 14.","Trẻ em được thử nghiệm trên các môn học chính ở các độ tuổi 7, 11 và 14.",https://audio.tudienkala.com/data/cache/images/300x225/t/e/test1.png,https://audio.tudienkala.com/audio/t/e/test.mp3
138,text,/tekst/,n,"văn bản, nội dung",My job is to lay out the text and graphics on the page.,Công việc của tôi là đưa ra các văn bản và hình ảnh trên trang.,https://audio.tudienkala.com/data/cache/images/300x225/t/e/text2.png,https://audio.tudienkala.com/audio/t/e/text.mp3
138,theatre,/ˈθɪətər/,n,nhà hát,How often do you go to the theatre?,Bạn có thường đi đến nhà hát?,https://audio.tudienkala.com/data/cache/images/300x225/t/h/theatre2.jpg,https://audio.tudienkala.com/audio/t/h/theatre.mp3
138,thick,/θɪk/,adj,dày,That's a thick book.,Đó là một cuốn sách dày.,https://audio.tudienkala.com/data/cache/images/300x225/t/h/thick1.jpg,https://audio.tudienkala.com/audio/t/h/thick.mp3
138,thin,/θin/,adj,"gầy, mỏng",My father is very thin.,Cha tôi là rất gầy.,https://audio.tudienkala.com/data/cache/images/300x225/t/h/thin1.jpg,https://audio.tudienkala.com/audio/t/h/thin.mp3
138,thirsty,/ˈθɜːrsti/,adj,khát,He is very thirsty.,Anh ấy rất khát nước.,https://audio.tudienkala.com/data/cache/images/300x225/t/h/thirsty1.jpg,https://audio.tudienkala.com/audio/t/h/thirsty.mp3
138,ticket,/ˈtɪkɪt/,n,vé,Where's the ticket office?,Phòng bán vé ở đâu?,https://audio.tudienkala.com/data/cache/images/300x225/t/i/ticket1.jpg,https://audio.tudienkala.com/audio/t/i/ticket.mp3
138,time,/taim/,n,thời gian,What time do you get up?,Mấy giờ bạn thức dậy?,https://audio.tudienkala.com/data/cache/images/300x225/t/i/time2.jpg,https://audio.tudienkala.com/audio/t/i/time-l6.mp3
138,timetable,/'taɪmteɪbl/,n,thời khóa biểu,This is a new timetable.,Đây là thời khóa biểu mới.,https://audio.tudienkala.com/data/cache/images/300x225/t/i/timetable-l61.png,https://audio.tudienkala.com/audio/t/i/timetable-l6.mp3
138,tired,/'taɪəd/,adj,mệt,He is very tired.,Anh ấy rất mệt mỏi.,https://audio.tudienkala.com/data/cache/images/300x225/t/i/tired1.jpg,https://audio.tudienkala.com/audio/t/i/tired.mp3
138,today,/tə'deɪ/,n,hôm nay,I visit my grandfather today.,Tôi đến thăm ông nội của tôi ngày hôm nay.,https://audio.tudienkala.com/data/cache/images/300x225/t/o/today-l61.jpg,https://audio.tudienkala.com/audio/t/o/today-l6.mp3
138,town,/taʊn/,n,"phố, thị trấn",My grandparents live in a small town.,Ông bà của tôi sống ở một thị trấn nhỏ.,https://audio.tudienkala.com/data/cache/images/300x225/t/o/town1.jpg,https://audio.tudienkala.com/audio/t/o/town.mp3
138,train,/treɪn/,n,tàu hỏa,We love travelling by train.,Chúng tôi thích đi du lịch bằng tàu hỏa.,https://audio.tudienkala.com/data/cache/images/300x225/t/r/train2.jpg,https://audio.tudienkala.com/audio/t/r/train.mp3
138,truck,/trʌk/,n,xe tải,My uncle has a truck.,Chú tôi có một chiếc xe tải.,https://audio.tudienkala.com/data/cache/images/300x225/t/r/truck1.png,https://audio.tudienkala.com/audio/t/r/truck.mp3
138,underwear,/ˈʌndəweər/,n,quần áo lót,She packed one change of underwear.,Cô ta gói ghém một số quần áo lót để thay.,https://audio.tudienkala.com/data/cache/images/300x225/u/n/underwear1.png,https://audio.tudienkala.com/audio/u/n/underwear.mp3
138,university,/juːnɪˈvəːsɪti/,n,đại học,Is there a university in this town?,Có một trường đại học ở thị trấn này phải không?,https://audio.tudienkala.com/data/cache/images/300x225/u/n/university1.jpg,https://audio.tudienkala.com/audio/u/n/university.mp3
138,vegetable,/ˈvedʒtəbl/,n,rau quả,You should eat more vegetable.,Bạn nên ăn rau nhiều hơn.,https://audio.tudienkala.com/data/cache/images/300x225/v/e/vegetable1.png,https://audio.tudienkala.com/audio/v/e/vegetable.mp3
138,village,/ˈvɪlɪdʒ/,n,làng,My village is very far from the town.,Làng tôi ở rất xa thị trấn.,https://audio.tudienkala.com/data/cache/images/300x225/v/i/village1.png,https://audio.tudienkala.com/audio/v/i/village.mp3
138,visitor,/ˈvɪzɪtər/,n,khách đến thăm,How can we attract more visitors to our website?,Làm thế nào chúng ta có thể thu hút nhiều khách đến thăm website ?,https://audio.tudienkala.com/data/cache/images/300x225/v/i/visitor2.gif,https://audio.tudienkala.com/audio/v/i/visitor.mp3
138,volume,/ˈvɒljuːm/,n,"âm lượng, lượng, khối lượng",Please turn up the volume.,Cảm phiền chỉnh lớn âm lượng.,https://audio.tudienkala.com/data/cache/images/300x225/v/o/volume1.jpg,https://audio.tudienkala.com/audio/v/o/volume.mp3
138,walk,/wɔ:k/,v,đi bộ,I often walk to school.,Tôi thường đi bộ đến trường.,https://audio.tudienkala.com/data/cache/images/300x225/w/a/walk2.jpg,https://audio.tudienkala.com/audio/w/a/walk.mp3
138,wallet,/ˈwɑːlɪt/,n,ví (thường dùng cho nam giới),Do you see my wallet anywhere?,Cậu có nhìn thấy cái ví của mình đâu không?,https://audio.tudienkala.com/data/cache/images/300x225/w/a/wallet1.png,https://audio.tudienkala.com/audio/w/a/wallet.mp3
138,war,/wɔːr/,n,chiến tranh,Her husband was killed during the war.,Chồng cô ta đã chết trong chiến tranh.,https://audio.tudienkala.com/data/cache/images/300x225/w/a/war1.png,https://audio.tudienkala.com/audio/w/a/war.mp3
138,warm,/wɔːrm/,adj,"ấm, ấm áp",It’s warm today.,Thời tiết ấm ngày hôm nay.,https://audio.tudienkala.com/data/cache/images/300x225/w/a/warm1.png,https://audio.tudienkala.com/audio/w/a/warm.mp3
138,wedding,/ˈwedɪŋ/,n,lễ cưới,I received a wedding invitation from Mandy.,Tôi nhận được một lời mời đám cưới từ Mandy.,https://audio.tudienkala.com/data/cache/images/300x225/w/e/wedding1.png,https://audio.tudienkala.com/audio/w/e/wedding.mp3
138,week,/wi:k/,n,tuần lễ,Each week has seven days.,Mỗi tuần có bảy ngày.,https://audio.tudienkala.com/data/cache/images/300x225/w/e/week1.png,https://audio.tudienkala.com/audio/w/e/week-l6.mp3
138,weekend,/ˌwiːkˈend/,n,ngày cuối tuần,What will you do this weekend?,Bạn sẽ làm gì vào cuối tuần này?,https://audio.tudienkala.com/data/images_example/300x225/w/h/what_will__ex1_5824288d7f8b9a9f078b45b7.png,https://audio.tudienkala.com/audio/w/e/weekend-l6.mp3
138,west,/west/,n,phía Tây,The sun sets in the west.,Mặt trời lặn ở hướng Tây.,https://audio.tudienkala.com/data/cache/images/300x225/w/e/west1.png,https://audio.tudienkala.com/audio/w/e/west.mp3
138,wind,/wɪnd/,n,gió,There is a strong wind blowing.,Có một cơn gió thổi mạnh.,https://audio.tudienkala.com/data/cache/images/300x225/w/i/wind1.jpg,https://audio.tudienkala.com/audio/w/i/wind.mp3
138,wine,/wain/,n,rượu,My father sometimes drinks wine.,Cha tôi đôi khi uống rượu.,https://audio.tudienkala.com/data/cache/images/300x225/w/i/wine1.png,https://audio.tudienkala.com/audio/w/i/wine.mp3
138,winner,/ˈwɪnə/,n,người thắng cuộc,Johnson rode his 48th winner of the year.,Johnson giành chiến thắng lần thứ 48 của mình trong năm.,https://audio.tudienkala.com/data/cache/images/300x225/w/i/winner1.jpg,https://audio.tudienkala.com/audio/w/i/winner.mp3
138,woman,/ˈwʊmən/,n,phụ nữ,She's a sensitive woman.,Cô ấy là một người phụ nữ nhạy cảm.,https://audio.tudienkala.com/data/cache/images/300x225/w/o/woman1.jpg,https://audio.tudienkala.com/audio/w/o/woman.mp3
138,word,/wɜ:rd/,n,"chữ, lời nói, lời (nhận xét, tuyên bố..)",I could hear every word they were saying.,Tôi đã nghe mọi lời nói mà họ đã nói.,https://audio.tudienkala.com/data/cache/images/300x225/w/o/word1.png,https://audio.tudienkala.com/audio/w/o/word.mp3
138,writer,/ˈraɪtər/,n,nhà văn,He is a thriller writer.,Ông ta là một nhà văn viết truyện ly kỳ đấy.,https://audio.tudienkala.com/data/cache/images/300x225/w/r/writer1.jpg,https://audio.tudienkala.com/audio/w/r/writer.mp3
138,yesterday,/ˈjɛstədeɪ/,adv,ngày hôm qua,Where did you go yesterday?,Con đi đâu vào ngày hôm qua?,https://audio.tudienkala.com/data/cache/images/300x225/y/e/yesterday2.jpg,https://audio.tudienkala.com/audio/y/e/yesterday.mp3
138,young,/jʌŋ/,adj,trẻ,We are still young.,Chúng ta vẫn còn trẻ.,https://audio.tudienkala.com/data/images_example/300x225/t/h/the_night__ex2_5624becf7f8b9ac7111963d7.jpg,https://audio.tudienkala.com/audio/y/o/young.mp3
139,adult,/ˈædʌlt/,n,"người lớn, người đã trưởng thành",Each adult has to pay ten dollars to enter the museum.,Mỗi người lớn phải trả mười đô la để vào bảo tàng.,https://audio.tudienkala.com/data/cache/images/300x225/a/d/adult1.jpg,https://audio.tudienkala.com/audio/a/d/adult.mp3
139,age,/eɪdʒ/,n,tuổi,He left school at the age of 18.,Anh ta bỏ học ở tuổi 18.,https://audio.tudienkala.com/data/cache/images/300x225/a/g/age1.png,https://audio.tudienkala.com/audio/a/g/age.mp3
139,ago,/əˈɡəʊ/,adv,"trước đây, trước (thì quá khứ đơn)",She was here just a minute ago.,Cô ấy vừa ở đây mới một phút trước.,https://audio.tudienkala.com/data/cache/images/300x225/a/g/ago2.jpg,https://audio.tudienkala.com/audio/a/g/ago.mp3
139,agree,/əˈɡri/,v,"đồng ý, bằng lòng",He agreed to let me go early.,Anh ta đồng ý để tôi đi sớm.,https://audio.tudienkala.com/data/cache/images/300x225/a/g/agree1.jpg,https://audio.tudienkala.com/audio/a/g/agree.mp3
139,angry,/ˈæŋɡri/,adj,giận dữ,Please don't be angry with me.,Xin đừng giận tôi.,https://audio.tudienkala.com/data/cache/images/300x225/a/n/angry1.png,https://audio.tudienkala.com/audio/a/n/angry.mp3
139,animal,/ˈænɪml/,n,"động vật, con vật",There are many kinds of animals in this zoo.,Có rất nhiều loại động vật trong vườn thú này.,https://audio.tudienkala.com/data/cache/images/300x225/a/n/animal1.jpg,https://audio.tudienkala.com/audio/a/n/animal.mp3
139,answer,/ˈɑːnsər/,v,trả lời,Here is my answer to your question.,Đây là câu trả lời của tôi cho câu hỏi của bạn.,https://audio.tudienkala.com/data/cache/images/300x225/a/n/answer2.jpg,https://audio.tudienkala.com/audio/a/n/answer.mp3
139,area,/ˈeəriə/,n,khu vực,All areas of the country will have some rain tonight.,Tất cả các khu vực cả nước sẽ có mưa tối nay.,https://audio.tudienkala.com/data/cache/images/300x225/a/r/area1.jpeg,https://audio.tudienkala.com/audio/a/r/area.mp3
139,art,/ɑːt/,n,mỹ thuật,Her performance displayed great art.,Màn biểu diễn của cô ấy rất nghệ thuật.,https://audio.tudienkala.com/data/cache/images/300x225/a/r/art1.jpg,https://audio.tudienkala.com/audio/a/r/art.mp3
139,ask,/ɑːsk/,v,hỏi,You have to ask permission to go out.,Em phải xin phép khi đi ra ngoài.,https://audio.tudienkala.com/data/cache/images/300x225/a/s/ask1.jpg,https://audio.tudienkala.com/audio/a/s/ask.mp3
139,author,/ˈɔːθər/,n,tác giả,He is the author of two books on French history.,Anh ấy là tác giả của 2 cuốn sách về lịch sử của Pháp.,https://audio.tudienkala.com/data/cache/images/300x225/a/u/author1.jpg,https://audio.tudienkala.com/audio/a/u/author.mp3
139,awful,/ˈɔːfl/,adj,"tồi tệ, kinh khủng",Is that food awful?,Món ăn đó khó ăn lắm hả?,https://audio.tudienkala.com/data/images_example/300x225/i/s/is_that_fo_ex1_56248cf37f8b9af80c011de9.jpg,https://audio.tudienkala.com/audio/a/w/awful.mp3
139,balloon,/bəˈluːn/,n,"khinh khí cầu, bóng bay",He wants to cross the Pacific by balloon.,Ông muốn vượt qua Thái Bình Dương bằng khinh khí cầu.,https://audio.tudienkala.com/data/cache/images/300x225/b/a/balloon1.png,https://audio.tudienkala.com/audio/b/a/balloon.mp3
139,battery,/ˈbæt(ə)ri/,n,"ắc quy, pin",Please charge the battery; it is very low now.,Hãy sạc pin; nó rất thấp hiện nay.,https://audio.tudienkala.com/data/cache/images/300x225/b/a/battery1.png,https://audio.tudienkala.com/audio/b/a/battery.mp3
139,beard,/bɪəd/,n,râu quai nón,He has decided to grow a beard and a moustache.,Ông ta đã quyết định để râu và ria mép.,https://audio.tudienkala.com/data/cache/images/300x225/b/e/beard1.png,https://audio.tudienkala.com/audio/b/e/beard.mp3
139,become,/bɪˈkʌm/,v,"trở nên, trở thành",He is becoming unreliable.,Anh ta đang trở nên không đáng tin cậy.,https://audio.tudienkala.com/data/images_example/300x225/h/e/he_is_beco_ex1_587728f27f8b9a5f308b465a.jpg,https://audio.tudienkala.com/audio/b/e/become.mp3
139,bill,/bɪl/,n,hóa đơn,The bill for their meal came to £17.,Hóa đơn cho bữa ăn của họ đến £ 17.,https://audio.tudienkala.com/data/cache/images/300x225/b/i/bill1.jpg,https://audio.tudienkala.com/audio/b/i/bill.mp3
139,biology,/baɪˈɒlədʒi/,n,môn sinh học,What day do you have biology?,Ngày nào bạn có môn Sinh học?,https://audio.tudienkala.com/data/cache/images/300x225/b/i/biology-l61.jpg,https://audio.tudienkala.com/audio/b/i/biology-l6.mp3
139,blood,/blʌd/,n,máu,Donating blood is a very good action.,Hiến máu là một hành động rất tốt đẹp.,https://audio.tudienkala.com/data/cache/images/300x225/b/l/blood1.png,https://audio.tudienkala.com/audio/b/l/blood.mp3
139,blow,/bləʊ/,v,thổi,Will you stop blowing smoke in my face?,Bạn sẽ ngừng nhả khói vào mặt tôi được không?,https://audio.tudienkala.com/data/images_example/300x225/h/e/he_drew_on_ex2_5877280c7f8b9a0d308b46a3.jpg,https://audio.tudienkala.com/audio/b/l/blow.mp3
139,book,/buk/,n,"sách, quyển sách",My book is thick. Your book is thin.,Quyển sách của tôi dày. Quyển sách của bạn mỏng.,https://audio.tudienkala.com/data/images_example/300x225/m/y/my_book_is_ex1_56248ced7f8b9af60c142ca3.jpg,https://audio.tudienkala.com/audio/b/o/book-l6n.mp3
139,boss,/bɒs/,n,chủ,I like being my own boss.,Tôi thích là ông chủ của riêng tôi.,https://audio.tudienkala.com/data/cache/images/300x225/b/o/boss1.png,https://audio.tudienkala.com/audio/b/o/boss.mp3
139,bring,/briɳ/,v,mang,You should bring the umbrella in case it rains.,Bạn nên mang theo chiếc ô trong trường hợp trời mưa.,https://audio.tudienkala.com/data/images_example/300x225/y/o/you_should_ex1_56248cef7f8b9af60c14329b.jpg,https://audio.tudienkala.com/audio/b/r/bring.mp3
139,brush,/brʌʃ/,v,"đánh, chải (răng)",Do you brush your teeth every day?,Bạn có đánh răng mỗi ngày không?,https://audio.tudienkala.com/data/cache/images/300x225/b/r/brush-l61.jpg,https://audio.tudienkala.com/audio/b/r/brush-l6.mp3
139,build,/bild/,v,xây dựng,They decided to build Tan Ky House in Hoi An two centuries ago.,Hai thế kỉ trước họ quyết định xây dựng nhà Tấn Ký tại Hội An.,https://audio.tudienkala.com/data/cache/images/300x225/b/u/build1.jpg,https://audio.tudienkala.com/audio/b/u/build.mp3
139,bulb,/bʌlb/,n,bóng đèn,The bulb in the kitchen needs to be changed.,Bóng đèn trong nhà bếp cần phải được thay.,https://audio.tudienkala.com/data/cache/images/300x225/b/u/bulb1.png,https://audio.tudienkala.com/audio/b/u/bulb.mp3
139,button,/ˈbʌtən/,n,nút (áo quần),A button is missing on your blouse.,Một hạt nút trên áo blu của bạn đã bị sút.,https://audio.tudienkala.com/data/images_example/300x225/a/_/a_button_i_ex2_5877292b7f8b9a6c308b45c9.jpg,https://audio.tudienkala.com/audio/b/u/button.mp3
139,buy,/baɪ/,v,mua,Where did you buy that dress?,Bạn đã mua chiếc áo đó ở đâu?,https://audio.tudienkala.com/data/images_example/300x225/w/h/where_did__ex1_587726bf7f8b9ae72f8b4577.jpg,https://audio.tudienkala.com/audio/b/u/buy.mp3
139,cancel,/ˈkans(ə)l/,v,hủy bỏ,The wedding was cancelled at the last minute.,Đám cưới đã bị hủy bỏ vào phút chót.,https://audio.tudienkala.com/data/cache/images/300x225/c/a/cancel1.jpg,https://audio.tudienkala.com/audio/c/a/cancel.mp3
139,capital,/'kæpɪtl/,n,thủ đô,Paris is the capital of France.,Paris là thủ đô của Pháp.,https://audio.tudienkala.com/data/cache/images/300x225/c/a/capital1.jpeg,https://audio.tudienkala.com/audio/c/a/capital.mp3
139,carry,/ˈkæri/,v,"mang, vác, chở, ẳm",The injured were carried away on stretchers.,Những người bị thương đã được mang đi trên cáng.,https://audio.tudienkala.com/data/cache/images/300x225/c/a/carry1.jpg,https://audio.tudienkala.com/audio/c/a/carry.mp3
139,cash,/kæʃ/,n,tiền mặt,The thieves stole £500 in cash.,Những tên trộm đã đánh cắp £ 500 tiền mặt.,https://audio.tudienkala.com/data/cache/images/300x225/c/a/cash1.png,https://audio.tudienkala.com/audio/c/a/cash.mp3
139,centre,/ˈsentər/,n,trung tâm,People flock to the city centre every day.,Mọi người đổ xô đến các trung tâm thành phố mỗi ngày.,https://audio.tudienkala.com/data/images_example/300x225/p/e/people_flo_ex1_587729537f8b9a6c308b469e.jpg,https://audio.tudienkala.com/audio/c/e/centre.mp3
139,change,/tʃeinʤ/,v,thay đổi,You will never improve if you don't change your negative attitude.,Bạn sẽ không bao giờ cải thiện nếu bạn không thay đổi thái độ tiêu cực của bạn.,https://audio.tudienkala.com/data/cache/images/300x225/c/h/change1.jpg,https://audio.tudienkala.com/audio/c/h/change.mp3
139,cigarette,/ˌsɪɡərˈet/,n,thuốc lá,He swore to renounce cigarette.,Anh ta đã thề là sẽ bỏ thuốc lá.,https://audio.tudienkala.com/data/cache/images/300x225/c/i/cigarette2.jpg,https://audio.tudienkala.com/audio/c/i/cigarette.mp3
139,clean,/kliːn/,v,lau chùi,The villa is cleaned twice a week.,Căn biệt thự được làm sạch hai lần một tuần.,https://audio.tudienkala.com/data/cache/images/300x225/c/l/clean1.png,https://audio.tudienkala.com/audio/c/l/clean.mp3
139,clear,/klɪər/,v,"dọn, dọn dẹp",It's your turn to clear the table.,Đến lượt em dọn bàn đấy.,https://audio.tudienkala.com/data/cache/images/300x225/c/l/clear1.jpg,https://audio.tudienkala.com/audio/c/l/clear.mp3
139,client,/'klaiənt/,n,"khách, khách hàng","We must provide excellent services for our clients, otherwise we will lose them to our competition.","Chúng ta phải cung cấp các dịch vụ xuất sắc cho khách hàng của mình, bằng không chúng ta sẽ để mất họ vào tay đối thủ.",https://audio.tudienkala.com/data/cache/images/300x225/c/l/client1.jpg,https://audio.tudienkala.com/audio/c/l/client.mp3
139,climb,/klʌɪm/,v,leo trèo,The car slowly climbed the hill.,Chiếc xe từ từ leo lên đồi.,https://audio.tudienkala.com/data/images_example/300x225/t/h/the_car_sl_ex2_5852236a7f8b9a2f088b4590.jpg,https://audio.tudienkala.com/audio/c/l/climb.mp3
139,close,/kləʊz/,v,đóng lại,These shops close at 10 o'clock every evening.,Những cửa hàng này đóng cửa lúc 10 giờ mỗi tối.,https://audio.tudienkala.com/data/cache/images/300x225/c/l/close-l61.jpg,https://audio.tudienkala.com/audio/c/l/close.mp3
139,clothes,/kləʊ(ð)z/,n,trang phục,They 're wearing identical clothes.,Chúng mặc quần áo giống hệt nhau.,https://audio.tudienkala.com/data/cache/images/300x225/c/l/clothes1.jpg,https://audio.tudienkala.com/audio/c/l/clothes.mp3
139,coast,/kəʊst/,n,bờ biển,Do you want to explore the coast by boat?,Bạn có muốn khám phá bờ biển bằng thuyền không?,https://audio.tudienkala.com/data/cache/images/300x225/c/o/coast1.png,https://audio.tudienkala.com/audio/c/o/coast.mp3
139,collect,/kə'lekt/,v,"thu nhặt, sưu tập",I often collect stamps.,Tôi thường sưu tập tem.,https://audio.tudienkala.com/data/cache/images/300x225/c/o/collect1.jpg,https://audio.tudienkala.com/audio/c/o/collect.mp3
139,college,/ˈkɒlɪdʒ/,n,đại học,She's at college.,Cô ấy học trường đại học.,https://audio.tudienkala.com/data/cache/images/300x225/c/o/college1.jpg,https://audio.tudienkala.com/audio/c/o/college.mp3
139,comb,/kəʊm/,v,chải tóc,My daughter can never comb her hair properly.,Con gái tôi không bao giờ có thể chải tóc của mình đúng cách.,https://audio.tudienkala.com/data/cache/images/300x225/c/o/comb1.jpg,https://audio.tudienkala.com/audio/c/o/comb.mp3
139,come,/kʌm/,v,"đến, tới",They're going to come to stay for a week.,Họ sẽ đến để ở lại trong một tuần.,https://audio.tudienkala.com/data/cache/images/300x225/c/o/come1.jpeg,https://audio.tudienkala.com/audio/c/o/come.mp3
139,comment,/ˈkɒment/,n,"lời phê bình, lời nhận xét",His critical comments have contributed to my success.,Lời phê bình của ông đã góp phần vào thành công của tôi.,https://audio.tudienkala.com/data/cache/images/300x225/c/o/comment1.jpg,https://audio.tudienkala.com/audio/c/o/comment.mp3
139,company,/ˈkʌmpəni/,n,công ty,She joined the company in 2009.,Cô ấy gia nhập công ty vào năm 2009.,https://audio.tudienkala.com/data/cache/images/300x225/c/o/company1.png,https://audio.tudienkala.com/audio/c/o/company.mp3
139,connect,/kəˈnekt/,v,Kết nối,The towns are connected by train and bus services.,Các thị trấn được kết nối với nhau bởi các dịch vụ tàu lửa và xe buýt.,https://audio.tudienkala.com/data/cache/images/300x225/c/o/connect1.jpg,https://audio.tudienkala.com/audio/c/o/connect.mp3
139,contain,/kənˈteɪn/,v,"chứa, bao gồm",This drink doesn’t contain any alcohol.,Thức uống này không có chứa cồn.,https://audio.tudienkala.com/data/cache/images/300x225/c/o/contain1.png,https://audio.tudienkala.com/audio/c/o/contain.mp3
140,contest,/ˈkɒntest/,n,cuộc thi,He won second place in the singing contest last year.,Anh ấy đã giành giải Nhì trong cuộc thi ca hát đó vào năm ngoái.,https://audio.tudienkala.com/data/cache/images/300x225/c/o/contest1.png,https://audio.tudienkala.com/audio/c/o/contest.mp3
140,control,/kən'troul/,v,"điều khiển, chỉ đạo",His every action is controlled by the manager.,Mọi hành động của anh ta đều do giám đốc chỉ đạo.,https://audio.tudienkala.com/data/cache/images/300x225/c/o/control1.png,https://audio.tudienkala.com/audio/c/o/control.mp3
140,cough,/kɒf/,v,ho,He caught a cold and has been coughing for three days.,Anh bị cảm lạnh và ho trong ba ngày.,https://audio.tudienkala.com/data/cache/images/300x225/c/o/cough1.png,https://audio.tudienkala.com/audio/c/o/cough.mp3
140,country,/'kʌntri/,n,"đất nước, quốc gia, miền quê, nông thôn",Each country has its own flag.,Mỗi quốc gia có lá cờ riêng.,https://audio.tudienkala.com/data/cache/images/300x225/c/o/country-l61.jpg,https://audio.tudienkala.com/audio/c/o/country-l6.mp3
140,countryside,/ˈkʌntrɪsaɪd/,n,nông thôn,The air in the countryside is fresher than the air in cities.,Không khí ở vùng nông thôn trong lành hơn không khí ở thành phố.,https://audio.tudienkala.com/data/cache/images/300x225/c/o/countryside2.jpg,https://audio.tudienkala.com/audio/c/o/countryside.mp3
140,court,/kɔːt/,n,tòa án,Her lawyer made a statement outside the court.,Luật sư của cô ấy đã phát biểu bên ngoài tòa án.,https://audio.tudienkala.com/data/cache/images/300x225/c/o/court2.jpg,https://audio.tudienkala.com/audio/c/o/court.mp3
140,cry,/kraɪ/,v,"kêu, la, hét",I cry hopelessly.,Tô kêu khóc trong tuyệt vọng.,https://audio.tudienkala.com/data/cache/images/300x225/c/r/cry2.jpg,https://audio.tudienkala.com/audio/c/r/cry.mp3
140,cut,/kʌt/,v,"đốn, cắt, chặt",He cuts my hair.,Ông ấy cắt tóc tôi.,https://audio.tudienkala.com/data/cache/images/300x225/c/u/cut1.jpg,https://audio.tudienkala.com/audio/c/u/cut.mp3
140,dance,/dɑːns/,v,"nhảy, khiêu vũ",He asked me to dance.,Ông ấy yêu cầu tôi nhảy múa.,https://audio.tudienkala.com/data/cache/images/300x225/d/a/dance1.png,https://audio.tudienkala.com/audio/d/a/dance.mp3
140,dark,/dɑːk/,adj,tối,It was dark outside and I couldn't see much.,Ngoài trời rất tối và tôi không thấy gì cả.,https://audio.tudienkala.com/data/cache/images/300x225/d/a/dark1.jpg,https://audio.tudienkala.com/audio/d/a/dark.mp3
140,deep,/di:p/,adj,sâu,The lake was deep and cold.,Cái hồ thì sâu và lạnh.,https://audio.tudienkala.com/data/cache/images/300x225/d/e/deep1.jpg,https://audio.tudienkala.com/audio/d/e/deep.mp3
140,design,/dɪˈzaɪn/,n,"kiểu dáng, thiết kế",This dress has a beautiful design.,Trang phục này có một thiết kế đẹp.,https://audio.tudienkala.com/data/images_example/300x225/t/h/this_dress_ex1_56248d007f8b9afc0c298055.jpg,https://audio.tudienkala.com/audio/d/e/design.mp3
140,diary,/'daɪəri/,n,nhật ký,I have a small diary.,Tôi có một cuốn nhật ký nhỏ.,https://audio.tudienkala.com/data/cache/images/300x225/d/i/diary1.jpg,https://audio.tudienkala.com/audio/d/i/diary.mp3
140,die,/daɪ/,v,"chết, qua đời",At least they died happy.,Ít nhất là họ đã chết trong hạnh phúc.,https://audio.tudienkala.com/data/cache/images/300x225/d/i/die1.png,https://audio.tudienkala.com/audio/d/i/die.mp3
140,dirty,/ˈdɜːti/,adj,"bẩn, bẩn thỉu, dơ bẩn",Their clothes are so dirty.,Quần áo của họ bẩn quá.,https://audio.tudienkala.com/data/images_example/300x225/t/h/their_clot_ex1_5624becf7f8b9ac711196272.png,https://audio.tudienkala.com/audio/d/i/dirty.mp3
140,discount,/dɪsˈkaʊnt/,v,"giảm, bớt, giảm giá, chiết khấu, khấu trừ",Products are discounted deeply on the Black Friday.,Nhiều sản phẩm đã được giảm giá mạnh vào ngày thứ Sáu Đen.,https://audio.tudienkala.com/data/images_example/300x225/p/r/products_a_ex1_56248cfb7f8b9afa0cb17d78.png,https://audio.tudienkala.com/audio/d/i/discount-v.mp3
140,dish,/dɪʃ/,n,món ăn,What is your favorite dish?,Món ăn yêu thích của bạn là gì?,https://audio.tudienkala.com/data/images_example/300x225/w/h/what_is_yo_ex1_56248cf57f8b9af80c012219.jpg,https://audio.tudienkala.com/audio/d/i/dish.mp3
140,document,/ˈdɒkjʊmənt/,n,văn bản,This is the document for the new project.,Đây là văn bản cho dự án mới.,https://audio.tudienkala.com/data/cache/images/300x225/d/o/document1.jpg,https://audio.tudienkala.com/audio/d/o/document.mp3
140,drama,/ˈdrɑmə/,n,"kịch, phim nhiều tập",She's been in several television dramas.,Cô ấy đã xuất hiện trong một số bộ phim truyền hình dài tập.,https://audio.tudienkala.com/data/cache/images/300x225/d/r/drama1.jpg,https://audio.tudienkala.com/audio/d/r/drama.mp3
140,draw,/drɔː/,v,vẽ,He is only three years old but he can draw a chicken.,Cậu bé chỉ mới ba tuổi thôi nhưng có thể vẽ được con gà.,https://audio.tudienkala.com/data/cache/images/300x225/d/r/draw-l61.jpg,https://audio.tudienkala.com/audio/d/r/draw-l6.mp3
140,dream,/driːm/,n,mơ,Anh ta muốn trở nên giàu có nhưng đó là một giấc mơ không thể.,,https://audio.tudienkala.com/data/cache/images/300x225/d/r/dream1.png,https://audio.tudienkala.com/audio/d/r/dream.mp3
140,drink,/driŋk/,n,thức uống,This drink is good for your health.,Thức uống này tốt cho sức khỏe của bạn.,https://audio.tudienkala.com/data/cache/images/300x225/d/r/drink1.jpg,https://audio.tudienkala.com/audio/d/r/drink.mp3
140,drive,/draɪv/,v,lái xe (ô tô),Can you drive?,Bạn có thể lái xe không?,https://audio.tudienkala.com/data/cache/images/300x225/d/r/drive1.jpg,https://audio.tudienkala.com/audio/d/r/drive.mp3
140,dry,/drai/,adj,khô,It's cold and dry.,Trời lạnh và khô.,https://audio.tudienkala.com/data/cache/images/300x225/d/r/dry1.png,https://audio.tudienkala.com/audio/d/r/dry.mp3
140,earth,/ɜːθ/,n,thế giới; trái đất,The earth revolves around the sun.,Trái đất xoay quanh mặt trời.,https://audio.tudienkala.com/data/cache/images/300x225/e/a/earth2.jpg,https://audio.tudienkala.com/audio/e/a/earth.mp3
140,elevator,/ˈelɪveɪtər/,n,thang máy,"It's on the fifth floor, so we'd better take the elevator.","Nó ở trên tầng thứ năm, vì vậy chúng ta nên đi thang máy.",https://audio.tudienkala.com/data/cache/images/300x225/e/l/elevator1.png,https://audio.tudienkala.com/audio/e/l/elevator.mp3
140,essay,/ˈeseɪ/,n,bài tiểu luận,I want you to write an essay on endangered species.,Thầy muốn em viết một bài luận về các loài vật có nguy cơ bị tuyệt chủng.,https://audio.tudienkala.com/data/cache/images/300x225/e/s/essay1.jpg,https://audio.tudienkala.com/audio/e/s/essay.mp3
140,event,/ɪˈvent/,n,sự kiện,What is the event in the Sports programme today?,Sự kiện trong chương trình thể thao hôm nay là gì?,https://audio.tudienkala.com/data/images_example/300x225/w/h/what_is_th_ex1_56248cf47f8b9af80c011f5d.png,https://audio.tudienkala.com/audio/e/v/event.mp3
140,examination,/ɪɡˌzæmɪˈneɪʃn/,n,kỳ thi,They are trying their best to get ready for the examination.,Họ đang cố gắng hết sức mình để sẵn sàng cho kỳ thi.,https://audio.tudienkala.com/data/cache/images/300x225/e/x/examination1.jpg,https://audio.tudienkala.com/audio/e/x/examination.mp3
140,expensive,/ɪkˈspɛnsɪv/,adj,đắt,This cell phone is expensive.,Chiếc điện thoại di động này rất đắt.,https://audio.tudienkala.com/data/cache/images/300x225/e/x/expensive11.jpg,https://audio.tudienkala.com/audio/e/x/expensive1.mp3
140,false,/fɔ:ls/,adj,"giả, sai",This piece of information is false.,Thông tin này là sai.,https://audio.tudienkala.com/data/cache/images/300x225/f/a/false1.jpg,https://audio.tudienkala.com/audio/f/a/false.mp3
140,fashion,/ˈfæʃn/,adj,"thời trang, mốt",The museum's classical architecture has never gone out of fashion.,Kiến trúc cổ điển của viện bảo tàng không bao giờ lỗi thời.,https://audio.tudienkala.com/data/cache/images/300x225/f/a/fashion1.png,https://audio.tudienkala.com/audio/f/a/fashion.mp3
140,feel,/fi:l/,v,cảm thấy,Do you feel cold?,Bạn có cảm thấy lạnh không?,https://audio.tudienkala.com/data/cache/images/300x225/f/e/feel1.jpg,https://audio.tudienkala.com/audio/f/e/feel.mp3
140,file,/fail/,v,"sắp xếp, sắp đặt",to file a claim / complaint / petition / lawsuit (How to File a Lawsuit),nộp đơn yêu cầu / khiếu nại / kiến nghị / kiện (Cách Nộp một vụ kiện),https://audio.tudienkala.com/data/cache/images/300x225/f/i/file2.png,https://audio.tudienkala.com/audio/f/i/file.mp3
140,find,/faɪnd/,v,tìm kiếm,We've found a great new restaurant near the office.,Chúng tôi đã tìm thấy một nhà hàng mới tuyệt vời gần văn phòng.,https://audio.tudienkala.com/data/cache/images/300x225/f/i/find2.png,https://audio.tudienkala.com/audio/f/i/find.mp3
140,fit,/fɪt/,v,"hợp, vừa",This skirt does not fit me.,Chiếc váy này không phù hợp với tôi.,https://audio.tudienkala.com/data/cache/images/300x225/f/i/fit1.jpg,https://audio.tudienkala.com/audio/f/i/fit.mp3
140,flag,/'flæg/,n,cờ,This is the Vietnamese flag.,Đây là cờ Việt nam.,https://audio.tudienkala.com/data/images_example/300x225/t/h/this_is_th_ex1_56248cf57f8b9af80c0122a9.jpg,https://audio.tudienkala.com/audio/f/l/flag.mp3
140,flash,/flaʃ/,n,đèn nháy,an electronic flash,đèn nháy điện tử,https://audio.tudienkala.com/data/cache/images/300x225/f/l/flash1.jpg,https://audio.tudienkala.com/audio/f/l/flash.mp3
140,flood,/flʌd/,n,trận lụt,"Last winter, the town suffered the worst flood in fifty years.","Mùa đông năm ngoái, thị trấn đã hứng chịu trận lụt nghiêm trọng nhất trong vòng năm mươi năm trở lại đây.",https://audio.tudienkala.com/data/cache/images/300x225/f/l/flood1.png,https://audio.tudienkala.com/audio/f/l/flood.mp3
140,flu,/fluː/,n,"cúm, bệnh cúm",The whole family has the flu.,Cả nhà đều bị cúm.,https://audio.tudienkala.com/data/cache/images/300x225/f/l/flu1.png,https://audio.tudienkala.com/audio/f/l/flu.mp3
140,fly,/flʌɪ/,n,con ruồi,I hate fly.,Tôi ghét ruồi.,https://audio.tudienkala.com/data/cache/images/300x225/f/l/fly1.jpg,https://audio.tudienkala.com/audio/f/l/fly.mp3
140,follow,/ˈfɒləʊ/,v,"đi theo, theo sau",He followed her into the house.,Anh ta đã đi theo cô ấy vào nhà.,https://audio.tudienkala.com/data/cache/images/300x225/f/o/follow1.png,https://audio.tudienkala.com/audio/f/o/follow.mp3
140,foolish,/ˈfuːlɪʃ/,adj,"dại dột, ngu xuẩn",I was foolish enough to believe what Jeff told me.,Tôi đã rất ngu ngốc khi tin vào những gì Jeff nói với tôi.,https://audio.tudienkala.com/data/cache/images/300x225/f/o/foolish1.png,https://audio.tudienkala.com/audio/f/o/foolish.mp3
140,fresh,/frɛʃ/,adj,mùi tươi mới,Are oranges fresh?,Cam có tươi không?,https://audio.tudienkala.com/data/cache/images/300x225/f/r/fresh1.png,https://audio.tudienkala.com/audio/f/r/fresh.mp3
140,fry,/frʌɪ/,v,"rán, chiên",You have to fry the pork joints in the oil until golden brown.,Bạn phải chiên những miếng thịt heo trong dầu cho đến khi có màu nâu vàng.,https://audio.tudienkala.com/data/cache/images/300x225/f/r/fry1.jpg,https://audio.tudienkala.com/audio/f/r/fry.mp3
140,garbage,/ˈɡɑːbɪdʒ/,n,rác,Don't throw garbage into the river.,Đừng vứt rác xuống sông.,https://audio.tudienkala.com/data/cache/images/300x225/g/a/garbage1.png,https://audio.tudienkala.com/audio/g/a/garbage.mp3
140,gate,/ɡeɪt/,n,cổng,He pushed open the garden gate.,Ông ấy đẩy mở cánh cổng vườn.,https://audio.tudienkala.com/data/cache/images/300x225/g/a/gate2.jpg,https://audio.tudienkala.com/audio/g/a/gate.mp3
140,gentleman,/ˈdʒentlmən/,n,"người đàn ông phong nhã, quý phái",This gentleman is famous for his wealth.,Quý ông này nổi tiếng vì sự giàu có của mình.,https://audio.tudienkala.com/data/cache/images/300x225/g/e/gentleman2.jpg,https://audio.tudienkala.com/audio/g/e/gentleman.mp3
140,geography,/dʒiˈɒɡrəfi/,n,môn điạ lý,We know more about the countries through geography.,Chúng tôi biết nhiều hơn về các quốc gia thông qua môn Địa lý.,https://audio.tudienkala.com/data/cache/images/300x225/g/e/geography-l61.jpg,https://audio.tudienkala.com/audio/g/e/geography-l6.mp3
140,gift,/gift/,n,quà,Thank you for your generous gift.,Cảm ơn món quà hào phóng của bạn.,https://audio.tudienkala.com/data/cache/images/300x225/g/i/gift1.png,https://audio.tudienkala.com/audio/g/i/gift.mp3
141,glad,/ɡlad/,adj,vui,She was glad when the meeting was over.,Cô ấy rất vui khi cuộc họp kết thúc.,https://audio.tudienkala.com/data/cache/images/300x225/g/l/glad2.jpg,https://audio.tudienkala.com/audio/g/l/glad.mp3
141,glass,/ɡlɑːs/,n,thủy tinh,I prefer to refill water in glass bottles.,Tôi thích đổ nước vào chai thủy tinh hơn.,https://audio.tudienkala.com/data/cache/images/300x225/g/l/glass-1.jpg,https://audio.tudienkala.com/audio/g/l/glass.mp3
141,go,/gəʊ/,v,đi,I go to school by bus.,Tôi đi tới trường bằng xe buýt.,https://audio.tudienkala.com/data/images_example/300x225/i/_/i_go_to_sc_ex1_5823f6217f8b9aa0078b45ab.png,https://audio.tudienkala.com/audio/g/o/go-l6.mp3
141,great,/greɪt/,adj,tuyệt vời,She's really great.,Cô ấy thực sự tuyệt vời.,https://audio.tudienkala.com/data/cache/images/300x225/g/r/great1.png,https://audio.tudienkala.com/audio/g/r/great.mp3
141,guess,/ges/,v,phỏng đoán,"I didn't know the answer, so I had to guess.","Tôi không biết câu trả lời, vì vậy tôi đã phải đoán.",https://audio.tudienkala.com/data/cache/images/300x225/g/u/guess1.jpg,https://audio.tudienkala.com/audio/g/u/guess.mp3
141,guest,/gest/,n,"khách khứa, khách mời",I have two guests coming to dinner tonight.,Tôi có hai khách đến ăn tối đêm nay.,https://audio.tudienkala.com/data/cache/images/300x225/g/u/guest1.jpg,https://audio.tudienkala.com/audio/g/u/guest.mp3
141,hate,/heɪt/,v,"ghét, không thích",I hate eating carrots most.,Tôi ghét nhất là ăn cà rốt.,https://audio.tudienkala.com/data/cache/images/300x225/h/a/hate1.jpg,https://audio.tudienkala.com/audio/h/a/hate.mp3
141,hear,/hɪər/,v,nghe,Didn't you hear what I said? I can't hear very well.,Bạn có nghe thấy những gì tôi nói không? Tôi không thể nghe thấy tốt.,https://audio.tudienkala.com/data/cache/images/300x225/h/e/hear2.jpg,https://audio.tudienkala.com/audio/h/e/hear.mp3
141,heavy,/'hevi/,adj,nặng,This bag is very heavy.,Túi này là rất nặng nề.,https://audio.tudienkala.com/data/cache/images/300x225/h/e/heavy1.jpg,https://audio.tudienkala.com/audio/h/e/heavy.mp3
141,hero,/ˈhɪərəʊ/,n,anh hùng,One of the country’s national heroes.,Một trong những anh hùng dân tộc của đất nước,https://audio.tudienkala.com/data/cache/images/300x225/h/e/hero1.jpg,https://audio.tudienkala.com/audio/h/e/hero.mp3
141,history,/ˈhɪstri/,n,"môn Lịch sử, lịch sử",My mother is a history teacher.,Mẹ tớ là giáo viên dạy Lịch sử.,https://audio.tudienkala.com/data/cache/images/300x225/h/i/history-l61.jpg,https://audio.tudienkala.com/audio/h/i/history-l6.mp3
141,holiday,/ˈhɒlɪdeɪ/,n,ngày lễ,We're enjoying our holiday.,Chúng tôi đang hưởng thụ kỳ nghỉ của mình.,https://audio.tudienkala.com/data/cache/images/300x225/h/o/holiday1.jpg,https://audio.tudienkala.com/audio/h/o/holiday.mp3
141,hug,/hʌg/,v,ôm chặt,People kissed and hugged each other.,Mọi người hôn và ôm chầm lấy nhau.,https://audio.tudienkala.com/data/cache/images/300x225/h/u/hug1.jpg,https://audio.tudienkala.com/audio/h/u/hug.mp3
141,idea,/aɪˈdiːə/,n,ý tưởng,That's a good idea.,Đó là một ý kiến hay.,https://audio.tudienkala.com/data/cache/images/300x225/i/d/idea1.jpg,https://audio.tudienkala.com/audio/i/d/idea.mp3
141,ill,/il/,adj,"Đau yếu, ốm",She was taken ill suddenly.,Đột nhiên cô ấy bị ốm.,https://audio.tudienkala.com/data/cache/images/300x225/i/l/ill1.jpg,https://audio.tudienkala.com/audio/i/l/ill.mp3
141,insert,/ɪnˈsɜːt/,v,"chèn vào, cho vào",You have to insert the key into the lock.,Bạn phải tra chìa khóa vào ổ khóa.,https://audio.tudienkala.com/data/cache/images/300x225/i/n/insert1.jpg,https://audio.tudienkala.com/audio/i/n/insert.mp3
141,inside,/ɪnˈsaɪd/,adv,bên trong,She opened the gift box and saw a nice watch inside.,Cô mở hộp quà và thấy một chiếc đồng hồ đẹp bên trong.,https://audio.tudienkala.com/data/cache/images/300x225/i/n/inside2.jpg,https://audio.tudienkala.com/audio/i/n/inside.mp3
141,install,/ɪnˈstɔːl/,v,"lắp đặt, cài đặt",A fire extinguisher is being installed in this house.,Bình chữa cháy đang được cài đặt trong ngôi nhà này.,https://audio.tudienkala.com/data/images_example/300x225/a/_/a_fire_ext_ex1_56248cfc7f8b9afa0cb17ff0.png,https://audio.tudienkala.com/audio/i/n/install.mp3
141,invent,/ɪnˈvent/,v,"phát minh, sáng chế",Who invented the steam engine?,Ai phát minh ra động cơ hơi nước?,https://audio.tudienkala.com/data/cache/images/300x225/i/n/invent2.jpg,https://audio.tudienkala.com/audio/i/n/invent.mp3
141,iron,/aɪən/,v,là (quần áo),Can you help me iron this shirt?,Em giúp anh là cái áo này được không?,https://audio.tudienkala.com/data/cache/images/300x225/i/r/iron1.jpg,https://audio.tudienkala.com/audio/i/r/iron.mp3
141,join,/dʒɔɪn/,v,tham gia,I'm sure everyone will join me in wishing you a very happy birthday.,Tôi chắc chắn rằng tất cả mọi người sẽ cùng tớ gửi tới cậu lời chúc mừng sinh nhật thật hạnh phúc.,https://audio.tudienkala.com/data/cache/images/300x225/j/o/join1.png,https://audio.tudienkala.com/audio/j/o/join.mp3
141,jump,/ʤʌmp/,v,"nhảy, cú nhảy",She jumped down from the chair.,Cô ấy đã nhảy xuống từ chiếc ghế.,https://audio.tudienkala.com/data/cache/images/300x225/j/u/jump1.png,https://audio.tudienkala.com/audio/j/u/jump.mp3
141,kick,/kɪk/,v,đá,She was punched and kicked by her attackers.,Cô ấy đã bị đấm và đá bởi những kẻ tấn công cô.,https://audio.tudienkala.com/data/cache/images/300x225/k/i/kick2.jpg,https://audio.tudienkala.com/audio/k/i/kick.mp3
141,kill,/kɪl/,v,giết chết,My mother will kill me when she finds out.,Mẹ tôi sẽ giết tôi khi bà phát hiện ra.,https://audio.tudienkala.com/data/cache/images/300x225/k/i/kill2.jpg,https://audio.tudienkala.com/audio/k/i/kill.mp3
141,kiss,/kɪs/,v,hôn,He lifted the trophy up and kissed it.,Ông ấy nâng chiếc cúp lên và hôn lên nó.,https://audio.tudienkala.com/data/images_example/300x225/h/e/he_lifted__ex2_5877276d7f8b9af52f8b466c.jpg,https://audio.tudienkala.com/audio/k/i/kiss.mp3
141,know,/nəʊ/,v,biết,I know where he is hiding.,Tôi biết nơi ông ta đang trốn.,https://audio.tudienkala.com/data/images_example/300x225/i/_/i_knew_whe_ex2_587729297f8b9a6c308b45bb.jpg,https://audio.tudienkala.com/audio/k/n/know.mp3
141,lady,/ˈleɪdi/,n,"cô gái, quý bà (đặc biệt người lớn tuổi, cách nói lịch sự)","They call Thatcher ""The iron lady"".","Họ gọi Thatcher là ""Người phụ nữ sắt"".",https://audio.tudienkala.com/data/images_example/300x225/t/h/they_call__ex1_5877291f7f8b9a6c308b457d.jpg,https://audio.tudienkala.com/audio/l/a/lady.mp3
141,large,/lɑːdʒ/,adj,rộng,A large proportion of old people live alone.,Một tỷ lệ lớn người già sống một mình.,https://audio.tudienkala.com/data/cache/images/300x225/l/a/large1.png,https://audio.tudienkala.com/audio/l/a/large.mp3
141,laugh,/lɑ:f/,n,tiếng cười (cười lớn),"She gave a loud, silly laugh.",Cô đã cười lớn và ngớ ngẩn.,https://audio.tudienkala.com/data/cache/images/300x225/l/a/laugh1.jpg,https://audio.tudienkala.com/audio/l/a/laugh.mp3
141,law,/lɔː/,n,luật,A new law was passed to make divorce easier and simpler.,Một luật mới đã được thông qua giúp cho việc li hôn dễ dàng và đơn giản hơn.,https://audio.tudienkala.com/data/cache/images/300x225/l/a/law1.png,https://audio.tudienkala.com/audio/l/a/law.mp3
141,learn,/ lə:n/,v,"học, nghiên cứu",She is learning to play the piano.,Cô ấy đang học chơi piano.,https://audio.tudienkala.com/data/images_example/300x225/s/h/she_is_lea_ex1_5812ba777f8b9a24318b45bb.jpg,https://audio.tudienkala.com/audio/l/e/learn.mp3
141,left,/left/,n,bên trái,The bookstore is to the left of our school.,Cửa hàng sách bên trái của trường chúng tôi.,https://audio.tudienkala.com/data/cache/images/300x225/l/e/left1.jpg,https://audio.tudienkala.com/audio/l/e/left.mp3
141,life,/laif/,n,cuộc sống,My life is colourful.,Cuộc sống của tôi nhiều màu sắc.,https://audio.tudienkala.com/data/cache/images/300x225/l/i/life1.jpg,https://audio.tudienkala.com/audio/l/i/life.mp3
141,light,/lʌɪt/,adj,sáng sủa,The bedrooms are light and airy.,Các phòng ngủ sáng sủa và thoáng mát.,https://audio.tudienkala.com/data/images_example/300x225/t/h/the_bedroo_ex2_582c2b4f7f8b9aa1078b466e.jpeg,https://audio.tudienkala.com/audio/l/i/light.mp3
141,list,/list/,n,danh sách,I have to buy the food on the list.,Tôi phải mua thực phẩm trong danh sách.,https://audio.tudienkala.com/data/cache/images/300x225/l/i/list1.jpg,https://audio.tudienkala.com/audio/l/i/list.mp3
141,listen,/ˈlɪsn/,v,nghe,Most young people like listening to pop music.,Hầu hết những người trẻ thích nghe nhạc Pop.,https://audio.tudienkala.com/data/cache/images/300x225/l/i/listen1.png,https://audio.tudienkala.com/audio/l/i/listen.mp3
141,literature,/ˈlɪtrətʃər/,n,văn học,I've read all the available literature.,Tôi đã đọc hết những cuốn văn học này.,https://audio.tudienkala.com/data/cache/images/300x225/l/i/literature2.jpg,https://audio.tudienkala.com/audio/l/i/literature.mp3
141,live,/lɪv/,v,"sống, sinh sống",My parents live in New York.,Ba mẹ tôi sống tại New York.,https://audio.tudienkala.com/data/cache/images/300x225/l/i/live-l61.jpg,https://audio.tudienkala.com/audio/l/i/live-l6.mp3
141,look,/lʊk/,v,nhìn,If you look carefully you can just see our house from here.,"Nếu bạn nhìn kỹ, bạn chỉ có thể nhìn thấy ngôi nhà của chúng tôi từ đây.",https://audio.tudienkala.com/data/cache/images/300x225/l/o/look2.jpg,https://audio.tudienkala.com/audio/l/o/look.mp3
141,love,/lʌv/,v,yêu,I love to go out dancing.,Tôi thích đi nhảy.,https://audio.tudienkala.com/data/images_example/300x225/i/_/i_love_to__ex1_56248cee7f8b9af60c142eef.jpg,https://audio.tudienkala.com/audio/l/o/love.mp3
141,low,/ləʊ/,adj,thấp,We like low temperature,Chúng tôi thích nhiệt độ thấp.,https://audio.tudienkala.com/data/images_example/300x225/w/e/we_like_lo_ex2_5624becf7f8b9ac7111962e1.jpg,https://audio.tudienkala.com/audio/l/o/low.mp3
141,lucky,/ˈlʌki/,adj,may mắn,You were lucky (that) you spotted the danger in time.,Bạn đã may mắn phát hiện ra mối nguy hiểm kịp thời.,https://audio.tudienkala.com/data/cache/images/300x225/l/u/lucky2.jpg,https://audio.tudienkala.com/audio/l/u/lucky.mp3
141,machine,/məˈʃiːn/,n,"máy, máy móc",The machine doesn't work.,Cái máy không hoạt động.,https://audio.tudienkala.com/data/cache/images/300x225/m/a/machine2.jpg,https://audio.tudienkala.com/audio/m/a/machine.mp3
141,make,/meɪk/,v,"tạo ra, làm ra",They make wine from grapes.,Họ làm rượu từ nho.,https://audio.tudienkala.com/data/images_example/300x225/w/i/wine_is_ma_ex2_5877288b7f8b9a41308b45d7.jpg,https://audio.tudienkala.com/audio/m/a/make.mp3
141,make-up,/ˈmeɪkʌp/,n,đồ trang điểm,She never wears make-up.,Cô ấy không bao giờ dùng đồ trang điểm.,https://audio.tudienkala.com/data/cache/images/300x225/m/a/make-up_-1.jpg,https://audio.tudienkala.com/audio/m/a/make-up_-.mp3
141,manager,/ˈmænɪdʒər/,n,giám đốc,He's the manager.,Ông ấy là quản lý.,https://audio.tudienkala.com/data/cache/images/300x225/m/a/manager1.png,https://audio.tudienkala.com/audio/m/a/manager.mp3
141,match,/mætʃ/,v,"ghép, nối",You need to match the following words with their Vietnamese meanings.,Bạn cần nối các từ sau với nghĩa tiếng Việt của chúng.,https://audio.tudienkala.com/data/cache/images/300x225/m/a/match-l61.jpg,https://audio.tudienkala.com/audio/m/a/match-l6.mp3
141,mathematics,/mæθəmˈætɪks/,n,toán học,"Well, mathematics is my favourite subject.","Ồ, Toán học là môn học tôi thích nhất.",https://audio.tudienkala.com/data/cache/images/300x225/m/a/mathematics1.png,https://audio.tudienkala.com/audio/m/a/mathematics.mp3
141,medicine,/ˈmɛds(ə)n/,n,thuốc,Did you take your medicine?,Bạn đã uống thuốc chưa?,https://audio.tudienkala.com/data/cache/images/300x225/m/e/medicine1.png,https://audio.tudienkala.com/audio/m/e/medicine.mp3
141,meet,/miːt/,v,"gặp, gặp mặt",They arranged to meet up this afternoon.,Họ đã sắp xếp để gặp chiều nay.,https://audio.tudienkala.com/data/cache/images/300x225/m/e/meet1.jpg,https://audio.tudienkala.com/audio/m/e/meet.mp3
142,mix,/miks/,"n,v","(n.) hỗn hợp; (v.) hợp vào, trộn lẫn",The mix of bright colors on the plate was very pleasing.,Sự pha trộn các màu sáng ở trên đĩa thì rất thú vị.,https://audio.tudienkala.com/data/images_example/300x225/t/h/the_mix_of_ex1_56248d167f8b9a040dc660ec.jpg,https://audio.tudienkala.com/audio/m/i/mix.mp3
142,model,/ˈmɒdl/,n,"mô hình, mẫu",We would like to have a look at model 321A.,Chúng tôi muốn xem mô hình 321A.,https://audio.tudienkala.com/data/images_example/300x225/w/e/we_would_l_ex1_56248cf47f8b9af80c011fe9.png,https://audio.tudienkala.com/audio/m/o/model.mp3
142,move,/muːv/,n,sự di chuyển,Don’t make a move!,Đừng di chuyển!,https://audio.tudienkala.com/data/images_example/300x225/d/o/dont_make__ex1_56248cee7f8b9af60c142fa7.png,https://audio.tudienkala.com/audio/m/o/move.mp3
142,news,/nuːz̩/,n,tin tức,I've got some good news for you.,Tôi có một số tin tốt cho bạn.,https://audio.tudienkala.com/data/cache/images/300x225/n/e/news1.png,https://audio.tudienkala.com/audio/n/e/news.mp3
142,noisy,/ˈnɔɪzi/,adj,ồn ào,The streets here are noisy until midnight.,Những con phố ở đây ồn ào đến tận nửa đêm.,https://audio.tudienkala.com/data/images_example/300x225/t/h/the_street_ex1_56248cee7f8b9af60c142faf.png,https://audio.tudienkala.com/audio/n/o/noisy.mp3
142,novel,/ˈnɑːvl/,n,"truyện, tiểu thuyết",His latest novel is selling really well.,Cuốn tiểu thuyết mới nhất của ông đang bán rất chạy.,https://audio.tudienkala.com/data/cache/images/300x225/n/o/novel1.jpg,https://audio.tudienkala.com/audio/n/o/novel.mp3
142,open,/ˈəʊpən/,v,mở,These shops open at 8 o'clock every morning.,Những cửa hàng này mở cửa lúc 8 giờ mỗi sáng.,https://audio.tudienkala.com/data/cache/images/300x225/o/p/open-l61.jpg,https://audio.tudienkala.com/audio/o/p/open-l6.mp3
142,packet,/ˈpækɪt/,n,"gói nhỏ, hộp nhỏ",This packet of cigarettes is very expensive.,Gói thuốc lá này rất tốn kém.,https://audio.tudienkala.com/data/cache/images/300x225/p/a/packet1.jpg,https://audio.tudienkala.com/audio/p/a/packet.mp3
142,paint,/peɪnt/,v,sơn,We painted the kitchen yellow.,Chúng tôi đã sơn cái bếp màu vàng.,https://audio.tudienkala.com/data/images_example/300x225/w/e/we_painted_ex1_56248cf47f8b9af80c011ff5.png,https://audio.tudienkala.com/audio/p/a/paint.mp3
142,part,/pa:t/,n,"phần, bộ phận",I was part of the family.,Tôi là một phần của gia đình.,https://audio.tudienkala.com/data/images_example/300x225/i/_/i_was_part_ex1_5624becf7f8b9ac711196326.png,https://audio.tudienkala.com/audio/p/a/part.mp3
142,passport,/ˈpɑːspɔːt/,n,hộ chiếu,This passport is expired.,Hộ chiếu này quá hạn rồi.,https://audio.tudienkala.com/data/cache/images/300x225/p/a/passport1.jpg,https://audio.tudienkala.com/audio/p/a/passport.mp3
142,pause,/pɑːz/,n,"sự tạm nghỉ, ngưng",There was a long pause before she answered.,Một khoảng lặng rất lâu trước khi cô trả lời.,https://audio.tudienkala.com/data/cache/images/300x225/p/a/pause2.jpg,https://audio.tudienkala.com/audio/p/a/pause.mp3
142,pay,/peɪ/,v,"trả, đưa",They pay me $100 a day.,Họ trả tôi 100 đô la một ngày.,https://audio.tudienkala.com/data/images_example/300x225/i/m/im_paid_10_ex1_58258c347f8b9aa1078b45dc.jpg,https://audio.tudienkala.com/audio/p/a/pay.mp3
142,peaceful,/ˈpiːsfəl/,adj,"yên bình, thanh bình",Iceland is considered as the most peaceful country in the world.,Iceland được xem là quốc gia yên bình nhất trên thế giới.,https://audio.tudienkala.com/data/cache/images/300x225/p/e/peaceful1.png,https://audio.tudienkala.com/audio/p/e/peaceful.mp3
142,period,/ˈpɪəriəd/,n,tiết học,We have six periods of science a week.,Chúng tớ có 6 tiết học khoa học mỗi tuần.,https://audio.tudienkala.com/data/cache/images/300x225/p/e/period1.jpg,https://audio.tudienkala.com/audio/p/e/period.mp3
142,petrol,/ˈpetrəl/,n,xăng dầu,So petrol is highly combustible.,Vậy xăng dầu rất dễ bắt lửa.,https://audio.tudienkala.com/data/cache/images/300x225/p/e/petrol2.jpg,https://audio.tudienkala.com/audio/p/e/petrol.mp3
142,phone,/fəʊn/,v,điện thoại,"He phoned home, but there was no reply.","Ông gọi điện về nhà, nhưng không có ai trả lời.",https://audio.tudienkala.com/data/images_example/300x225/h/e/he_phoned__ex2_5624bed07f8b9ac711196500.jpg,https://audio.tudienkala.com/audio/p/h/phone.mp3
142,place,/pleɪs/,n,nơi chốn,There are many beautiful places in Hanoi.,Có rất nhiều địa điểm đẹp ở Hà Nội.,https://audio.tudienkala.com/data/cache/images/300x225/p/l/place1.jpg,https://audio.tudienkala.com/audio/p/l/place.mp3
142,plan,/plæn/,n,"kế hoạch, dự án",Do you have any plans for the summer?,Bạn có kế hoạch nào cho mùa hè không?,https://audio.tudienkala.com/data/cache/images/300x225/p/l/plan1.jpg,https://audio.tudienkala.com/audio/p/l/plan.mp3
142,play,/pleɪ/,v,chơi,All kids like playing.,Tất cả trẻ con đều thích chơi.,https://audio.tudienkala.com/data/cache/images/300x225/p/l/play-l61.jpg,https://audio.tudienkala.com/audio/p/l/play.mp3
142,pocket,/ˈpɒkɪt/,n,"túi, bọc",I put the note in my pocket.,Tôi đặt tờ ghi chú trong túi của tôi.,https://audio.tudienkala.com/data/cache/images/300x225/p/o/pocket2.jpg,https://audio.tudienkala.com/audio/p/o/pocket.mp3
142,present,/pri'zent/,v,"đưa ra, bày tỏ, giới thiệu",He presented the report to his colleagues at the meeting.,Anh ta đã trình bày bản báo cáo của mình với đồng nghiệp ở cuộc họp.,https://audio.tudienkala.com/data/images_example/300x225/h/e/he_present_ex1_56248cf47f8b9af80c011f8d.jpg,https://audio.tudienkala.com/audio/p/r/present.mp3
142,price,/praɪs/,n,giá tiền,I'm only buying it if it's the right price.,Tôi chỉ mua nó nếu nó có giá hợp lí.,https://audio.tudienkala.com/data/cache/images/300x225/p/r/price1.jpg,https://audio.tudienkala.com/audio/p/r/price.mp3
142,pull,/pul/,v,kéo,The cow has to pull the cart.,Con bò phải kéo xe.,https://audio.tudienkala.com/data/cache/images/300x225/p/u/pull1.jpg,https://audio.tudienkala.com/audio/p/u/pull.mp3
142,push,/pʊʃ/,v,đẩy,I pushed the door open.,Tôi đẩy cánh cửa mở.,https://audio.tudienkala.com/data/cache/images/300x225/p/u/push2.jpg,https://audio.tudienkala.com/audio/p/u/push.mp3
142,put,/pʊt/,v,"đặt, để, cho vào",Did you put sugar in my coffee?,Bạn đã bỏ đường vào cà phê của tôi phải không?,https://audio.tudienkala.com/data/images_example/300x225/d/i/did_you_pu_ex2_587728827f8b9a41308b45a1.jpeg,https://audio.tudienkala.com/audio/p/u/put.mp3
142,quiet,/ˈkwaɪət/,adj,"yên lặng, yên tĩnh, êm ả",Nick likes living in the rural areas because they are usually quiet and peaceful.,Nick thích sống ở các vùng nông thôn vì chúng thường yên tĩnh và thanh bình.,https://audio.tudienkala.com/data/cache/images/300x225/q/u/quiet1.jpg,https://audio.tudienkala.com/audio/q/u/quiet.mp3
142,quite,/kwaɪt/,adv,"tương đối, khá",I'm quite tired but I can still finish the homework.,Tôi khá là mệt nhưng tôi vẫn có thể hoàn thành bài tập về nhà.,https://audio.tudienkala.com/data/images_example/300x225/i/m/im_quite_t_ex1_56248cf47f8b9af80c012065.jpg,https://audio.tudienkala.com/audio/q/u/quite.mp3
142,read,/riːd/,v,đọc,I read every day.,Tôi đọc mỗi ngày.,https://audio.tudienkala.com/data/cache/images/300x225/r/e/read-l61.jpg,https://audio.tudienkala.com/audio/r/e/read-l6.mp3
142,ready,/ˈredi/,adj,sẵn sàng,I'm not sure if Karen is ready for marriage yet.,Tôi không chắc chắn Karen đã sẵn sàng cho cuộc hôn nhân chưa.,https://audio.tudienkala.com/data/cache/images/300x225/r/e/ready2.jpg,https://audio.tudienkala.com/audio/r/e/ready.mp3
142,really,/ˈrɪəli/,adv,thực sự,I can't believe I am really going to meet the princess.,Tôi không thể tin rằng tôi đang thực sự đi gặp công chúa.,https://audio.tudienkala.com/data/cache/images/300x225/r/e/really1.jpg,https://audio.tudienkala.com/audio/r/e/really.mp3
142,receive,/rɪˈsiːv/,v,nhận,She received her prize from the manager.,Cô ấy đã nhận giải thưởng của cô ấy từ người quản lý.,https://audio.tudienkala.com/data/cache/images/300x225/r/e/receive1.png,https://audio.tudienkala.com/audio/r/e/receive.mp3
142,record,/´rekərd/,n,"hồ sơ, sổ sách, biên bản",You should keep a record of your expenses.,Bạn nên lưu trữ lại hồ sơ lưu trữ chi phí khám bệnh của bạn.,https://audio.tudienkala.com/data/images_example/300x225/y/o/you_should_ex1_56248cf57f8b9af80c0121ad.jpg,https://audio.tudienkala.com/audio/r/e/record.mp3
142,refrigerator,/rɪˈfrɪdʒəreɪtə/,n,tủ lạnh,Put the vegetables in the refrigerator.,Đặt các loại rau vào trong tủ lạnh.,https://audio.tudienkala.com/data/cache/images/300x225/r/e/refrigerator1.jpg,https://audio.tudienkala.com/audio/r/e/refrigerator.mp3
142,register,/'redʤistə/,v,đăng ký,You can register this mail for an additional $2.2.,Anh ấy có thể gửi đảm bảo thư này với một khoản 2.2 đô-la phí bổ sung.,https://audio.tudienkala.com/data/cache/images/300x225/r/e/register1.jpg,https://audio.tudienkala.com/audio/r/e/register.mp3
142,relationship,/rɪˈleɪʃənʃɪp/,n,"mối quan hệ, mối liên hệ",She has a good relationship with every student in her class.,Cô ấy có mối quan hệ tốt với mọi học sinh trong lớp.,https://audio.tudienkala.com/data/cache/images/300x225/r/e/relationship2.jpg,https://audio.tudienkala.com/audio/r/e/relationship.mp3
142,relax,/rɪˈlæks/,v,thư giãn,Just relax and enjoy the vacation.,Hãy thư giãn và thưởng thức kỳ nghỉ.,https://audio.tudienkala.com/data/cache/images/300x225/r/e/relax1.png,https://audio.tudienkala.com/audio/r/e/relax.mp3
142,remember,/ri'membə/,v,"nhớ, ghi nhớ",Please remember to turn off the light before you go home.,Hãy nhớ tắt đèn trước khi bạn về nhà.,https://audio.tudienkala.com/data/images_example/300x225/p/l/please_rem_ex1_56248ced7f8b9af60c142c87.jpeg,https://audio.tudienkala.com/audio/r/e/remember.mp3
142,remove,/rɪˈmuːv/,v,loại bỏ,The ringing bells can remove people's bad actions from the previous year.,Những chiếc chuông kêu có thể xóa bỏ những việc làm xấu của con người trong năm cũ.,https://audio.tudienkala.com/data/images_example/300x225/t/h/the_ringin_ex1_56248cfc7f8b9afa0cb1806c.jpg,https://audio.tudienkala.com/audio/r/e/remove.mp3
142,rent,/rent/,v,thuê,They have to rent a house.,Họ phải thuê một căn nhà.,https://audio.tudienkala.com/data/cache/images/300x225/r/e/rent1.jpg,https://audio.tudienkala.com/audio/r/e/rent.mp3
142,repeat,/rɪˈpiːt/,v,nhắc lại,"Could you repeat the question, please?",Cảm phiền bạn lặp lại câu hỏi?,https://audio.tudienkala.com/data/cache/images/300x225/r/e/repeat-l61.jpg,https://audio.tudienkala.com/audio/r/e/repeat.mp3
142,replace,/ri'pleis/,v,thay thế,My father replaced the old plug with a new one.,Ba tôi thay thế cái nắp cũ bằng cái mới.,https://audio.tudienkala.com/data/cache/images/300x225/r/e/replace1.png,https://audio.tudienkala.com/audio/r/e/replace.mp3
142,reply,/rɪˈplaɪ/,v,"trả lời, đáp lại",I will reply as soon as possible.,Tôi sẽ trả lời sớm nhất có thể.,https://audio.tudienkala.com/data/cache/images/300x225/r/e/reply1.jpg,https://audio.tudienkala.com/audio/r/e/reply.mp3
142,report,/rɪˈpɔːt/,v,"báo cáo, tường thuật",The company is expected to report record profits this year.,Công ty dự kiến ​​sẽ báo cáo lợi nhuận kỷ lục trong năm nay.,https://audio.tudienkala.com/data/cache/images/300x225/r/e/report2.jpg,https://audio.tudienkala.com/audio/r/e/report.mp3
142,retired,/rɪˈtaɪəd/,adj,nghỉ hưu,Dad is retired now.,"Hiện nay, cha tôi đã nghỉ hưu.",https://audio.tudienkala.com/data/cache/images/300x225/r/e/retired2.jpg,https://audio.tudienkala.com/audio/r/e/retired.mp3
142,ride,/rʌɪd/,v,"đi (xe), cưỡi (ngựa,…)",I often ride the bicycle to work as a kind of physical exercise.,Tôi thường đạp xe đạp đi làm như một cách tập thể dục.,https://audio.tudienkala.com/data/cache/images/300x225/r/i/ride1.png,https://audio.tudienkala.com/audio/r/i/ride.mp3
142,right,/raɪt/,n,bên phải,My bag is on your right.,Túi của tôi là ở bên phải của bạn.,https://audio.tudienkala.com/data/cache/images/300x225/r/i/right1.jpg,https://audio.tudienkala.com/audio/r/i/right.mp3
142,round,/raʊnd/,adj,tròn,There is a round table in the living room.,Có một cái bàn tròn trong phòng khách.,https://audio.tudienkala.com/data/cache/images/300x225/r/o/round2.jpg,https://audio.tudienkala.com/audio/r/o/round.mp3
142,run,/rʌn/,v,"chạy, vận hành","As long as the computer is running, you can keep adding new data.","Trong khi máy tính đang chạy, bạn có thể thực hiện việc bổ sung thêm dữ liệu mới.",https://audio.tudienkala.com/data/cache/images/300x225/r/u/run1.png,https://audio.tudienkala.com/audio/r/u/run.mp3
142,sale,/seɪl/,n,"đợt bán hàng, giảm giá",She gets 10% commission on each sale.,Cô ấy nhận được 10% hoa hồng trên mỗi lần bán hàng.,https://audio.tudienkala.com/data/cache/images/300x225/s/a/sale11.jpg,https://audio.tudienkala.com/audio/s/a/sale1.mp3
143,salt,/sɒlt/,n,muối,What happens when you add too much salt?,Chuyện gì sẽ xảy ra khi bạn thêm quá nhiều muối?,https://audio.tudienkala.com/data/cache/images/300x225/s/a/salt1.png,https://audio.tudienkala.com/audio/s/a/salt.mp3
143,sample,/ˈsæmpl/,n,"mẫu, mẫu vật",It is necessary to give the students some samples.,Việc cung cấp cho sinh viên một số mẫu là cần thiết.,https://audio.tudienkala.com/data/cache/images/300x225/s/a/sample1.jpg,https://audio.tudienkala.com/audio/s/a/sample.mp3
143,sand,/sand/,n,cát,They mix sand and cement to make mortar.,Họ trộn cát và xi măng để làm vữa.,https://audio.tudienkala.com/data/images_example/300x225/t/h/they_mix_s_ex1_56248d017f8b9afc0c298295.jpg,https://audio.tudienkala.com/audio/s/a/sand.mp3
143,say,/seɪ/,v,nói ( cái gì),He always says that he is busy.,Anh ấy luôn nói anh ấy bận.,https://audio.tudienkala.com/data/cache/images/300x225/s/a/say-l61.jpg,https://audio.tudienkala.com/audio/s/a/say-l6.mp3
143,science,/saɪəns/,n,"khoa học, môn Khoa học",I like science so much.,Tớ rất thích khoa học.,https://audio.tudienkala.com/data/cache/images/300x225/s/c/science2.jpg,https://audio.tudienkala.com/audio/s/c/science.mp3
143,scissors,/ˈsɪzəz/,n,cái kéo,What are the scissors for?,Cái kéo này để làm gì thế?,https://audio.tudienkala.com/data/cache/images/300x225/s/c/scissors1.png,https://audio.tudienkala.com/audio/s/c/scissors.mp3
143,scream,/skri:m/,v,"kêu thét, la hét",Passengers screamed when the car crashed into a motorbike.,Hành khách la hét khi chiếc ô tô đâm sầm vào chiếc xe máy.,https://audio.tudienkala.com/data/cache/images/300x225/s/c/scream1.jpg,https://audio.tudienkala.com/audio/s/c/scream.mp3
143,screen,/skriːn,v,"sàng, lọc (hồ sơ xin việc)",Government employees may be screened by the security services.,Nhân viên chính phủ có thể được kiểm tra bởi các dịch vụ an ninh.,https://audio.tudienkala.com/data/images_example/300x225/g/o/government_ex2_587726677f8b9acf2f8b45a8.png,https://audio.tudienkala.com/audio/s/c/screen.mp3
143,search,/sə:tʃ/,n,"cuộc tìm kiếm, thăm dò",Our search of the database produced very little information.,Việc tìm kiếm trong cơ sở dữ liệu của chúng tôi đã đem lại rất ít thông tin.,https://audio.tudienkala.com/data/cache/images/300x225/s/e/search1.png,https://audio.tudienkala.com/audio/s/e/search.mp3
143,second,/ˈsekənd /,ordinal no,"thứ hai, thứ nhì",My birthday is on the second of June.,Sinh nhật tôi vào ngày hai tháng sáu.,https://audio.tudienkala.com/data/cache/images/300x225/s/e/second2.png,https://audio.tudienkala.com/audio/s/e/second-l6.mp3
143,secret,/ˈsiːkrət/,n,bí mật,The location of the ship is a closely guarded secret.,Các vị trí của con tàu là một bí mật được bảo vệ chặt chẽ.,https://audio.tudienkala.com/data/cache/images/300x225/s/e/secret1.jpg,https://audio.tudienkala.com/audio/s/e/secret.mp3
143,see,/siː/,v,nhìn,She looked for him but couldn't see him in the crowd.,Cô ấy tìm anh nhưng không thể nhìn thấy anh trong đám đông.,https://audio.tudienkala.com/data/cache/images/300x225/s/e/see1.png,https://audio.tudienkala.com/audio/s/e/see.mp3
143,select,/si'lekt/,v,"chọn lựa, chọn lọc",They were selected to match her clothes.,Chúng đã được chọn để hợp với trang phục của cô ấy.,https://audio.tudienkala.com/data/cache/images/300x225/s/e/select1.png,https://audio.tudienkala.com/audio/s/e/select.mp3
143,sell,/sel/,v,bán,I plan to sell my car to James for £800.,Tôi định bán xe của tôi cho James với giá 800 Bảng.,https://audio.tudienkala.com/data/cache/images/300x225/s/e/sell2.jpg,https://audio.tudienkala.com/audio/s/e/sell.mp3
143,send,/send/,v,gửi đi,We are sending you flowers for your birthday.,Chúng tôi sẽ gửi cho bạn bó hoa cho ngày sinh nhật của bạn.,https://audio.tudienkala.com/data/cache/images/300x225/s/e/send1.jpg,https://audio.tudienkala.com/audio/s/e/send.mp3
143,sentence,/ˈsentəns/,n,câu,"Your conclusion is good, but the final sentence is too long and complicated.","Kết luận của bạn là tốt, nhưng câu cuối cùng là quá dài và phức tạp.",https://audio.tudienkala.com/data/cache/images/300x225/s/e/sentence1.jpg,https://audio.tudienkala.com/audio/s/e/sentence.mp3
143,sharp,/ʃɑ:p/,adj,"thông minh, láu lỉnh",The new employee proved how sharp she was when she mastered the new program in a few days.,Nhân viên mới đã chứng tỏ được cô ấy thông minh đến thế nào khi mà cô đã làm chủ được chương trình mới trong vài ngày.,https://audio.tudienkala.com/data/cache/images/300x225/s/h/sharp2.jpg,https://audio.tudienkala.com/audio/s/h/sharp.mp3
143,shine,/ʃain/,v,Chĩa ánh sáng (đèn pin..) về một hướng nào đó,A light was shining in the distance.,Một ánh sáng đang chiếu sáng ở phía xa.,https://audio.tudienkala.com/data/cache/images/300x225/s/h/shine1.jpg,https://audio.tudienkala.com/audio/s/h/shine.mp3
143,shout,/ʃaʊt/,v,"la hét, reo hò",I shouted for help but nobody came.,Tôi hét lên cầu cứu nhưng không ai đến.,https://audio.tudienkala.com/data/cache/images/300x225/s/h/shout1.png,https://audio.tudienkala.com/audio/s/h/shout.mp3
143,similar,/ˈsɪmɪlər/,adj,tương tự,My teaching style is similar to that of most other teachers.,Phong cách giảng dạy của tôi là tương tự như của hầu hết các giáo viên khác.,https://audio.tudienkala.com/data/images_example/300x225/m/y/my_teachin_ex2_5877294d7f8b9a6c308b467f.jpg,https://audio.tudienkala.com/audio/s/i/similar.mp3
143,simple,/ˈsɪmpl/,adj,đơn giản,We found a simple solution to this complicated problem.,Chúng tôi tìm thấy một giải pháp đơn giản cho vấn đề phức tạp này.,https://audio.tudienkala.com/data/cache/images/300x225/s/i/simple1.png,https://audio.tudienkala.com/audio/s/i/simple.mp3
143,sing,/sɪŋ/,v,hát,Now I'd like to sing a song by the Beatles.,Bây giờ tôi muốn hát một bài hát của The Beatles.,https://audio.tudienkala.com/data/cache/images/300x225/s/i/sing1.png,https://audio.tudienkala.com/audio/s/i/sing.mp3
143,sink,/sɪŋk/,n,bồn rửa,Kate is washing her hands by the sink.,Kate đang rửa tay ở bồn rửa.,https://audio.tudienkala.com/data/cache/images/300x225/s/i/sink1.png,https://audio.tudienkala.com/audio/s/i/sink.mp3
143,sit,/sɪt/,v,ngồi,We have been sitting and talking for hours.,Chúng tôi ngồi nói chuyện hàng giờ.,https://audio.tudienkala.com/data/cache/images/300x225/s/i/sit1.jpg,https://audio.tudienkala.com/audio/s/i/sit.mp3
143,size,/saɪz/,n,cỡ,The facilities are excellent for a town that size.,Cơ sở vật chất thì tuyệt vời cho một thị trấn cỡ đó.,https://audio.tudienkala.com/data/cache/images/300x225/s/i/size1.jpg,https://audio.tudienkala.com/audio/s/i/size.mp3
143,skill,/skil/,n,"kỹ năng, kỹ xảo",The software developer has excellent technical skills and would be an asset to our software programming team.,Người phát triển phần mềm có những kỹ năng chuyên môn xuất săc và là một vốn quý đối với đội ngũ lập trình phần mềm của chúng tôi.,https://audio.tudienkala.com/data/cache/images/300x225/s/k/skill1.jpg,https://audio.tudienkala.com/audio/s/k/skill.mp3
143,sleep,/sliːp/,n,"sự, giấc ngủ",His talk nearly sent me to sleep(= it was boring).,Cuộc nói chuyện của anh ta gần như đã đưa tôi vào giấc ngủ (= Nó nhàm chán).,https://audio.tudienkala.com/data/cache/images/300x225/s/l/sleep2.jpg,https://audio.tudienkala.com/audio/s/l/sleep.mp3
143,smell,/smel/,v,"ngửi, có mùi, mùi hương",There's something in the fridge that smells mouldy.,Có cái gì đó trong tủ lạnh có mùi mốc.,https://audio.tudienkala.com/data/cache/images/300x225/s/m/smell1.jpg,https://audio.tudienkala.com/audio/s/m/smell.mp3
143,smile,/smaɪl/,v,"cười, mỉm cười",She never seems to smile.,Cô ta dường như không bao giờ cười.,https://audio.tudienkala.com/data/cache/images/300x225/s/m/smile1.jpg,https://audio.tudienkala.com/audio/s/m/smile.mp3
143,smoke,/sməʊk/,v,hút (thuốc),Do you mind if I smoke?,Bạn có phiền nếu tôi hút thuốc?,https://audio.tudienkala.com/data/cache/images/300x225/s/m/smoke1.jpg,https://audio.tudienkala.com/audio/s/m/smoke.mp3
143,sneeze,/sniːz/,v,hắt hơi,She’s been sneezing all day.,Cô ấy đã hắt hơi cả ngày nay rồi.,https://audio.tudienkala.com/data/cache/images/300x225/s/n/sneeze1.png,https://audio.tudienkala.com/audio/s/n/sneeze.mp3
143,soldier,/ˈsəʊldʒər/,n,người lính,The soldiers were awarded for their courage.,Những binh lính được tặng thưởng vì lòng dũng cảm.,https://audio.tudienkala.com/data/cache/images/300x225/s/o/soldier2.jpg,https://audio.tudienkala.com/audio/s/o/soldier.mp3
143,soon,/suːn/,adv,sớm,See you soon!,Hẹn sớm gặp lại!,https://audio.tudienkala.com/data/cache/images/300x225/s/o/soon1.jpg,https://audio.tudienkala.com/audio/s/o/soon.mp3
143,speak,/spiːk/,v,nói,He can speak 5 languages.,Ông ấy có thể nói được 5 thứ tiếng.,https://audio.tudienkala.com/data/cache/images/300x225/s/p/speak1.png,https://audio.tudienkala.com/audio/s/p/speak.mp3
143,spoon,/spuːn/,n,cái thìa,I often use spoons to eat soup.,Tớ thường dùng thìa để ăn súp.,https://audio.tudienkala.com/data/images_example/300x225/i/_/i_often_us_ex1_56248cf57f8b9af80c01225d.jpg,https://audio.tudienkala.com/audio/s/p/spoon.mp3
143,stand,/stand/,v,"đứng, chân chống",We all stand around in the corridor waiting.,Chúng tôi đều đứng xung quanh trong hành lang chờ đợi.,https://audio.tudienkala.com/data/images_example/300x225/w/e/we_all_sto_ex1_5822d06e7f8b9aa0078b4573.jpg,https://audio.tudienkala.com/audio/s/t/stand.mp3
143,start,/stɑːrt/,v,bắt đầu,It started to rain.,Trời bắt đầu mưa.,https://audio.tudienkala.com/data/images_example/300x225/i/t/it_started_ex1_56248cf37f8b9af80c011dd1.jpg,https://audio.tudienkala.com/audio/s/t/start.mp3
143,stone,/stəʊn/,n,đá cục,Most of the houses are built of stone.,Phần lớn ngôi nhà được xây dựng bằng đá.,https://audio.tudienkala.com/data/cache/images/300x225/s/t/stone1.jpg,https://audio.tudienkala.com/audio/s/t/stone.mp3
143,stop,/stɑːp/,v,dừng lại,Please stop making noise.,Dừng làm ồn.,https://audio.tudienkala.com/data/cache/images/300x225/s/t/stop1.jpg,https://audio.tudienkala.com/audio/s/t/stop.mp3
143,storm,/stɔ:m/,n,"cơn bão, giông tố",A few minutes later the storm broke.,Vài phút sau khi cơn bão bắt đầu.,https://audio.tudienkala.com/data/cache/images/300x225/s/t/storm1.jpg,https://audio.tudienkala.com/audio/s/t/storm.mp3
143,strange,/streɪndʒ/,adj,lạ lẫm,She was looking at me in a very strange way.,Cô ấy đang nhìn tôi với ánh mắt rất lạ.,https://audio.tudienkala.com/data/cache/images/300x225/s/t/strange1.jpg,https://audio.tudienkala.com/audio/s/t/strange.mp3
143,study,/ˈstʌdi/,v,học,"Don't disturb Jane, she's studying for her exams.","Đừng làm phiền Jane, cô ấy đang học cho kỳ thi của mình.",https://audio.tudienkala.com/data/cache/images/300x225/s/t/study2.jpg,https://audio.tudienkala.com/audio/s/t/study.mp3
143,style,/staɪl/,n,phong cách,I like your style.,Tôi thích phong cách của bạn.,https://audio.tudienkala.com/data/cache/images/300x225/s/t/style2.jpg,https://audio.tudienkala.com/audio/s/t/style.mp3
143,swim,/swɪm/,v,bơi,She can swim very fast.,Chị ấy có thể bơi rất nhanh.,https://audio.tudienkala.com/data/cache/images/300x225/s/w/swim1.png,https://audio.tudienkala.com/audio/s/w/swim.mp3
143,symbol,/ˈsɪmbl/,n,biểu tượng,Mount Fuji is seen as the symbol of Japan.,Núi Phú Sĩ được xem là biểu tượng của Nhật Bản.,https://audio.tudienkala.com/data/images_example/300x225/m/o/mount_fuji_ex1_56248d007f8b9afc0c2980a9.png,https://audio.tudienkala.com/audio/s/y/symbol.mp3
143,system,/ˈsɪstəm/,n,"hệ thống, chế độ",The airline system covers the entire world with flights.,Hệ thống hàng không trải ra/bao trùm toàn bộ thế giới bằng các chuyến bay.,https://audio.tudienkala.com/data/images_example/300x225/t/h/the_airlin_ex1_56248d167f8b9a040dc6618c.jpg,https://audio.tudienkala.com/audio/s/y/system.mp3
143,tablet,/ˈtæblət/,n,viên thuốc,Take two tablets with water before meals.,Dùng hai viên thuốc với nước trước khi ăn.,https://audio.tudienkala.com/data/cache/images/300x225/t/a/tablet2.jpg,https://audio.tudienkala.com/audio/t/a/tablet.mp3
143,take,/teɪk/,v,"đưa, đưa đi, mang theo",We'll take the dog with us.,Chúng tôi sẽ mang con chó với chúng tôi.,https://audio.tudienkala.com/data/cache/images/300x225/t/a/take1.jpg,https://audio.tudienkala.com/audio/t/a/take.mp3
143,talk,/tɔ:k/,v,"nói chuyện, chuyện trò",The two men talked.,Hai người đàn ông đã nói chuyện với nhau.,https://audio.tudienkala.com/data/cache/images/300x225/t/a/talk1.jpg,https://audio.tudienkala.com/audio/t/a/talk.mp3
144,taste,/teist/,n,"vị giác, nếm, sở thích, thị hiếu",He has very good taste in music.,Anh ấy rất biết thưởng thức âm nhạc.,https://audio.tudienkala.com/data/cache/images/300x225/t/a/taste1.png,https://audio.tudienkala.com/audio/t/a/taste.mp3
144,teach,/ti:tʃ/,v,"dạy, dạy học",He teaches them English.,Anh ta dạy họ tiếng Anh.,https://audio.tudienkala.com/data/cache/images/300x225/t/e/teach1.jpg,https://audio.tudienkala.com/audio/t/e/teach.mp3
144,tell,/tel/,v,"bảo, nói cho biết",Please tell me the truth!,Vui lòng nói cho tôi biết sự thật!,https://audio.tudienkala.com/data/cache/images/300x225/t/e/tell1.png,https://audio.tudienkala.com/audio/t/e/tell.mp3
144,thief,/θiːf/,n,tên trộm,I ran faster than the thief and caught him.,Tôi chạy nhanh hơn so với tên trộm và bắt được anh ta.,https://audio.tudienkala.com/data/cache/images/300x225/t/h/thief2.jpg,https://audio.tudienkala.com/audio/t/h/thief.mp3
144,think,/θɪŋk/,v,"suy nghĩ, nghĩ",I think she is nice and funny.,Tôi nghĩ rằng cô ấy dễ thương và hài hước.,https://audio.tudienkala.com/data/cache/images/300x225/t/h/think1.jpg,https://audio.tudienkala.com/audio/t/h/think.mp3
144,thousand,/ˈθaʊznd/,no,"nghìn, ngàn",It costs about one thousand dong.,Nó có giá khoảng một ngàn đồng.,https://audio.tudienkala.com/data/cache/images/300x225/t/h/thousand1.jpg,https://audio.tudienkala.com/audio/t/h/thousand.mp3
144,throw,/θrəʊ/,v,"ném, quăng",You shouldn't throw trash out the window.,Bạn không nên ném rác ra ngoài cửa sổ.,https://audio.tudienkala.com/data/cache/images/300x225/t/h/throw1.jpg,https://audio.tudienkala.com/audio/t/h/throw.mp3
144,together,/təˈɡɛðə/,adv,cùng nhau,"When we are together, we are strong.",Chúng ta mạnh mẽ khi đoàn kết cùng nhau.,https://audio.tudienkala.com/data/cache/images/300x225/t/o/together1.png,https://audio.tudienkala.com/audio/t/o/together.mp3
144,tomorrow,/təˈmɒrəʊ/,n,ngày mai,I will play football tomorrow.,Tôi sẽ chơi bóng đá ngày mai.,https://audio.tudienkala.com/data/cache/images/300x225/t/o/tomorrow-l61.jpg,https://audio.tudienkala.com/audio/t/o/tomorrow-l6.mp3
144,tool,/tuːl/,n,dụng cụ,Always select the right tool for the job.,Luôn luôn chọn đúng công cụ cho công việc.,https://audio.tudienkala.com/data/cache/images/300x225/t/o/tool1.jpg,https://audio.tudienkala.com/audio/t/o/tool.mp3
144,topic,/ˈtɒpɪk/,n,chủ đề,The main topic of conversation was Tom's new girlfriend.,Chủ đề chính của cuộc hội thoại là bạn gái mới của Tom.,https://audio.tudienkala.com/data/cache/images/300x225/t/o/topic2.jpg,https://audio.tudienkala.com/audio/t/o/topic.mp3
144,total,/ˈtəʊtl/,adj n,tổng cộng,"We made $700 in total, over three days of trading.",Chúng tớ đã kiếm ra tổng số hơn 700 đô la trong hơn 3 ngày bán hàng.,https://audio.tudienkala.com/data/cache/images/300x225/t/o/total1.jpg,https://audio.tudienkala.com/audio/t/o/total.mp3
144,touch,/tʌtʃ/,v,"đụng, chạm",I touched him lightly on the arm.,Tôi chạm nhẹ vào cánh tay của anh ấy.,https://audio.tudienkala.com/data/cache/images/300x225/t/o/touch1.jpg,https://audio.tudienkala.com/audio/t/o/touch.mp3
144,translate,/trænsˈleɪt/,v,"chuyển sang, biến thành",I need to translate from English to German.,Tôi cần dịch từ tiếng Anh sang tiếng Đức.,https://audio.tudienkala.com/data/cache/images/300x225/t/r/translate2.jpg,https://audio.tudienkala.com/audio/t/r/translate.mp3
144,travel,/'trævl/,v,"đi lại, đi du lịch",How often do you travel abroad?,Mức độ thường xuyên bạn đi du lịch ở nước ngoài như thế nào?,https://audio.tudienkala.com/data/cache/images/300x225/t/r/travel1.jpg,https://audio.tudienkala.com/audio/t/r/travel.mp3
144,trouble,/'trʌbl/,n,"điều lo lắng, điều rắc rối, điều phiền muộn",Friends should support each other when they are in trouble.,Bạn bè nên hỗ trợ lẫn nhau khi họ gặp rắc rối.,https://audio.tudienkala.com/data/cache/images/300x225/t/r/trouble1.jpg,https://audio.tudienkala.com/audio/t/r/trouble.mp3
144,trust,/trʌst/,n,"sự tin tưởng, tín nhiệm",He was appointed to a position of trust.,Anh ấy được bổ nhiệm vào một vị trí tín nhiệm.,https://audio.tudienkala.com/data/cache/images/300x225/t/r/trust2.jpg,https://audio.tudienkala.com/audio/t/r/trust.mp3
144,truth,/tru:θ/,n,"sự thật, chân lý",I want to know the truth.,Tôi muốn biết sự thật.,https://audio.tudienkala.com/data/cache/images/300x225/t/r/truth1.jpg,https://audio.tudienkala.com/audio/t/r/truth.mp3
144,turn,/tɜːrn/,v,"rẽ, quẹo",We cannot turn right.,Chúng tôi không thể rẽ phải.,https://audio.tudienkala.com/data/cache/images/300x225/t/u/turn1.png,https://audio.tudienkala.com/audio/t/u/turn.mp3
144,ugly,/'ʌgli/,adj,xấu,She is quite ugly.,Cô khá xấu xí.,https://audio.tudienkala.com/data/cache/images/300x225/u/g/ugly1.jpg,https://audio.tudienkala.com/audio/u/g/ugly.mp3
144,understand,/ʌndə'stænd/,v,"hiểu, thông cảm",My dog understands every word I say.,Con chó của tôi hiểu được mọi lời tôi nói.,https://audio.tudienkala.com/data/cache/images/300x225/u/n/understand1.jpg,https://audio.tudienkala.com/audio/u/n/understand.mp3
144,upstairs,/ˌʌpˈsteəz/,adv,"ở trên gác, ở tầng trên, lên cầu thang",There are two girls living upstairs.,Có hai cô gái đang sống ở tầng trên.,https://audio.tudienkala.com/data/cache/images/300x225/u/p/upstairs1.png,https://audio.tudienkala.com/audio/u/p/upstairs.mp3
144,use,/ju:z/,v,"sử dụng, dùng",Can I use this computer?,Tôi có thể sử dụng máy tính này không?,https://audio.tudienkala.com/data/cache/images/300x225/u/s/use-l61.jpg,https://audio.tudienkala.com/audio/u/s/use-l6.mp3
144,vacation,/veɪ'keɪʃn/,n,kỳ nghỉ,What are you going to do for vacation?,Bạn sẽ làm gì trong kỳ nghỉ?,https://audio.tudienkala.com/data/cache/images/300x225/v/a/vacation1.jpg,https://audio.tudienkala.com/audio/v/a/vacation.mp3
144,vocabulary,/vəʊˈkæbjələri/,n,từ vựng,The word ‘failure’ is not in his vocabulary.,Từ 'thất bại' không có trong từ vựng của anh ta.,https://audio.tudienkala.com/data/cache/images/300x225/v/o/vocabulary2.jpg,https://audio.tudienkala.com/audio/v/o/vocabulary.mp3
144,voice,/vɔɪs/,n,giọng nói,I could hear voices in the next room.,Tôi có thể nghe giọng hát của cô ấy ở phòng kế bên,https://audio.tudienkala.com/data/cache/images/300x225/v/o/voice1.jpg,https://audio.tudienkala.com/audio/v/o/voice.mp3
144,volunteer,/ˌvɒlənˈtɪə(r)/,n,"người tình nguyện, tình nguyện viên",I've worked as a volunteer at a special school twice since I finished Grade 10.,Tôi đã làm tình nguyện viên ở một trường học đặc biệt hai lần kể từ khi tôi học xong lớp 10.,https://audio.tudienkala.com/data/cache/images/300x225/v/o/volunteer1.png,https://audio.tudienkala.com/audio/v/o/volunteer.mp3
144,vote,/vəʊt/,n,"lá phiếu, sự bỏ phiếu","There were 21 votes for and 17 against the motion, with 2 abstentions.","Có 21 phiếu cho 17 chống lại kiến nghị, với 2 phiếu trắng.",https://audio.tudienkala.com/data/cache/images/300x225/v/o/vote2.jpg,https://audio.tudienkala.com/audio/v/o/vote.mp3
144,wait,/weɪt/,v,"đợi, đợi chờ",Please wait for me!,Hãy chờ tôi!,https://audio.tudienkala.com/data/cache/images/300x225/w/a/wait1.jpg,https://audio.tudienkala.com/audio/w/a/wait.mp3
144,wake,/weɪk/,v,tỉnh dậy; thức dậy,I always wake up early in the summer.,Tôi luôn luôn thức sớm trong mùa hè.,https://audio.tudienkala.com/data/cache/images/300x225/w/a/wake2.jpg,https://audio.tudienkala.com/audio/w/a/wake.mp3
144,wall,/wɔːl/,n,tường,The fields were divided by stone walls.,Những cánh đồng được phân chia bởi những bức tường đá.,https://audio.tudienkala.com/data/cache/images/300x225/w/a/wall1.jpg,https://audio.tudienkala.com/audio/w/a/wall.mp3
144,want,/wɑːnt/,v,"muốn, muốn có",Do you want to have some more tea?,Bạn có muốn thêm trà không?,https://audio.tudienkala.com/data/cache/images/300x225/w/a/want1.jpg,https://audio.tudienkala.com/audio/w/a/want.mp3
144,wash,/wɒʃ/,v,"rửa, giặt",Do you wash your face every morning?,Bạn có rửa mặt mỗi sáng không?,https://audio.tudienkala.com/data/cache/images/300x225/w/a/wash-l61.jpg,https://audio.tudienkala.com/audio/w/a/wash-l6.mp3
144,waste,/weɪst/,v,lãng phí,Don't waste your money on that game.,Đừng lãng phí tiền của bạn vào trò chơi đó.,https://audio.tudienkala.com/data/cache/images/300x225/w/a/waste2.png,https://audio.tudienkala.com/audio/w/a/waste.mp3
144,watch,/wɑːtʃ/,v,xem,I want to watch this programme.,Tôi muốn xem chương trình này.,https://audio.tudienkala.com/data/images_example/300x225/i/_/i_want_to__ex1_5824283f7f8b9aec0d8b45ad.jpg,https://audio.tudienkala.com/audio/w/a/watch-l6.mp3
144,wave,/weɪv/,v,vẫy tay,A man in the water was shouting and waving his arms around frantically.,Một người đàn ông ở trong nước đã la hét và vẫy tay của mình xung quanh một cách điên cuồng.,https://audio.tudienkala.com/data/images_example/300x225/a/_/a_man_in_t_ex2_587728a47f8b9a41308b4675.jpg,https://audio.tudienkala.com/audio/w/a/wave.mp3
144,weak,/wi:k/,adj,"yếu, yếu ớt",He is still weak after the flu.,Anh ấy vẫn còn yếu sau khi bị cảm cúm.,https://audio.tudienkala.com/data/cache/images/300x225/w/e/weak1.jpg,https://audio.tudienkala.com/audio/w/e/weak.mp3
144,wear,/weə(r)/,v,"mang, đeo, mặc","Sometimes, she likes to wear a blue jacket.","Thỉnh thoảng, cô ấy thích mặc một chiếc áo khoác xanh dương.",https://audio.tudienkala.com/data/cache/images/300x225/w/e/wear1.png,https://audio.tudienkala.com/audio/w/e/wear.mp3
144,weight,/weit/,n,"khối lượng, cân nặng",His weight is about 46 kilos.,Cân nặng của cậu ấy là khoảng 46 cân.,https://audio.tudienkala.com/data/cache/images/300x225/w/e/weight1.png,https://audio.tudienkala.com/audio/w/e/weight.mp3
144,wet,/wet/,adj,ướt,Her hair was still dripping wet.,Tóc cô ất vẫn còn ướt sũng.,https://audio.tudienkala.com/data/images_example/300x225/h/e/her_hair_w_ex2_5624bed17f8b9ac7111967e5.jpg,https://audio.tudienkala.com/audio/w/e/wet.mp3
144,wide,/waɪd/,adj,rộng,Sam has a wide mouth.,Sam có một cái miệng rộng.,https://audio.tudienkala.com/data/images_example/300x225/s/a/sam_has_a__ex2_5624becf7f8b9ac7111963bc.jpg,https://audio.tudienkala.com/audio/w/i/wide.mp3
144,win,/wɪn/,v,"chiến thắng, đạt được",You have to win.,Bạn phải thắng.,https://audio.tudienkala.com/data/cache/images/300x225/w/i/win1.jpg,https://audio.tudienkala.com/audio/w/i/win.mp3
144,wish,/wɪʃ/,n,mong muốn,I can understand her wish for secrecy.,Tôi có thể hiểu được mong muốn của cô ấy về việc giữ bí mật.,https://audio.tudienkala.com/data/images_example/300x225/i/_/i_can_unde_ex2_5877282a7f8b9a22308b457f.jpg,https://audio.tudienkala.com/audio/w/i/wish.mp3
144,wood,/wʊd/,n,gỗ,The sculpture is made of wood.,Tác phẩm điêu khắc được làm bằng gỗ.,https://audio.tudienkala.com/data/cache/images/300x225/w/o/wood-1.jpg,https://audio.tudienkala.com/audio/w/o/wood-.mp3
144,wool,/wʊl/,n,len,I'm wearing a wool jacket.,Tôi mặc một chiếc áo khoác len.,https://audio.tudienkala.com/data/images_example/300x225/i/m/im_wearing_ex1_5822de9a7f8b9aa1078b4584.jpg,https://audio.tudienkala.com/audio/w/o/wool-.mp3
144,work,/wɜ:k/,v,làm việc,She works very hard.,Cô ấy làm việc rất chăm chỉ.,https://audio.tudienkala.com/data/cache/images/300x225/w/o/work1.jpg,https://audio.tudienkala.com/audio/w/o/work.mp3
144,world,/wɜːld/,n,thế giới,Russia is the largest country in the world.,Nga là quốc gia lớn nhất thế giới.,https://audio.tudienkala.com/data/cache/images/300x225/w/o/world2.png,https://audio.tudienkala.com/audio/w/o/world.mp3
144,write,/raɪt/,v,viết,She writes in a diary.,Cô ấy viết nhật ký.,https://audio.tudienkala.com/data/cache/images/300x225/w/r/write-l61.jpg,https://audio.tudienkala.com/audio/w/r/write-l6.mp3
144,wrong,/rɒŋ/,adv,sai,What am I doing wrong?,Tôi đang làm gì sai?,https://audio.tudienkala.com/data/cache/images/300x225/w/r/wrong1.png,https://audio.tudienkala.com/audio/w/r/wrong.mp3
144,zone,/zəʊn/,n,"vùng, khu vực (có một đặc trưng nào đó)",This is the exclusion zone.,Đây là khu vực cấm.,https://audio.tudienkala.com/data/cache/images/300x225/z/o/zone2.png,https://audio.tudienkala.com/audio/z/o/zone.mp3
145,able,/ˈeɪbl/,adj,có thể,You must be able to speak French for this job.,Bạn phải có khả năng nói tiếng Pháp cho công việc này.,https://audio.tudienkala.com/data/cache/images/300x225/a/b/able2.png,https://audio.tudienkala.com/audio/a/b/able.mp3
145,absent,/'æbsənt/,adj,"vắng mặt, đi vắng",Most students were absent from school at least once.,Hầu hết các học sinh đều đã vắng học ít nhất một lần.,https://audio.tudienkala.com/data/cache/images/300x225/a/b/absent1.gif,https://audio.tudienkala.com/audio/a/b/absent.mp3
145,accept,/ək'sept/,v,"nhận, chấp nhận","She accepts the gift with a big smile, and thanks her boyfriend several times.",Cô ấy chấp nhận món quà với nụ cười lớn và cảm ơn bạn trai nhiều lần.,https://audio.tudienkala.com/data/cache/images/300x225/a/c/accept1.png,https://audio.tudienkala.com/audio/a/c/accept.mp3
145,accident,/'æksidənt/,n,tai nạn,I saw an accident this morning.,Tôi nhìn thấy một tai nạn sáng nay.,https://audio.tudienkala.com/data/cache/images/300x225/a/c/accident1.jpg,https://audio.tudienkala.com/audio/a/c/accident.mp3
145,activity,/ækˈtɪvəti/,n,hoạt động,"Playing soccer, riding a bike, reading and cooking are all activities.","Chơi bóng đá, đạp xe, đọc sách và nấu ăn đều là các hoạt động.",https://audio.tudienkala.com/data/cache/images/300x225/a/c/activity1.jpg,https://audio.tudienkala.com/audio/a/c/activity.mp3
145,add,/æd/,v,thêm vào,"Finally, the chef added some salt into the pot.","Cuối cùng, bếp trưởng thêm một chút muối vào trong nồi.",https://audio.tudienkala.com/data/cache/images/300x225/a/d/add1.jpg,https://audio.tudienkala.com/audio/a/d/add.mp3
145,advise,/ədˈvaɪz/,v,khuyên,I think I'd advise leaving the company.,Tôi nghĩ rằng tôi sẽ khuyên rời khỏi công ty.,https://audio.tudienkala.com/data/cache/images/300x225/a/d/advise1.jpg,https://audio.tudienkala.com/audio/a/d/advise.mp3
145,afraid,/əˈfreɪd/,adj,sợ,I started to feel afraid of going out alone at night.,Tôi bắt đầu cảm thấy sợ đi ra ngoài một mình vào ban đêm.,https://audio.tudienkala.com/data/cache/images/300x225/a/f/afraid1.jpg,https://audio.tudienkala.com/audio/a/f/afraid.mp3
145,ahead,/əˈhed/,adv,phía trước,The road ahead is very long.,Con đường phía trước còn rất dài.,https://audio.tudienkala.com/data/cache/images/300x225/a/h/ahead1.jpg,https://audio.tudienkala.com/audio/a/h/ahead.mp3
145,already,/ɔːlˈredi/,adv,rồi,"‘Lunch?’_‘No thanks, I've already eaten.'","""Ăn trưa không?""_"" Không, cảm ơn, tôi đã ăn rồi.""",https://audio.tudienkala.com/data/cache/images/300x225/a/l/already1.png,https://audio.tudienkala.com/audio/a/l/already.mp3
145,always,/ˈɔːlweɪz/,adv,luôn luôn,I always get up early.,Tôi luôn luôn dậy sớm.,https://audio.tudienkala.com/data/cache/images/300x225/a/l/always2.png,https://audio.tudienkala.com/audio/a/l/always.mp3
145,ambulance,/ˈæmbjələns/,n,xe cứu thương,You should call an ambulance immediately.,Bạn nên gọi xe cứu thương ngay lập tức.,https://audio.tudienkala.com/data/cache/images/300x225/a/m/ambulance1.png,https://audio.tudienkala.com/audio/a/m/ambulance.mp3
145,arrive,/ə'raiv/,v,đến,What time do you arrive at the airport?,Khi nào bạn đến sân bay?,https://audio.tudienkala.com/data/cache/images/300x225/a/r/arrive1.jpeg,https://audio.tudienkala.com/audio/a/r/arrive.mp3
145,asleep,/əˈsliːp/,adj,"ngủ, đang ngủ",Quick! The enemy is fast asleep.,Nhanh chóng! Kẻ thù đang ngủ mê.,https://audio.tudienkala.com/data/cache/images/300x225/a/s/asleep2.jpg,https://audio.tudienkala.com/audio/a/s/asleep.mp3
145,attend,/ə'tend/,v,"tham dự, có mặt",We expect more than 100 members to attend the annual meeting.,Chúng tôi hy vọng hơn 100 thành viên đến tham dự cuộc họp thường niên.,https://audio.tudienkala.com/data/cache/images/300x225/a/t/attend1.jpg,https://audio.tudienkala.com/audio/a/t/attend.mp3
145,audience,/ˈɔːdiəns/,n,khán giả,Millions of audiences all over the world enjoy this programme.,Hàng triệu khán giả trên toàn thế giới yêu thích chương trình này.,https://audio.tudienkala.com/data/cache/images/300x225/a/u/audience1.jpg,https://audio.tudienkala.com/audio/a/u/audience.mp3
145,automatic,/ˌɔːtəˈmætɪk/,adj,tự động,They use an automatic balance.,Họ dùng một cái cân tự động.,https://audio.tudienkala.com/data/cache/images/300x225/a/u/automatic1.jpg,https://audio.tudienkala.com/audio/a/u/automatic.mp3
145,avoid,/ə'vɔid/,v,"tránh, tránh khỏi; hủy bỏ, bác bỏ","To avoid going out of business, owners should prepare a proper business plan.","Nhằm tránh lụn bại việc làm ăn, những người chủ nên chuẩn bị một kế hoạch kinh doanh phù hợp.",https://audio.tudienkala.com/data/cache/images/300x225/a/v/avoid1.png,https://audio.tudienkala.com/audio/a/v/avoid.mp3
145,award,/əˈwɔːd/,v,"thưởng, tặng",She was awarded a scholarship for her excellent study results.,Cô đã được trao học bổng cho kết quả học tập xuất sắc của mình.,https://audio.tudienkala.com/data/cache/images/300x225/a/w/award1.jpg,https://audio.tudienkala.com/audio/a/w/award.mp3
145,beautiful,/'bju:tɪfl/,adj,xinh đẹp,My teacher is very beautiful.,Giáo viên của tôi rất đẹp.,https://audio.tudienkala.com/data/cache/images/300x225/b/e/beautiful1.jpg,https://audio.tudienkala.com/audio/b/e/beautiful.mp3
145,begin,/bi'gin/,v,bắt đầu,We begin to work on the project in May.,Chúng tôi sẽ bắt đầu làm việc trên các dự án trong Tháng Năm.,https://audio.tudienkala.com/data/cache/images/300x225/b/e/begin1.jpg,https://audio.tudienkala.com/audio/b/e/begin.mp3
145,believe,/bɪˈliːv/,v,tin,"Just believe me, she's not right for you.","Cứ tin tôi đi, cô ấy không thích hợp với bạn.",https://audio.tudienkala.com/data/cache/images/300x225/b/e/believe1.png,https://audio.tudienkala.com/audio/b/e/believe.mp3
145,bite,/baɪt/,n,"vết cắn, miếng",Can I have a bite of your apple?,Cho tớ một miếng táo nhé?,https://audio.tudienkala.com/data/cache/images/300x225/b/i/bite1.png,https://audio.tudienkala.com/audio/b/i/bite.mp3
145,blind,/blaɪnd/,adj,"mù, không nhìn thấy được","The Braille alphabet was created by Louis Braille, who went blind after an accident.","Bảng chữ cái Braille đã được sáng tạo bởi Louis Braille, ông bị mù sau một tai nạn.",https://audio.tudienkala.com/data/cache/images/300x225/b/l/blind2.jpg,https://audio.tudienkala.com/audio/b/l/blind.mp3
145,boil,/boil /,v,"đun sôi, luộc",Water boils at 100 °C.,Nước sôi ở 100 độ C.,https://audio.tudienkala.com/data/cache/images/300x225/b/o/boil1.jpg,https://audio.tudienkala.com/audio/b/o/boil.mp3
145,borrow,/'bɔrou/,v,"mượn, vay",Can I borrow your mobile phone for a while? I have lost mine on the train.,Bạn có thể cho tôi mượn điện thoại một chút được không? Tôi vừa đánh mất điện thoại trên tàu.,https://audio.tudienkala.com/data/cache/images/300x225/b/o/borrow1.png,https://audio.tudienkala.com/audio/b/o/borrow.mp3
145,brain,/breɪn/,n,não bộ,Our brain is responsible for a lot of functions.,Não bộ đảm nhiệm rất nhiều chức năng.,https://audio.tudienkala.com/data/cache/images/300x225/b/r/brain1.png,https://audio.tudienkala.com/audio/b/r/brain.mp3
145,bright,/braɪt/,adj,sáng sủa,A bright star was shining in the East.,Một ngôi sao sáng đang chiếu sáng ở phía Đông.,https://audio.tudienkala.com/data/cache/images/300x225/b/r/bright1.png,https://audio.tudienkala.com/audio/b/r/bright.mp3
145,broad,/brɔːd/,adj,"to, rộng","He is tall, broad and muscular.","Anh ta cao, to và cơ bắp.",https://audio.tudienkala.com/data/images_example/300x225/h/e/he_is_tall_ex2_5877287f7f8b9a41308b458b.jpg,https://audio.tudienkala.com/audio/b/r/broad.mp3
145,burn,/bɜːrn/,v,"đốt, cháy","Help me burn all those papers, son.",Hãy giúp mẹ đốt hết tất cả chỗ báo đó đi con trai.,https://audio.tudienkala.com/data/cache/images/300x225/b/u/burn1.jpg,https://audio.tudienkala.com/audio/b/u/burn.mp3
145,calculate,/ˈkælkjuleɪt/,v,"tính, tính toán",It's difficult to calculate how long the move will take.,Thật khó để tính toán di chuyển sẽ mất bao lâu.,https://audio.tudienkala.com/data/cache/images/300x225/c/a/calculate2.jpg,https://audio.tudienkala.com/audio/c/a/calculate.mp3
145,cancer,/ˈkænsər /,n,ung thư,He died of liver cancer.,Anh ta chết vì bệnh ung thư gan.,https://audio.tudienkala.com/data/cache/images/300x225/c/a/cancer1.jpg,https://audio.tudienkala.com/audio/c/a/cancer.mp3
145,care,/ker/,n,"sự chăm sóc, sự cẩn thận",She is very happy with her mother's care.,Cô ấy rất vui với sự chăm sóc của mẹ.,https://audio.tudienkala.com/data/images_example/300x225/s/h/she_is_ver_ex1_56248cee7f8b9af60c142fff.jpg,https://audio.tudienkala.com/audio/c/a/care.mp3
145,careful,/'kerfl/,adj,cẩn thận,He is a careful driver.,Anh ấy là một người lái xe cẩn thận.,https://audio.tudienkala.com/data/cache/images/300x225/c/a/careful1.jpg,https://audio.tudienkala.com/audio/c/a/careful.mp3
145,catch,/katʃ/,v,"bắt lấy, nắm lấy",He couldn’t catch the keys.,Anh ấy không thể bắt được chùm chìa khóa.,https://audio.tudienkala.com/data/cache/images/300x225/c/a/catch1.jpg,https://audio.tudienkala.com/audio/c/a/catch.mp3
145,ceiling,/ˈsiːlɪŋ/,n,trần,The walls and ceiling were painted white.,Các bức tường và trần nhà được sơn trắng.,https://audio.tudienkala.com/data/cache/images/300x225/c/e/ceiling1.jpg,https://audio.tudienkala.com/audio/c/e/ceiling.mp3
145,celebrate,/ˈselɪbreɪt/,v,kỉ niệm,Vietnamese people celebrate Tet at different times each year.,Người Việt Nam đón Tết vào các thời gian khác nhau trong mỗi năm.,https://audio.tudienkala.com/data/cache/images/300x225/c/e/celebrate1.jpg,https://audio.tudienkala.com/audio/c/e/celebrate.mp3
145,century,/ˈsent ʃəri/,n,thế kỷ,The city centre has scarcely changed in over a century.,Trung tâm thành phố gần như không thay đổi chút nào suốt một thế kỷ qua.,https://audio.tudienkala.com/data/cache/images/300x225/c/e/century1.jpg,https://audio.tudienkala.com/audio/c/e/century.mp3
145,chance,/tʃɑːns/,n,cơ hội,"Obviously, chances are not optional.",Rõ ràng là cơ hội không phải là có thể chọn lựa.,https://audio.tudienkala.com/data/images_example/300x225/c/h/chances_ar_ex2_5624becf7f8b9ac71119625d.jpg,https://audio.tudienkala.com/audio/c/h/chance.mp3
145,chew,/tʃuː/,v,nhai,She always chews gum when she walks on the street.,Cô ấy luôn nhai kẹo gôm khi đi bộ trên đường phố.,https://audio.tudienkala.com/data/images_example/300x225/s/h/she_always_ex1_587729457f8b9a6c308b4653.jpg,https://audio.tudienkala.com/audio/c/h/chew.mp3
145,chief,/tʃiːf/,n,"người có cấp bậc cao nhất trong một tổ chức, một cơ quan",He is a chief constable.,Anh ấy là cảnh sát trưởng.,https://audio.tudienkala.com/data/cache/images/300x225/c/h/chief2.jpg,https://audio.tudienkala.com/audio/c/h/chief.mp3
145,choice,/tʃɔis/,n,sự lựa chọn,A yellow bag is my last choice.,Cái túi màu vàng là lựa chọn cuối cùng của tôi.,https://audio.tudienkala.com/data/images_example/300x225/a/_/a_yellow_b_ex1_56248cf57f8b9af80c012285.jpg,https://audio.tudienkala.com/audio/c/h/choice.mp3
145,choose,/tʃuːz/,v,"chọn, chọn lựa",It took her a long time to choose a hat.,Cô ấy phải mất một thời gian dài để chọn một cái mũ.,https://audio.tudienkala.com/data/images_example/300x225/i/t/it_took_he_ex1_58213ca37f8b9a91078b4567.png,https://audio.tudienkala.com/audio/c/h/choose-l6.mp3
145,circle,/ˈsɜːkl/,n,vòng tròn,A sign with a red circle means that you aren't allowed to do something .,Biển báo có vòng tròn màu đỏ nghĩa là bạn không được phép làm điều gì đó.,https://audio.tudienkala.com/data/images_example/300x225/a/_/a_sign_wit_ex1_5624bed07f8b9ac711196410.jpg,https://audio.tudienkala.com/audio/c/i/circle.mp3
145,clever,/ˈklevər/,adj,"thông minh, nhanh trí",The film is about a clever fox from the forest called Fatty.,Bộ phim này nói về một chú cáo thông minh ở trong rừng có tên là Fatty.,https://audio.tudienkala.com/data/cache/images/300x225/c/l/clever2.jpg,https://audio.tudienkala.com/audio/c/l/clever.mp3
145,climate,/ˈklaɪmət/,n,khí hậu,Viet Nam has a tropical climate.,Việt Nam có khí hậu nhiệt đới.,https://audio.tudienkala.com/data/cache/images/300x225/c/l/climate1.jpg,https://audio.tudienkala.com/audio/c/l/climate.mp3
145,cloth,/klɒθ/,n,vải,Use a piece of cloth to wipe the dirt off the table.,Sử dụng một miếng vải để lau bụi bẩn khỏi bàn.,https://audio.tudienkala.com/data/images_example/300x225/u/s/use_a_piec_ex1_587728e27f8b9a5f308b45f0.jpg,https://audio.tudienkala.com/audio/c/l/cloth.mp3
145,combine,/'kɔmbain/,v,"kết hợp, phối hợp",The director combined two previously separate visual techniques.,Đạo diễn đã kết hợp 2 kỹ xảo hình ảnh riêng biệt trước đây lại với nhau.,https://audio.tudienkala.com/data/cache/images/300x225/c/o/combine1.png,https://audio.tudienkala.com/audio/c/o/combine.mp3
145,command,/kə'mɑ:nd/,n,ra lệnh,She commanded the release of the prisoners.,Cô ấy đã ra lệnh giải phóng các tù nhân.,https://audio.tudienkala.com/data/cache/images/300x225/c/o/command1.png,https://audio.tudienkala.com/audio/c/o/command.mp3
145,communicate,/kəˈmjuːnɪkeɪt/,v,giao tiếp,"Thanks to the invention of the telephone, we can communicate with others all over the world.","Nhờ sự ra đời của điện thoại, chúng ta có thể giao tiếp với những người khác trên thế giới.",https://audio.tudienkala.com/data/images_example/300x225/t/h/thanks_to__ex1_582bca8a7f8b9aa1078b4642.jpg,https://audio.tudienkala.com/audio/c/o/communicate.mp3
146,community,/kəˈmjuːnəti/,n,cộng đồng,They want to do something useful and meaningful for the community.,Họ muốn làm gì đó có ích và ý nghĩa cho cộng đồng.,https://audio.tudienkala.com/data/images_example/300x225/t/h/they_want__ex1_56248cf97f8b9afa0cb17bc0.jpg,https://audio.tudienkala.com/audio/c/o/community.mp3
146,compare,/kəm'peə/,v,so sánh,Some parents want to compare their children with others’.,Nhiều bậc cha mẹ thích so sánh con của họ với con của người khác.,https://audio.tudienkala.com/data/cache/images/300x225/c/o/compare1.png,https://audio.tudienkala.com/audio/c/o/compare.mp3
146,complain,/kəmˈpleɪn/,v,"than phiền, khiếu nại",He is always complaining about everything.,Anh ta luôn phàn nàn về mọi thứ.,https://audio.tudienkala.com/data/cache/images/300x225/c/o/complain1.jpg,https://audio.tudienkala.com/audio/c/o/complain.mp3
146,complete,/kəmˈpliːt/,v,hoàn thành,We ordered some dessert to complete our meal.,Chúng tôi gọi một ít món tráng miệng để trọn vẹn bữa ăn của mình.,https://audio.tudienkala.com/data/images_example/300x225/w/e/we_ordered_ex1_56248cf37f8b9af80c011d81.jpg,https://audio.tudienkala.com/audio/c/o/complete.mp3
146,complex,/ˈkəmpleks/,adj,phức tạp; khó hiểu,Software is too complex.,Phần mềm thì quá phức tạp.,https://audio.tudienkala.com/data/cache/images/300x225/c/o/complex2.jpg,https://audio.tudienkala.com/audio/c/o/complex.mp3
146,condition,/kənˈdɪʃən/,n,"điều kiện, tình trạng","Except for some minor repairs, the building is in very good condition.","Trừ một vài tu chữa nhỏ, tòa nhà đang ở trong tình trạng rất tốt.",https://audio.tudienkala.com/data/cache/images/300x225/c/o/condition1.png,https://audio.tudienkala.com/audio/c/o/condition.mp3
146,conference,/ˈkɒnf(ə)r(ə)n/,n,hội nghị,"That room is used for exhibitions, conferences and social events.","Căn phòng đó được dùng cho triển lãm, hội nghị và các sự kiện xã hội.",https://audio.tudienkala.com/data/cache/images/300x225/c/o/conference1.jpg,https://audio.tudienkala.com/audio/c/o/conference.mp3
146,consist,/kənˈsɪst/,v,"bao hàm, bao gồm",The third courtyard consists of Thien Quang Tinh Well and the Doctors’ stone tablets.,Sân thứ ba bao gồm giếng Thiên Quang Tỉnh và các tấm bia tiến sĩ.,https://audio.tudienkala.com/data/cache/images/300x225/c/o/consist1.jpg,https://audio.tudienkala.com/audio/c/o/consist.mp3
146,consumer,/kənˈsuːmə/,n,người tiêu dùng,It is necessary to raise consumers' awareness.,Nâng cao nhận thức của người tiêu dùng là điều cần thiết.,https://audio.tudienkala.com/data/cache/images/300x225/c/o/consumer1.jpg,https://audio.tudienkala.com/audio/c/o/consumer.mp3
146,contact,/ˈkɒntækt/,v,"tiếp xúc, liên hệ",Manuel contacted at least a dozen car rental agencies to get the best deal.,Manuel đã tiếp xúc với ít nhất một tá đại lý đại lý cho thuê xe để được giao dịch tốt nhất.,https://audio.tudienkala.com/data/cache/images/300x225/c/o/contact1.png,https://audio.tudienkala.com/audio/c/o/contact.mp3
146,continue,/kənˈtɪnjuː/,v,"tiếp tục, duy trì",He continued to ignore everything I was saying.,Anh ta tiếp tục bỏ qua tất cả những gì tôi nói.,https://audio.tudienkala.com/data/images_example/300x225/h/e/he_continu_ex1_56248cef7f8b9af60c1430bb.jpg,https://audio.tudienkala.com/audio/c/o/continue.mp3
146,corner,/ˈkɔːnər/,n,góc,Click the icon in the bottom right-hand corner of the screen.,Nhấp vào biểu tượng ở góc phải bên dưới của màn hình.,https://audio.tudienkala.com/data/cache/images/300x225/c/o/corner1.png,https://audio.tudienkala.com/audio/c/o/corner.mp3
146,cost,/kɒst/,"v,n","có giá là, chi phí",How much does it cost?,Nó có giá bao nhiêu?,https://audio.tudienkala.com/data/cache/images/300x225/c/o/cost-1.jpg,https://audio.tudienkala.com/audio/c/o/cost-.mp3
146,count,/kaʊnt/,v,"đếm, tính",She can count up to 10 in Italian.,Cô bé có thể đếm đến 10 bằng tiếng Ý.,https://audio.tudienkala.com/data/cache/images/300x225/c/o/count1.png,https://audio.tudienkala.com/audio/c/o/count.mp3
146,couple,/ˈkʌpl/,n,"cặp, đôi",I saw a couple of men get out.,Tôi có thấy hai người đàn ông đi ra.,https://audio.tudienkala.com/data/cache/images/300x225/c/o/couple2.jpg,https://audio.tudienkala.com/audio/c/o/couple.mp3
146,course,/kɔːs/,n,khóa học,I am joining an English course at school.,Tôi đang tham gia khóa học Anh văn tại trường.,https://audio.tudienkala.com/data/cache/images/300x225/c/o/course1.jpg,https://audio.tudienkala.com/audio/c/o/course.mp3
146,crazy,/ˈkreɪzi/,adj,"điên, ngốc",I'm speaking to myself. I think I'm going crazy.,Tôi đang nói chuyện với bản thân mình. Tôi nghĩ rằng tôi sẽ điên mất.,https://audio.tudienkala.com/data/cache/images/300x225/c/r/crazy1.jpg,https://audio.tudienkala.com/audio/c/r/crazy.mp3
146,create,/kriˈeɪt/,v,tạo ra,The main purpose of industry is to create wealth.,Mục đích chính của nền công nghiệp là tạo ra của cải.,https://audio.tudienkala.com/data/images_example/300x225/t/h/the_main_p_ex1_56248d067f8b9afe0c09d30e.jpg,https://audio.tudienkala.com/audio/c/r/create.mp3
146,culture,/ˈkʌltʃər/,n,văn hóa (của một nhóm hoặc tổ chức),"In general, culture effects on business.","Nhìn chung, văn hoá ảnh hưởng đến kinh doanh.",https://audio.tudienkala.com/data/images_example/300x225/i/n/in_general_ex1_587726c47f8b9ae72f8b4591.jpg,https://audio.tudienkala.com/audio/c/u/culture.mp3
146,cure,/kjʊə(r)/,n,"thuốc, phương thuốc, cách chữa bệnh",The scientists are still studying a new cure for cancer.,Các nhà khoa học vẫn đang nghiên cứu một phương thuốc mới để chữa ung thư.,https://audio.tudienkala.com/data/cache/images/300x225/c/u/cure1.jpg,https://audio.tudienkala.com/audio/c/u/cure.mp3
146,customer,/'kʌstəmə/,n,khách hàng (người mua hàng hóa hoặc dịch vụ),Let's make sure all invoices sent to customers are kept in alphabetical order.,Chúng ta phải chắc rằng mọi hóa đơn gửi cho khách hàng được giữ theo thứ tự ABC.,https://audio.tudienkala.com/data/cache/images/300x225/c/u/customer1.jpg,https://audio.tudienkala.com/audio/c/u/customer.mp3
146,daily,/ˈdeɪli/,adj,hằng ngày,The machines are inspected daily.,Máy móc được kiểm tra hằng ngày.,https://audio.tudienkala.com/data/images_example/300x225/t/h/the_machin_ex2_587728c87f8b9a5f308b4575.jpg,https://audio.tudienkala.com/audio/d/a/daily.mp3
146,damage,/ˈdæmɪdʒ/,n,"hư hỏng, hỏng hóc, thiệt hại vật chất",The damage to his car was considerable.,Xe của ông ấy bị hư hỏng đáng kể.,https://audio.tudienkala.com/data/images_example/300x225/t/h/the_damage_ex1_5887f6957f8b9aa5078b4568.jpg,https://audio.tudienkala.com/audio/d/a/damage.mp3
146,dangerous,/'deɪndʒərəs/,adj,nguy hiểm,This is a dangerous lion.,Đây là một con sư tử nguy hiểm.,https://audio.tudienkala.com/data/cache/images/300x225/d/a/dangerous1.jpg,https://audio.tudienkala.com/audio/d/a/dangerous.mp3
146,dead,/ded/,adj,"chết (người, vật, cây cối)",He was shot dead by terrorists.,Anh ta bị bắn chết bởi những kẻ khủng bố.,https://audio.tudienkala.com/data/cache/images/300x225/d/e/dead1.jpg,https://audio.tudienkala.com/audio/d/e/dead.mp3
146,deaf,/def/,adj,"điếc, không nghe thấy được",He became deaf after an accident at the factory.,Anh ấy bị điếc sau một tai nạn tại nhà máy.,https://audio.tudienkala.com/data/cache/images/300x225/d/e/deaf1.jpg,https://audio.tudienkala.com/audio/d/e/deaf.mp3
146,dear,/dɪər/,adj,"thân, thân mến",dear Sir or Madam,thưa ông hoặc bà,https://audio.tudienkala.com/data/cache/images/300x225/d/e/dear1.jpg,https://audio.tudienkala.com/audio/d/e/dear.mp3
146,death,/deθ/,n,cái chết,He died a slow and painful death.,Ông ấy đã chết một cái chết chậm chạp và đau đớn.,https://audio.tudienkala.com/data/cache/images/300x225/d/e/death2.jpg,https://audio.tudienkala.com/audio/d/e/death.mp3
146,decade,/ˈdekeɪd/,n,"thập kỷ, thời kỳ mười năm",She has been very famous for a few decades.,Cô ấy đã rất nổi tiếng trong một vài thập kỷ.,https://audio.tudienkala.com/data/cache/images/300x225/d/e/decade2.png,https://audio.tudienkala.com/audio/d/e/decade.mp3
146,decide,/dɪˈsaɪd/,v,quyết định,We've decided not to go away after all.,Chúng tôi đã quyết định không đi xa sau khi tất cả.,https://audio.tudienkala.com/data/cache/images/300x225/d/e/decide2.jpg,https://audio.tudienkala.com/audio/d/e/decide.mp3
146,decrease,/'di:kri:s/,v,làm giảm,A high population growth rate decreases economic development.,Tốc độ tăng trưởng dân số cao làm giảm sự phát triển kinh tế.,https://audio.tudienkala.com/data/cache/images/300x225/d/e/decrease1.jpg,https://audio.tudienkala.com/audio/d/e/decrease.mp3
146,depend,/dɪˈpend/,v,"dựa vào, phụ thuộc vào",I might not go. It depends on how tired I am.,Tôi có thể không đi. Nó phụ thuộc vào tôi mệt mỏi thế nào.,https://audio.tudienkala.com/data/cache/images/300x225/d/e/depend1.jpg,https://audio.tudienkala.com/audio/d/e/depend.mp3
146,destroy,/dɪˈstrɔɪ/,v,"tàn phá, phá hủy",We can't destroy the forests anymore.,Chúng ta không thể phá hủy các rừng nữa.,https://audio.tudienkala.com/data/cache/images/300x225/d/e/destroy1.jpg,https://audio.tudienkala.com/audio/d/e/destroy.mp3
146,diet,/ˈdaɪət/,n,"ăn kiêng, chế độ ăn uống",I am on a diet so I can’t eat meat.,Tớ đang ăn kiêng nên tớ không thể ăn thịt.,https://audio.tudienkala.com/data/cache/images/300x225/d/i/diet1.png,https://audio.tudienkala.com/audio/d/i/diet.mp3
146,different,/ˈdɪfərənt/,adj,khác,It's very different to what I'm used to.,Nó rất khác với cái mà tôi đã quen.,https://audio.tudienkala.com/data/cache/images/300x225/d/i/different1.png,https://audio.tudienkala.com/audio/d/i/different.mp3
146,difficult,/ˈdɪfɪkəlt/,adj,khó,This homework is very difficult.,Bài tập này là rất khó khăn.,https://audio.tudienkala.com/data/cache/images/300x225/d/i/difficult1.jpg,https://audio.tudienkala.com/audio/d/i/difficult.mp3
146,digital,/ˈdɪdʒɪtəl/,adj,"thuộc về số, kĩ thuật số",I bought a digital camera yesterday.,Hôm qua mình đã mua một chiếc máy ảnh kĩ thuật số.,https://audio.tudienkala.com/data/images_example/300x225/i/_/i_bought_a_ex1_56248d0b7f8b9a000de3cf59.jpg,https://audio.tudienkala.com/audio/d/i/digital.mp3
146,discuss,/dɪˈskʌs/,v,"thảo luận, tranh luận (một vấn đề gì)",They held a meeting to discuss the future of the company.,Họ đã tổ chức một cuộc họp để thảo luận về tương lai của công ty.,https://audio.tudienkala.com/data/cache/images/300x225/d/i/discuss2.jpg,https://audio.tudienkala.com/audio/d/i/discuss.mp3
146,disease,/dɪˈziːz/,n,"bệnh, bệnh tật",A fatty diet increases the risk of heart disease.,Chế độ ăn uống giàu chất béo làm tăng nguy cơ bệnh tim.,https://audio.tudienkala.com/data/cache/images/300x225/d/i/disease2.jpg,https://audio.tudienkala.com/audio/d/i/disease.mp3
146,dislike,/dɪˈslaɪk/,v,không thích,"Much as she disliked going to funerals (= although she did not like it at all), she knew she had to be there.",Hầu như cô không thích đi đến đám tang nhưng cô biết cô phải có mặt ở đó.,https://audio.tudienkala.com/data/images_example/300x225/m/u/much_as_sh_ex2_587728a17f8b9a41308b4665.jpg,https://audio.tudienkala.com/audio/d/i/dislike.mp3
146,divorced,/dɪˈvɔːst/,adj,li dị,Many divorced men remarry and have second families.,Nhiều người đàn ông ly dị đã tái hôn và có gia đình thứ hai.,https://audio.tudienkala.com/data/cache/images/300x225/d/i/divorced2.jpg,https://audio.tudienkala.com/audio/d/i/divorced.mp3
146,downstairs,/ˌdaʊnˈsteəz/,adv,xuống cầu thang,He rushed downstairs and burst into the kitchen.,Cậu ấy vội vã xuống cầu thang và xông vào nhà bếp.,https://audio.tudienkala.com/data/cache/images/300x225/d/o/downstairs1.png,https://audio.tudienkala.com/audio/d/o/downstairs.mp3
146,drop,/drɒp/,n,giọt,Mix a few drops of milk into the cake mixture.,Trộn một vài giọt sữa vào hỗn hợp bánh.,https://audio.tudienkala.com/data/cache/images/300x225/d/r/drop2.jpg,https://audio.tudienkala.com/audio/d/r/drop.mp3
146,drought,/draʊt/,n,nạn hạn hán,A drought caused most of the corn crop to fail.,Trận hạn hán đã khiến cho vụ ngô bị thất thu.,https://audio.tudienkala.com/data/cache/images/300x225/d/r/drought1.png,https://audio.tudienkala.com/audio/d/r/drought.mp3
146,economy,/ɪˈkɒnəmi/,n,nền kinh tế,This association focuses on improving member states' economy.,Tổ chức này tập trung vào việc cải thiện nền kinh tế của các nước thành viên.,https://audio.tudienkala.com/data/cache/images/300x225/e/c/economy2.jpg,https://audio.tudienkala.com/audio/e/c/economy.mp3
146,educate,/ˈedʒukeɪt/,v,"giáo dục, dạy",The programme educates people on the habits of animals.,Chương trình này dạy mọi người về các thói quen của các loài động vật.,https://audio.tudienkala.com/data/cache/images/300x225/e/d/educate2.jpg,https://audio.tudienkala.com/audio/e/d/educate.mp3
146,effect,/ɪˈfekt/,n,"hiệu quả, hiệu ứng",It had immediate effect.,Nó có hiệu quả nhanh chóng.,https://audio.tudienkala.com/data/cache/images/300x225/e/f/effect2.jpg,https://audio.tudienkala.com/audio/e/f/effect.mp3
146,electricity,/ɪˌlekˈtrɪsɪti/,n,điện,The electricity has been turned off.,Điện bị tắt mất rồi.,https://audio.tudienkala.com/data/cache/images/300x225/e/l/electricity1.jpg,https://audio.tudienkala.com/audio/e/l/electricity.mp3
146,employ,/ɪmˈplɔɪ/,v,thuê ai làm việc,For the past three years he has been employed as a firefighter.,"Trong ba năm qua, ông đã được thuê như là một lính cứu hỏa.",https://audio.tudienkala.com/data/cache/images/300x225/e/m/employ2.jpg,https://audio.tudienkala.com/audio/e/m/employ.mp3
146,employee,/ɪmˈplɔɪiː/,n,"nhân viên, người lao động",This company has about 200 employees.,Công ty này có khoảng 200 nhân viên.,https://audio.tudienkala.com/data/cache/images/300x225/e/m/employee1.png,https://audio.tudienkala.com/audio/e/m/employee.mp3
147,employer,/ɪmˈplɔɪər/,n,"chủ, người sử dụng lao động",They're very good employers.,Họ là những ông chủ rất tốt.,https://audio.tudienkala.com/data/cache/images/300x225/e/m/employer2.jpg,https://audio.tudienkala.com/audio/e/m/employer.mp3
147,energy,/ˈenədʒi/,n,"năng lượng, sức lực",I didn't even have the energy to get out of bed.,Tớ thậm chí đã không có đủ sức lực để ra khỏi giường ngủ.,https://audio.tudienkala.com/data/images_example/300x225/i/_/i_didnt_ev_ex1_56248cf57f8b9af80c012221.jpg,https://audio.tudienkala.com/audio/e/n/energy.mp3
147,engaged,/ɪnˈgeɪdʒd/,adj,"đã đính ước, đính hôn",Did they get engaged on Saturday?,Họ đã đính hôn vào ngày thứ bảy phải không?,https://audio.tudienkala.com/data/cache/images/300x225/e/n/engaged1.png,https://audio.tudienkala.com/audio/e/n/engaged.mp3
147,enjoy,/ɪnˈdʒɔɪ/,v,"yêu thích, thưởng thức",I really enjoyed watching that film.,Tôi thật sự rất thích xem bộ phim đó.,https://audio.tudienkala.com/data/cache/images/300x225/e/n/enjoy1.png,https://audio.tudienkala.com/audio/e/n/enjoy.mp3
147,entertainment,"/,entə'teinmənt/",n,"‹sự› giải trí, tiêu khiển",There was not entertainment for children of guests at the hotel.,Không có trò giải trí nào cho những vị khách trẻ em ở khách sạn.,https://audio.tudienkala.com/data/cache/images/300x225/e/n/entertainment2.jpg,https://audio.tudienkala.com/audio/e/n/entertainment.mp3
147,envelope,/ˈenvələʊp/,n,phong bì,I need an envelope to send this letter.,Tôi cần một phong bì để gửi lá thư này.,https://audio.tudienkala.com/data/cache/images/300x225/e/n/envelope1.png,https://audio.tudienkala.com/audio/e/n/envelope.mp3
147,environment,/ɪnˈvaɪrənmənt/,n,môi trường,We have to protect our environment.,Chúng ta phải bảo vệ môi trường của chúng tôi.,https://audio.tudienkala.com/data/cache/images/300x225/e/n/environment1.jpg,https://audio.tudienkala.com/audio/e/n/environment.mp3
147,error,/ˈerər/,n,"lỗi, sai lầm",There is no room for error in this job.,Không có chỗ cho sai sót trong công việc này.,https://audio.tudienkala.com/data/cache/images/300x225/e/r/error2.jpg,https://audio.tudienkala.com/audio/e/r/error.mp3
147,especially,/ɪˈspeʃəli/,adv,đặc biệt,"I love Rome, especially in the spring.","Tôi yêu Roma, đặc biệt là vào mùa xuân.",https://audio.tudienkala.com/data/cache/images/300x225/e/s/especially2.jpg,https://audio.tudienkala.com/audio/e/s/especially.mp3
147,excellent,/ˈeksələnt/,adj,"xuất sắc, ưu tú",She speaks excellent French.,Cô nói tiếng Pháp xuất sắc.,https://audio.tudienkala.com/data/cache/images/300x225/e/x/excellent1.png,https://audio.tudienkala.com/audio/e/x/excellent.mp3
147,explain,/ɪkˈspleɪn/,v,giải thích,It was difficult to explain the problem to beginners.,Thật khó để giải thích vấn đề này cho những người mới.,https://audio.tudienkala.com/data/cache/images/300x225/e/x/explain1.jpg,https://audio.tudienkala.com/audio/e/x/explain.mp3
147,explore,/iks'plɔ:/,v,"khảo sát, thăm dò, khám phá",Reading history books is like exploring the past.,Đọc cuốn sách lịch sử là như khám phá quá khứ.,https://audio.tudienkala.com/data/cache/images/300x225/e/x/explore1.jpg,https://audio.tudienkala.com/audio/e/x/explore.mp3
147,fail,/ˈfeɪ/,v,thất bại,I failed in my attempt to persuade her.,Tôi đã thất bại trong việc nổ lực thuyết phục cô ấy.,https://audio.tudienkala.com/data/cache/images/300x225/f/a/fail1.jpg,https://audio.tudienkala.com/audio/f/a/fail.mp3
147,fall,/fɔ:l/,n,mùa thu,Do you like fall?,Bạn có thích mùa thu không?,https://audio.tudienkala.com/data/cache/images/300x225/f/a/fall1.jpg,https://audio.tudienkala.com/audio/f/a/fall.mp3
147,famous,/ˈfeɪməs/,adj,nổi tiếng,Marie Curie is famous for her contributions to science.,Marie Curie nổi tiếng với những đóng góp cho khoa học.,https://audio.tudienkala.com/data/cache/images/300x225/f/a/famous1.jpg,https://audio.tudienkala.com/audio/f/a/famous.mp3
147,fee,/fiː/,n,"lệ phí, thù lao",He had a lot of trouble paying the tuition fee.,Ông ấy đã có rất nhiều khó khăn trong việc trả học phí.,https://audio.tudienkala.com/data/cache/images/300x225/f/e/fee1.jpg,https://audio.tudienkala.com/audio/f/e/fee.mp3
147,festival,/ˈfestɪvəl/,n,"đại hội, lễ hội, liên hoan",He had a chance to take part in the World Youth festival.,Anh ấy đã có một cơ hội để tham gia vào lễ hội Giới trẻ Thế giới.,https://audio.tudienkala.com/data/cache/images/300x225/f/e/festival1.png,https://audio.tudienkala.com/audio/f/e/festival.mp3
147,fever,/ˈfiːvə/,n,sốt,Aspirin should help reduce the fever.,Aspirin có thể giúp làm giảm sốt.,https://audio.tudienkala.com/data/cache/images/300x225/f/e/fever1.png,https://audio.tudienkala.com/audio/f/e/fever.mp3
147,final,/ˈfaɪnəl/,n,"trận, vòng chung kết",The players met in last year's final.,Các cầu thủ gặp nhau trong trận chung kết năm ngoái.,https://audio.tudienkala.com/data/cache/images/300x225/f/i/final2.png,https://audio.tudienkala.com/audio/f/i/final.mp3
147,finally,/ˈfaɪnəli/,adv,cuối cùng,We finally will all walk to the café for lunch.,Cuối cùng chúng ta sẽ cùng đi bộ tới quán cà phê để ăn trưa.,https://audio.tudienkala.com/data/cache/images/300x225/f/i/finally1.jpg,https://audio.tudienkala.com/audio/f/i/finally.mp3
147,flight,/flaɪt/,n,chuyến bay,The flight was postponed.,Chuyến bay bị hoãn.,https://audio.tudienkala.com/data/cache/images/300x225/f/l/flight1.jpg,https://audio.tudienkala.com/audio/f/l/flight.mp3
147,flow,/fləʊ/,v,chảy,Water always flows downhill.,Nước luôn luôn chảy xuống dốc.,https://audio.tudienkala.com/data/cache/images/300x225/f/l/flow1.jpg,https://audio.tudienkala.com/audio/f/l/flow.mp3
147,force,/fɔːs/,v,bắt buộc,He is forced to sign the contract.,Anh ta bị ép phải kí bản hợp đồng.,https://audio.tudienkala.com/data/images_example/300x225/h/e/he_is_forc_ex1_587728ab7f8b9a41308b469b.jpg,https://audio.tudienkala.com/audio/f/o/force.mp3
147,forecast,/fɔ:'kɑ:st/,v,"dự báo, dự đoán, đoán trước",Analysts forecast a strong economic outlook.,Các nhà phân tích dự báo một viễn cảnh kinh tế sung sức.,https://audio.tudienkala.com/data/cache/images/300x225/f/o/forecast1.png,https://audio.tudienkala.com/audio/f/o/forecast.mp3
147,forget,/fərˈɡet/,v,quên,"The waiter forgets bringing the rolls, annoying the customer.","Anh nhân viên phục vụ quên mang các ổ bánh mì, gây bực mình cho người khách.",https://audio.tudienkala.com/data/cache/images/300x225/f/o/forget1.png,https://audio.tudienkala.com/audio/f/o/forget.mp3
147,friendly,/'frendli/,adj,"thân thiện, thân mật",They are very friendly to me.,Họ rất thân thiện với tớ.,https://audio.tudienkala.com/data/cache/images/300x225/f/r/friendly1.png,https://audio.tudienkala.com/audio/f/r/friendly.mp3
147,friendship,/ˈfrendʃɪp/,n,tình bạn,Your friendship is very important to me.,Tình bạn của cậu rất quan trọng đối với tớ.,https://audio.tudienkala.com/data/cache/images/300x225/f/r/friendship1.jpg,https://audio.tudienkala.com/audio/f/r/friendship.mp3
147,funeral,/ˈfjuːnərəl/,n,lễ tang,The funeral will be held next Friday.,Lễ tang sẽ được tổ chức vào thứ Sáu tới.,https://audio.tudienkala.com/data/cache/images/300x225/f/u/funeral1.jpg,https://audio.tudienkala.com/audio/f/u/funeral.mp3
147,funny,/ˈfʌni/,adj,"hài hước, khôi hài",I like funny people. They often make me laugh a lot.,Tớ thích những người hài hước. Họ thường làm tớ cười rất nhiều.,https://audio.tudienkala.com/data/cache/images_kid/300x225/f/u/funny1.jpg,https://audio.tudienkala.com/audio/f/u/funny.mp3
147,future,/ˈfjuːtʃə/,n,tương lai,We'll come back to this in the near future.,Chúng ta sẽ trở lại vấn đề này trong tương lai gần.,https://audio.tudienkala.com/data/cache/images/300x225/f/u/future2.jpg,https://audio.tudienkala.com/audio/f/u/future.mp3
147,general,/ˈdʒenrəl/,n,"vị tướng, nhà chiến lược xuất sắc",It is said that general Vo Nguyen Giap is beloved not only by all Vietnamese people but many foreigners as well.,Đại tướng Võ Nguyên Giáp không những được yêu quí bởi tất cả người Việt Nam mà còn được yêu quí bởi cả nhiều người nước ngoài nữa.,https://audio.tudienkala.com/data/images_example/300x225/g/e/general_vo_ex1_56248cf57f8b9af80c0123fd.jpg,https://audio.tudienkala.com/audio/g/e/general.mp3
147,get,/get/,v,"có được, nhận được",I'm surprised when I get a gift from Dave.,Tôi ngạc nhiên khi nhận một món quà từ Dave.,https://audio.tudienkala.com/data/cache/images/300x225/g/e/get1.jpg,https://audio.tudienkala.com/audio/g/e/get.mp3
147,give,/ɡɪv/,v,"đưa, trao, cho",Please give your mother the letter.,Vui lòng đưa cho mẹ bạn lá thư.,https://audio.tudienkala.com/data/cache/images/300x225/g/i/give1.jpg,https://audio.tudienkala.com/audio/g/i/give.mp3
147,global,/ˈɡləʊbəl/,adj,toàn cầu,"At present, global warming became a serious issue.","Hiện tại, sự ấm lên toàn cầu trở thành một vấn đề nghiêm trọng.",https://audio.tudienkala.com/data/cache/images/300x225/g/l/global2.jpg,https://audio.tudienkala.com/audio/g/l/global.mp3
147,glue,/ɡluː/,n,keo hồ,He sticks to her like glue.,Anh ta dính vào cô như keo.,https://audio.tudienkala.com/data/cache/images/300x225/g/l/glue2.jpg,https://audio.tudienkala.com/audio/g/l/glue.mp3
147,goal,/goul/,n,"mục đích, mục tiêu",Employees are expected to analyze and evaluate their annual goals.,Các nhân viên được yêu cầu phân tích và đánh giá các mục tiêu hàng năm của họ.,https://audio.tudienkala.com/data/cache/images/300x225/g/o/goal2.png,https://audio.tudienkala.com/audio/g/o/goal.mp3
147,goods,/ɡʊdz/,n,hàng hóa,The goods readied for selling.,Hàng hóa đã sẵn sàng để bán.,https://audio.tudienkala.com/data/cache/images/300x225/g/o/goods1.jpg,https://audio.tudienkala.com/audio/g/o/goods.mp3
147,government,/ˈgʌv(ə)nˌm(ə)nt/,n,chính phủ,The government is urged to create more jobs.,Chính phủ bị hối thúc tạo thêm nhiều việc làm.,https://audio.tudienkala.com/data/cache/images/300x225/g/o/government1.jpg,https://audio.tudienkala.com/audio/g/o/government.mp3
147,grow,/ɡrəʊ/,v,"trồng, mọc",A lot of trees and flowers are grown in the Temple of Literature.,Rất nhiều cây và hoa được trồng trong Văn Miếu.,https://audio.tudienkala.com/data/cache/images/300x225/g/r/grow1.png,https://audio.tudienkala.com/audio/g/r/grow.mp3
147,habit,/ˈhæbɪt/,n,thói quen,Negative thinking can become a habit.,Suy nghĩ tiêu cực có thể trở thành một thói quen.,https://audio.tudienkala.com/data/cache/images/300x225/h/a/habit1.png,https://audio.tudienkala.com/audio/h/a/habit.mp3
147,habitat,/ˈhæbɪtæt/,n,môi trường sống,Can we have natural resources without destroying wildlife habitat?,Chúng ta có thể có nguồn tài nguyên thiên nhiên mà không phá hủy môi trường sống của động vật hoang dã hay không?,https://audio.tudienkala.com/data/cache/images/300x225/h/a/habitat1.jpg,https://audio.tudienkala.com/audio/h/a/habitat.mp3
147,happen,/'hæpən/,v,xảy ra,She happened to be out when I called.,Cô ấy đã ra ngoài khi tôi gọi.,https://audio.tudienkala.com/data/images_example/300x225/s/h/she_happen_ex1_581311d37f8b9a529d8b45bf.jpg,https://audio.tudienkala.com/audio/h/a/happen.mp3
147,hard,/hɑːd/,adv,"vất vả,chăm chỉ",My father has to work hard to raise our family.,Cha tôi đã làm việc chăm chỉ để nuôi gia đình của chúng tôi.,https://audio.tudienkala.com/data/cache/images/300x225/h/a/hard1.jpg,https://audio.tudienkala.com/audio/h/a/hard.mp3
147,harm,/hɑːrm/,n,sự tổn hại,I didn't mean to cause him any harm.,Tôi không có ý làm cho anh ta bất kỳ tổn hại.,https://audio.tudienkala.com/data/cache/images/300x225/h/a/harm1.jpeg,https://audio.tudienkala.com/audio/h/a/harm.mp3
147,healthy,/ˈhelθi/,adj,"khỏe mạnh, có lợi cho sức khỏe",Eating a lot of vegetables is a healthy lifestyle.,Việc ăn nhiều rau xanh là một lối sống khỏe mạnh.,https://audio.tudienkala.com/data/cache/images/300x225/h/e/healthy1.png,https://audio.tudienkala.com/audio/h/e/healthy.mp3
147,heat,/hiːt/,v,đun nóng,"Firstly, heat the oil and add some onions.","Đầu tiên, đun nóng dầu ăn và cho chút hành vào.",https://audio.tudienkala.com/data/cache/images/300x225/h/e/heat1.png,https://audio.tudienkala.com/audio/h/e/heat.mp3
147,help,/help/,v,"giúp, giúp đỡ","Can you help me lift the box, please?",Bạn làm ơn giúp tôi nâng chiếc hộp này được không?,https://audio.tudienkala.com/data/images_example/300x225/c/a/can_you_he_ex1_5624bed27f8b9ac71119683f.jpg,https://audio.tudienkala.com/audio/h/e/help.mp3
147,hide,/haɪd/,v,giấu,Why did he hide the letter in a drawer?,Tại sao ông ấy đã giấu bức thư trong một ngăn kéo?,https://audio.tudienkala.com/data/images_example/300x225/h/e/he_hid_the_ex2_587728007f8b9a0d308b465e.jpg,https://audio.tudienkala.com/audio/h/i/hide.mp3
147,hire,/'haiə/,v,"thuê, mướn; tiền trả công",She was hired after her third interview.,Cô ta đã được thuê sau lần phỏng vấn thứ ba.,https://audio.tudienkala.com/data/cache/images/300x225/h/i/hire1.jpg,https://audio.tudienkala.com/audio/h/i/hire.mp3
147,hobby,/ˈhɑːbi/,n,sở thích,What is your hobby?,Sở thích của bạn là gì?,https://audio.tudienkala.com/data/cache/images/300x225/h/o/hobby1.jpg,https://audio.tudienkala.com/audio/h/o/hobby.mp3
148,hope,/həʊp/,n,hy vọng,They have given up hope of finding any more survivors.,Họ đã từ bỏ hy vọng tìm thấy người sống sót nhiều hơn.,https://audio.tudienkala.com/data/cache/images/300x225/h/o/hope1.jpg,https://audio.tudienkala.com/audio/h/o/hope.mp3
148,huge,/hjuːdʒ/,adj,"to lớn, rộng lớn",He gazed up at her with huge brown eyes.,Cậu bé ngước lên nhìn cô với đôi mắt nâu rất lớn.,https://audio.tudienkala.com/data/cache/images/300x225/h/u/huge2.jpg,https://audio.tudienkala.com/audio/h/u/huge.mp3
148,human,/ˈhjuːmən/,n,"con người, loài người",Dogs can hear much better than humans.,Chó có thể nghe tốt hơn nhiều so với con người.,https://audio.tudienkala.com/data/cache/images/300x225/h/u/human2.jpg,https://audio.tudienkala.com/audio/h/u/human.mp3
148,hurry,/ˈhʌri/,n,Nhanh lên!,Take your time—There's no hurry.,Cứ từ từ- Không cần vội vã.,https://audio.tudienkala.com/data/cache/images/300x225/h/u/hurry1.jpg,https://audio.tudienkala.com/audio/h/u/hurry.mp3
148,imagine,/ɪˈmædʒɪn/,v,"tưởng tượng, hình dung",He imagined walking into the office and handing in his resignation.,Anh tưởng tượng đi vào văn phòng và giao thư từ chức.,https://audio.tudienkala.com/data/cache/images/300x225/i/m/imagine1.png,https://audio.tudienkala.com/audio/i/m/imagine.mp3
148,important,/ɪmˈpɔːtnt/,adj,"quan trọng, trọng đại",I have an important announcement to make.,Tôi có một thông báo quan trọng cần thông báo,https://audio.tudienkala.com/data/cache/images/300x225/i/m/important1.png,https://audio.tudienkala.com/audio/i/m/important.mp3
148,industry,/ˈɪndəstri/,n,"công nghiệp, ngành công nghiệp",Our country is developing a service industry.,Nước ta đang phát triển nền công nghiệp dịch vụ.,https://audio.tudienkala.com/data/cache/images/300x225/i/n/industry1.png,https://audio.tudienkala.com/audio/i/n/industry.mp3
148,information,/ˌɪnfərˈmeɪʃn/,n,thông tin,The police asked him for more information.,Cảnh sát hỏi ông để lấy thêm thông tin.,https://audio.tudienkala.com/data/cache/images/300x225/i/n/information1.jpg,https://audio.tudienkala.com/audio/i/n/information.mp3
148,insect,/ˈɪnsekt/,n,côn trùng,Some insects have compound eyes.,Một số côn trùng có mắt kép.,https://audio.tudienkala.com/data/cache/images/300x225/i/n/insect2.jpg,https://audio.tudienkala.com/audio/i/n/insect.mp3
148,intelligent,/ɪnˈtelɪdʒənt/,adj,thông minh,What an intelligent question!,Đó là một câu hỏi thông minh đấy!,https://audio.tudienkala.com/data/cache/images/300x225/i/n/intelligent2.jpg,https://audio.tudienkala.com/audio/i/n/intelligent.mp3
148,interesting,/ˈɪnt(ə)rɪstɪŋ/,adj,thú vị,London is interesting.,London rất thú vị.,https://audio.tudienkala.com/data/cache/images/300x225/i/n/interesting2.jpg,https://audio.tudienkala.com/audio/i/n/interesting.mp3
148,international,/ˌɪntəˈnæʃnəl/,adj,(thuộc về) quốc tế,Jane is joining an international camp with 30 students from different countries.,Jane đang tham gia hoạt động cắm trại quốc tế với 30 sinh viên từ nhiều nước khác nhau.,https://audio.tudienkala.com/data/cache/images/300x225/i/n/international1.jpg,https://audio.tudienkala.com/audio/i/n/international.mp3
148,interview,/ˈɪntərvjuː/,n,cuộc phỏng vấn,He has an interview next week for the manager's job.,Anh ấy có một cuộc phỏng vấn vào tuần tới cho công việc của nhà quản lý.,https://audio.tudienkala.com/data/cache/images/300x225/i/n/interview2.jpg,https://audio.tudienkala.com/audio/i/n/interview.mp3
148,introduce,/ˌɪntrəˈdjuːs/,v,giới thiệu,Can I introduce my wife?,Tôi có thể giới thiệu vợ tôi không?,https://audio.tudienkala.com/data/cache/images/300x225/i/n/introduce1.png,https://audio.tudienkala.com/audio/i/n/introduce.mp3
148,invite,/ɪnˈvaɪt/,v,mời,Her family invited me to stay with them for a few weeks.,Gia đình cô ấy mời tôi ở lại với họ trong một vài tuần.,https://audio.tudienkala.com/data/cache/images/300x225/i/n/invite1.jpg,https://audio.tudienkala.com/audio/i/n/invite.mp3
148,island,/ˈaɪlənd/,n,đảo,Tuan Chau is one of the largest islands in Ha Long Bay.,Tuần Châu là một trong những đảo lớn nhất ở vịnh Hạ Long.,https://audio.tudienkala.com/data/cache/images/300x225/i/s/island1.png,https://audio.tudienkala.com/audio/i/s/island.mp3
148,jewellery,/ˈdʒuːəlri/,n,trang sức,She has some lovely pieces of jewellery.,Cô ấy đã có một vài mẫu trang sức rất đẹp.,https://audio.tudienkala.com/data/cache/images/300x225/j/e/jewellery2.png,https://audio.tudienkala.com/audio/j/e/jewellery.mp3
148,journey,/ˈdʒəːni/,n,chuyến đi,Have you ever had a journey to England?,Bạn đã từng có chuyến đi tới nước Anh chưa?,https://audio.tudienkala.com/data/cache/images/300x225/j/o/journey1.jpg,https://audio.tudienkala.com/audio/j/o/journey.mp3
148,joy,/joy/,n,"niềm vui, sự vui mừng","To his great joy, she accepted.","Để cho anh ấy niềm vui tuyệt vời, cô ấy đã đồng ý.",https://audio.tudienkala.com/data/cache/images/300x225/j/o/joy1.jpg,https://audio.tudienkala.com/audio/j/o/joy.mp3
148,keep,/kiːp/,v,"giữ, duy trì",I'm very sorry to keep you waiting.,Tôi rất xin lỗi đã khiến cho bạn chờ đợi.,https://audio.tudienkala.com/data/images_example/300x225/i/m/im_very_so_ex2_582d0f137f8b9aec0d8b4680.jpg,https://audio.tudienkala.com/audio/k/e/keep.mp3
148,kind,/kaɪnd/,adj,"tử tế, ân cần",She is very kind to us. She helps us a lot.,Cô ấy rất tử tế với chúng tôi. Cô ấy giúp chúng tôi rất nhiều.,https://audio.tudienkala.com/data/cache/images/300x225/k/i/kind1.jpg,https://audio.tudienkala.com/audio/k/i/kind.mp3
148,knowledge,/ˈnɒlɪdʒ/,n,"kiến thức, sự hiểu biết",There is a lack of knowledge about the tax system.,Có một sự thiếu hiểu biết về hệ thống thuế.,https://audio.tudienkala.com/data/cache/images/300x225/k/n/knowledge1.jpg,https://audio.tudienkala.com/audio/k/n/knowledge.mp3
148,landscape,/ˈlan(d)skeɪp/,n,phong cảnh,My favourite thing to draw is the landscape of this area.,Điều tôi yêu thích vẽ là cảnh quan của khu vực này.,https://audio.tudienkala.com/data/cache/images/300x225/l/a/landscape1.jpg,https://audio.tudienkala.com/audio/l/a/landscape.mp3
148,language,/'læŋgwɪʤ/,n,ngôn ngữ,English is the international language.,Tiếng Anh là ngôn ngữ quốc tế.,https://audio.tudienkala.com/data/cache/images/300x225/l/a/language1.jpg,https://audio.tudienkala.com/audio/l/a/language.mp3
148,last,/lɑːst/,v,kéo dài,A football match often lasts 90 minutes.,Một trận bóng đá thường kéo dài 90 phút.,https://audio.tudienkala.com/data/images_example/300x225/a/_/a_football_ex1_56248cf37f8b9af80c011dad.jpg,https://audio.tudienkala.com/audio/l/a/last.mp3
148,leader,/ˈliːdər/,n,(người) lãnh đạo,She's a born leader.,Cô ấy là một nhà lãnh đạo bẩm sinh.,https://audio.tudienkala.com/data/cache/images/300x225/l/e/leader2.jpg,https://audio.tudienkala.com/audio/l/e/leader.mp3
148,leave,/li:v/,v,"khởi hành, rời khỏi",When do they leave their house?,Khi nào họ rời khỏi nhà của họ?,https://audio.tudienkala.com/data/cache/images/300x225/l/e/leave1.jpg,https://audio.tudienkala.com/audio/l/e/leave.mp3
148,lend,/lend/,v,cho mượn,Can you lend me your car this evening?,Bạn có thể cho tôi mượn xe của bạn tối nay không?,https://audio.tudienkala.com/data/cache/images/300x225/l/e/lend2.jpg,https://audio.tudienkala.com/audio/l/e/lend.mp3
148,level,/'levl/,n,"cấp, cấp bậc, trình độ",We have never had an accountant work at such a sophisticated level before.,Trước đây chúng tôi không bao giờ có một nhân viên kế toán làm với trình độ tinh vi đến thế.,https://audio.tudienkala.com/data/cache/images/300x225/l/e/level1.png,https://audio.tudienkala.com/audio/l/e/level.mp3
148,lift,/lɪft/,v,"nâng lên, nhấc lên",He lifted his trophy over his head.,Anh ấy nâng chiếc cúp của mình qua khỏi đầu.,https://audio.tudienkala.com/data/cache/images/300x225/l/i/lift1.jpg,https://audio.tudienkala.com/audio/l/i/lift.mp3
148,like,/laɪk/,v,thích,Do you like learning English?,Bạn có thích học tiếng Anh không?,https://audio.tudienkala.com/data/images_example/300x225/d/o/do_you_lik_ex1_56248cee7f8b9af60c142ee7.png,https://audio.tudienkala.com/audio/l/i/like.mp3
148,live,/lɪv/,v,"sống, sinh sống",My parents live in New York.,Ba mẹ tôi sống tại New York.,https://audio.tudienkala.com/data/cache/images/300x225/l/i/live-l61.jpg,https://audio.tudienkala.com/audio/l/i/live-l6.mp3
148,local,/ˈləʊkl/,adj,mang tính địa phương,PTV is a channel of Phu Tho province. So it is local.,PTV là một kênh truyền hình của tỉnh Phú Thọ. Vì vậy nó mang tính địa phương.,https://audio.tudienkala.com/data/images_example/300x225/p/t/ptv_is_a_c_ex1_56248cf47f8b9af80c0120a1.jpg,https://audio.tudienkala.com/audio/l/o/local.mp3
148,lock,/lɒk/,v,khóa,He locked the confidential documents in his filing cabinet.,Anh ta khóa các tài liệu mật trong tủ đựng tài liệu.,https://audio.tudienkala.com/data/cache/images/300x225/l/o/lock1.png,https://audio.tudienkala.com/audio/l/o/lock.mp3
148,lonely,/ˈləʊnli/,adj,cô đơn,She lives alone and often feels lonely.,Cô ấy sống một mình và thường cảm thấy cô đơn.,https://audio.tudienkala.com/data/cache/images/300x225/l/o/lonely2.jpg,https://audio.tudienkala.com/audio/l/o/lonely.mp3
148,lose,/luːz/,v,"làm mất, thất lạc, không thể tìm thấy",I often lose my keys.,Tôi thường làm mất chìa khóa của mình.,https://audio.tudienkala.com/data/cache/images/300x225/l/o/lose2.gif,https://audio.tudienkala.com/audio/l/o/lose.mp3
148,loud,/laʊd/,adj,to,That music is too loud - please turn it down.,"Tiếng nhạc to quá, làm ơn vặn nhỏ nó xuống.",https://audio.tudienkala.com/data/cache/images/300x225/l/o/loud1.jpg,https://audio.tudienkala.com/audio/l/o/loud.mp3
148,lovely,/ˈlʌvli/,adj,"xinh đẹp, đáng yêu",Da Lat is a lovely resort city with many flowers and pleasant weather.,Đà Lạt là một thành phố nghỉ dưỡng xinh đẹp với rất nhiều hoa và tiết trời dễ chịu.,https://audio.tudienkala.com/data/images_example/300x225/d/a/da_lat_is__ex1_56248cf37f8b9af80c011e85.jpg,https://audio.tudienkala.com/audio/l/o/lovely.mp3
148,luggage,/ˈlʌɡɪdʒ/,n,"hành lý, đồ đạc",There's room for one more piece of luggage.,Vẫn còn chỗ cho một kiện hành lý nữa.,https://audio.tudienkala.com/data/cache/images/300x225/l/u/luggage1.png,https://audio.tudienkala.com/audio/l/u/luggage.mp3
148,main,/meɪn/,adj,"chính yếu, chủ đạo",Mr Snape is not the main character in the famous film “Harry Potter”.,Thầy Snape không phải là nhân vật chính trong bộ phim nổi tiếng Harry Potter.,https://audio.tudienkala.com/data/cache/images/300x225/m/a/main2.png,https://audio.tudienkala.com/audio/m/a/main.mp3
148,married,/ˈmærid/,adj,lập gia đình,When are you getting married?,Khi nào bạn sẽ kết hôn?,https://audio.tudienkala.com/data/cache/images/300x225/m/a/married1.png,https://audio.tudienkala.com/audio/m/a/married.mp3
148,maybe,/ˈmeɪbi/,adv,có lẽ,"Maybe he'll come, maybe he won't.","Có lẽ anh ấy sẽ đến, có lẽ sẽ không.",https://audio.tudienkala.com/data/cache/images/300x225/m/a/maybe1.jpg,https://audio.tudienkala.com/audio/m/a/maybe.mp3
148,meal,/miːl/,n,bữa ăn,Try not to eat between meals.,Cố gắng không ăn giữa các bữa ăn.,https://audio.tudienkala.com/data/cache/images/300x225/m/e/meal2.jpg,https://audio.tudienkala.com/audio/m/e/meal.mp3
148,mean,/mi:n/,v,"nghĩa là, có nghĩa là","These words mean ""and so on"".","Những từ này có nghĩa là ""còn nữa"".",https://audio.tudienkala.com/data/images_example/300x225/t/h/these_word_ex1_5624bed17f8b9ac711196704.png,https://audio.tudienkala.com/audio/m/e/mean.mp3
148,means,/miːnz/,n,phương tiện,The telephone is a means of communication.,Điện thoại là một phương tiện liên lạc.,https://audio.tudienkala.com/data/cache/images/300x225/m/e/means1.jpg,https://audio.tudienkala.com/audio/m/e/means.mp3
148,media,/ˈmiːdɪə/,n,truyền thông,He became a media star for his part in the protests.,Ông ấy đã trở thành một ngôi sao truyền thông bởi sự tham gia của ông trong các cuộc biểu tình.,https://audio.tudienkala.com/data/cache/images/300x225/m/e/media1.jpg,https://audio.tudienkala.com/audio/m/e/media.mp3
148,memory,/ˈmeməri/,n,trí nhớ,She has a bad memory for names.,Cô ấy nhớ tên người khác rất kém.,https://audio.tudienkala.com/data/cache/images/300x225/m/e/memory1.png,https://audio.tudienkala.com/audio/m/e/memory.mp3
148,message,/ˈmesɪdʒ/,n,"thông báo, lời nhắn",Jenny's not here at the moment. Can I take a message?,Jenny giờ không ở đây. Tôi có thể nhận lời nhắn không?,https://audio.tudienkala.com/data/cache/images/300x225/m/e/message1.png,https://audio.tudienkala.com/audio/m/e/message.mp3
148,middle,/ˈmɪdl/,adj,giữa,She's the middle child of three.,Cô ấy là con giữa trong ba người.,https://audio.tudienkala.com/data/cache/images/300x225/m/i/middle1.jpg,https://audio.tudienkala.com/audio/m/i/middle.mp3
148,million,/ˈmɪljən/,n,triệu,It must be worth a million dollars.,Nó phải có giá trị một triệu đô la.,https://audio.tudienkala.com/data/cache/images/300x225/m/i/million1.jpg,https://audio.tudienkala.com/audio/m/i/million.mp3
149,miss,/'mis/,v,thấy nhớ (ai đó),I am going to miss talking with her about my confessions.,Tôi sẽ nhớ việc nói chuyện với cô ấy về những lời thú nhận của mình.,https://audio.tudienkala.com/data/cache/images/300x225/m/i/miss1.png,https://audio.tudienkala.com/audio/m/i/miss.mp3
149,modern,/ˈmɑːdərn/,adj,hiện đại,Hanoi is more modern than Yen Bai.,Hà Nội thì hiện đại hơn Yên Bái.,https://audio.tudienkala.com/data/images_example/300x225/h/a/hanoi_is_m_ex1_56248cf37f8b9af80c011e25.jpg,https://audio.tudienkala.com/audio/m/o/modern.mp3
149,moment,/ˈmoʊmənt/,n,"khoảnh khắc, chốc lát",He thought for a moment before replying.,Anh ta đã suy nghĩ một chốc lát trước khi trả lời,https://audio.tudienkala.com/data/cache/images/300x225/m/o/moment1.jpg,https://audio.tudienkala.com/audio/m/o/moment.mp3
149,nature,/ˈneɪtʃər/,n,thiên nhiên,Can you name different things in nature in English?,Bạn có thể kể tên một số sự vật trong tự nhiên bằng tiếng Anh không?,https://audio.tudienkala.com/data/cache/images/300x225/n/a/nature1.png,https://audio.tudienkala.com/audio/n/a/nature.mp3
149,need,/ni:d/,v,cần,Do you need me to help?,Bạn có cần tôi giúp đỡ không?,https://audio.tudienkala.com/data/cache/images/300x225/n/e/need1.jpg,https://audio.tudienkala.com/audio/n/e/need.mp3
149,network,/ˈnetwɜːrk/,v,nối mạng,People stay after the speech to network.,Mọi người ở lại sau bài phát biểu để làm quen với những người cùng chí hướng.,https://audio.tudienkala.com/data/cache/images/300x225/n/e/network1.jpg,https://audio.tudienkala.com/audio/n/e/network.mp3
149,opposite,/ˈɒpəzɪt/,prep,đối diện,Two women are sitting opposite each other.,Hai người phụ nữ đang ngồi đối diện nhau.,https://audio.tudienkala.com/data/images_example/300x225/t/w/two_women__ex1_56248cee7f8b9af60c142f0f.jpg,https://audio.tudienkala.com/audio/o/p/opposite.mp3
149,order,/'ɔ:də/,n,đơn đặt hàng,The customer placed an order for ten new chairs.,Người khách hàng đưa đơn đặt hàng 10 cái ghế mới.,https://audio.tudienkala.com/data/images_example/300x225/t/h/the_custom_ex1_56248cf37f8b9af80c011edd.jpg,https://audio.tudienkala.com/audio/o/r/order.mp3
149,owner,/ˈəʊnər/,n,người sở hữu,Are you the owner of this car?,Bạn là người sở hữu chiếc ô tô này à?,https://audio.tudienkala.com/data/cache/images/300x225/o/w/owner1.jpg,https://audio.tudienkala.com/audio/o/w/owner.mp3
149,pair,/peər/,n,"cặp, đôi",This pair fits perfectly.,Đôi này vừa khít.,https://audio.tudienkala.com/data/images_example/300x225/t/h/this_pair__ex2_587727457f8b9af52f8b456d.jpg,https://audio.tudienkala.com/audio/p/a/pair.mp3
149,palace,/ˈpælɪs/,n,cung điện,The Royal palace in Stockholm is one of the largest palaces in Europe.,Cung Điện Hoàng Gia tại Stockholm là một trong những cung điện lớn nhất tại Châu Âu.,https://audio.tudienkala.com/data/cache/images/300x225/p/a/palace2.jpg,https://audio.tudienkala.com/audio/p/a/palace.mp3
149,pass,/pɑːs/,v,đi qua,The road was so narrow that cars were unable to pass.,Con đường quá hẹp xe ô tô đã không thể vượt qua.,https://audio.tudienkala.com/data/cache/images/300x225/p/a/pass2.jpg,https://audio.tudienkala.com/audio/p/a/pass.mp3
149,passenger,/ˈpæsəndʒər/,n,hành khách,That is passenger and cargo ship.,Đó là tàu vừa chở hành khách vừa chở hàng.,https://audio.tudienkala.com/data/cache/images/300x225/p/a/passenger2.jpg,https://audio.tudienkala.com/audio/p/a/passenger.mp3
149,patient,/ˈpeɪʃənt/,n,bệnh nhân,I am a patient of Dr. Stephens; could I make an appointment to see her?,"Tôi là một bệnh nhân của bác sĩ Stephens, tôi có thể hẹn gặp bà ấy được không?",https://audio.tudienkala.com/data/cache/images/300x225/p/a/patient1.png,https://audio.tudienkala.com/audio/p/a/patient.mp3
149,per cent,/pər ˈsent/,adj,phần trăm,House prices rose five per cent last year.,Gía nhà tăng năm phần trăm vào năm ngoái.,https://audio.tudienkala.com/data/cache/images/300x225/p/e/per_cent2.gif,https://audio.tudienkala.com/audio/p/e/per_cent.mp3
149,perfect,/pə'fekt/,adj,"hoàn hảo, đầy đủ",She strove to be the perfect wife.,Cô ấy phấn đấu trở thành người vợ hoàn hảo.,https://audio.tudienkala.com/data/cache/images/300x225/p/e/perfect1.png,https://audio.tudienkala.com/audio/p/e/perfect.mp3
149,pick,/pik/,v,"hái, nhặt",They are picking ripe tomatoes.,Họ đang hái cà chua chín.,https://audio.tudienkala.com/data/cache/images/300x225/p/i/pick1.jpg,https://audio.tudienkala.com/audio/p/i/pick.mp3
149,planet,/ˈplænɪt/,n,hành tinh,I can't imagine life on other planets.,Tôi không thể tưởng tượng cuộc sống trên các hành tinh khác.,https://audio.tudienkala.com/data/cache/images/300x225/p/l/planet2.png,https://audio.tudienkala.com/audio/p/l/planet.mp3
149,popular,/ˈpɒpjələr/,adj,"nổi tiếng, phổ biến",Tea is the most popular drink in Britain.,Trà là đồ uống phổ biến nhất tại nước Anh.,https://audio.tudienkala.com/data/images_example/300x225/t/e/tea_is_the_ex1_587728497f8b9a22308b4637.jpg,https://audio.tudienkala.com/audio/p/o/popular.mp3
149,position,/pəˈzɪʃn/,n,vị trí,I'm writing to apply for the position of a volunteer guide.,Tôi viết thư để ứng tuyển vị trí hướng dẫn viên tình nguyện.,https://audio.tudienkala.com/data/images_example/300x225/i/m/im_writing_ex1_56248cfb7f8b9afa0cb17d50.jpg,https://audio.tudienkala.com/audio/p/o/position.mp3
149,possible,/ˈpɒsɪb(ə)l/,adj,có thể,Contact me as soon as possible.,Liên lạc với tôi sớm nhất có thể.,https://audio.tudienkala.com/data/images_example/300x225/c/o/contact_me_ex1_5624becf7f8b9ac711196338.jpg,https://audio.tudienkala.com/audio/p/o/possible.mp3
149,pour,/poʊr/,v,"đổ, rót",Please pour the sauce over the cake.,Vui lòng đổ nước xốt lên trên bánh.,https://audio.tudienkala.com/data/cache/images/300x225/p/o/pour1.jpg,https://audio.tudienkala.com/audio/p/o/pour.mp3
149,power,/ˈpaʊər/,n,"điện, năng lượng",They sometimes cut the power in the summer.,Họ đôi khi cắt điện vào mùa hè.,https://audio.tudienkala.com/data/cache/images/300x225/p/o/power1.jpg,https://audio.tudienkala.com/audio/p/o/power.mp3
149,practice,/'præktis/,v,"thực hành, rèn luyện",Bill practiced answering the telephone until he was satisfied.,Bill thực tập trả lời điện thoại cho đến khi anh ta cảm thấy hài lòng.,https://audio.tudienkala.com/data/cache/images/300x225/p/r/practice1.jpeg,https://audio.tudienkala.com/audio/p/r/practice.mp3
149,pray,/preɪ/,v,cầu nguyện,I pray for peace all over the world.,Tôi cầu nguyện hòa bình trên toàn thế giới.,https://audio.tudienkala.com/data/cache/images/300x225/p/r/pray1.png,https://audio.tudienkala.com/audio/p/r/pray.mp3
149,prefer,/prɪˈfɜ:r/,v,thích hơn,I prefer reading a book to watching TV.,Tôi thích đọc sách hơn xem TV.,https://audio.tudienkala.com/data/cache/images/300x225/p/r/prefer1.png,https://audio.tudienkala.com/audio/p/r/prefer.mp3
149,prepare,/prɪˈper/,v,chuẩn bị,The children are preparing to leave for Halloween.,Các em đang chuẩn bị đi dự lễ Halloween.,https://audio.tudienkala.com/data/cache/images/300x225/p/r/prepare1.jpg,https://audio.tudienkala.com/audio/p/r/prepare.mp3
149,president,/ˈprezɪdənt/,n,"hiệu trưởng, chủ tịch",Mr. Trung is the president of my school.,Ông Trung là hiệu trưởng của trường tôi.,https://audio.tudienkala.com/data/cache/images/300x225/p/r/president1.png,https://audio.tudienkala.com/audio/p/r/president.mp3
149,press,/pres/,v,"ấn, nhấn",You need to press this button to start the machine.,Ấn cái nút này để khởi động máy.,https://audio.tudienkala.com/data/cache/images/300x225/p/r/press1.jpg,https://audio.tudienkala.com/audio/p/r/press.mp3
149,prize,/praiz/,n,giải thưởng,Everybody tries their best to win the prize.,Tất cả mọi người cố gắng hết sức để giành giải thưởng.,https://audio.tudienkala.com/data/cache/images/300x225/p/r/prize1.png,https://audio.tudienkala.com/audio/p/r/prize.mp3
149,problem,/ˈprɒbləm/,n,vấn đề,Let me know if you have any problems.,Hãy cho tôi biết nếu bạn có bất kỳ vấn đề gì.,https://audio.tudienkala.com/data/cache/images/300x225/p/r/problem1.jpg,https://audio.tudienkala.com/audio/p/r/problem.mp3
149,produce,/prə'dju:s/,v,"sản xuất, sản sinh, tạo ra",People produce a lot of goods every year.,Người sản xuất rất nhiều hàng hóa mỗi năm.,https://audio.tudienkala.com/data/cache/images/300x225/p/r/produce1.jpg,https://audio.tudienkala.com/audio/p/r/produce.mp3
149,product,/ˈprɒdʌkt/,n,sản phẩm,The new product took more than three years to develop before being put on the market.,Sản phẩm mới mất hơn ba năm để phát triển trước khi được đưa ra thị trường.,https://audio.tudienkala.com/data/cache/images/300x225/p/r/product1.png,https://audio.tudienkala.com/audio/p/r/product.mp3
149,project,/ˈprɒdʒekt/,v,"kế hoạch, đồ án, dự án",The director projects that the company will need to hire ten new employees his year.,Người giám đốc lập kế hoạch là công ty sẽ cần phải thuê 10 nhân viên mới trong năm nay.,https://audio.tudienkala.com/data/cache/images/300x225/p/r/project2.png,https://audio.tudienkala.com/audio/p/r/project.mp3
149,protect,/prəˈtekt/,v,"bảo vệ, bảo hộ, che chở",Consumer laws are designed to protect the public against unscrupulous vendors.,Luật tiêu dùng được thiết kế để bảo vệ công chúng trước những kẻ bán hàng vô lương tâm.,https://audio.tudienkala.com/data/cache/images/300x225/p/r/protect1.png,https://audio.tudienkala.com/audio/p/r/protect.mp3
149,provide,/prəˈvaɪd/,v,cung cấp,He provides food for the poor on Sunday mornings.,Anh ấy cung cấp đồ ăn cho người nghèo vào các sáng Chủ nhật.,https://audio.tudienkala.com/data/images_example/300x225/h/e/he_provide_ex1_56248d017f8b9afc0c29827d.jpg,https://audio.tudienkala.com/audio/p/r/provide.mp3
149,public,/ˈpʌblɪk/,adj,"công cộng, công",The public services here are quite good.,Các dịch vụ công cộng ở đây là khá tốt.,https://audio.tudienkala.com/data/cache/images/300x225/p/u/public1.jpg,https://audio.tudienkala.com/audio/p/u/public.mp3
149,punch,/pʌntʃ/,n,cú đấm,He packed a punch for enemy.,Anh ta nện kẻ thù một cú đấm.,https://audio.tudienkala.com/data/cache/images/300x225/p/u/punch2.png,https://audio.tudienkala.com/audio/p/u/punch.mp3
149,realize,/ˈriːəlaɪz/,v,"nhận ra, nhận thức",I don't think you realize how important this is to her.,Tôi không nghĩ bạn nhận thức được điều đó quan trọng như thế nào với cô ấy.,https://audio.tudienkala.com/data/cache/images/300x225/r/e/realize1.jpg,https://audio.tudienkala.com/audio/r/e/realize.mp3
149,reason,/'ri:zn/,n,lý do,Give me one good reason why I should help you.,Cho tôi một lí do tại sao tôi nên giúp bạn.,https://audio.tudienkala.com/data/cache/images/300x225/r/e/reason1.jpg,https://audio.tudienkala.com/audio/r/e/reason.mp3
149,receipt,/rɪˈsiːt/,n,giấy biên nhận,"Can I have a receipt, please?",Tôi có thể xin biên lai không?,https://audio.tudienkala.com/data/cache/images/300x225/r/e/receipt_11.png,https://audio.tudienkala.com/audio/r/e/receipt_1.mp3
149,reduce,/rɪˈduːs/,v,"giảm, hạ",Doctors will always try to reduce the temperature of patients with fever.,Các bác sĩ sẽ luôn cố gắng để làm giảm nhiệt độ của bệnh nhân bị sốt.,https://audio.tudienkala.com/data/cache/images/300x225/r/e/reduce1.jpg,https://audio.tudienkala.com/audio/r/e/reduce.mp3
149,refuse,/rɪˈfjuːz/,v,từ chối,He flatly refused to discuss the matter.,Ông thẳng thừng từ chối thảo luận về vấn đề này.,https://audio.tudienkala.com/data/cache/images/300x225/r/e/refuse2.jpg,https://audio.tudienkala.com/audio/r/e/refuse.mp3
149,region,/ˈriːdʒən/,n,vùng/miền,She comes from a mountainous region.,Cô ấy đến từ một khu vực miền núi.,https://audio.tudienkala.com/data/cache/images/300x225/r/e/region1.jpg,https://audio.tudienkala.com/audio/r/e/region.mp3
149,regret,/ri'gret/,n,sự hối tiếc,He expressed his regret at the decision.,Anh ấy bày tỏ sự hối tiếc của mình với quyết định.,https://audio.tudienkala.com/data/cache/images/300x225/r/e/regret1.jpg,https://audio.tudienkala.com/audio/r/e/regret.mp3
149,reward,/rɪˈwɔːd/,n,"tiền thưởng, vật thưởng (làm việc chăm chỉ...)",Hard work brings its own rewards.,Làm việc chăm chỉ mang lại phần thưởng cho riêng bạn.,https://audio.tudienkala.com/data/cache/images/300x225/r/e/reward2.jpg,https://audio.tudienkala.com/audio/r/e/reward.mp3
149,rise,/raɪz/,v,"mọc (mặt trời), nhô lên",The Sun rises in the East.,Mặt trời mọc ở hướng Đông.,https://audio.tudienkala.com/data/cache/images/300x225/r/i/rise1.png,https://audio.tudienkala.com/audio/r/i/rise.mp3
149,rob,/rɒb/,v,cướp,He has robbed several times.,Anh ta đã cướp vài lần.,https://audio.tudienkala.com/data/cache/images/300x225/r/o/rob1.png,https://audio.tudienkala.com/audio/r/o/rob.mp3
149,rule,/ru:l/,n,"quy tắc, phép tắc",You need to follow the rules.,Bạn cần tuân theo các quy tắc.,https://audio.tudienkala.com/data/cache/images/300x225/r/u/rule1.jpg,https://audio.tudienkala.com/audio/r/u/rule.mp3
150,salary,/ˈsæləri/,n,lương hàng tháng,The technician was pleased to have a raise in salary after only six months on the job.,Người kỹ thuật viên đã hài lòng khi có sự tăng lương chỉ sau 6 tháng làm việc.,https://audio.tudienkala.com/data/cache/images/300x225/s/a/salary1.png,https://audio.tudienkala.com/audio/s/a/salary.mp3
150,seat,/siːt/,n,chỗ ngồi,Please take a seat(= sit down).,Hãy dành một chỗ ngồi (= ngồi xuống).,https://audio.tudienkala.com/data/cache/images/300x225/s/e/seat1.jpg,https://audio.tudienkala.com/audio/s/e/seat.mp3
150,sense,/sens/,n,"giác quan, tri giác, cảm giác",How many senses do you have?,Bạn có bao nhiêu giác quan?,https://audio.tudienkala.com/data/cache/images/300x225/s/e/sense1.png,https://audio.tudienkala.com/audio/s/e/sense.mp3
150,series,/ˈsɪəri:z/,n,phim dài kỳ trên truyền hình,Hello Fatty is a popular TV cartoon series for kids.,Hello Fatty là một bộ phim hoạt hình dài kỳ phổ biến trên truyền hình dành cho trẻ em.,https://audio.tudienkala.com/data/cache/images/300x225/s/e/series1.jpg,https://audio.tudienkala.com/audio/s/e/series.mp3
150,serious,/'siəriəs/,adj,nghiêm túc,We are always serious when working.,Chúng tôi luôn nghiêm túc khi làm việc.,https://audio.tudienkala.com/data/cache/images/300x225/s/e/serious1.png,https://audio.tudienkala.com/audio/s/e/serious.mp3
150,serve,/sɜːrv/,v,"múc, xới, gắp ra để ăn",You can serve spring rolls with some vegetables.,Bạn có thể ăn nem rán kèm với một chút rau.,https://audio.tudienkala.com/data/cache/images/300x225/s/e/serve1.jpg,https://audio.tudienkala.com/audio/s/e/serve.mp3
150,service,/ˈsɜːvɪs/,n,dịch vụ,The food was good but the service was very slow.,Thức ăn thì rất ngon nhưng dịch vụ thì quá tồi.,https://audio.tudienkala.com/data/cache/images/300x225/s/e/service1.jpeg,https://audio.tudienkala.com/audio/s/e/service.mp3
150,side,/saɪd/,n,"phía, bên",I am flying to the other side of the world.,Tôi đang bay đến phía bên kia thế giới.,https://audio.tudienkala.com/data/cache/images/300x225/s/i/side2.png,https://audio.tudienkala.com/audio/s/i/side.mp3
150,sign,/sain/,n,"bảng hiệu, dấu hiệu",There is no sign of John anywhere.,Không có dấu hiệu của John ở bất cứ nơi nào cả.,https://audio.tudienkala.com/data/cache/images/300x225/s/i/sign1.png,https://audio.tudienkala.com/audio/s/i/sign.mp3
150,silent,/ˈsaɪlənt/,adj,yên lặng,"As the curtain rose, the audience fell silent.","Khi bức màn kéo lên, khán giả im lặng.",https://audio.tudienkala.com/data/cache/images/300x225/s/i/silent1.jpg,https://audio.tudienkala.com/audio/s/i/silent.mp3
150,silly,/ˈsɪli/,adj,"ngớ ngẩn, ngốc nghếch",My grandpa and I made a silly face to cheer mom up.,Ông và tôi làm bộ mặt ngốc nghếch để làm vui mẹ.,https://audio.tudienkala.com/data/cache/images/300x225/s/i/silly1.png,https://audio.tudienkala.com/audio/s/i/silly.mp3
150,skyscraper,/ˈskaɪˌskreɪpər/,n,nhà chọc trời,Are skyscrapers ugly?,Có phải các tòa nhà chọc trời xấu xí không?,https://audio.tudienkala.com/data/cache/images/300x225/s/k/skyscraper1.jpg,https://audio.tudienkala.com/audio/s/k/skyscraper.mp3
150,smart,/smɑːt/,adj,thông minh,You look very smart in that suit.,Bạn trông rất đẹp trong bộ đồ đó.,https://audio.tudienkala.com/data/cache/images/300x225/s/m/smart1.jpg,https://audio.tudienkala.com/audio/s/m/smart.mp3
150,society,/səˈsaɪəti/,n,xã hội,They carried out research into the roles of men and women in today's society.,Họ đã tiến hành nghiên cứu về vai trò của nam giới và phụ nữ trong xã hội ngày nay.,https://audio.tudienkala.com/data/cache/images/300x225/s/o/society2.jpg,https://audio.tudienkala.com/audio/s/o/society.mp3
150,solve,/sɔlv/,v,"giải quyết, tìm giải pháp",You can't solve anything by just running away.,Cậu không thể giải quyết vấn đề bằng cách bỏ chạy được.,https://audio.tudienkala.com/data/cache/images/300x225/s/o/solve2.png,https://audio.tudienkala.com/audio/s/o/solve.mp3
150,sometimes,/'sʌmtaimz/,adv,"thỉnh thoảng, đôi khi",She sometimes goes to school on foot.,Đôi khi cô ấy đi bộ đi học.,https://audio.tudienkala.com/data/cache/images/300x225/s/o/sometimes1.jpg,https://audio.tudienkala.com/audio/s/o/sometimes.mp3
150,sound,/saʊnd/,v,"nghe có vẻ, nghe như","That plan sounds interesting, doesn't it?","Kế hoạch đó nghe có vẻ thú vị, phải không?",https://audio.tudienkala.com/data/cache/images/300x225/s/o/sound1.png,https://audio.tudienkala.com/audio/s/o/sound.mp3
150,sour,/saʊə/,adj,chua,You serve spring rolls with sweet and sour sauce.,Bạn ăn nem rán với nước chấm chua ngọt.,https://audio.tudienkala.com/data/cache/images/300x225/s/o/sour1.png,https://audio.tudienkala.com/audio/s/o/sour.mp3
150,special,/ˈspeʃəl/,adj,đặc biệt,Nepal is special because it contains the highest mountain in the world.,Nước Nepal đặc biệt vì nó chứa ngọn núi cao nhất thế giới.,https://audio.tudienkala.com/data/images_example/300x225/n/e/nepal_is_s_ex1_5624bed17f8b9ac7111966e6.jpg,https://audio.tudienkala.com/audio/s/p/special.mp3
150,speech,/spiːtʃ/,n,"bài diễn văn, diễn thuyết",He made the announcement in a speech on television.,Ông ấy đưa ra tuyên bố trong một bài phát biểu trên truyền hình.,https://audio.tudienkala.com/data/images_example/300x225/h/e/he_made_th_ex2_5877280f7f8b9a0d308b46b3.jpg,https://audio.tudienkala.com/audio/s/p/speech.mp3
150,spend,/spend/,v,"sử dụng, trải qua",Daisy spends two hours doing this exercise.,Daisy dành hai giờ làm bài tập này.,https://audio.tudienkala.com/data/cache/images/300x225/s/p/spend1.jpg,https://audio.tudienkala.com/audio/s/p/spend.mp3
150,spicy,/ˈspʌɪsi/,adj,cay nồng,The spicy foods can make our noses run and our eyes water.,Đồ ăn cay nồng khiến cho chúng ta chảy cả nước mũi và nước mắt.,https://audio.tudienkala.com/data/cache/images/300x225/s/p/spicy1.png,https://audio.tudienkala.com/audio/s/p/spicy.mp3
150,statue,/ˈstætʃuː/,n,tượng,"In 2003, the four statues (Ly Thanh Tong, Ly Nhan Tong, Le Thanh Tong, and Chu Van An) were built by Hanoi People’s Committee.","Vào năm 2003, bốn bức tượng của vua Lý Thánh Tông, Lý Nhân Tông, Lê Thánh Tông và thầy Chu Văn An được xây dựng bởi Ủy ban nhân dân thành phố Hà Nội.",https://audio.tudienkala.com/data/cache/images/300x225/s/t/statue2.jpg,https://audio.tudienkala.com/audio/s/t/statue.mp3
150,steal,/stiːl/,v,"ăn cắp, lấy trộm",Thieves stole jewellery worth over £10000.,Kẻ trộm đã lấy trộm đồ trang sức trị giá hơn £ 10.000.,https://audio.tudienkala.com/data/cache/images/300x225/s/t/steal2.jpg,https://audio.tudienkala.com/audio/s/t/steal.mp3
150,step,/step/,n,bước đi; tiếng bước chân,He missed a step and fell down the stairs.,Anh ta bước hụt một bước và ngã xuống cầu thang.,https://audio.tudienkala.com/data/cache/images/300x225/s/t/step2.jpg,https://audio.tudienkala.com/audio/s/t/step.mp3
150,straight,/streɪt/,adj,tóc thẳng,She has long straight hair.,Cô có mái tóc dài thẳng.,https://audio.tudienkala.com/data/cache/images/300x225/s/t/straight1.jpg,https://audio.tudienkala.com/audio/s/t/straight.mp3
150,supply,/sə'plai/,n,"‹sự/đồ/nguồn/_› dự trữ, tiếp tế cấp","By making better use of our supply, we can avoid ordering until next month.","Bằng cách dùng tốt hơn đồ dự trữ của mình, chúng tôi khỏi phải đặt hàng cho đến tháng tới.",https://audio.tudienkala.com/data/images_example/300x225/b/y/by_making__ex1_56248d157f8b9a040dc65f4c.jpg,https://audio.tudienkala.com/audio/s/u/supply.mp3
150,sure,/ʃʊə/,adj,chắc chắn,I'm not sure whether I should tell you this.,Tôi không chắc liệu tôi có nên nói với bạn điều này.,https://audio.tudienkala.com/data/images_example/300x225/i/m/im_not_sur_ex2_58510b837f8b9aa6078b4575.jpg,https://audio.tudienkala.com/audio/s/u/sure.mp3
150,swallow,/ˈswɒləʊ/,v,"nuốt, tiêu hóa",Always chew food well before swallowing it.,Luôn nhai thức ăn kĩ trước khi nuốt.,https://audio.tudienkala.com/data/cache/images/300x225/s/w/swallow1.png,https://audio.tudienkala.com/audio/s/w/swallow.mp3
150,task,/tɑːsk/,n,nhiệm vụ,We successfully completed task.,Chúng tôi hoàn thành xuất sắc nhiệm vụ.,https://audio.tudienkala.com/data/cache/images/300x225/t/a/task2.jpg,https://audio.tudienkala.com/audio/t/a/task.mp3
150,tear,/teər/,n,"nước mắt, lệ",A tear rolled down his face.,Một giọt nước mắt lăn dài trên khuôn mặt anh ấy.,https://audio.tudienkala.com/data/cache/images/300x225/t/e/tear1.jpg,https://audio.tudienkala.com/audio/t/e/tear.mp3
150,technology,/tɛkˈnɒlədʒi/,n,công nghệ,The company has invested in the latest technology.,Công ty đã đầu tư công nghệ mới nhất.,https://audio.tudienkala.com/data/cache/images/300x225/t/e/technology1.jpg,https://audio.tudienkala.com/audio/t/e/technology.mp3
150,terrible,/ˈterəbl/,adj,kinh khủng,"In my neighbourhood, the weather is terrible in winter.","Ở nơi mình sinh sống, thời tiết thật kinh khủng vào mùa đông.",https://audio.tudienkala.com/data/images_example/300x225/i/n/in_my_neig_ex1_56248cf37f8b9af80c011e39.jpg,https://audio.tudienkala.com/audio/t/e/terrible.mp3
150,therefore,/ˈðeəfɔːr/,adv,vì vậy,He's only 17 and therefore not eligible to vote,Cậu ấy chỉ mới 17 tuổi và do đó không đủ điều kiện để bỏ phiếu,https://audio.tudienkala.com/data/images_example/300x225/h/e/hes_only_1_ex2_5877274c7f8b9af52f8b459b.jpg,https://audio.tudienkala.com/audio/t/h/therefore.mp3
150,tidy,/ˈtaɪdi/,v,dọn dẹp,I spent all morning cleaning and tidying.,Tôi đã dành cả buổi sáng làm sạch và dọn dẹp.,https://audio.tudienkala.com/data/cache/images/300x225/t/i/tidy2.jpg,https://audio.tudienkala.com/audio/t/i/tidy.mp3
150,tie,/taɪ/,v,"trói, buộc",They tied him to a chair with a rope.,Họ trói anh ta vào một chiếc ghế với một sợi dây thừng.,https://audio.tudienkala.com/data/cache/images/300x225/t/i/tie1.png,https://audio.tudienkala.com/audio/t/i/tie.mp3
150,tourist,/ˈtʊərɪst/,n,khách du lịch,An elderly tourist looks worried.,Một du khách lớn tuổi trông có vẻ lo lắng.,https://audio.tudienkala.com/data/cache/images/300x225/t/o/tourist1.png,https://audio.tudienkala.com/audio/t/o/tourist.mp3
150,traffic,/træfik/,n,"sự đi lại, giao thông",The traffic in Vietnam is not very good.,Giao thông ở Việt Nam rất không tốt.,https://audio.tudienkala.com/data/cache/images/300x225/t/r/traffic1.png,https://audio.tudienkala.com/audio/t/r/traffic.mp3
150,true,/tru:/,adj,"đúng, thật",Is it a true story?,Đó là câu chuyện có thật ư?,https://audio.tudienkala.com/data/cache/images/300x225/t/r/true2.jpg,https://audio.tudienkala.com/audio/t/r/true.mp3
150,type,/taɪp/,v,đánh máy,We will have to type the essay.,Chúng ta sẽ phải đánh máy bài luận.,https://audio.tudienkala.com/data/cache/images/300x225/t/y/type1.png,https://audio.tudienkala.com/audio/t/y/type.mp3
150,useful,/ˈjuːsfəl/,adj,hữu ích,Some products can be recycled at the end of their useful life.,Một số sản phẩm có thể được tái chế vào cuối vòng đời hữu ích của chúng.,https://audio.tudienkala.com/data/cache/images/300x225/u/s/useful1.jpg,https://audio.tudienkala.com/audio/u/s/useful.mp3
150,usually,/'ju:ʒuəli/,adv,"thường thường, thường xuyên",I'm usually home by 6 o'clock.,Tôi thường về nhà lúc 6 giờ.,https://audio.tudienkala.com/data/cache/images/300x225/u/s/usually1.png,https://audio.tudienkala.com/audio/u/s/usually.mp3
150,version,/ˈvɜːʃən/,n,phiên bản,That singing contest has different versions all over the world.,Cuộc thi ca hát đó có nhiều phiên bản khác nhau trên toàn thế giới.,https://audio.tudienkala.com/data/cache/images/300x225/v/e/version2.jpg,https://audio.tudienkala.com/audio/v/e/version.mp3
150,victim,/ˈvɪktɪm/,n,nạn nhân,He was a victim of the accident yesterday.,Anh ấy là nạn nhân của vụ tai nạn ngày hôm qua.,https://audio.tudienkala.com/data/cache/images/300x225/v/i/victim1.png,https://audio.tudienkala.com/audio/v/i/victim.mp3
150,victory,/ˈvɪktəri/,n,chiến thắng,She is confident of victory in Saturday's final.,Cô ấy tự tin chiến thắng trong trận chung kết hôm thứ bảy.,https://audio.tudienkala.com/data/cache/images/300x225/v/i/victory1.jpg,https://audio.tudienkala.com/audio/v/i/victory.mp3
150,way,/wei/,n,"cách thức, phương pháp",I hated their way of cooking potatoes.,Tôi ghét cách họ nấu khoai tây.,https://audio.tudienkala.com/data/cache/images/300x225/w/a/way1.png,https://audio.tudienkala.com/audio/w/a/way.mp3
150,weather,/ˈweðər/,n,thời tiết,What is the weather like today?,Thời tiết hôm nay thế nào?,https://audio.tudienkala.com/data/cache/images/300x225/w/e/weather2.jpg,https://audio.tudienkala.com/audio/w/e/weather.mp3
150,without,/wɪˈðaʊt/,prep,không có,They had gone two days without food.,Họ đã trải qua hai ngày không ăn.,https://audio.tudienkala.com/data/cache/images/300x225/w/i/without1.jpg,https://audio.tudienkala.com/audio/w/i/without.mp3
