topic,word,pronunciation,word_type,meaning,example_en,example_vi,image_url,audio_url
94,and,/and/,conj,và,Sue and I left early.,Sue và tôi ra về sớm.,https://audio.tudienkala.com/data/cache/images/300x225/a/n/and1.png,https://audio.tudienkala.com/audio/a/n/and.mp3
94,associated,/əˈsoʊ.si.eɪ.t̬ɪd/,adj,có liên quan,Salaries and associated costs have risen substantially.,Tiền lương và những chi phí liên quan đã tăng đáng kể.,https://audio.tudienkala.com/data/cache/images/300x225/a/s/associated2.png,https://audio.tudienkala.com/audio/a/s/associated.mp3
94,autumn,/'ɔ:təm/,n,mùa thu,It's very cool in the autumn.,Trời rất mát mẻ vào mùa thu.,https://audio.tudienkala.com/data/cache/images/300x225/a/u/autumn1.jpg,https://audio.tudienkala.com/audio/a/u/autumn.mp3
94,chicken,/ˈtʃɪkɪn/,n,"gà, thịt gà",My mother buys some chicken.,Mẹ tôi mua một số thịt gà.,https://audio.tudienkala.com/data/cache/images/300x225/c/h/chicken1.jpg,https://audio.tudienkala.com/audio/c/h/chicken.mp3
94,claim,/kleɪm/,v,"đòi, đòi quyền, nhận là, tự cho là",I don't claim to be an expert.,Tôi không tự cho là một chuyên gia.,https://audio.tudienkala.com/data/images_example/300x225/_/i/_i_dont_cl_ex1_56248d027f8b9afc0c29844d.png,https://audio.tudienkala.com/audio/c/l/claim.mp3
94,counter,/ˈkaʊntər/,n,"kệ bếp, quầy tính tiền",We stacked the dirty plates on the kitchen counter.,Chúng tôi chất đống các đĩa bẩn trên quầy bếp.,https://audio.tudienkala.com/data/cache/images/300x225/c/o/counter2.jpg,https://audio.tudienkala.com/audio/c/o/counter.mp3
94,determination,"/di,tə:mi'neiʃn/",n,sự quyết tâm,I admire her determination to get the best result in every exam.,Tôi ngưỡng mộ sự quyết tâm của cô ấy để đạt được kết quả tốt nhất trong mọi kỳ thi.,https://audio.tudienkala.com/data/cache/images/300x225/d/e/determination1.jpg,https://audio.tudienkala.com/audio/d/e/determination.mp3
94,domestic,/dəˈmestɪk/,adj,nội địa,They are domestic tourists.,Họ là khách du lịch trong nước.,https://audio.tudienkala.com/data/cache/images/300x225/d/o/domestic1.jpg,https://audio.tudienkala.com/audio/d/o/domestic.mp3
94,driver,/ˈdraɪvər/,n,người lái xe (ô tô),My uncle is a truck driver.,Chú tôi là một người lái xe tải.,https://audio.tudienkala.com/data/cache/images/300x225/d/r/driver1.jpg,https://audio.tudienkala.com/audio/d/r/driver.mp3
94,editor,/ˈedɪtər/,n,biên tập viên,Our professional editors have contributed to the success of this program.,Biên tập viên chuyên nghiệp của chúng tôi đã góp phần vào sự thành công của chương trình này.,https://audio.tudienkala.com/data/cache/images/300x225/e/d/editor1.jpg,https://audio.tudienkala.com/audio/e/d/editor.mp3
94,faint,/feɪnt/,v,ngất xỉu,She fainted from hunger.,Cô ấy ngất xỉu đi vì đói.,https://audio.tudienkala.com/data/cache/images/300x225/f/a/faint1.png,https://audio.tudienkala.com/audio/f/a/faint.mp3
94,fund,/fʌnd/,n,quỹ (tiết kiệm hoặc dùng cho một hoạt động cụ thể),We subscribe to the charity fund.,Chúng tôi quyên góp cho quỹ từ thiện.,https://audio.tudienkala.com/data/cache/images/300x225/f/u/fund1.jpg,https://audio.tudienkala.com/audio/f/u/fund.mp3
94,future,/ˈfjuːtʃə/,n,tương lai,We'll come back to this in the near future.,Chúng ta sẽ trở lại vấn đề này trong tương lai gần.,https://audio.tudienkala.com/data/cache/images/300x225/f/u/future2.jpg,https://audio.tudienkala.com/audio/f/u/future.mp3
94,happy,/ˈhæpi/,adj,"hạnh phúc, vui vẻ",We are happy to announce the engagement of our daughter.,Chúng tôi rất hạnh phúc thông báo lễ đính hôn của con gái chúng tôi.,https://audio.tudienkala.com/data/cache/images/300x225/h/a/happy1.png,https://audio.tudienkala.com/audio/h/a/happy.mp3
94,herself,/həˈself/,prop,chính cô ta,She must be very proud of herself.,Cô ấy phải rất tự hào về bản thân.,https://audio.tudienkala.com/data/cache/images/300x225/h/e/herself1.jpg,https://audio.tudienkala.com/audio/h/e/herself.mp3
94,morning,/ˈmɔːnɪŋ/,n,sáng,I don't work well in the morning.,Tôi không làm việc tốt vào buổi sáng.,https://audio.tudienkala.com/data/cache/images/300x225/m/o/morning1.png,https://audio.tudienkala.com/audio/m/o/morning.mp3
94,nowhere,/ˈnəʊweər/,adv,"không nơi nào, không ở đâu",There was nowhere for me to sit.,Không còn nơi nào cho tôi ngồi.,https://audio.tudienkala.com/data/images_example/300x225/t/h/there_was__ex2_587727457f8b9af52f8b456b.jpg,https://audio.tudienkala.com/audio/n/o/nowhere.mp3
94,pack,/pæk/,n,túi chườm,She put an ice pack on her belly to relieve the pain.,Cô ấy đặt túi chườm đá lên bụng để làm giảm cơn đau.,https://audio.tudienkala.com/data/cache/images/300x225/p/a/pack1.jpg,https://audio.tudienkala.com/audio/p/a/pack.mp3
94,pair,/peər/,n,"cặp, đôi",This pair fits perfectly.,Đôi này vừa khít.,https://audio.tudienkala.com/data/images_example/300x225/t/h/this_pair__ex2_587727457f8b9af52f8b456d.jpg,https://audio.tudienkala.com/audio/p/a/pair.mp3
94,polish,/ˈpɒlɪʃ/,n,chất đánh bóng,This table has a table - top with a good polish.,Mặt cái bàn này có chất đánh bóng đẹp.,https://audio.tudienkala.com/data/images_example/300x225/t/h/this_table_ex2_587727457f8b9af52f8b456f.jpg,https://audio.tudienkala.com/audio/p/o/polish.mp3
94,pour,/poʊr/,v,"đổ, rót",Please pour the sauce over the cake.,Vui lòng đổ nước xốt lên trên bánh.,https://audio.tudienkala.com/data/cache/images/300x225/p/o/pour1.jpg,https://audio.tudienkala.com/audio/p/o/pour.mp3
94,presumably,/prɪˈzjuːməbli/,adv,có lẽ,This is presumably where the accident happened.,Có lẽ đây là nơi tai nạn xảy ra.,https://audio.tudienkala.com/data/images_example/300x225/p/r/presumably_ex2_587727467f8b9af52f8b4571.jpg,https://audio.tudienkala.com/audio/p/r/presumably.mp3
94,reader,/ˈriːdər/,n,sách đọc thêm (phục vụ việc học ngôn ngữ),My sister has many readers on her bookshelf.,Chi tôi có rất nhiều sách đọc thêm về ngôn ngữ trên giá sách.,https://audio.tudienkala.com/data/cache/images/300x225/r/e/reader1.png,https://audio.tudienkala.com/audio/r/e/reader.mp3
94,ruined,/ˈruː.ɪnd/,adj,"bị hủy hoại, phá hỏng",This area was comprehensively ruined.,Vùng này bị hủy hoại hoàn toàn.,https://audio.tudienkala.com/data/cache/images/300x225/r/u/ruined2.jpg,https://audio.tudienkala.com/audio/r/u/ruined.mp3
94,seal,/siːl/,n,con hải cẩu,"Now, we can see many seals at some aquariums.",Ngày nay chúng ta có thể gặp rất nhiều hải cẩu ở các thủy cung.,https://audio.tudienkala.com/data/cache/images/300x225/s/e/seal1.jpg,https://audio.tudienkala.com/audio/s/e/seal.mp3
94,shelf,/ʃelf/,n,giá sách,I can reach the bookshelf.,Tôi có thể với tới giá sách.,https://audio.tudienkala.com/data/cache/images/300x225/s/h/shelf1.png,https://audio.tudienkala.com/audio/s/h/shelf.mp3
94,spite,/spaɪt/,n,sự ác ý,I'm sure he only said it out of spite,Tôi chắc rằng lời anh ta nói không có ác ý,https://audio.tudienkala.com/data/cache/images/300x225/s/p/spite2.jpg,https://audio.tudienkala.com/audio/s/p/spite.mp3
94,squeeze,/skwiːz/,n,"sự ép, vắt, nén",A doll that squeaks when you squeeze it.,Con búp bê kêu oe oe khi bạn bóp nó.,https://audio.tudienkala.com/data/images_example/300x225/a/_/a_doll_tha_ex2_587727467f8b9af52f8b4577.jpg,https://audio.tudienkala.com/audio/s/q/squeeze.mp3
94,stressed,/strest/,adj,"rất lo lắng, mệt mỏi",He was feeling very stressed and tired,Anh ấy đã cảm thấy rất căng thẳng và mệt mỏi,https://audio.tudienkala.com/data/cache/images/300x225/s/t/stressed2.jpg,https://audio.tudienkala.com/audio/s/t/stressed.mp3
94,student,/'stju:dənt/,n,"học sinh, sinh viên",He is a student.,Anh ấy là học sinh.,https://audio.tudienkala.com/data/cache/images/300x225/s/t/student-l61.jpg,https://audio.tudienkala.com/audio/s/t/student-l6.mp3
94,always,/ˈɔːlweɪz/,adv,luôn luôn,I always get up early.,Tôi luôn luôn dậy sớm.,https://audio.tudienkala.com/data/cache/images/300x225/a/l/always2.png,https://audio.tudienkala.com/audio/a/l/always.mp3
94,breakfast,/'brekfəst/,n,"bữa ăn sáng, điểm tâm",What time do you have breakfast?,Mấy giờ bạn ăn sáng?,https://audio.tudienkala.com/data/cache/images/300x225/b/r/breakfast-l61.jpg,https://audio.tudienkala.com/audio/b/r/breakfast-l6.mp3
94,computer,/kəmˈpjuːtər/,n,máy vi tính,He's a computer programmer.,Anh ấy là lập trình viên máy tính.,https://audio.tudienkala.com/data/cache/images/300x225/c/o/computer1.png,https://audio.tudienkala.com/audio/c/o/computer.mp3
94,convert,/kənˈvəːt/,v,chuyển đổi,"Can you help me convert file PDF to Word, please?",Bạn có thể giúp mình chuyển đổi bản thảo từ PDF sang Word được không?,https://audio.tudienkala.com/data/cache/images/300x225/c/o/convert1.png,https://audio.tudienkala.com/audio/c/o/convert.mp3
94,devoted,/dɪˈvəʊtɪd/,adj,tận tâm,They are devoted to their children.,Họ tận tâm với con cái của họ.,https://audio.tudienkala.com/data/cache/images/300x225/d/e/devoted1.png,https://audio.tudienkala.com/audio/d/e/devoted.mp3
94,ensure,/ɪnˈʃʊr/,v,bảo đảm,Please ensure (that) all lights are switched off.,Hãy đảm bảo (rằng) tất cả các đèn đều tắt.,https://audio.tudienkala.com/data/images_example/300x225/p/l/please_ens_ex1_5877265a7f8b9acf2f8b4581.jpg,https://audio.tudienkala.com/audio/e/n/ensure.mp3
94,excitement,/ɪkˈsaɪtmənt/,n,"sự hào hứng, phấn khích",The dog leapt and wagged its tail in excitement,Con chó nhảy và vẫy đuôi của nó trong sự phấn khích,https://audio.tudienkala.com/data/cache/images/300x225/e/x/excitement2.jpg,https://audio.tudienkala.com/audio/e/x/excitement.mp3
94,export,/ɪkˈspɔːt/,v,xuất khẩu,The islands export sugar and fruit.,Các đảo xuất khẩu đường và hoa quả.,https://audio.tudienkala.com/data/cache/images/300x225/e/x/export1.jpg,https://audio.tudienkala.com/audio/e/x/export.mp3
94,fire,/faɪər/,n,lửa,Animals are usually afraid of fire.,Động vật thường sợ lửa.,https://audio.tudienkala.com/data/images_example/300x225/a/n/animals_ar_ex1_56248cf97f8b9afa0cb17bd8.jpg,https://audio.tudienkala.com/audio/f/i/fire.mp3
94,highway,/ˈhaɪweɪ/,n,"đường cao tốc, quốc lộ",There have been many accidents on this highway.,Có rất nhiều vụ tai nạn trên tuyến đường cao tốc này.,https://audio.tudienkala.com/data/cache/images/300x225/h/i/highway1.png,https://audio.tudienkala.com/audio/h/i/highway.mp3
94,ice,/aɪs/,n,nước đá,My hands are as cold as ice.,Tay tôi lạnh như băng.,https://audio.tudienkala.com/data/images_example/300x225/m/y/my_hands_a_ex2_5624bed17f8b9ac7111967d3.jpg,https://audio.tudienkala.com/audio/i/c/ice.mp3
94,level,/'levl/,n,"cấp, cấp bậc, trình độ",We have never had an accountant work at such a sophisticated level before.,Trước đây chúng tôi không bao giờ có một nhân viên kế toán làm với trình độ tinh vi đến thế.,https://audio.tudienkala.com/data/cache/images/300x225/l/e/level1.png,https://audio.tudienkala.com/audio/l/e/level.mp3
94,location,/lou'keiʃn/,n,vị trí,The location of the meeting was changed from the Red Room to the Green Room.,Vị trí họp đã được thay đổi từ phòng Đỏ sang phòng Xanh.,https://audio.tudienkala.com/data/cache/images/300x225/l/o/location1.png,https://audio.tudienkala.com/audio/l/o/location.mp3
94,loosely,/ˈluːs.li/,adv,"lỏng, lỏng lẻo (nghĩa bóng)",They played too loosely.,Họ chơi quá lỏng lẻo.,https://audio.tudienkala.com/data/cache/images/300x225/l/o/loosely2.jpg,https://audio.tudienkala.com/audio/l/o/loosely.mp3
94,never,/ˈnevər/,adv,chưa bao giờ,He never goes to work on foot.,Cậu ấy không bao giờ đi bộ đi làm.,https://audio.tudienkala.com/data/images_example/300x225/h/e/he_never_g_ex1_56248cef7f8b9af60c1431fb.png,https://audio.tudienkala.com/audio/n/e/never.mp3
94,political,/pəˈlɪtɪkəl/,adj,"liên quan đến chính phủ, nhà nước",He was a political prisoner(= one who was put in prison because he was thought to be harmful to the state),Ông ấy là một tù nhân chính trị (= một người đã bị bỏ tù vì được cho là có hại cho nhà nước),https://audio.tudienkala.com/data/images_example/300x225/h/e/he_was_a_p_ex2_587727487f8b9af52f8b457f.jpg,https://audio.tudienkala.com/audio/p/o/political.mp3
95,regular,/ˈreɡjələr/,adj,"đều đều, không thay đổi; thường lệ",The equipment is checked on a regular basis,Các thiết bị được kiểm tra một cách thường xuyên,https://audio.tudienkala.com/data/images_example/300x225/t/h/the_equipm_ex2_587727487f8b9af52f8b4581.jpg,https://audio.tudienkala.com/audio/r/e/regular.mp3
95,reward,/rɪˈwɔːd/,n,"tiền thưởng, vật thưởng (làm việc chăm chỉ...)",Hard work brings its own rewards.,Làm việc chăm chỉ mang lại phần thưởng cho riêng bạn.,https://audio.tudienkala.com/data/cache/images/300x225/r/e/reward2.jpg,https://audio.tudienkala.com/audio/r/e/reward.mp3
95,risk,/rɪsk/,n,"nguy cơ, sự nguy hiểm, sự rủi ro",The primary risk for most start-up businesses is insufficient capital.,Nguy cơ lớn nhất đối với hầu hết các cuộc khởi nghiệp là thiếu vốn.,https://audio.tudienkala.com/data/cache/images/300x225/r/i/risk1.png,https://audio.tudienkala.com/audio/r/i/risk.mp3
95,shape,/ʃeɪp/,n,hình dáng,She liked the shape of his nose.,Cô ấy thích hình dạng mũi anh ta.,https://audio.tudienkala.com/data/cache/images/300x225/s/h/shape1.png,https://audio.tudienkala.com/audio/s/h/shape.mp3
95,soul,/səʊl/,n,linh hồn,The howling wind sounded like the wailing of lost souls (= the spirits of dead people who are not in heaven),Gió hú nghe như lời than khóc của những linh hồn đã mất (= các linh hồn của người chết không phải là ở trên trời),https://audio.tudienkala.com/data/cache/images/300x225/s/o/soul1.jpg,https://audio.tudienkala.com/audio/s/o/soul.mp3
95,studio,/ˈstjuːdiəʊ/,n,phòng thu,I have never visited in a recording studio.,Tôi chưa bao giờ tham quan một phòng thu âm.,https://audio.tudienkala.com/data/cache/images/300x225/s/t/studio2.jpg,https://audio.tudienkala.com/audio/s/t/studio.mp3
95,suffer,/ˈsʌfə/,v,"bị, chịu, chịu đựng, khổ sở vì",He suffered intense pain,Anh ấy đang đã chịu đựng một nổi đau rất lớn,https://audio.tudienkala.com/data/cache/images/300x225/s/u/suffer1.jpg,https://audio.tudienkala.com/audio/s/u/suffer.mp3
95,team,/tiːm/,n,đội,The team is not playing very well this season.,Đội chơi không được tốt vào mùa này.,https://audio.tudienkala.com/data/cache/images/300x225/t/e/team1.jpg,https://audio.tudienkala.com/audio/t/e/team.mp3
95,thought,/θɔːt/,n,đã nghĩ,I've just had a thought(= an idea),Tôi chỉ có một ý nghĩ (= một ý tưởng),https://audio.tudienkala.com/data/cache/images/300x225/t/h/thought1.gif,https://audio.tudienkala.com/audio/t/h/thought.mp3
95,three,/θriː/,cardinal no,số ba,She is only three years old.,Cô ấy mới ba tuổi.,https://audio.tudienkala.com/data/cache/images/300x225/t/h/three1.png,https://audio.tudienkala.com/audio/t/h/three.mp3
95,toilet,/ˈtɔɪlɪt/,n,phòng vệ sinh,The toilet is overflowing.,Nước trong nhà vệ sinh bị tràn.,https://audio.tudienkala.com/data/cache/images/300x225/t/o/toilet1.jpg,https://audio.tudienkala.com/audio/t/o/toilet.mp3
95,border,/ˈbɔːrdər/,v,"tiếp giáp với, giáp với",The states border the Black Sea.,Các bang tiếp giáp với Biển Đen.,https://audio.tudienkala.com/data/cache/images/300x225/b/o/border1.png,https://audio.tudienkala.com/audio/b/o/border.mp3
95,box,/bɑːks/,n,hộp,She kept all the letters in a box.,Cô ấy giữ tất cả các lá thư trong một cái hộp.,https://audio.tudienkala.com/data/cache/images/300x225/b/o/box1.png,https://audio.tudienkala.com/audio/b/o/box.mp3
95,chair,/tʃeə(r)/,n,ghế tựa,The chair has four legs.,Cái ghế tựa có bốn chân.,https://audio.tudienkala.com/data/cache/images/300x225/c/h/chair-l61.jpg,https://audio.tudienkala.com/audio/c/h/chair-l6.mp3
95,difference,/ˈdɪfərəns/,n,sự khác nhau,There are no significant differences between the education systems of the two countries,Không có sự khác biệt giữa hệ thống giáo dục của hai nước,https://audio.tudienkala.com/data/images_example/300x225/t/h/there_are__ex2_587727497f8b9af52f8b4587.jpg,https://audio.tudienkala.com/audio/d/i/difference.mp3
95,director,/dɪˈrektər/,n,giám đốc,He's on the board of directors.,Ông ấy nằm trong ban giám đốc.,https://audio.tudienkala.com/data/cache/images/300x225/d/i/director2.jpg,https://audio.tudienkala.com/audio/d/i/director.mp3
95,excluding,/ɪksˈkluːdɪŋ/,prep,ngoại trừ,"Lunch costs £10 per person, excluding drinks","Ăn trưa với mức giá £ 10 mỗi người, bao gồm đồ uống",https://audio.tudienkala.com/data/cache/images/300x225/e/x/excluding2.jpg,https://audio.tudienkala.com/audio/e/x/excluding.mp3
95,fresh,/frɛʃ/,adj,mùi tươi mới,Are oranges fresh?,Cam có tươi không?,https://audio.tudienkala.com/data/cache/images/300x225/f/r/fresh1.png,https://audio.tudienkala.com/audio/f/r/fresh.mp3
95,hammer,/ˈhæmə(r)/,v,rèn,Someone was hammering at the door,Ai đó đang rèn cái cửa,https://audio.tudienkala.com/data/cache/images/300x225/h/a/hammered1.jpg,https://audio.tudienkala.com/audio/h/a/hammer.mp3
95,height,/hait/,n,"chiều cao, đỉnh cao",The height of this room is 3 meters.,Chiều cao của căn phòng này là 3 mét.,https://audio.tudienkala.com/data/cache/images/300x225/h/e/height1.png,https://audio.tudienkala.com/audio/h/e/height.mp3
95,improvement,/ɪmˈpruːvmənt/,n,"sự cải thiện; sự trau dồi (trí tuệ, kiến thức...)",Sales figures continue to show signs of improvement,Số liệu bán hàng tiếp tục cho thấy dấu hiệu cải thiện,https://audio.tudienkala.com/data/cache/images/300x225/i/m/improvement2.jpg,https://audio.tudienkala.com/audio/i/m/improvement.mp3
95,irritated,/ˈɪrɪteɪtɪd/,adj,"bực mình, tức giận",She was getting more and more irritated at his comments,Cô đã nhận được nhiều hơn và nhiều hơn nữa kích thích ở ý kiến ​​của mình,https://audio.tudienkala.com/data/cache/images/300x225/i/r/irritated2.jpg,https://audio.tudienkala.com/audio/i/r/irritated.mp3
95,load,/ləʊd/,v,chất hàng,We are loading the truck with vegetables.,Chúng tôi đang tải các xe tải với các loại rau.,https://audio.tudienkala.com/data/cache/images/300x225/l/o/load1.jpg,https://audio.tudienkala.com/audio/l/o/load.mp3
95,magazine,/ˌmæɡəˈziːn/,n,tạp chí,She has written articles for several women’s magazines.,Cô ấy đã viết nhiều bài cho các tạp chí phụ nữ.,https://audio.tudienkala.com/data/cache/images/300x225/m/a/magazine1.png,https://audio.tudienkala.com/audio/m/a/magazine.mp3
95,nail,/neɪl/,n,"móng (tay, chân)",Stop biting your nails!,Ngừng cắn móng tay của bạn!,https://audio.tudienkala.com/data/cache/images/300x225/n/a/nail2.jpg,https://audio.tudienkala.com/audio/n/a/nail.mp3
95,offer,/'ɔfə/,n,"đề xuất, đề nghị, chào mời, chào hàng",Devon accepted our offer to write the business plan.,Devon đã chuấp thuận đề nghị của chúng tôi để viết một bản kế hoạch kinh doanh.,https://audio.tudienkala.com/data/cache/images/300x225/o/f/offer1.png,https://audio.tudienkala.com/audio/o/f/offer.mp3
95,one,/wʌn/,cardinal no,số một,There's only room for one person.,Chỉ có phòng cho một người.,https://audio.tudienkala.com/data/cache/images/300x225/o/n/one1.png,https://audio.tudienkala.com/audio/o/n/one.mp3
95,opposing,/əˈpəʊzɪŋ/,adj,"đối chọi, trái ngược nhau",It is time for opposing factions to unite and work towards a common goal,Đó là thời gian phản đối phe phái để đoàn kết và làm việc hướng tới một mục tiêu chung,https://audio.tudienkala.com/data/cache/images/300x225/o/p/opposing2.png,https://audio.tudienkala.com/audio/o/p/opposing.mp3
95,plan,/plæn/,n,"kế hoạch, dự án",Do you have any plans for the summer?,Bạn có kế hoạch nào cho mùa hè không?,https://audio.tudienkala.com/data/cache/images/300x225/p/l/plan1.jpg,https://audio.tudienkala.com/audio/p/l/plan.mp3
95,pronounce,/prəˈnaʊns/,v,phát âm,How do you pronounce your surname?,Họ của bạn phát âm như thế nào?,https://audio.tudienkala.com/data/cache/images/300x225/p/r/pronounce1.png,https://audio.tudienkala.com/audio/p/r/pronounce.mp3
95,properly,/ˈprɒpəli/,adv,một cách phù hợp,The television isn't working properly,TV không hoạt động đúng,https://audio.tudienkala.com/data/cache/images/300x225/p/r/properly2.jpg,https://audio.tudienkala.com/audio/p/r/properly.mp3
95,prospect,/ˈprɑːspekt/,n,viễn cảnh; triển vọng,The candidate wanted to know the prospects of promotion in the job.,Các ứng cử viên muốn biết về triển vọng thăng tiến trong công việc.,https://audio.tudienkala.com/data/cache/images/300x225/p/r/prospect1.jpg,https://audio.tudienkala.com/audio/p/r/prospect.mp3
95,rightly,/ˈraɪtli/,adv,"đúng đắn, có lí","He was proud of his beautiful house, and rightly so","Anh ấy rất tự hào về ngôi nhà xinh đẹp của mình, và đúng như vậy",https://audio.tudienkala.com/data/cache/images/300x225/r/i/rightly2.jpg,https://audio.tudienkala.com/audio/r/i/rightly.mp3
95,salt,/sɒlt/,n,muối,What happens when you add too much salt?,Chuyện gì sẽ xảy ra khi bạn thêm quá nhiều muối?,https://audio.tudienkala.com/data/cache/images/300x225/s/a/salt1.png,https://audio.tudienkala.com/audio/s/a/salt.mp3
95,shift,/ʃɪft/,v,chuyển dịch,He shifted a little in his chair.,Anh ấy dịch chuyển một chút trên ghế của mình.,https://audio.tudienkala.com/data/images_example/300x225/h/e/he_shifted_ex1_56248cf47f8b9af80c012079.jpg,https://audio.tudienkala.com/audio/s/h/shift.mp3
95,stick,/stɪk/,v,dính,I tried to stick the pieces together with some glue.,Tôi đã cố dùng keo để dán dính các mảnh lại với nhau.,https://audio.tudienkala.com/data/cache/images/300x225/s/t/stick2.jpg,https://audio.tudienkala.com/audio/s/t/stick.mp3
95,string,/strɪŋ/,n,sợi dây,The key is hanging on a string,Chìa khóa được treo trên một sợi dây,https://audio.tudienkala.com/data/cache/images/300x225/s/t/string2.jpg,https://audio.tudienkala.com/audio/s/t/string.mp3
95,taste,/teist/,n,"vị giác, nếm, sở thích, thị hiếu",He has very good taste in music.,Anh ấy rất biết thưởng thức âm nhạc.,https://audio.tudienkala.com/data/cache/images/300x225/t/a/taste1.png,https://audio.tudienkala.com/audio/t/a/taste.mp3
95,technical,/ˈteknɪkəl/,adj,kĩ thuật; thuộc về cơ khí và khoa học ứng dụng,We offer free technical support for those buying our software,Chúng tôi cung cấp hỗ trợ kỹ thuật miễn phí cho những người mua phần mềm của chúng tôi,https://audio.tudienkala.com/data/cache/images/300x225/t/e/technical2.jpg,https://audio.tudienkala.com/audio/t/e/technical.mp3
95,therefore,/ˈðeəfɔːr/,adv,vì vậy,He's only 17 and therefore not eligible to vote,Cậu ấy chỉ mới 17 tuổi và do đó không đủ điều kiện để bỏ phiếu,https://audio.tudienkala.com/data/images_example/300x225/h/e/hes_only_1_ex2_5877274c7f8b9af52f8b459b.jpg,https://audio.tudienkala.com/audio/t/h/therefore.mp3
95,advanced,/ədˈvɑːnst/,adj,tiên tiến,"Since the hotel installed an advanced computer system, all operations have been functioning more smoothly.","Bởi vì khách sạn đã lắp đặt một hệ thống máy tính tiên tiến, mọi hoạt động đang được vận hành trơn tru.",https://audio.tudienkala.com/data/cache/images/300x225/a/d/advanced1.jpg,https://audio.tudienkala.com/audio/a/d/advanced.mp3
95,ally,/ˈælaɪ/,n,nước đồng minh,Can you name some of the allies?,Bạn hãy kể tên vài nước Đồng minh được không?,https://audio.tudienkala.com/data/cache/images/300x225/a/l/ally2.jpg,https://audio.tudienkala.com/audio/a/l/ally.mp3
95,art,/ɑːt/,n,mỹ thuật,Her performance displayed great art.,Màn biểu diễn của cô ấy rất nghệ thuật.,https://audio.tudienkala.com/data/cache/images/300x225/a/r/art1.jpg,https://audio.tudienkala.com/audio/a/r/art.mp3
95,attach,/əˈtætʃ/,v,"đính kèm, kèm theo",They have attached a number of conditions to the agreement (= said that the conditions must be part of the agreement),Họ có kèm theo một số điều kiện để thỏa thuận (= nói rằng các điều kiện phải là một phần của thỏa thuận),https://audio.tudienkala.com/data/cache/images/300x225/a/t/attach2.jpg,https://audio.tudienkala.com/audio/a/t/attach.mp3
95,bottle,/'bɑːtl/,n,chai,I would like to buy a bottle of water.,Tôi muốn mua một chai nước.,https://audio.tudienkala.com/data/cache/images/300x225/b/o/bottle1.png,https://audio.tudienkala.com/audio/b/o/bottle.mp3
95,chief,/tʃiːf/,n,"người có cấp bậc cao nhất trong một tổ chức, một cơ quan",He is a chief constable.,Anh ấy là cảnh sát trưởng.,https://audio.tudienkala.com/data/cache/images/300x225/c/h/chief2.jpg,https://audio.tudienkala.com/audio/c/h/chief.mp3
96,complicate,/ˈkɒmplɪkeɪt/,v,"làm phức tạp, làm rắc rối",The issue is complicated by the fact that a vital document is missing.,Vấn đề trở nên phức tạp bởi thực tế là một tài liệu quan trọng bị mất.,https://audio.tudienkala.com/data/cache/images/300x225/c/o/complicate2.jpg,https://audio.tudienkala.com/audio/c/o/complicate.mp3
96,create,/kriˈeɪt/,v,tạo ra,The main purpose of industry is to create wealth.,Mục đích chính của nền công nghiệp là tạo ra của cải.,https://audio.tudienkala.com/data/images_example/300x225/t/h/the_main_p_ex1_56248d067f8b9afe0c09d30e.jpg,https://audio.tudienkala.com/audio/c/r/create.mp3
96,dead,/ded/,adj,"chết (người, vật, cây cối)",He was shot dead by terrorists.,Anh ta bị bắn chết bởi những kẻ khủng bố.,https://audio.tudienkala.com/data/cache/images/300x225/d/e/dead1.jpg,https://audio.tudienkala.com/audio/d/e/dead.mp3
96,declare,/dɪˈkleər/,v,"tuyên bố, công bố",The area has been declared a national park,Khu vực này đã được công bố là công viên quốc gia,https://audio.tudienkala.com/data/cache/images/300x225/d/e/declare2.jpg,https://audio.tudienkala.com/audio/d/e/declare.mp3
96,dictionary,/ˈdɪkʃəneri/,n,từ điển,"To check how a word is spelt, look it up in the dictionary.","Để kiểm tra làm thế nào đánh vần một từ, hãy tra nó trong từ điển.",https://audio.tudienkala.com/data/cache/images/300x225/d/i/dictionary1.png,https://audio.tudienkala.com/audio/d/i/dictionary.mp3
96,dissolve,/dɪˈzɒlv/,v,hoà tan; tan ra,Salt dissolves in water,Muối tan trong nước,https://audio.tudienkala.com/data/cache/images/300x225/d/i/dissolve1.jpg,https://audio.tudienkala.com/audio/d/i/dissolve.mp3
96,elsewhere,/ˌelsˈweər/,adv,ở nơi nào khác,The answer to the problem must be sought elsewhere,Câu trả lời cho vấn đề này phải tìm kiếm ở nơi khác,https://audio.tudienkala.com/data/images_example/300x225/t/h/the_answer_ex2_5877274f7f8b9af52f8b45a9.png,https://audio.tudienkala.com/audio/e/l/elsewhere.mp3
96,empty,/ˈempti/,adj,"trống, trống không",The room is empty of furniture.,Căn phòng trống rỗng nội thất.,https://audio.tudienkala.com/data/cache/images/300x225/e/m/empty1.jpg,https://audio.tudienkala.com/audio/e/m/empty.mp3
96,fee,/fiː/,n,"lệ phí, thù lao",He had a lot of trouble paying the tuition fee.,Ông ấy đã có rất nhiều khó khăn trong việc trả học phí.,https://audio.tudienkala.com/data/cache/images/300x225/f/e/fee1.jpg,https://audio.tudienkala.com/audio/f/e/fee.mp3
96,housing,/ˈhaʊzɪŋ/,n,nhà ở (nói chung),They were solving the housing problem.,Họ đang giải quyết vấn đề nhà ở.,https://audio.tudienkala.com/data/cache/images/300x225/h/o/housing2.jpg,https://audio.tudienkala.com/audio/h/o/housing.mp3
96,naturally,/ˈnætʃərəli/,adv,"cố nhiên, đương nhiên","Naturally, I get upset when things go wrong","Đương nhiên, tôi cảm thấy buồn khi mọi thứ diễn ra không đúng",https://audio.tudienkala.com/data/images_example/300x225/n/a/naturally__ex2_5877274f7f8b9af52f8b45ad.jpg,https://audio.tudienkala.com/audio/n/a/naturally.mp3
96,new,/njuː/,adj,mới,This shoes are new.,Đôi giày này thì mới.,https://audio.tudienkala.com/data/images_example/300x225/t/h/this_shoes_ex1_56248cf27f8b9af80c011d3d.png,https://audio.tudienkala.com/audio/n/e/new.mp3
96,normally,/ˈnɔːməli/,adv,thường xuyên; thông thường,It normally takes 20 minutes to get there,Thường mất 20 phút để đến đó,https://audio.tudienkala.com/data/cache/images/300x225/n/o/normally2.png,https://audio.tudienkala.com/audio/n/o/normally.mp3
96,pole,/pəʊl/,n,"cái sào (để chống thuyền..), cọc (để căng lều..), cột (cờ..)",The pole vault originated in Europe.,Môn nhảy sào bắt nguồn từ Châu Âu.,https://audio.tudienkala.com/data/cache/images/300x225/p/o/pole2.jpg,https://audio.tudienkala.com/audio/p/o/pole.mp3
96,rather,/ˈrɑːðər/,adv,"hơi, khá (diễn tả sự chỉ trích, thất vọng, ngạc nhiên)",She fell and hurt her leg rather badly,Cô ngã và bị đau chân khá nặng,https://audio.tudienkala.com/data/images_example/300x225/s/h/she_fell_a_ex2_587727507f8b9af52f8b45b3.jpg,https://audio.tudienkala.com/audio/r/a/rather.mp3
96,rest,/rest /,n,sự nghỉ ngơi,Try to get some rest. You have a busy day tomorrow.,Cố gắng nghỉ ngơi đi. Ngày mai bạn sẽ có một ngày bận rộn đấy.,https://audio.tudienkala.com/data/cache/images/300x225/r/e/rest1.png,https://audio.tudienkala.com/audio/r/e/rest.mp3
96,retain,/rɪˈteɪn/,v,giữ lại; tiếp tục có,We worked hard to retain our trophy.,Chúng tôi làm việc chăm chỉ để giữ lại cúp vô địch của chúng tôi.,https://audio.tudienkala.com/data/cache/images/300x225/r/e/retain2.jpg,https://audio.tudienkala.com/audio/r/e/retain.mp3
96,royal,/ˈrɔɪəl/,adj,thuộc hoàng gia,He is a member of the royal family.,Anh ấy là thành viên của một gia đình hoàng tộc.,https://audio.tudienkala.com/data/cache/images/300x225/r/o/royal1.jpg,https://audio.tudienkala.com/audio/r/o/royal.mp3
96,rubbish,/ˈrʌbɪʃ/,n,"rác, rác rưởi",That house is full of rubbish.,Ngôi nhà đó tràn ngập rác rưởi.,https://audio.tudienkala.com/data/cache/images/300x225/r/u/rubbish2.jpg,https://audio.tudienkala.com/audio/r/u/rubbish.mp3
96,substitute,/ˈsʌbstɪtjuːt/,v,thay thế,Butter can be substituted with margarine in this recipe,Bơ có thể được thay thế bằng bơ thực vật trong công thức này,https://audio.tudienkala.com/data/cache/images/300x225/s/u/substitute2.jpg,https://audio.tudienkala.com/audio/s/u/substitute.mp3
96,succeed,/səkˈsiːd/,v,thành công,Our plan succeeded,Kế hoạch của chúng tôi đã thành công,https://audio.tudienkala.com/data/cache/images/300x225/s/u/succeed2.jpg,https://audio.tudienkala.com/audio/s/u/succeed.mp3
96,tank,/taŋk/,n,"bể cá, bể nước",The tank is almost empty.,Bình xăng gần như cạn rồi.,https://audio.tudienkala.com/data/cache/images/300x225/t/a/tank1.png,https://audio.tudienkala.com/audio/t/a/tank.mp3
96,thorough,/'θʌrə/,adj,"kỹ lưỡng, tỉ mỉ",The story was the result of thorough research.,Bài báo là kết quả của sự nghiên cứu kỹ lưỡng.,https://audio.tudienkala.com/data/cache/images/300x225/t/h/thorough1.png,https://audio.tudienkala.com/audio/t/h/thorough.mp3
96,track,/træk/,n,"đường, hướng đi",The track tends upwards.,Con đường mòn hướng lên trên.,https://audio.tudienkala.com/data/cache/images/300x225/t/r/track2.jpg,https://audio.tudienkala.com/audio/t/r/track.mp3
96,altogether,/ˌɔːltəˈɡeðər/,adv,"tổng cộng, tính gộp lại","That will be $50 altogether, please Sir.",Tổng cộng là 50 đô la thưa ông.,https://audio.tudienkala.com/data/cache/images/300x225/a/l/altogether1.jpg,https://audio.tudienkala.com/audio/a/l/altogether.mp3
96,apart,/əˈpɑːt/,adv,"riêng một bên, xa ra",We are not divorced but we are living apart now.,Chúng tôi không ly dị nhưng chúng tôi hiện đang sống riêng.,https://audio.tudienkala.com/data/cache/images/300x225/a/p/apart1.jpg,https://audio.tudienkala.com/audio/a/p/apart.mp3
96,article,/ɑːtɪk(ə)l/,n,bài báo,This article was written by a famous journalist.,Bài này được viết bởi một nhà báo nổi tiếng.,https://audio.tudienkala.com/data/cache/images/300x225/a/r/article1.png,https://audio.tudienkala.com/audio/a/r/article.mp3
96,attempt,/əˈtempt/,v,cố gắng; thử,I will attempt to answer all your questions.,Tôi sẽ cố gắng trả lời tất cả các câu hỏi của bạn.,https://audio.tudienkala.com/data/cache/images/300x225/a/t/attempt2.jpg,https://audio.tudienkala.com/audio/a/t/attempt.mp3
96,camp,/kæmp/,v,cắm trại,My friends and I never camp overnight.,Bạn bè của tôi và tôi không bao giờ cắm trại qua đêm.,https://audio.tudienkala.com/data/cache/images/300x225/c/a/camp1.jpg,https://audio.tudienkala.com/audio/c/a/camp.mp3
96,castle,/ˈkɑːsl/,n,lâu đài,It is a haunted castle.,Đó là một tòa lâu đài ma ám,https://audio.tudienkala.com/data/cache/images/300x225/c/a/castle2.jpg,https://audio.tudienkala.com/audio/c/a/castle.mp3
96,connection,/kə´nekʃən/,n,sự kết nối,I'm having problems with my Internet connection.,Tôi có vấn đề với kết nối internet,https://audio.tudienkala.com/data/cache/images/300x225/c/o/connection1.jpg,https://audio.tudienkala.com/audio/c/o/connection.mp3
96,drugstore,/'drʌgstɔ:(r)/,n,hiệu thuốc tây,My father has a drugstore.,Cha tôi có một hiệu thuốc.,https://audio.tudienkala.com/data/cache/images/300x225/d/r/drugstore1.png,https://audio.tudienkala.com/audio/d/r/drugstore.mp3
96,dry,/drai/,adj,khô,It's cold and dry.,Trời lạnh và khô.,https://audio.tudienkala.com/data/cache/images/300x225/d/r/dry1.png,https://audio.tudienkala.com/audio/d/r/dry.mp3
96,electrical,/ɪˈlektrɪkəl/,adj,"(thuộc về) điện; dùng, tạo ra điện",Electrical goods are mass - produced.,Đồ điện được sản xuất hàng loạt.,https://audio.tudienkala.com/data/cache/images/300x225/e/l/electrical2.jpg,https://audio.tudienkala.com/audio/e/l/electrical.mp3
96,embarrassment,/ɪmˈbærəsmənt/,n,"cảm giác ngượng, bối rối",Much to her embarrassment she realized that everybody had been listening to her singing,"Cô ấy cảm thấy bối rối rất nhiều, cô nhận ra rằng tất cả mọi người đã nghe cô ấy hát",https://audio.tudienkala.com/data/images_example/300x225/m/u/much_to_he_ex2_587727537f8b9af52f8b45c3.jpg,https://audio.tudienkala.com/audio/e/m/embarrassment.mp3
96,encourage,/ɪnˈkʌrɪdʒ/,v,"khuyến khích, động viên",My mom always encourages me whenever I meet difficulties.,Mẹ tớ luôn động viên tớ khi tớ gặp khó khăn.,https://audio.tudienkala.com/data/images_example/300x225/m/y/my_mom_alw_ex1_56248d007f8b9afc0c29809d.jpg,https://audio.tudienkala.com/audio/e/n/encourage.mp3
96,exercise,/ˈeksəsaɪz/,n,"các hoạt động thể lực, tinh thần để rèn luyện sức khỏe; sự tập luyện, bài thể dục",Swimming is a good exercise.,Bơi lội là môn thể dục tốt.,https://audio.tudienkala.com/data/images_example/300x225/s/w/swimming_i_ex2_587727537f8b9af52f8b45c5.jpg,https://audio.tudienkala.com/audio/e/x/exercise.mp3
96,expression,/ɪkˈspreʃən/,n,"sự biểu lộ, biểu hiện",Expressions of sympathy flooded in from all over the country,Những biểu hiện của sự cảm thông tràn ngập từ khắp nơi trong cả nước,https://audio.tudienkala.com/data/cache/images/300x225/e/x/expression2.jpg,https://audio.tudienkala.com/audio/e/x/expression.mp3
96,family,/ˈfæməli/,n,gia đình,My family has five people.,Gia đình tôi có năm người.,https://audio.tudienkala.com/data/cache/images/300x225/f/a/family2.png,https://audio.tudienkala.com/audio/f/a/family.mp3
96,form,/fɔ:m/,n,mẫu đơn,I send you my application form.,Tôi gửi bạn đơn xin việc của tôi.,https://audio.tudienkala.com/data/cache/images/300x225/f/o/form1.png,https://audio.tudienkala.com/audio/f/o/form.mp3
96,girl,/ɡɜːl/,n,con gái,My class has 20 girls and 15 boys.,Lớp học của tôi có 20 nữ và 15 nam.,https://audio.tudienkala.com/data/cache/images/300x225/g/i/girl2.png,https://audio.tudienkala.com/audio/g/i/girl-l6.mp3
96,goods,/ɡʊdz/,n,hàng hóa,The goods readied for selling.,Hàng hóa đã sẵn sàng để bán.,https://audio.tudienkala.com/data/cache/images/300x225/g/o/goods1.jpg,https://audio.tudienkala.com/audio/g/o/goods.mp3
96,helpful,/ˈhelpfəl/,adj,"hữu ích, nhiệt tình",The host family was very helpful.,Gia đình chủ nhà rất nhiệt tình.,https://audio.tudienkala.com/data/cache/images/300x225/h/e/helpful2.jpg,https://audio.tudienkala.com/audio/h/e/helpful.mp3
96,image,/ˈɪmɪdʒ/,n,hình ảnh,Did you save this image?,Bạn lưu hình ảnh này vào chưa?,https://audio.tudienkala.com/data/cache/images/300x225/i/m/image1.png,https://audio.tudienkala.com/audio/i/m/image.mp3
96,iron,/aɪən/,v,là (quần áo),Can you help me iron this shirt?,Em giúp anh là cái áo này được không?,https://audio.tudienkala.com/data/cache/images/300x225/i/r/iron1.jpg,https://audio.tudienkala.com/audio/i/r/iron.mp3
96,joke,/dʒəʊk/,n,"lời nói đùa, chuyện đùa",I enjoy telling jokes.,Tôi thích nói đùa.,https://audio.tudienkala.com/data/cache/images/300x225/j/o/joke1.jpg,https://audio.tudienkala.com/audio/j/o/joke.mp3
96,journalist,/ˈdʒɜːrnəlɪst/,n,nhà báo,Journalists write stories for newspapers.,Nhà báo viết bài cho các tờ báo.,https://audio.tudienkala.com/data/cache/images/300x225/j/o/journalist1.png,https://audio.tudienkala.com/audio/j/o/journalist.mp3
96,lump,/lʌmp/,n,"cục, tảng, miếng",This flour is full of lump.,Bột mì này đóng cục nhiều quá.,https://audio.tudienkala.com/data/cache/images/300x225/l/u/lump2.png,https://audio.tudienkala.com/audio/l/u/lump.mp3
97,mall,/mɔːl/,n,khu thương mại,There is a plan to build a new mall in the middle of town.,Họ có dự định xây một khu thương mại mới ở trung tâm thị trấn.,https://audio.tudienkala.com/data/cache/images/300x225/m/a/mall1.png,https://audio.tudienkala.com/audio/m/a/mall.mp3
97,ourselves,/ˌaʊəˈselvz/,prop,chính chúng tôi,We shouldn't blame ourselves for what happened.,Chúng ta không nên đổ lỗi cho mình về những gì đã xảy ra.,https://audio.tudienkala.com/data/cache/images/300x225/o/u/ourselves1.jpg,https://audio.tudienkala.com/audio/o/u/ourselves.mp3
97,pension,/ˈpenʃən/,n,lương hưu,He was granted a pension.,Ông ta được cấp một khoản lương hưu.,https://audio.tudienkala.com/data/cache/images/300x225/p/e/pension2.jpg,https://audio.tudienkala.com/audio/p/e/pension.mp3
97,performance,/pəˈfɔːm(ə)ns/,n,"buổi biểu diễn, sự trình diễn",The performances are not as exciting as I expected.,Những màn trình diễn không hấp dẫn như là tôi mong đợi.,https://audio.tudienkala.com/data/cache/images/300x225/p/e/performance1.jpg,https://audio.tudienkala.com/audio/p/e/performance.mp3
97,reform,/rɪˈfɔːm/,v,đổi mới,"For years I was an alcoholic, but I reformed when the doctors gave me six months to live.","Trong nhiều năm, tôi là một người nghiện rượu, nhưng tôi thay đổi khi các bác sĩ đã cho tôi sáu tháng để sống.",https://audio.tudienkala.com/data/images_example/300x225/f/o/for_years__ex1_56248d117f8b9a020d261850.jpg,https://audio.tudienkala.com/audio/r/e/reform.mp3
97,requirement,/rɪˈkwaɪəmənt/,n,yêu cầu,A good degree is a minimum requirement for many jobs.,Một bằng cấp tốt là một yêu cầu tối thiểu đối với nhiều việc làm.,https://audio.tudienkala.com/data/cache/images/300x225/r/e/requirement1.jpg,https://audio.tudienkala.com/audio/r/e/requirement.mp3
97,active,/ˈæktɪv/,adj,"hăng hái, năng động",She is over 70 but she is very active.,Bà ấy hơn 70 tuổi rồi nhưng vẫn rất năng động.,https://audio.tudienkala.com/data/images_example/300x225/s/h/she_is_ove_ex1_56248d017f8b9afc0c298335.jpg,https://audio.tudienkala.com/audio/a/c/active.mp3
97,apologize,/əˈpɒlədʒaɪz/,v,xin lỗi,Go and apologize to her,Đi và xin lỗi cô ấy,https://audio.tudienkala.com/data/cache/images/300x225/a/p/apologize2.jpg,https://audio.tudienkala.com/audio/a/p/apologize.mp3
97,bell,/bel/,n,cái chuông,The church bells rang out to welcome in the New Year.,Tiếng chuông nhà thờ vang lên để chào đón trong năm mới.,https://audio.tudienkala.com/data/cache/images/300x225/b/e/bell1.png,https://audio.tudienkala.com/audio/b/e/bell.mp3
97,category,/ˈkætəɡɔːri/,n,"loại, hạng",We have various categories of goods here.,Chúng tôi có nhiều loại hàng hóa khác nhau ở đây.,https://audio.tudienkala.com/data/images_example/300x225/w/e/we_have_va_ex1_56248d017f8b9afc0c2982b5.jpg,https://audio.tudienkala.com/audio/c/a/category.mp3
97,change,/tʃeinʤ/,v,thay đổi,You will never improve if you don't change your negative attitude.,Bạn sẽ không bao giờ cải thiện nếu bạn không thay đổi thái độ tiêu cực của bạn.,https://audio.tudienkala.com/data/cache/images/300x225/c/h/change1.jpg,https://audio.tudienkala.com/audio/c/h/change.mp3
97,comfortable,/ˈkʌmftəbl/,adj,thoải mái,A sofa is more comfortable than a chair.,Ghế sofa thì thoải mái hơn ghế thường.,https://audio.tudienkala.com/data/cache/images/300x225/c/o/comfortable1.jpg,https://audio.tudienkala.com/audio/c/o/comfortable.mp3
97,commission,/kəˈmɪʃən/,n,tiền hoa hồng,He earned £2000 in commission last month.,Anh ta kiếm được £ 2.000 trong hoa hồng tháng trước.,https://audio.tudienkala.com/data/cache/images/300x225/c/o/commission1.jpg,https://audio.tudienkala.com/audio/c/o/commission.mp3
97,culture,/ˈkʌltʃər/,n,văn hóa (của một nhóm hoặc tổ chức),"In general, culture effects on business.","Nhìn chung, văn hoá ảnh hưởng đến kinh doanh.",https://audio.tudienkala.com/data/images_example/300x225/i/n/in_general_ex1_587726c47f8b9ae72f8b4591.jpg,https://audio.tudienkala.com/audio/c/u/culture.mp3
97,derive from,/dɪˈraɪv frəm/,v,bắt nguồn từ,She derives great pleasure from playing the violin.,Cô ấy bắt nguồn niềm vui lớn từ việc chơi đàn vi-ô-lông.,https://audio.tudienkala.com/data/cache/images/300x225/d/e/derive_from1.jpg,https://audio.tudienkala.com/audio/d/e/derive_from.mp3
97,dozen,/'dʌzn/,n,một tá (12 cái),I have a dozen pens.,Tôi có một tá bút.,https://audio.tudienkala.com/data/cache/images/300x225/d/o/dozen1.jpg,https://audio.tudienkala.com/audio/d/o/dozen.mp3
97,exactly,/ɪɡˈzæktli/,adv,chính xác,"It was a warm day, if not exactly hot","Đó là một ngày ấm áp, nếu không nói chính xác là nóng",https://audio.tudienkala.com/data/cache/images/300x225/e/x/exactly2.jpg,https://audio.tudienkala.com/audio/e/x/exactly.mp3
97,finance,/ˈfaɪnæns/,n,tài chính,"New York is the center of global finance, communications and business.","New York là trung tâm tài chính, thông tin và kinh tế của toàn thế giới.",https://audio.tudienkala.com/data/cache/images/300x225/f/i/finance1.jpg,https://audio.tudienkala.com/audio/f/i/finance.mp3
97,floor,/flɔː/,n,"tầng, lầu",My classroom is on the third floor.,Phòng học tôi ở tầng ba.,https://audio.tudienkala.com/data/cache/images/300x225/f/l/floor2.jpg,https://audio.tudienkala.com/audio/f/l/floor-l6.mp3
97,lemon,/'lemən/,n,chanh vàng,How much is a kilo of lemons?,Giá bao nhiêu cho một kg chanh?,https://audio.tudienkala.com/data/cache/images/300x225/l/e/lemon1.png,https://audio.tudienkala.com/audio/l/e/lemon.mp3
97,live,/lɪv/,v,"sống, sinh sống",My parents live in New York.,Ba mẹ tôi sống tại New York.,https://audio.tudienkala.com/data/cache/images/300x225/l/i/live-l61.jpg,https://audio.tudienkala.com/audio/l/i/live-l6.mp3
97,low,/ləʊ/,adj,thấp,We like low temperature,Chúng tôi thích nhiệt độ thấp.,https://audio.tudienkala.com/data/images_example/300x225/w/e/we_like_lo_ex2_5624becf7f8b9ac7111962e1.jpg,https://audio.tudienkala.com/audio/l/o/low.mp3
97,million,/ˈmɪljən/,n,triệu,It must be worth a million dollars.,Nó phải có giá trị một triệu đô la.,https://audio.tudienkala.com/data/cache/images/300x225/m/i/million1.jpg,https://audio.tudienkala.com/audio/m/i/million.mp3
97,nation,/ˈneɪʃən/,n,"quốc gia, đất nước",Vietnam is a heroic nation.,Việt Nam là một đất nước anh hùng.,https://audio.tudienkala.com/data/cache/images/300x225/n/a/nation1.png,https://audio.tudienkala.com/audio/n/a/nation.mp3
97,pattern,/ˈpætə(r)n/,n,"mẫu vẽ, họa tiết",She wore a dress with a pattern of roses on it.,Cô ấy mặc một chiếc váy với một mẫu hình hoa hồng trên đó.,https://audio.tudienkala.com/data/cache/images/300x225/p/a/pattern1.jpg,https://audio.tudienkala.com/audio/p/a/pattern.mp3
97,power,/ˈpaʊər/,n,"điện, năng lượng",They sometimes cut the power in the summer.,Họ đôi khi cắt điện vào mùa hè.,https://audio.tudienkala.com/data/cache/images/300x225/p/o/power1.jpg,https://audio.tudienkala.com/audio/p/o/power.mp3
97,restore,/ris´tɔ:/,v,"hồi phục, khôi phục lại",The cleaning restored the whiteness of my teeth.,Việc làm sạch răng đã phục hồi độ trắng của hàm răng tôi.,https://audio.tudienkala.com/data/cache/images/300x225/r/e/restore1.png,https://audio.tudienkala.com/audio/r/e/restore.mp3
97,salary,/ˈsæləri/,n,lương hàng tháng,The technician was pleased to have a raise in salary after only six months on the job.,Người kỹ thuật viên đã hài lòng khi có sự tăng lương chỉ sau 6 tháng làm việc.,https://audio.tudienkala.com/data/cache/images/300x225/s/a/salary1.png,https://audio.tudienkala.com/audio/s/a/salary.mp3
97,shop,/ʃɒp/,n,"cửa hàng, cửa hiệu",There's a little gift shop around the corner,Có một cửa hàng quà tặng nhỏ quanh góc đường,https://audio.tudienkala.com/data/cache/images/300x225/s/h/shop2.jpg,https://audio.tudienkala.com/audio/s/h/shop.mp3
97,steel,/stiːl/,n,thép,The frame is made of steel,Khung hình được làm bằng thép,https://audio.tudienkala.com/data/cache/images/300x225/s/t/steel1.jpg,https://audio.tudienkala.com/audio/s/t/steel.mp3
97,technique,/tekˈniːk/,n,"kĩ thuật, phương pháp",The artist combines different techniques in the same painting,Các nghệ sĩ kết hợp các phương pháp khác nhau trong bức tranh tương tự,https://audio.tudienkala.com/data/cache/images/300x225/t/e/technique2.jpg,https://audio.tudienkala.com/audio/t/e/technique.mp3
97,tooth,/tu:θ/,n,răng,Jane had her first tooth when she was only five months.,Jane có chiếc răng đầu tiên khi mới 5 tháng tuổi.,https://audio.tudienkala.com/data/cache/images/300x225/t/o/tooth2.png,https://audio.tudienkala.com/audio/t/o/tooth-l6.mp3
97,twist,/twɪst/,n,"sự vặn, xoay",She gave the lid another twist and it came off.,Cô ấy đã vặn cái nắp một lần nữa và nó rơi ra.,https://audio.tudienkala.com/data/images_example/300x225/s/h/she_gave_t_ex2_587727567f8b9af52f8b45d7.png,https://audio.tudienkala.com/audio/t/w/twist.mp3
97,unwilling,/ʌnˈwɪlɪŋ/,adj,không sẵn lòng hoặc không muốn làm gì,They are unwilling to invest any more money in the project,Họ không sẵn sàng đầu tư tiền nhiều hơn trong dự án,https://audio.tudienkala.com/data/cache/images/300x225/u/n/unwilling2.jpg,https://audio.tudienkala.com/audio/u/n/unwilling.mp3
97,valuable,/ˈvæljuəbl/,adj,quý giá,This advice was to prove valuable,Lời khuyên này đã được chứng minh có giá trị,https://audio.tudienkala.com/data/cache/images/300x225/v/a/valuable2.jpg,https://audio.tudienkala.com/audio/v/a/valuable.mp3
97,village,/ˈvɪlɪdʒ/,n,làng,My village is very far from the town.,Làng tôi ở rất xa thị trấn.,https://audio.tudienkala.com/data/cache/images/300x225/v/i/village1.png,https://audio.tudienkala.com/audio/v/i/village.mp3
97,ability,/ə'biliti/,n,"năng lực, khả năng, tài năng",The designer's ability was obvious from her porfolio.,Năng lực của người thiết kế đã rõ ràng từ cặp hồ sơ (thiết kế) của cô ta.,https://audio.tudienkala.com/data/cache/images/300x225/a/b/ability1.jpg,https://audio.tudienkala.com/audio/a/b/ability.mp3
97,anywhere,/ˈeniweər/,adv,"(dùng thay cho somewhere, trong câu phủ định và câu hỏi)",I can't see it anywhere,Tôi không thể nhìn thấy nó ở bất cứ đâu,https://audio.tudienkala.com/data/images_example/300x225/i/_/i_cant_see_ex2_587727577f8b9af52f8b45dd.jpg,https://audio.tudienkala.com/audio/a/n/anywhere.mp3
97,approximately,/əˈprɒksɪmətli/,adv,"khoảng, gần như",The job will take approximately three weeks.,Công việc đó sẽ mất khoảng ba tuần.,https://audio.tudienkala.com/data/cache/images/300x225/a/p/approximately1.png,https://audio.tudienkala.com/audio/a/p/approximately.mp3
97,blue,/blu:/,adj,xanh da trời,I have a blue pencil case.,Tôi có một hộp bút màu xanh.,https://audio.tudienkala.com/data/cache/images/300x225/b/l/blue2.jpg,https://audio.tudienkala.com/audio/b/l/blue.mp3
97,boring,/ˈbɔːrɪŋ/,adj,buồn tẻ,I don’t think he’s such a boring man.,Tôi không nghĩ anh ta lại là một người buồn tẻ như vậy.,https://audio.tudienkala.com/data/cache/images/300x225/b/o/boring1.png,https://audio.tudienkala.com/audio/b/o/boring.mp3
97,busy,/ˈbɪzi/,adj,bận rộn,I’m very busy now.,Hiện tôi rất bận.,https://audio.tudienkala.com/data/cache/images/300x225/b/u/busy1.png,https://audio.tudienkala.com/audio/b/u/busy.mp3
97,calculate,/ˈkælkjuleɪt/,v,"tính, tính toán",It's difficult to calculate how long the move will take.,Thật khó để tính toán di chuyển sẽ mất bao lâu.,https://audio.tudienkala.com/data/cache/images/300x225/c/a/calculate2.jpg,https://audio.tudienkala.com/audio/c/a/calculate.mp3
97,cigarette,/ˌsɪɡərˈet/,n,thuốc lá,He swore to renounce cigarette.,Anh ta đã thề là sẽ bỏ thuốc lá.,https://audio.tudienkala.com/data/cache/images/300x225/c/i/cigarette2.jpg,https://audio.tudienkala.com/audio/c/i/cigarette.mp3
97,cloud,/klaʊd/,n,"mây, đám mây",The sun went behind a cloud.,Mặt trời đã đi phía sau một đám mây.,https://audio.tudienkala.com/data/cache/images/300x225/c/l/cloud1.jpg,https://audio.tudienkala.com/audio/c/l/cloud.mp3
97,concept,/ˈkɒnsept/,n,khái niệm,Can you grasp the concept of marketing?,Bạn có nắm bắt được khái niệm marketing không?,https://audio.tudienkala.com/data/images_example/300x225/c/a/can_you_gr_ex1_587727587f8b9af52f8b45e4.jpg,https://audio.tudienkala.com/audio/c/o/concept.mp3
97,confident,/ˈkɒnfɪdənt /,adj,"tự tin, tin tưởng",They are more confident than I thought.,Họ tự tin hơn tôi tưởng.,https://audio.tudienkala.com/data/cache/images/300x225/c/o/confident1.png,https://audio.tudienkala.com/audio/c/o/confident.mp3
97,crash,/kræʃ/,v,"va chạm, đâm sầm",The plane crashed into a mountainside.,Chiếc máy bay đâm sầm vào một sườn núi.,https://audio.tudienkala.com/data/images_example/300x225/t/h/the_plane__ex1_56248d0d7f8b9a000de3d28d.jpg,https://audio.tudienkala.com/audio/c/r/crash.mp3
98,describe,/dɪˈskraɪb/,v,miêu tả,Can you describe your house?,Bạn có thể mô tả ngôi nhà của bạn không?,https://audio.tudienkala.com/data/cache/images/300x225/d/e/describe1.jpg,https://audio.tudienkala.com/audio/d/e/describe.mp3
98,discuss,/dɪˈskʌs/,v,"thảo luận, tranh luận (một vấn đề gì)",They held a meeting to discuss the future of the company.,Họ đã tổ chức một cuộc họp để thảo luận về tương lai của công ty.,https://audio.tudienkala.com/data/cache/images/300x225/d/i/discuss2.jpg,https://audio.tudienkala.com/audio/d/i/discuss.mp3
98,disgusting,/dɪsˈɡʌstɪŋ/,adj,"cực kì khó chịu, ghê tởm",What a disgusting smell!,Thật là một mùi ghê tởm!,https://audio.tudienkala.com/data/cache/images/300x225/d/i/disgusting2.jpg,https://audio.tudienkala.com/audio/d/i/disgusting.mp3
98,e.g.,/iː ˈdʒiː/,abbreviation,"ví dụ (viết tắt của ""exempli gratia"")","Products imported from many countries, e.g., Japan.","Sản phẩm được nhập khẩu từ nhiều nước, ví dụ Nhật Bản.",https://audio.tudienkala.com/data/cache/images/300x225/e/0/e.g.2.jpg,https://audio.tudienkala.com/audio/e/0/e.g..mp3
98,fifth,/fɪfθ/,ordinal no,thứ năm,It’s her fifth birthday.,Đó là sinh nhật lần thứ năm của cô ấy.,https://audio.tudienkala.com/data/cache/images/300x225/f/i/fifth2.png,https://audio.tudienkala.com/audio/f/i/fifth-l6.mp3
98,grandmother,/ˈgrændmʌðə(r)/,n,bà (nội hoặc ngoại),That is my grandmother.,Kia là bà nội (ngoại) tôi.,https://audio.tudienkala.com/data/cache/images/300x225/g/r/grandmother-l61.jpg,https://audio.tudienkala.com/audio/g/r/grandmother-l6.mp3
98,guy,/ɡaɪ/,n,"anh chàng, gã",At the end of the film the bad guy gets shot,Vào cuối của bộ phim có gã xấu bị bắn,https://audio.tudienkala.com/data/cache/images/300x225/g/u/guy2.jpg,https://audio.tudienkala.com/audio/g/u/guy.mp3
98,him,/hɪm/,зкщз,"anh, cậu, ông...ấy (tân ngữ, đứng sau động từ hoặc giới từ)",He took the children with him.,Anh ấy đưa đứa con theo.,https://audio.tudienkala.com/data/cache/images/300x225/h/i/him2.jpg,https://audio.tudienkala.com/audio/h/i/him.mp3
98,motorbike,/ˈməʊtərbaɪk/,n,"xe máy, xe mô- tô",My mother goes to work by motorbike.,Mẹ tôi đi làm bằng xe máy.,https://audio.tudienkala.com/data/cache/images/300x225/m/o/motorbike1.png,https://audio.tudienkala.com/audio/m/o/motorbike.mp3
98,name,/neim/,n,tên,My name is Mark.,Tên tôi là Mark.,https://audio.tudienkala.com/data/cache/images/300x225/n/a/name-l61.jpeg,https://audio.tudienkala.com/audio/n/a/name-l6.mp3
98,own,/əʊn/,v,"có, sở hữu",Do you own your house or do you rent it?,Bạn có sở hữu căn nhà của bạn hay bạn thuê nó?,https://audio.tudienkala.com/data/cache/images/300x225/o/w/own1.jpg,https://audio.tudienkala.com/audio/o/w/own.mp3
98,progress,/ˈprəʊɡrɛs/,n,"sự tiến bộ, sự tiến triển",The doctor said that he was making good progress after the surgery.,Bác sỹ nói rằng anh ấy đang có tiến triển tốt sau cuộc phẫu thuật.,https://audio.tudienkala.com/data/cache/images/300x225/p/r/progress2.png,https://audio.tudienkala.com/audio/p/r/progress.mp3
98,rarely,/ˈreəli/,adv,"hiếm khi, ít khi",Rarely has a debate attracted so much media attention,Hiếm khi có một cuộc tranh luận thu hút rất nhiều sự chú ý của giới truyền thông,https://audio.tudienkala.com/data/cache/images/300x225/r/a/rarely2.jpg,https://audio.tudienkala.com/audio/r/a/rarely.mp3
98,recording,/rɪˈkɔːdɪŋ/,n,"âm thanh, hình ảnh được ghi trên CD, DVD, video...",Just press this button to start recording.,Chỉ cần nhấn nút này để bắt đầu thu âm.,https://audio.tudienkala.com/data/cache/images/300x225/r/e/recording2.jpg,https://audio.tudienkala.com/audio/r/e/recording.mp3
98,roof,/ru:f/,n,nóc,You could be fined if you don't remove the snow off the roof of your car before driving.,Bạn có thể bị phạt nếu bạn không dọn sạch tuyết trên nóc xe trước khi khởi hành .,https://audio.tudienkala.com/data/cache/images/300x225/r/o/roof1.png,https://audio.tudienkala.com/audio/r/o/roof.mp3
98,separate,/ˈseprət/,v,"chia, tách",I try to keep meat separate from other food in the fridge.,Tôi cố gắng để thịt riêng biệt với các thực phẩm khác trong tủ lạnh.,https://audio.tudienkala.com/data/images_example/300x225/i/_/i_try_to_k_ex2_56248d007f8b9afc0c298025.jpg,https://audio.tudienkala.com/audio/s/e/separate.mp3
98,sister,/ˈsɪstə(r)/,n,"chị gái, em gái",My sister is a nurse.,Chị gái tôi là y tá.,https://audio.tudienkala.com/data/cache/images/300x225/s/i/sister-l61.jpg,https://audio.tudienkala.com/audio/s/i/sister-l6.mp3
98,soup,/suːp/,n,xúp,The soup sounds good.,Món xúp nghe có vẻ ngon đấy.,https://audio.tudienkala.com/data/cache/images/300x225/s/o/soup1.png,https://audio.tudienkala.com/audio/s/o/soup.mp3
98,Mrs,/ˈmɪsɪz/,abbreviation,"(đứng trước họ, tên đầy đủ của một người phụ nữ đã lập gia đình)",Mrs. Smith is visiting her grandchildren.,Bà Smith tới thăm các cháu nội của bà ấy.,https://audio.tudienkala.com/data/cache/images/300x225/m/r/mrs1.jpg,https://audio.tudienkala.com/audio/m/r/Mrs.mp3
98,amusing,/əˈmjuːzɪŋ/,adj,"vui, thú vị",She writes very amusing letters,Cô viết chữ rất thú vị,https://audio.tudienkala.com/data/cache/images/300x225/a/m/amusing2.jpg,https://audio.tudienkala.com/audio/a/m/amusing.mp3
98,assure,/əˈʃɔːr/,v,"quả quyết, đảm bảo","She's perfectly safe, I can assure you","Cô ấy hoàn toàn an toàn, tôi có thể đảm bảo với bạn",https://audio.tudienkala.com/data/cache/images/300x225/a/s/assure2.jpg,https://audio.tudienkala.com/audio/a/s/assure.mp3
98,awkward,/ˈɔːkwəd/,adj,"lúng túng, khó xử",I felt awkward because they obviously wanted to be alone,Tôi cảm thấy lúng túng vì họ rõ ràng là muốn được ở một mình,https://audio.tudienkala.com/data/cache/images/300x225/a/w/awkward2.jpg,https://audio.tudienkala.com/audio/a/w/awkward.mp3
98,bay,/beɪ/,nph,vịnh,Ha Long Bay is in Quang Ninh province.,Vịnh Hạ Long nằm ở tỉnh Quảng Ninh.,https://audio.tudienkala.com/data/cache/images/300x225/b/a/bay1.jpg,https://audio.tudienkala.com/audio/b/a/bay.mp3
98,bubble,/ˈbʌbl/,n,"bong bóng, bọt",A bubble will burst at the slightest touch.,Chiếc bong bóng chỉ khẽ chạm vào là nó sẽ nổ liền.,https://audio.tudienkala.com/data/cache/images/300x225/b/u/bubble2.jpg,https://audio.tudienkala.com/audio/b/u/bubble.mp3
98,continue,/kənˈtɪnjuː/,v,"tiếp tục, duy trì",He continued to ignore everything I was saying.,Anh ta tiếp tục bỏ qua tất cả những gì tôi nói.,https://audio.tudienkala.com/data/images_example/300x225/h/e/he_continu_ex1_56248cef7f8b9af60c1430bb.jpg,https://audio.tudienkala.com/audio/c/o/continue.mp3
98,course,/kɔːs/,n,khóa học,I am joining an English course at school.,Tôi đang tham gia khóa học Anh văn tại trường.,https://audio.tudienkala.com/data/cache/images/300x225/c/o/course1.jpg,https://audio.tudienkala.com/audio/c/o/course.mp3
98,demand,/dɪˈmɑːnd/,n,nhu cầu,Higher prices reduce demand.,Giá cao hơn làm giảm nhu cầu.,https://audio.tudienkala.com/data/cache/images/300x225/d/e/demand1.jpg,https://audio.tudienkala.com/audio/d/e/demand.mp3
98,diary,/'daɪəri/,n,nhật ký,I have a small diary.,Tôi có một cuốn nhật ký nhỏ.,https://audio.tudienkala.com/data/cache/images/300x225/d/i/diary1.jpg,https://audio.tudienkala.com/audio/d/i/diary.mp3
98,die,/daɪ/,v,"chết, qua đời",At least they died happy.,Ít nhất là họ đã chết trong hạnh phúc.,https://audio.tudienkala.com/data/cache/images/300x225/d/i/die1.png,https://audio.tudienkala.com/audio/d/i/die.mp3
98,enemy,/ˈenəmi/,n,"kẻ thù, kẻ địch",He has a lot of enemies in the company,Ông ta có rất nhiều kẻ thù trong công ty,https://audio.tudienkala.com/data/cache/images/300x225/e/n/enemy2.jpg,https://audio.tudienkala.com/audio/e/n/enemy.mp3
98,equivalent,/i'kwivələnt/,adj,tương đương,The food the airline serves in business class is equivalent to that served in first class.,Đồ ăn mà hãng hàng không phục vụ cho vé hạng thường thì tương đương với đồ ăn được phục vụ cho vé hạng nhất.,https://audio.tudienkala.com/data/images_example/300x225/t/h/the_food_t_ex1_56248d167f8b9a040dc66170.png,https://audio.tudienkala.com/audio/e/q/equivalent.mp3
98,exhibit,/ɪɡˈzɪbɪt/,n,vật trưng bày; vật triển lãm,The museum contains some interesting exhibits on Spanish rural life.,Các bảo tàng có chứa một số vật triển lãm thú vị về cuộc sống nông thôn Tây Ban Nha.,https://audio.tudienkala.com/data/cache/images/300x225/e/x/exhibit2.jpg,https://audio.tudienkala.com/audio/e/x/exhibit.mp3
98,flavour,/ˈfleɪvər/,n,mùi vị,The tomatoes give extra flavour to the sauce,Cà chua tăng thêm hương vị cho nước sốt,https://audio.tudienkala.com/data/cache/images/300x225/f/l/flavour2.jpg,https://audio.tudienkala.com/audio/f/l/flavour.mp3
98,hat,/hat/,n,mũ,Take your hat out.,Hãy lấy cái nón của bạn ra.,https://audio.tudienkala.com/data/cache/images/300x225/h/a/hat1.png,https://audio.tudienkala.com/audio/h/a/hat.mp3
98,miss,/'mis/,v,thấy nhớ (ai đó),I am going to miss talking with her about my confessions.,Tôi sẽ nhớ việc nói chuyện với cô ấy về những lời thú nhận của mình.,https://audio.tudienkala.com/data/cache/images/300x225/m/i/miss1.png,https://audio.tudienkala.com/audio/m/i/miss.mp3
98,operate,/'ɔpəreit/,v,"vận hành, làm cho hoạt động",The train only operates in this area at the height of the tourist season.,Xe lửa chỉ chạy trong khu vực này vào lúc cao điểm của mùa du lịch.,https://audio.tudienkala.com/data/cache/images/300x225/o/p/operate1.png,https://audio.tudienkala.com/audio/o/p/operate.mp3
98,pop,/pɒp/,v,nổ bốp,He is a pop star.,Anh ấy là ngôi sao nhạc pop.,https://audio.tudienkala.com/data/cache/images/300x225/p/o/pop2.jpg,https://audio.tudienkala.com/audio/p/o/pop.mp3
98,remind,/rɪˈmaɪnd/,v,nhắc nhở,He is so hard-working that he has never been reminded of homework.,Anh ấy chăm chỉ đến nỗi anh ấy không bao giờ bị nhắc nhở về việc làm bài tập về nhà.,https://audio.tudienkala.com/data/cache/images/300x225/r/e/remind1.jpg,https://audio.tudienkala.com/audio/r/e/remind.mp3
98,scheme,/skiːm/,n,"kế hoạch, mưu đồ",How is your learning scheme?,Chương trình học tập của bạn như thế nào?,https://audio.tudienkala.com/data/cache/images/300x225/s/c/scheme2.jpg,https://audio.tudienkala.com/audio/s/c/scheme.mp3
98,shift,/ʃɪft/,v,chuyển dịch,He shifted a little in his chair.,Anh ấy dịch chuyển một chút trên ghế của mình.,https://audio.tudienkala.com/data/images_example/300x225/h/e/he_shifted_ex1_56248cf47f8b9af80c012079.jpg,https://audio.tudienkala.com/audio/s/h/shift.mp3
98,shoe,/ʃuː/,n,giày,What's your shoe size?,Kích cỡ giày của bạn là gì?,https://audio.tudienkala.com/data/cache/images/300x225/s/h/shoe1.jpg,https://audio.tudienkala.com/audio/s/h/shoe.mp3
98,tap,/tæp/,n,vòi nước,You should turn off the tap when you don't need it.,Bạn nên khóa vòi nước lại khi bạn không cần dùng đến.,https://audio.tudienkala.com/data/cache/images/300x225/t/a/tap1.jpg,https://audio.tudienkala.com/audio/t/a/tap.mp3
98,theatre,/ˈθɪətər/,n,nhà hát,How often do you go to the theatre?,Bạn có thường đi đến nhà hát?,https://audio.tudienkala.com/data/cache/images/300x225/t/h/theatre2.jpg,https://audio.tudienkala.com/audio/t/h/theatre.mp3
98,thickly,/ˈθɪkli/,adv,"dày, thành lớp dày",The hills nearby were thickly forested with oak trees.,Những ngọn đồi gần đây phủ dày đặc bởi những cây sồi.,https://audio.tudienkala.com/data/cache/images/300x225/t/h/thickly2.jpg,https://audio.tudienkala.com/audio/t/h/thickly.mp3
98,thin,/θin/,adj,"gầy, mỏng",My father is very thin.,Cha tôi là rất gầy.,https://audio.tudienkala.com/data/cache/images/300x225/t/h/thin1.jpg,https://audio.tudienkala.com/audio/t/h/thin.mp3
98,traffic,/træfik/,n,"sự đi lại, giao thông",The traffic in Vietnam is not very good.,Giao thông ở Việt Nam rất không tốt.,https://audio.tudienkala.com/data/cache/images/300x225/t/r/traffic1.png,https://audio.tudienkala.com/audio/t/r/traffic.mp3
98,unsteady,/ʌnˈstedi/,adj,"lảo đảo, không vững",She is still a little unsteady on her feet after the operation,Cô vẫn hơi lảo đảo trên đôi chân của mình sau cuộc phẫu thuật,https://audio.tudienkala.com/data/cache/images/300x225/u/n/unsteady2.jpg,https://audio.tudienkala.com/audio/u/n/unsteady.mp3
98,walk,/wɔ:k/,v,đi bộ,I often walk to school.,Tôi thường đi bộ đến trường.,https://audio.tudienkala.com/data/cache/images/300x225/w/a/walk2.jpg,https://audio.tudienkala.com/audio/w/a/walk.mp3
99,accept,/ək'sept/,v,"nhận, chấp nhận","She accepts the gift with a big smile, and thanks her boyfriend several times.",Cô ấy chấp nhận món quà với nụ cười lớn và cảm ơn bạn trai nhiều lần.,https://audio.tudienkala.com/data/cache/images/300x225/a/c/accept1.png,https://audio.tudienkala.com/audio/a/c/accept.mp3
99,apparent,/əˈpærənt/,adj,rõ ràng,"Then, for no apparent reason, the train suddenly stopped.","Sau đó, không có lý do rõ ràng, tàu đột nhiên dừng lại.",https://audio.tudienkala.com/data/cache/images/300x225/a/p/apparent2.jpg,https://audio.tudienkala.com/audio/a/p/apparent.mp3
99,assist,/ə'sist/,v,"giúp đỡ, có mặt",Bonnie hired a secretary to assist her with the many details of the event.,Bonnie đã thuê một thư ký để trợ giúp cô về rất nhiều chi tiết của sự kiện.,https://audio.tudienkala.com/data/cache/images/300x225/a/s/assist1.png,https://audio.tudienkala.com/audio/a/s/assist.mp3
99,beautiful,/'bju:tɪfl/,adj,xinh đẹp,My teacher is very beautiful.,Giáo viên của tôi rất đẹp.,https://audio.tudienkala.com/data/cache/images/300x225/b/e/beautiful1.jpg,https://audio.tudienkala.com/audio/b/e/beautiful.mp3
99,conclude,/kən'klu:d/,v,"kết luận, quyết định","After long discussions, the board has concluded that the project has to be canceled.","Sau những cuộc tranh luận dài, ủy ban đã kết luận rằng dự án phải bị hủy bỏ.",https://audio.tudienkala.com/data/images_example/300x225/a/f/after_long_ex1_56248d167f8b9a040dc66060.jpg,https://audio.tudienkala.com/audio/c/o/conclude.mp3
99,covered,/ˈkʌvərd/,adj,"được phủ bởi, có lớp gì ở trên",The walls were covered with pictures,Các bức tường được bao phủ bằng hình ảnh,https://audio.tudienkala.com/data/cache/images/300x225/c/o/covered2.jpg,https://audio.tudienkala.com/audio/c/o/covered.mp3
99,deliberately,/dɪˈlɪbərətli/,adv,(một cách) cố ý,She's been deliberately ignoring him all day,Cô ấy đã cố ý lờ anh ta cả ngày,https://audio.tudienkala.com/data/images_example/300x225/s/h/shes_been__ex2_5877275f7f8b9af52f8b4611.jpg,https://audio.tudienkala.com/audio/d/e/deliberately.mp3
99,dirt,/dɜːt/,n,bụi bẩn,His coat was covered with dirt.,Áo khoác của anh ấy bị phủ một lớp bụi.,https://audio.tudienkala.com/data/cache/images/300x225/d/i/dirt1.png,https://audio.tudienkala.com/audio/d/i/dirt.mp3
99,discussion,/dɪˈskʌʃən/,n,cuộc thảo luận,"After considerable discussion, they decided to accept our offer","Sau khi thảo luận nghiêm túc, họ đã quyết định chấp nhận đề nghị của chúng tôi",https://audio.tudienkala.com/data/cache/images/300x225/d/i/discussion2.jpg,https://audio.tudienkala.com/audio/d/i/discussion.mp3
99,economic,/iːkəˈnɒmɪk/,adj,(thuộc về) kinh tế,Outdated policies inhibit economic growth.,Chính sách lỗi thời cản trở nền kinh tế phát triển.,https://audio.tudienkala.com/data/cache/images/300x225/e/c/economic2.jpg,https://audio.tudienkala.com/audio/e/c/economic.mp3
99,euro,/ˈjʊərəʊ/,n,đơn vị tiền tệ của một số quốc gia Liên minh châu Âu,The price is given in dollars or euros,Mức giá được đưa ra bằng USD hay euro,https://audio.tudienkala.com/data/cache/images/300x225/e/u/euro2.jpg,https://audio.tudienkala.com/audio/e/u/euro.mp3
99,few,/fjuː/,determiner,ít (dùng với danh từ số nhiều và động từ số nhiều),Few people understand the difference.,Rất ít người hiểu được sự khác biệt.,https://audio.tudienkala.com/data/cache/images/300x225/f/e/few2.jpg,https://audio.tudienkala.com/audio/f/e/few.mp3
99,fundamental,"/,fʌndə'mentl/",adj,"cơ bản, chủ yếu",I need to go to the fundamental food store to buy vegan foods.,Tôi cần đến cửa hàng thực phẩm cơ bản để mua thực phẩm chay.,https://audio.tudienkala.com/data/cache/images/300x225/f/u/fundamental1.jpg,https://audio.tudienkala.com/audio/f/u/fundamental.mp3
99,giant,/ˈdʒaɪənt/,adj,"to lớn, khổng lồ",Be careful. The forests are full of giant snakes.,Hãy cẩn thận. Trong các khu rừng có rất nhiều con rắn khổng lồ.,https://audio.tudienkala.com/data/cache/images/300x225/g/i/giant1.jpg,https://audio.tudienkala.com/audio/g/i/giant.mp3
99,himself,/hɪmˈself/,prop,chính anh ta,He introduced himself.,Ông ta tự giới thiệu bản thân.,https://audio.tudienkala.com/data/cache/images/300x225/h/i/himself1.jpg,https://audio.tudienkala.com/audio/h/i/himself.mp3
99,irritate,/'iriteit/,v,"kích thích, làm tấy lên, làm rát",Aspirin irritates my stomach.,Aspirin kích ứng dạ dày của tôi.,https://audio.tudienkala.com/data/images_example/300x225/a/s/aspirin_ir_ex1_56248d167f8b9a040dc66274.jpg,https://audio.tudienkala.com/audio/i/r/irritate.mp3
99,judgement,/ˈdʒʌdʒmənt/,n,"sự phán xét, đánh giá",A court judgement declared the company bankrupt.,Một phán quyết của tòa án tuyên bố công ty này phá sản.,https://audio.tudienkala.com/data/cache/images/300x225/j/u/judgement2.jpg,https://audio.tudienkala.com/audio/j/u/judgement.mp3
99,jump,/ʤʌmp/,v,"nhảy, cú nhảy",She jumped down from the chair.,Cô ấy đã nhảy xuống từ chiếc ghế.,https://audio.tudienkala.com/data/cache/images/300x225/j/u/jump1.png,https://audio.tudienkala.com/audio/j/u/jump.mp3
99,management,/ˈmænɪdʒmənt/ UK: /ˈmænɪdʒmənt/,n,"(sự) quản lý, quản trị",We need someone with good management style to help with our work.,Chúng tôi cần một người có cách quản lý tốt để giúp đỡ với công việc của chúng tôi.,https://audio.tudienkala.com/data/cache/images/300x225/m/a/management2.jpg,https://audio.tudienkala.com/audio/m/a/management.mp3
99,net,/net/,adj,"thuần, ròng, tịnh, thực",What do you earn net of tax?,Bạn kiếm được bao nhiêu sau khi trừ thuế?,https://audio.tudienkala.com/data/cache/images/300x225/n/e/net2.jpg,https://audio.tudienkala.com/audio/n/e/net.mp3
99,object,/ˈɒbdʒɪkt/,n,vật thể,"You have to hide small objects in your house, or your baby may swallow them.","Bạn phải giấu các vật nhỏ trong ngôi nhà của bạn, hoặc em bé của bạn có thể nuốt chúng.",https://audio.tudienkala.com/data/cache/images/300x225/o/b/object1.jpg,https://audio.tudienkala.com/audio/o/b/object.mp3
99,peace,/piːs/,n,"sự hòa bình, sự hòa thuận",She lay back and enjoyed the peace of the summer evening.,Cô ấy nằm xuống và tận hưởng sự bình yêu của buổi chiều mùa hè,https://audio.tudienkala.com/data/cache/images/300x225/p/e/peace1.png,https://audio.tudienkala.com/audio/p/e/peace.mp3
99,plug,/plʌɡ/,v,"cắm vào, bít (lỗ) lại",He plugged the hole in the pipe with an old rag,Ông ấy bít cái lỗ trong đường ống bằng một miếng giẻ cũ,https://audio.tudienkala.com/data/images_example/300x225/h/e/he_plugged_ex2_587727617f8b9af52f8b461d.jpg,https://audio.tudienkala.com/audio/p/l/plug.mp3
99,resist,/rɪˈzɪst/,v,"kháng cự, chống lại",He couldn't resist showing off his strength.,Anh không thể cưỡng lại phô trương sức mạnh của mình.,https://audio.tudienkala.com/data/cache/images/300x225/r/e/resist2.jpg,https://audio.tudienkala.com/audio/r/e/resist.mp3
99,shocking,/ˈʃɒkɪŋ/,adj,sốc,I think the ending of the film is quite shocking.,Tôi nghĩ kết thúc của bộ phim khá sốc.,https://audio.tudienkala.com/data/cache/images/300x225/s/h/shocking2.jpg,https://audio.tudienkala.com/audio/s/h/shocking.mp3
99,split,/splɪt/,n,"sự chia bè phái, chia rẽ",There have been reports of a split between the Prime Minister and the Cabinet,Đã có báo cáo về một sự chia rẽ giữa Thủ tướng và Nội các,https://audio.tudienkala.com/data/images_example/300x225/t/h/there_have_ex2_587727617f8b9af52f8b4623.jpg,https://audio.tudienkala.com/audio/s/p/split.mp3
99,story,/ˈstɔːri/,n,câu chuyện,This story finishes here.,Chuyện này đến đây là kết thúc rồi.,https://audio.tudienkala.com/data/cache/images/300x225/s/t/story2.jpg,https://audio.tudienkala.com/audio/s/t/story.mp3
99,tail,/teɪl/,n,"đuôi, cái đuôi",My cat has a long tail.,Con mèo nhà tớ có cái đuôi dài.,https://audio.tudienkala.com/data/cache/images/300x225/t/a/tail1.png,https://audio.tudienkala.com/audio/t/a/tail.mp3
99,ten,/tɛn/,cardinal no,số mười,She's ten years old.,Cô ấy mười tuổi.,https://audio.tudienkala.com/data/cache/images/300x225/t/e/ten1.png,https://audio.tudienkala.com/audio/t/e/ten.mp3
99,unkind,/ʌnˈkaɪnd/,adj,"không tử tế, không tốt",It would be unkind to go without him,Thật là không tốt khi đi mà không có anh ấy,https://audio.tudienkala.com/data/cache/images/300x225/u/n/unkind2.jpg,https://audio.tudienkala.com/audio/u/n/unkind.mp3
99,acceptable,/əkˈseptəbl/,adj,"chấp nhận được, có thể cho phép",For this course an acceptable passing grade is at least a B.,Đối với khóa học này điểm qua lớp chấp nhận được ít nhất là một B.,https://audio.tudienkala.com/data/cache/images/300x225/a/c/acceptable1.jpg,https://audio.tudienkala.com/audio/a/c/acceptable.mp3
99,beat,/biːt/,n,"nhịp, cú đánh; tiếng động của cú, nhịp đó",His heart missed a beat when he saw her,Trái tim anh ấy đã bỏ lỡ nhịp khi anh nhìn thấy cô ta.,https://audio.tudienkala.com/data/cache/images/300x225/b/e/beat2.jpg,https://audio.tudienkala.com/audio/b/e/beat.mp3
99,cheaply,/ˈtʃiːpli/,adv,rẻ; không tốn nhiều tiền,I'm sure I could buy this more cheaply somewhere else.,Tôi chắc chắn tôi có thể mua cái này với giá rẻ hơn nơi khác.,https://audio.tudienkala.com/data/cache/images/300x225/c/h/cheaply2.jpg,https://audio.tudienkala.com/audio/c/h/cheaply.mp3
99,cheque,/ tʃɛk /,n,séc,Can you cash this cheque?,Bạn có thể đổi tờ séc này ra tiền mặt không?,https://audio.tudienkala.com/data/cache/images/300x225/c/h/cheque1.jpg,https://audio.tudienkala.com/audio/c/h/cheque.mp3
99,click,/klɪk/,v,kích chọn một chức năng trên màn hình vi tính,"To run a window, just double-click on the icon","Để chạy một cửa sổ, chỉ cần nhấp đúp vào biểu tượng",https://audio.tudienkala.com/data/cache/images/300x225/c/l/click1.png,https://audio.tudienkala.com/audio/c/l/click.mp3
99,convention,/kənˈvenʃən/,n,quy ước,The convention demands that a club member should resign in such a situation.,Lệ thường đòi hỏi các thành viên câu lạc bộ nên từ chức trong một tình huống như vậy.,https://audio.tudienkala.com/data/cache/images/300x225/c/o/convention2.jpg,https://audio.tudienkala.com/audio/c/o/convention.mp3
99,curly,/ˈkɜː.li/,adj,"quăn, xoăn (tóc)",I wish my hair were not curly.,Tôi muốn mái tóc của tôi không xoăn.,https://audio.tudienkala.com/data/cache/images/300x225/c/u/curly1.png,https://audio.tudienkala.com/audio/c/u/curly.mp3
99,do,/du/,v,làm,I do my homework every day.,Tôi làm bài tập nhà mỗi ngày.,https://audio.tudienkala.com/data/cache/images/300x225/d/o/do-l61.jpg,https://audio.tudienkala.com/audio/d/o/do-l6.mp3
99,easily,/ˈiːzɪli/,adv,một cách dễ dàng,Learning languages doesn't come easily to him.,Học ngôn ngữ không dễ dàng với cậu ấy.,https://audio.tudienkala.com/data/images_example/300x225/l/e/learning_l_ex2_587727637f8b9af52f8b462f.jpg,https://audio.tudienkala.com/audio/e/a/easily.mp3
99,eastern,/ˈiːstɚn/,adj,ở phía Đông,"The sun rises in the eastern sky, producing light.","Mặt trời mọc ở bầu trời hướng đông, phát ra ánh sáng.",https://audio.tudienkala.com/data/cache/images/300x225/e/a/eastern2.png,https://audio.tudienkala.com/audio/e/a/eastern.mp3
99,error,/ˈerər/,n,"lỗi, sai lầm",There is no room for error in this job.,Không có chỗ cho sai sót trong công việc này.,https://audio.tudienkala.com/data/cache/images/300x225/e/r/error2.jpg,https://audio.tudienkala.com/audio/e/r/error.mp3
99,fat,/fæt/,adj,"béo, mập",My sister is very fat.,Chị gái tôi rất béo.,https://audio.tudienkala.com/data/cache/images/300x225/f/a/fat1.png,https://audio.tudienkala.com/audio/f/a/fat.mp3
99,funeral,/ˈfjuːnərəl/,n,lễ tang,The funeral will be held next Friday.,Lễ tang sẽ được tổ chức vào thứ Sáu tới.,https://audio.tudienkala.com/data/cache/images/300x225/f/u/funeral1.jpg,https://audio.tudienkala.com/audio/f/u/funeral.mp3
99,lecture,/ˈlektʃər/,n,"bài nói chuyện về một đề tài nào đó; bài giảng, bài thuyết trình",The lecture was very interesting.,Bài giảng thật là thú vị.,https://audio.tudienkala.com/data/cache/images/300x225/l/e/lecture2.jpg,https://audio.tudienkala.com/audio/l/e/lecture.mp3
99,light,/lʌɪt/,adj,sáng sủa,The bedrooms are light and airy.,Các phòng ngủ sáng sủa và thoáng mát.,https://audio.tudienkala.com/data/images_example/300x225/t/h/the_bedroo_ex2_582c2b4f7f8b9aa1078b466e.jpeg,https://audio.tudienkala.com/audio/l/i/light.mp3
99,lively,/ˈlaɪvli/,adj,"năng nổ, hoạt bát",He showed a lively interest in politics,Ông ấy đã cho thấy một sự quan tâm năng nổ trong chính trị,https://audio.tudienkala.com/data/cache/images/300x225/l/i/lively2.jpg,https://audio.tudienkala.com/audio/l/i/lively.mp3
99,locate,/ləʊˈkeɪt/,v,"đặt tại, nằm ở",The Temple of Literature is located in the centre of Hanoi.,Văn Miếu nằm ở trung tâm thành phố Hà Nội.,https://audio.tudienkala.com/data/cache/images/300x225/l/o/locate1.jpg,https://audio.tudienkala.com/audio/l/o/locate.mp3
99,pay,/peɪ/,v,"trả, đưa",They pay me $100 a day.,Họ trả tôi 100 đô la một ngày.,https://audio.tudienkala.com/data/images_example/300x225/i/m/im_paid_10_ex1_58258c347f8b9aa1078b45dc.jpg,https://audio.tudienkala.com/audio/p/a/pay.mp3
100,pencil,/'pensl/,n,bút chì,This is my pencil.,Đây là bút chì của tôi.,https://audio.tudienkala.com/data/cache/images/300x225/p/e/pencil-l61.jpg,https://audio.tudienkala.com/audio/p/e/pencil-l6.mp3
100,previous,/ˈpriːviəs/,adj,trước,She is his daughter from a previous marriage,Cô ấy là con gái của ông ta từ một cuộc hôn nhân trước,https://audio.tudienkala.com/data/cache/images/300x225/p/r/previous1.jpg,https://audio.tudienkala.com/audio/p/r/previous.mp3
100,release,/rɪˈliːs/,v,phát hành,She is trying to release her album as planned.,Cô ấy đang cố gắng để phát hành đĩa nhạc của mình như đã dự định.,https://audio.tudienkala.com/data/images_example/300x225/s/h/she_is_try_ex1_56248d0b7f8b9a000de3cfa9.jpg,https://audio.tudienkala.com/audio/r/e/release.mp3
100,rule,/ru:l/,n,"quy tắc, phép tắc",You need to follow the rules.,Bạn cần tuân theo các quy tắc.,https://audio.tudienkala.com/data/cache/images/300x225/r/u/rule1.jpg,https://audio.tudienkala.com/audio/r/u/rule.mp3
100,search,/sə:tʃ/,n,"cuộc tìm kiếm, thăm dò",Our search of the database produced very little information.,Việc tìm kiếm trong cơ sở dữ liệu của chúng tôi đã đem lại rất ít thông tin.,https://audio.tudienkala.com/data/cache/images/300x225/s/e/search1.png,https://audio.tudienkala.com/audio/s/e/search.mp3
100,seventeen,/sɛv(ə)nˈtiːn/,cardinal no,số mười bảy,There are seventeen chairs in our room.,Có mười bảy cái ghế trong phòng chúng ta.,https://audio.tudienkala.com/data/cache/images/300x225/s/e/seventeen1.png,https://audio.tudienkala.com/audio/s/e/seventeen.mp3
100,survive,/səˈvaɪv/,v,sống sót,These plants cannot survive in very cold conditions.,Những cái cây này không thể sống sót trong điều kiện rất lạnh.,https://audio.tudienkala.com/data/images_example/300x225/t/h/these_plan_ex1_56248d0b7f8b9a000de3cfe5.jpg,https://audio.tudienkala.com/audio/s/u/survive.mp3
100,sympathetic,/ˌsɪmpəˈθetɪk/,adj,"đồng cảm, thông cảm",My classmates are very kind and sympathetic.,Các bạn cùng lớp tôi rất tốt bụng và đồng cảm.,https://audio.tudienkala.com/data/cache/images/300x225/s/y/sympathetic1.jpg,https://audio.tudienkala.com/audio/s/y/sympathetic.mp3
100,thing,/θɪŋ/,n,điều,He's just bought one of those exercise things,Anh ấy chỉ cần mua một trong những bài tập này,https://audio.tudienkala.com/data/cache/images/300x225/t/h/thing1.jpeg,https://audio.tudienkala.com/audio/t/h/thing.mp3
100,twenty,/ˈtwɛnti/,cardinal no,số hai mươi,There are twenty students in her class.,Có hai mươi học sinh trong lớp cô ấy.,https://audio.tudienkala.com/data/cache/images/300x225/t/w/twenty1.png,https://audio.tudienkala.com/audio/t/w/twenty.mp3
100,unsuccessful,/ˌʌnsəkˈsesfəl/,adj,không thành công,They were unsuccessful in meeting their objectives for the year,Họ đã không thành công trong việc đáp ứng các mục tiêu của họ trong năm nay,https://audio.tudienkala.com/data/cache/images/300x225/u/n/unsuccessful2.jpg,https://audio.tudienkala.com/audio/u/n/unsuccessful.mp3
100,upset,/ʌpˈset/,adj,"buồn phiền, thất vọng",There's no point in getting upset about it.,Chẳng có việc gì mà phải thất vọng vì nó.,https://audio.tudienkala.com/data/cache/images/300x225/u/p/upset1.png,https://audio.tudienkala.com/audio/u/p/upset.mp3
100,beneath,/bɪˈniːθ/,n,ở dưới,Beneath this floor there's a cellar.,Dưới sàn này có một hầm rượu.,https://audio.tudienkala.com/data/images_example/300x225/b/e/beneath_th_ex1_56248cf97f8b9afa0cb17bb0.jpg,https://audio.tudienkala.com/audio/b/e/beneath.mp3
100,chemical,/ˈkemɪkl/,n,"chất hóa học, hóa chất",Farmers are being urged to reduce their use of chemicals.,Những người nông dân đang được khuyến cáo giảm việc sử dụng hóa chất.,https://audio.tudienkala.com/data/cache/images/300x225/c/h/chemical1.png,https://audio.tudienkala.com/audio/c/h/chemical.mp3
100,church,/tʃɜːtʃ/,n,nhà thờ,My best friend goes to church every Sunday.,Người bạn thân nhất của tôi đến nhà thờ mỗi Chủ nhật.,https://audio.tudienkala.com/data/cache/images/300x225/c/h/church1.png,https://audio.tudienkala.com/audio/c/h/church.mp3
100,confirm,/kənˈfɜː(r)m/,v,xác nhận,Please write to confirm your reservation.,Xin vui lòng viết xác nhận cho việc đặt phòng của bạn.,https://audio.tudienkala.com/data/cache/images/300x225/c/o/confirm1.jpg,https://audio.tudienkala.com/audio/c/o/confirm.mp3
100,county,/ˈkaʊnti/,n,"hạt, tỉnh (đơn vị hành chính ở Anh, Ireland hoặc Mĩ)",Peter lives in the county of Kent.,Peter sống ở Hạt Kent.,https://audio.tudienkala.com/data/cache/images/300x225/c/o/county2.gif,https://audio.tudienkala.com/audio/c/o/county.mp3
100,deliberate,/dɪˈlɪbərət/,adj,"thong thả, cố ý, chủ tâm",She spoke in a slow and deliberate way.,Cô nói một cách chậm rãi và thong thả.,https://audio.tudienkala.com/data/cache/images/300x225/d/e/deliberate1.jpg,https://audio.tudienkala.com/audio/d/e/deliberate.mp3
100,department,/dɪˈpɑːtmənt/,n,"phòng, ban, bộ",She worked in Human Resource department.,Cô ấy làm việc ở bộ phận nhân sự.,https://audio.tudienkala.com/data/cache/images/300x225/d/e/department1.jpg,https://audio.tudienkala.com/audio/d/e/department.mp3
100,five,/fʌɪv/,cardinal no,số năm,I have five cats.,Tôi có năm con mèo.,https://audio.tudienkala.com/data/cache/images/300x225/f/i/five1.png,https://audio.tudienkala.com/audio/f/i/five.mp3
100,fridge,/frɪdʒ/,n,tủ lạnh,A fridge is very useful because it helps me to store a lot of food.,Tủ lạnh rất hữu ích vì nó giúp tôi dự trữ rất nhiều đồ ăn.,https://audio.tudienkala.com/data/images_example/300x225/a/_/a_fridge_i_ex1_582d0cc57f8b9aec0d8b467c.jpg,https://audio.tudienkala.com/audio/f/r/fridge.mp3
100,implication,/ˌɪmplɪˈkeɪʃən/,n,"hậu quả, ảnh hưởng",They failed to consider the wider implications of their actions.,Họ không xem xét những hậu quả về các hành động của mình.,https://audio.tudienkala.com/data/cache/images/300x225/i/m/implication2.jpg,https://audio.tudienkala.com/audio/i/m/implication.mp3
100,independent,/ˌɪndɪˈpendənt/,adj,"độc lập, không phụ thuộc",Living far from home has made me more independent.,Việc sống xa nhà làm tôi trở nên độc lập hơn.,https://audio.tudienkala.com/data/cache/images/300x225/i/n/independent2.jpg,https://audio.tudienkala.com/audio/i/n/independent.mp3
100,insurance,/ɪnˈʃʊrəns/,n,bảo hiểm,You should seek advice from your financial adviser before deciding on appropriate insurance cover.,Bạn nên tìm kiếm lời khuyên từ các chuyên gia tư vấn tài chính của bạn trước khi quyết định mua bảo hiểm thích hợp.,https://audio.tudienkala.com/data/cache/images/300x225/i/n/insurance1.jpg,https://audio.tudienkala.com/audio/i/n/insurance.mp3
100,light,/lʌɪt/,adj,sáng sủa,The bedrooms are light and airy.,Các phòng ngủ sáng sủa và thoáng mát.,https://audio.tudienkala.com/data/images_example/300x225/t/h/the_bedroo_ex2_582c2b4f7f8b9aa1078b466e.jpeg,https://audio.tudienkala.com/audio/l/i/light.mp3
100,likely,/ˈlaɪkli/,adj,"có khả năng, có thể",Tickets are likely to be expensive,Vé có thể sẽ đắt,https://audio.tudienkala.com/data/images_example/300x225/t/i/tickets_ar_ex2_587727667f8b9af52f8b4641.jpg,https://audio.tudienkala.com/audio/l/i/likely.mp3
100,quite,/kwaɪt/,adv,"tương đối, khá",I'm quite tired but I can still finish the homework.,Tôi khá là mệt nhưng tôi vẫn có thể hoàn thành bài tập về nhà.,https://audio.tudienkala.com/data/images_example/300x225/i/m/im_quite_t_ex1_56248cf47f8b9af80c012065.jpg,https://audio.tudienkala.com/audio/q/u/quite.mp3
100,reckon,/ˈrekən/,v,"nghĩ là, cho rằng",I reckon (that) I'm going to get that job,Tôi nghĩ tôi sẽ nhận công việc đó,https://audio.tudienkala.com/data/cache/images/300x225/r/e/reckon2.jpg,https://audio.tudienkala.com/audio/r/e/reckon.mp3
100,refusal,/rɪˈfjuːzəl/,n,"sự, lời từ chối",His refusal to discuss the matter is very annoying,Sự từ chối của anh ta thảo luận về vấn đề này là rất khó chịu,https://audio.tudienkala.com/data/cache/images/300x225/r/e/refusal2.jpg,https://audio.tudienkala.com/audio/r/e/refusal.mp3
100,represent,/repri'zent/,v,"đại diện, tượng trưng cho",The colour violet represents faith.,Màu tím tượng trưng cho sự thủy chung.,https://audio.tudienkala.com/data/images_example/300x225/t/h/the_colour_ex1_56248d0b7f8b9a000de3ceb9.jpg,https://audio.tudienkala.com/audio/r/e/represent.mp3
100,solid,/ˈsɒlɪd/,adj,cứng; rắn,The boat bumped against a solid object,Chiếc thuyền đâm sầm vào một vật thể rắn,https://audio.tudienkala.com/data/cache/images/300x225/s/o/solid2.jpg,https://audio.tudienkala.com/audio/s/o/solid.mp3
100,sun,/sʌn/,n,mặt trời,The sun was shining and birds were singing.,Mặt trời đang chiếu sáng và các loài chim đang hót.,https://audio.tudienkala.com/data/cache/images/300x225/s/u/sun1.png,https://audio.tudienkala.com/audio/s/u/sun.mp3
100,swimming pool,/'swimiɳpu:l/,n,bể bơi,The swimming pool is my favorite place to come in the summer.,Bể bơi là nơi yêu thích tôi thường đến vào mùa hè.,https://audio.tudienkala.com/data/cache/images/300x225/s/w/swimming_pool1.jpg,https://audio.tudienkala.com/audio/s/w/swimming_pool.mp3
100,teacher,/'ti:tʃə/,n,giáo viên,Ms. Sarah is my English teacher.,Cô Sarah là giáo viên Anh văn.,https://audio.tudienkala.com/data/cache/images/300x225/t/e/teacher-l61.jpg,https://audio.tudienkala.com/audio/t/e/teacher-l6.mp3
100,them,/ðem/,prop,họ,Did you eat all of them?,Bạn đã ăn tất cả chúng phải không?,https://audio.tudienkala.com/data/images_example/300x225/d/i/did_you_ea_ex2_5624becf7f8b9ac711196383.jpg,https://audio.tudienkala.com/audio/t/h/them.mp3
100,ultimate,/ˈʌltɪmət/,adj,cuối cùng,We will accept ultimate responsibility for whatever happens,Chúng tôi sẽ chịu trách nhiệm cuối cùng cho bất cứ điều gì xảy ra,https://audio.tudienkala.com/data/cache/images/300x225/u/l/ultimate2.gif,https://audio.tudienkala.com/audio/u/l/ultimate.mp3
100,ultimately,/ˈʌltɪmətli/,adv,"cuối cùng, sau cùng","Ultimately, all the colonies will become independent.","Cuối cùng, tất cả các thuộc địa sẽ trở nên độc lập.",https://audio.tudienkala.com/data/cache/images/300x225/u/l/ultimately1.jpg,https://audio.tudienkala.com/audio/u/l/ultimately.mp3
100,university,/juːnɪˈvəːsɪti/,n,đại học,Is there a university in this town?,Có một trường đại học ở thị trấn này phải không?,https://audio.tudienkala.com/data/cache/images/300x225/u/n/university1.jpg,https://audio.tudienkala.com/audio/u/n/university.mp3
100,unload,/ˌʌnˈləʊd/,v,dỡ hàng,We have to unload.,Chúng ta phải dỡ hàng.,https://audio.tudienkala.com/data/cache/images/300x225/u/n/unload1.png,https://audio.tudienkala.com/audio/u/n/unload.mp3
100,via,/vaɪə/,prep,qua nơi nào,We flew home via Dubai,Chúng tôi bay về nhà qua Dubai,https://audio.tudienkala.com/data/images_example/300x225/w/e/we_flew_ho_ex2_587727687f8b9af52f8b464b.png,https://audio.tudienkala.com/audio/v/i/via.mp3
100,voice,/vɔɪs/,n,giọng nói,I could hear voices in the next room.,Tôi có thể nghe giọng hát của cô ấy ở phòng kế bên,https://audio.tudienkala.com/data/cache/images/300x225/v/o/voice1.jpg,https://audio.tudienkala.com/audio/v/o/voice.mp3
100,we,/wi:/,pron,"chúng tôi, chúng ta",We are students.,Chúng tôi là học sinh.,https://audio.tudienkala.com/data/cache/images/300x225/w/e/we1.jpg,https://audio.tudienkala.com/audio/w/e/we.mp3
100,OK,/oʊˈkeɪ/,adj,an toàn và khỏe mạnh; hạnh phúc,Are you OK?,Bạn ổn chứ?,https://audio.tudienkala.com/data/cache/images/300x225/o/k/ok1.jpg,https://audio.tudienkala.com/audio/o/k/OK.mp3
100,considerable,/kənˈsɪdərəbl/,adj,"đáng kể, lớn",Damage to the building was considerable,Thiệt hại cho các tòa nhà là đáng kể,https://audio.tudienkala.com/data/images_example/300x225/d/a/damage_to__ex2_587727687f8b9af52f8b464e.jpg,https://audio.tudienkala.com/audio/c/o/considerable.mp3
100,credit card,/ˈkredɪt kɑːrd/,n,thẻ tín dụng,"He used his student credit card to buy a house, on which he took out a second mortgage","Anh ấy đã sử dụng thẻ tín dụng sinh viên của mình để mua một căn nhà, mà anh lấy ra thế chấp lần thứ hai",https://audio.tudienkala.com/data/cache/images/300x225/c/r/credit_card1.jpg,https://audio.tudienkala.com/audio/c/r/credit_card.mp3
100,crucial,/'kru:ʃjəl/,adj,"cốt yếu, chủ yếu, có tính quyết định",Inventory is a crucial process and must be taken seriously by all staff.,Kiểm kê là một quá trình cốt yếu và phải được thực hiện nghiêm túc bởi mọi nhân viên.,https://audio.tudienkala.com/data/cache/images/300x225/c/r/crucial1.png,https://audio.tudienkala.com/audio/c/r/crucial.mp3
100,genuine,/´dʒenjuin/,adj,"chân thực, xác thực",a very genuine person,một người rất chân thật,https://audio.tudienkala.com/data/cache/images/300x225/g/e/genuine1.jpg,https://audio.tudienkala.com/audio/g/e/genuine.mp3
100,key,/kiː/,adj,chìa khóa,Good communication is key to our success.,Giao tiếp tốt là chìa khóa thành công của chúng tôi.,https://audio.tudienkala.com/data/cache/images/300x225/k/e/key1.png,https://audio.tudienkala.com/audio/k/e/key.mp3
101,literature,/ˈlɪtrətʃər/,n,văn học,I've read all the available literature.,Tôi đã đọc hết những cuốn văn học này.,https://audio.tudienkala.com/data/cache/images/300x225/l/i/literature2.jpg,https://audio.tudienkala.com/audio/l/i/literature.mp3
101,nicely,/ˈnaɪsli/,adv,"một cách hấp dẫn, đẹp; tốt",The room was nicely furnished,Các phòng được trang bị nội thất hấp dẫn,https://audio.tudienkala.com/data/images_example/300x225/t/h/the_room_w_ex2_587727697f8b9af52f8b4654.jpg,https://audio.tudienkala.com/audio/n/i/nicely.mp3
101,paint,/peɪnt/,v,sơn,We painted the kitchen yellow.,Chúng tôi đã sơn cái bếp màu vàng.,https://audio.tudienkala.com/data/images_example/300x225/w/e/we_painted_ex1_56248cf47f8b9af80c011ff5.png,https://audio.tudienkala.com/audio/p/a/paint.mp3
101,park,/pɑ:k/,n,công viên,There are many big trees in this park.,Có rất nhiều cây lớn trong công viên này.,https://audio.tudienkala.com/data/images_example/300x225/t/h/there_are__ex1_56248cee7f8b9af60c142f13.png,https://audio.tudienkala.com/audio/p/a/park.mp3
101,pride,/praɪd/,n,sự tự hào,Success in sport is a source of national pride,Thành công trong thể thao là một sự tự hào dân tộc,https://audio.tudienkala.com/data/images_example/300x225/s/u/success_in_ex2_5877276a7f8b9af52f8b4656.jpg,https://audio.tudienkala.com/audio/p/r/pride.mp3
101,sadness,/ˈsædnəs/,n,nỗi buồn,I felt a deep sadness,Tôi cảm thấy một nỗi buồn sâu sắc,https://audio.tudienkala.com/data/cache/images/300x225/s/a/sadness2.jpg,https://audio.tudienkala.com/audio/s/a/sadness.mp3
101,seem,/siːm/,v,"có vẻ như, dường như",People aren’t always what they seem to be.,Mọi người không phải lúc nào cũng có vẻ như họ là như vậy.,https://audio.tudienkala.com/data/cache/images/300x225/s/e/seem1.jpg,https://audio.tudienkala.com/audio/s/e/seem.mp3
101,session,/'seʃn/,n,"kỳ họp, buổi họp","The morning sessions tend to fill up first, so sign up early.","Các phiên họp sáng có khuynh hướng kín chỗ trước hết, vì vậy hãy đăng ký sớm.",https://audio.tudienkala.com/data/cache/images/300x225/s/e/session1.png,https://audio.tudienkala.com/audio/s/e/session.mp3
101,shell,/ʃel/,n,"vỏ (ốc, sò)",I like collecting sea shells.,Mình thích sưu tập vỏ động vật ở biển.,https://audio.tudienkala.com/data/cache/images/300x225/s/h/shell1.png,https://audio.tudienkala.com/audio/s/h/shell.mp3
101,sort,/sɔːt/,v,"sắp xếp, phân loại","Rubbish can be sorted into glass, plastics and cans.","Rác có thể được phân loại thành thủy tinh, nhựa và vỏ đồ hộp.",https://audio.tudienkala.com/data/cache/images/300x225/s/o/sort2.jpg,https://audio.tudienkala.com/audio/s/o/sort.mp3
101,spicy,/ˈspʌɪsi/,adj,cay nồng,The spicy foods can make our noses run and our eyes water.,Đồ ăn cay nồng khiến cho chúng ta chảy cả nước mũi và nước mắt.,https://audio.tudienkala.com/data/cache/images/300x225/s/p/spicy1.png,https://audio.tudienkala.com/audio/s/p/spicy.mp3
101,start,/stɑːrt/,v,bắt đầu,It started to rain.,Trời bắt đầu mưa.,https://audio.tudienkala.com/data/images_example/300x225/i/t/it_started_ex1_56248cf37f8b9af80c011dd1.jpg,https://audio.tudienkala.com/audio/s/t/start.mp3
101,tackle,/ˈtækl/,v,"giải quyết, xử lí",Police promise new ways to tackle crime.,Cảnh sát hứa những cách thức mới để xử lí tội phạm.,https://audio.tudienkala.com/data/cache/images/300x225/t/a/tackle1.jpg,https://audio.tudienkala.com/audio/t/a/tackle.mp3
101,trip,/trɪp/,n,"chuyến đi, chuyến du ngoạn",Did you have a good trip?,Chuyến đi của bạn tốt chứ?,https://audio.tudienkala.com/data/cache/images/300x225/t/r/trip1.png,https://audio.tudienkala.com/audio/t/r/trip.mp3
101,tunnel,/ˈtʌnəl/,n,đường hầm,The tunnel was constructed in 1996.,Đường hầm được xây dựng vào năm 1996.,https://audio.tudienkala.com/data/cache/images/300x225/t/u/tunnel1.jpg,https://audio.tudienkala.com/audio/t/u/tunnel.mp3
101,understand,/ʌndə'stænd/,v,"hiểu, thông cảm",My dog understands every word I say.,Con chó của tôi hiểu được mọi lời tôi nói.,https://audio.tudienkala.com/data/cache/images/300x225/u/n/understand1.jpg,https://audio.tudienkala.com/audio/u/n/understand.mp3
101,unfair,/ʌnˈfeər/,adj,không công bằng,It's so unfair!,Thật không công bằng!,https://audio.tudienkala.com/data/cache/images/300x225/u/n/unfair2.jpg,https://audio.tudienkala.com/audio/u/n/unfair.mp3
101,unknown,/ʌnˈnəʊn/,adj,"chưa biết, xác định được",The man's identity remains unknown,Danh tính của người đàn ông vẫn chưa được xác định,https://audio.tudienkala.com/data/cache/images/300x225/u/n/unknown2.jpg,https://audio.tudienkala.com/audio/u/n/unknown.mp3
101,week,/wi:k/,n,tuần lễ,Each week has seven days.,Mỗi tuần có bảy ngày.,https://audio.tudienkala.com/data/cache/images/300x225/w/e/week1.png,https://audio.tudienkala.com/audio/w/e/week-l6.mp3
101,wrapping,/ˈræpɪŋ/,n,"giấy (bao bì, vải...) bọc hoặc phủ cái gì",The painting was still in its wrappings,Các bức tranh vẫn còn trong bao bì của nó,https://audio.tudienkala.com/data/cache/images/300x225/w/r/wrapping2.jpg,https://audio.tudienkala.com/audio/w/r/wrapping.mp3
101,yellow,/ˈjeləʊ/,adj,vàng,Is your new shirt yellow?,Áo mới của bạn màu vàng phải không?,https://audio.tudienkala.com/data/cache/images/300x225/y/e/yellow2.jpg,https://audio.tudienkala.com/audio/y/e/yellow.mp3
101,angry,/ˈæŋɡri/,adj,giận dữ,Please don't be angry with me.,Xin đừng giận tôi.,https://audio.tudienkala.com/data/cache/images/300x225/a/n/angry1.png,https://audio.tudienkala.com/audio/a/n/angry.mp3
101,apartment,/ə'pɑ:rtmənt/,n,căn hộ,We are living in a big apartment in the city centre.,Chúng tôi đang sống tại một căn hộ rộng rãi ở trung tâm thành phố.,https://audio.tudienkala.com/data/cache/images/300x225/a/p/apartment1.jpg,https://audio.tudienkala.com/audio/a/p/apartment.mp3
101,cap,/kæp/,n,mũ lưỡi trai,Boys often wear a cap.,Chàng trai thường đội một chiếc mũ lưỡi trai.,https://audio.tudienkala.com/data/cache/images/300x225/c/a/cap1.png,https://audio.tudienkala.com/audio/c/a/cap.mp3
101,cell phone,/ˈselfəʊn/,n,điện thoại di động,I talked to her on my cell phone,Tôi đã nói chuyện với cô ấy bằng điện thoại di động của tôi,https://audio.tudienkala.com/data/cache/images/300x225/c/e/cell_phone1.jpg,https://audio.tudienkala.com/audio/c/e/cell_phone.mp3
101,deaf,/def/,adj,"điếc, không nghe thấy được",He became deaf after an accident at the factory.,Anh ấy bị điếc sau một tai nạn tại nhà máy.,https://audio.tudienkala.com/data/cache/images/300x225/d/e/deaf1.jpg,https://audio.tudienkala.com/audio/d/e/deaf.mp3
101,desperate,/ˈdespərət/,adj,tuyệt vọng,The prisoners grew increasingly desperate,Các tù nhân đã ngày càng tuyệt vọng hơn,https://audio.tudienkala.com/data/cache/images/300x225/d/e/desperate2.jpg,https://audio.tudienkala.com/audio/d/e/desperate.mp3
101,determined,/dɪˈtɜːmɪnd/,adj,quyết tâm,I'm determined to get this degree this year.,Tôi đã quyết tâm phải nhận được tấm bằng này trong năm nay.,https://audio.tudienkala.com/data/cache/images/300x225/d/e/determined2.png,https://audio.tudienkala.com/audio/d/e/determined.mp3
101,disc,/dɪsk/,n,đĩa hát,This recording is available online or on disc,Bản ghi này có sẵn trên mạng hay trên đĩa,https://audio.tudienkala.com/data/cache/images/300x225/d/i/disc1.png,https://audio.tudienkala.com/audio/d/i/disc.mp3
101,elderly,/ˈeldəli/,adj,"cao tuổi, có tuổi",There is an elderly couple sitting on the bench in the park.,Có hai người cao tuổi đang ngồi trên ghế dài trong công viên.,https://audio.tudienkala.com/data/cache/images/300x225/e/l/elderly1.png,https://audio.tudienkala.com/audio/e/l/elderly.mp3
101,emergency,/ɪˈmɜ:rdʒənsi/,n,"khẩn cấp, tình trạng",The staff need to know what to do in an emergency.,Nhân viên cần phải biết làm những gì trong trường hợp khẩn cấp.,https://audio.tudienkala.com/data/cache/images/300x225/e/m/emergency1.png,https://audio.tudienkala.com/audio/e/m/emergency.mp3
101,flash,/flaʃ/,n,đèn nháy,an electronic flash,đèn nháy điện tử,https://audio.tudienkala.com/data/cache/images/300x225/f/l/flash1.jpg,https://audio.tudienkala.com/audio/f/l/flash.mp3
101,foundation,/faʊnˈdeɪʃ(ə)n/,n,kem nền,Apply moisturizer a few minutes before using foundation.,Dùng kem dưỡng ẩm một vài phút trước khi sử dụng kem nền.,https://audio.tudienkala.com/data/cache/images/300x225/f/o/foundation1.jpg,https://audio.tudienkala.com/audio/f/o/foundation.mp3
101,free,/friː/,adj,rảnh rỗi,If Sarah is free for lunch I'll take her out.,"Nếu Sarah rãnh vào buổi trưa, tôi sẽ ra ngoài cùng cô ấy",https://audio.tudienkala.com/data/cache/images/300x225/f/r/free2.jpg,https://audio.tudienkala.com/audio/f/r/free.mp3
101,gear,/ɡɪər/,n,hộp số (xe cộ),Careless use of the clutch may damage the gears,Sử dụng bất cẩn của ly hợp có thể làm hỏng hộp số,https://audio.tudienkala.com/data/images_example/300x225/c/a/careless_u_ex2_5877276d7f8b9af52f8b466a.jpg,https://audio.tudienkala.com/audio/g/e/gear.mp3
101,get,/get/,v,"có được, nhận được",I'm surprised when I get a gift from Dave.,Tôi ngạc nhiên khi nhận một món quà từ Dave.,https://audio.tudienkala.com/data/cache/images/300x225/g/e/get1.jpg,https://audio.tudienkala.com/audio/g/e/get.mp3
101,his,/hɪz/,poss adj,"của anh ấy, của cậu ấy, của chú ấy,của ông ấy,...",His pen is very nice.,Bút của anh ấy rất đẹp.,https://audio.tudienkala.com/data/cache/images/300x225/h/i/his1.jpg,https://audio.tudienkala.com/audio/h/i/his.mp3
101,impose,/im'pouz/,v,"bắt chịu, bắt gánh vác",The company will impose a surcharge for any items returned.,Công ty phải chịu một khoản phí tổn thêm với bất kỳ sản phẩm nào bị trả lại.,https://audio.tudienkala.com/data/cache/images/300x225/i/m/impose1.png,https://audio.tudienkala.com/audio/i/m/impose.mp3
101,kiss,/kɪs/,v,hôn,He lifted the trophy up and kissed it.,Ông ấy nâng chiếc cúp lên và hôn lên nó.,https://audio.tudienkala.com/data/images_example/300x225/h/e/he_lifted__ex2_5877276d7f8b9af52f8b466c.jpg,https://audio.tudienkala.com/audio/k/i/kiss.mp3
101,largely,/ˈlɑːdʒli/,adv,"rất lớn; phần lớn, chủ yếu",He resigned largely because of the stories in the press,Ông từ chức chủ yếu vì những câu chuyện trên báo chí,https://audio.tudienkala.com/data/images_example/300x225/h/e/he_resigne_ex2_5877276d7f8b9af52f8b466e.jpg,https://audio.tudienkala.com/audio/l/a/largely.mp3
101,monitor,/'mɔnitə/,v,"quan sát, theo dõi",The patient had weekly appointments so that the doctor could monitor their progress.,Người bệnh có các cuộc hẹn hàng tuần để cho bác sĩ có thể theo dõi tiến triển của họ.,https://audio.tudienkala.com/data/images_example/300x225/t/h/the_patien_ex1_56248d177f8b9a040dc662d0.jpg,https://audio.tudienkala.com/audio/m/o/monitor.mp3
101,operation,/ˌɒpərˈeɪʃən/,n,ca phẫu thuật,Doctors performed an emergency operation for appendicitis last night,Các bác sĩ thực hiện ca phẫu thuật cấp cứu viêm ruột thừa đêm qua,https://audio.tudienkala.com/data/cache/images/300x225/o/p/operation2.jpg,https://audio.tudienkala.com/audio/o/p/operation.mp3
101,personal,/ˈpɜːrsənl/,adj,cá nhân,It's only my personal opinion.,Đó chỉ là ý kiến cá nhân của tôi.,https://audio.tudienkala.com/data/cache/images/300x225/p/e/personal1.jpg,https://audio.tudienkala.com/audio/p/e/personal.mp3
101,responsibility,"/ris,pɔnsə'biliti/",n,"trách nhiệm, bổn phận","The product development department has a huge responsibility to be sure that the product is safe, even if used improperly.","Bộ phận phát triển sản phẩm có một trách nhiệm to lớn là phải chắc rằng sản phẩm là an toàn, cho dù là sử dụng không đúng cách.",https://audio.tudienkala.com/data/images_example/300x225/t/h/the_produc_ex1_580ec4197f8b9ae2888b458a.jpg,https://audio.tudienkala.com/audio/r/e/responsibility.mp3
101,rudely,/ˈruːdli/,adv,một cách thô lỗ,‘What do you want?’ she asked rudely,"""Anh muốn gì?"", Cô ấy hỏi một cách thô lỗ",https://audio.tudienkala.com/data/cache/images/300x225/r/u/rudely2.jpg,https://audio.tudienkala.com/audio/r/u/rudely.mp3
101,scratch,/skrætʃ/,n,"sự trầy da, vết thương nhẹ; vết xước",It's only a scratch(= a very slight injury),Đó chỉ là một vết xước (= một chấn thương rất nhẹ),https://audio.tudienkala.com/data/cache/images/300x225/s/c/scratch2.jpg,https://audio.tudienkala.com/audio/s/c/scratch.mp3
101,share,/ʃeər/,n,một phần (được phân chia giữa 2 hay nhiều người),We gave them all the chance to have a share in the profits.,Chúng tôi đã cho họ cơ hội để chia sẻ một phần lợi nhuận.,https://audio.tudienkala.com/data/images_example/300x225/w/e/we_gave_th_ex1_587726dc7f8b9ae72f8b461d.jpg,https://audio.tudienkala.com/audio/s/h/share.mp3
101,sky,/skaɪ/,n,trời,The sky suddenly went dark and it started to rain.,Bầu trời không mây đột nhiên trở nên tối tăm và nó bắt đầu mưa.,https://audio.tudienkala.com/data/cache/images/300x225/s/k/sky1.png,https://audio.tudienkala.com/audio/s/k/sky.mp3
102,the Web,/web/,n,mạng (Internet),I found the information on the Web,Tôi tìm thấy những thông tin trên Web,https://audio.tudienkala.com/data/cache/images/300x225/t/h/the_web2.png,https://audio.tudienkala.com/audio/t/h/the_Web.mp3
102,tongue,/tʌŋ/,n,lưỡi,He clicked his tongue to attract their attention,Ông ấy tặc lưỡi để thu hút sự chú ý của họ,https://audio.tudienkala.com/data/cache/images/300x225/t/o/tongue2.jpg,https://audio.tudienkala.com/audio/t/o/tongue.mp3
102,toy,/tɔɪ/,n,đồ chơi,He has many toys.,Anh ấy có nhiều đồ chơi.,https://audio.tudienkala.com/data/cache/images/300x225/t/o/toy1.png,https://audio.tudienkala.com/audio/t/o/toy.mp3
102,alter,/ˈɔːltər/,v,thay đổi; làm cho cái gì đó thay đổi,Prices did not alter significantly during 2015.,Giá cả không thay đổi đáng kể trong suốt năm 2015.,https://audio.tudienkala.com/data/cache/images/300x225/a/l/alter2.jpg,https://audio.tudienkala.com/audio/a/l/alter.mp3
102,butter,/ˈbʌtər/,n,bơ,Fry the onions in butter,Xào hành tây với bơ,https://audio.tudienkala.com/data/cache/images/300x225/b/u/butter1.png,https://audio.tudienkala.com/audio/b/u/butter.mp3
102,classic,/ˈklæsɪk/,n,"(sách, phim, bài hát) kinh điển",The novel may become a modern classic,Cuốn tiểu thuyết này có thể trở thành một kinh điển hiện đại,https://audio.tudienkala.com/data/images_example/300x225/t/h/the_novel__ex2_5877276f7f8b9af52f8b467c.jpg,https://audio.tudienkala.com/audio/c/l/classic.mp3
102,eighth,/eɪtθ/,ordinal no,thứ tám,This is the eighth time I have seen this movie.,Đây là lần thứ tám tôi xem bộ phim này.,https://audio.tudienkala.com/data/images_example/300x225/t/h/this_is_th_ex1_5823f52b7f8b9aec0d8b4598.jpg,https://audio.tudienkala.com/audio/e/i/eighth-l6.mp3
102,elbow,/ˈelbəʊ/,n,khuỷu tay,Don’t put your elbows on the table. It’s wet.,Đừng để khuỷu tay lên mặt bàn. Bàn đang ướt đấy.,https://audio.tudienkala.com/data/cache/images/300x225/e/l/elbow2.jpg,https://audio.tudienkala.com/audio/e/l/elbow.mp3
102,eye,/aɪ/,n,mắt,There were tears in his eyes.,Có nước mắt trên mắt của anh ấy,https://audio.tudienkala.com/data/cache/images/300x225/e/y/eye1.png,https://audio.tudienkala.com/audio/e/y/eye.mp3
102,fact,/fækt/,n,"thực tế, sự thật hiển nhiên",He couldn’t accept the fact that he lost his house after the storm.,Anh ấy không thể chấp nhận sự thật là anh ấy đã mất ngôi nhà của mình sau cơn bão.,https://audio.tudienkala.com/data/images_example/300x225/h/e/he_couldnt_ex1_5624becf7f8b9ac711196290.jpg,https://audio.tudienkala.com/audio/f/a/fact.mp3
102,fasten,/ˈfɑːsən/,v,"đóng, cài","Fasten your seatbelts, please",Xin vui lòng cài chặt dây an toàn của bạn,https://audio.tudienkala.com/data/cache/images/300x225/f/a/fasten2.jpg,https://audio.tudienkala.com/audio/f/a/fasten.mp3
102,feed,/fiːd/,v,cho ăn,Mai is feeding the chickens.,Mai đang cho gà ăn.,https://audio.tudienkala.com/data/cache/images/300x225/f/e/feed1.png,https://audio.tudienkala.com/audio/f/e/feed.mp3
102,go,/gəʊ/,v,đi,I go to school by bus.,Tôi đi tới trường bằng xe buýt.,https://audio.tudienkala.com/data/images_example/300x225/i/_/i_go_to_sc_ex1_5823f6217f8b9aa0078b45ab.png,https://audio.tudienkala.com/audio/g/o/go-l6.mp3
102,hurry,/ˈhʌri/,n,Nhanh lên!,Take your time—There's no hurry.,Cứ từ từ- Không cần vội vã.,https://audio.tudienkala.com/data/cache/images/300x225/h/u/hurry1.jpg,https://audio.tudienkala.com/audio/h/u/hurry.mp3
102,indeed,/ɪnˈdiːd/,adv,thực sự (dùng để nhấn mạnh),It is indeed a remarkable achievement.,Đó thực sự là một thành tích đáng ghi nhận.,https://audio.tudienkala.com/data/cache/images/300x225/i/n/indeed2.jpg,https://audio.tudienkala.com/audio/i/n/indeed.mp3
102,island,/ˈaɪlənd/,n,đảo,Tuan Chau is one of the largest islands in Ha Long Bay.,Tuần Châu là một trong những đảo lớn nhất ở vịnh Hạ Long.,https://audio.tudienkala.com/data/cache/images/300x225/i/s/island1.png,https://audio.tudienkala.com/audio/i/s/island.mp3
102,land,/lænd/,n,đất,His land is very large.,Đất của ông ấy rất rộng.,https://audio.tudienkala.com/data/images_example/300x225/h/i/his_land_i_ex1_56248cf07f8b9af60c14338f.jpg,https://audio.tudienkala.com/audio/l/a/land.mp3
102,live,/lɪv/,v,"sống, sinh sống",My parents live in New York.,Ba mẹ tôi sống tại New York.,https://audio.tudienkala.com/data/cache/images/300x225/l/i/live-l61.jpg,https://audio.tudienkala.com/audio/l/i/live-l6.mp3
102,manufacturer,/ˌmænjʊˈfæktʃərər/,n,nhà sản xuất,Faulty goods should be returned to the manufacturers.,Hàng hóa bị lỗi nên được trả lại cho nhà sản xuất.,https://audio.tudienkala.com/data/cache/images/300x225/m/a/manufacturer1.jpg,https://audio.tudienkala.com/audio/m/a/manufacturer.mp3
102,measurement,/ˈmeʒəmənt/,n,sự đo lường,Accurate measurement is very important in science,Sự đo lường chính xác là rất quan trọng trong khoa học,https://audio.tudienkala.com/data/cache/images/300x225/m/e/measurement2.jpg,https://audio.tudienkala.com/audio/m/e/measurement.mp3
102,organ,/ˈɔːɡən/,n,"bộ phận (trên cơ thể, cây cối)",Lung is the main organ of breathing.,Phổi là bộ phận hô hấp chính.,https://audio.tudienkala.com/data/cache/images/300x225/o/r/organ2.jpg,https://audio.tudienkala.com/audio/o/r/organ.mp3
102,packaging,/ˈpækɪdʒɪŋ/,n,bao bì,Sweets have plastic packaging.,Kẹo có vỏ bọc bằng nhựa ni-lông.,https://audio.tudienkala.com/data/images_example/300x225/s/w/sweets_hav_ex1_56248cfb7f8b9afa0cb17ea0.jpg,https://audio.tudienkala.com/audio/p/a/packaging.mp3
102,poetry,/ˈpəʊɪtri/,n,thi ca,Love is an everlasting theme of poetry.,Tình yêu là một chủ đề muôn thuở của thơ ca.,https://audio.tudienkala.com/data/cache/images/300x225/p/o/poetry1.jpg,https://audio.tudienkala.com/audio/p/o/poetry.mp3
102,professor,/prəˈfesər/,n,giáo sư,He was made (a) professor at the age of 40,Ông ta là giáo sư ở tuổi 40,https://audio.tudienkala.com/data/cache/images/300x225/p/r/professor2.jpg,https://audio.tudienkala.com/audio/p/r/professor.mp3
102,promote,/prəˈməʊt/,v,"khuyến khích, đẩy mạnh, làm tăng thêm",The youth club in my neighbourhood works to promote awareness of the dangers that threaten our environment.,Câu lạc bộ thanh niên ở vùng tôi hoạt động để tăng thêm nhận thức về những nguy hiểm đe dọa môi trường của chúng ta.,https://audio.tudienkala.com/data/images_example/300x225/t/h/the_youth__ex1_56248d157f8b9a040dc65ef4.jpg,https://audio.tudienkala.com/audio/p/r/promote.mp3
102,purpose,/ˈpɜːrpəs/,n,mục đích,Our campaign's main purpose is to raise money.,Mục đích chính của chiến dịch này là để có tiền,https://audio.tudienkala.com/data/images_example/300x225/o/u/our_campai_ex1_56248d017f8b9afc0c2981fd.jpg,https://audio.tudienkala.com/audio/p/u/purpose.mp3
102,record,/´rekərd/,n,"hồ sơ, sổ sách, biên bản",You should keep a record of your expenses.,Bạn nên lưu trữ lại hồ sơ lưu trữ chi phí khám bệnh của bạn.,https://audio.tudienkala.com/data/images_example/300x225/y/o/you_should_ex1_56248cf57f8b9af80c0121ad.jpg,https://audio.tudienkala.com/audio/r/e/record.mp3
102,salty,/ˈsɔːlti/,adj,"mặn, có nhiều muối",There are some ways to make your dish less salty.,Có vài cách để khiến món ăn của bạn bớt mặn.,https://audio.tudienkala.com/data/cache/images/300x225/s/a/salty1.jpg,https://audio.tudienkala.com/audio/s/a/salty.mp3
102,sector,/ˈsektər/,n,"khu vực, lĩnh vực","In the financial sector, banks and insurance companies have both lost a lot of money.","Trong lĩnh vực tài chính, ngân hàng và công ty bảo hiểm đều đã mất rất nhiều tiền.",https://audio.tudienkala.com/data/cache/images/300x225/s/e/sector2.jpg,https://audio.tudienkala.com/audio/s/e/sector.mp3
102,shiny,/ˈʃaɪni/,adj,sáng bóng,His face was red and shiny,Khuôn mặt anh đỏ và sáng bóng,https://audio.tudienkala.com/data/cache/images/300x225/s/h/shiny2.jpg,https://audio.tudienkala.com/audio/s/h/shiny.mp3
102,ship,/ʃip/,v,vận chuyển,"Eva shipped the package carefully, since she knew the contents were made of glass.","Eva đã chuyển hàng một cách cẩn thận, bởi vì cô biết bên trong được làm bằng thủy tinh.",https://audio.tudienkala.com/data/images_example/300x225/e/v/eva_shippe_ex1_56248d157f8b9a040dc65f44.jpg,https://audio.tudienkala.com/audio/s/h/ship.mp3
102,show,/ʃəʊ/,v,"cho thấy, cho xem",He began to show signs of recovery.,Anh ta bắt đầu cho thấy dấu hiệu hồi phục.,https://audio.tudienkala.com/data/cache/images/300x225/s/h/show2.jpg,https://audio.tudienkala.com/audio/s/h/show.mp3
102,social,/ˈsəʊʃəl/,adj,có tính xã hội,I had an active social life when I was in college.,Tôi đã có một cuộc sống hoạt động xã hội tích cực khi tôi còn học đại học.,https://audio.tudienkala.com/data/cache/images/300x225/s/o/social1.jpg,https://audio.tudienkala.com/audio/s/o/social.mp3
102,Tuesday,/ˈtuːzdeɪ/,n,thứ Ba,What do you learn on Tuesday?,Bạn học môn gì vào thứ ba?,https://audio.tudienkala.com/data/cache/images/300x225/t/u/tuesday-l61.jpg,https://audio.tudienkala.com/audio/t/u/tuesday-l6.mp3
102,acid,/ˈæsɪd/,n,"a-xít (một chất hóa học, thường ở dạng lỏng, pH<7)",Vinegar is an acid,Giấm là một a-xít,https://audio.tudienkala.com/data/cache/images/300x225/a/c/acid1.jpg,https://audio.tudienkala.com/audio/a/c/acid.mp3
102,add,/æd/,v,thêm vào,"Finally, the chef added some salt into the pot.","Cuối cùng, bếp trưởng thêm một chút muối vào trong nồi.",https://audio.tudienkala.com/data/cache/images/300x225/a/d/add1.jpg,https://audio.tudienkala.com/audio/a/d/add.mp3
102,alone,/əˈləʊn/,"adj, adv",một mình,I don't like going out alone at night.,Tôi không thích đi ra ngoài một mình vào ban đêm,https://audio.tudienkala.com/data/cache/images/300x225/a/l/alone1.jpg,https://audio.tudienkala.com/audio/a/l/alone.mp3
102,careless,/ˈkeələs/,adj,bất cẩn,He is a careless taxi driver.,Anh ta là người lái taxi bất cẩn.,https://audio.tudienkala.com/data/cache/images/300x225/c/a/careless1.png,https://audio.tudienkala.com/audio/c/a/careless.mp3
102,cut,/kʌt/,v,"đốn, cắt, chặt",He cuts my hair.,Ông ấy cắt tóc tôi.,https://audio.tudienkala.com/data/cache/images/300x225/c/u/cut1.jpg,https://audio.tudienkala.com/audio/c/u/cut.mp3
102,dark,/dɑːk/,adj,tối,It was dark outside and I couldn't see much.,Ngoài trời rất tối và tôi không thấy gì cả.,https://audio.tudienkala.com/data/cache/images/300x225/d/a/dark1.jpg,https://audio.tudienkala.com/audio/d/a/dark.mp3
102,directly,/dɪˈrektli/,adv,"thẳng, trực tiếp",The issues raised in the report relate directly to the ongoing work of the charity,Các vấn đề được nêu trong báo cáo liên quan trực tiếp đến công việc đang diễn ra của các tổ chức từ thiện,https://audio.tudienkala.com/data/cache/images/300x225/d/i/directly2.jpg,https://audio.tudienkala.com/audio/d/i/directly.mp3
102,divorce,/dɪˈvɔːrs/,v,li hôn,I'd heard they're divorcing,Tôi nghe nói họ đang ly dị,https://audio.tudienkala.com/data/cache/images/300x225/d/i/divorce2.jpg,https://audio.tudienkala.com/audio/d/i/divorce.mp3
102,excuse,/ɪkˈskjuːs/,n,"lời xin lỗi, lý do để xin lỗi",There's no excuse for such behaviour,Không có lý do gì để có hành vi như vậy,https://audio.tudienkala.com/data/cache/images/300x225/e/x/excuse1.jpg,https://audio.tudienkala.com/audio/e/x/excuse.mp3
102,gamble,/ˈɡæmbl/,v,"đánh bạc, cá cược",I gambled all my winnings on the last race,Tôi đánh cược tất cả tiền thắng cược của tôi trên cuộc đua cuối cùng,https://audio.tudienkala.com/data/cache/images/300x225/g/a/gamble2.jpg,https://audio.tudienkala.com/audio/g/a/gamble.mp3
102,honestly,/ˈɒnɪstli/,adv,một cách trung thực,I can't believe he got that money honestly,Tôi không thể tin rằng ông đã nhận tiền thật,https://audio.tudienkala.com/data/cache/images/300x225/h/o/honestly2.jpg,https://audio.tudienkala.com/audio/h/o/honestly.mp3
102,later,/ˈleɪtə(r)/,adv,"sau, sau đó",See you later.,Hẹn gặp lại.,https://audio.tudienkala.com/data/cache/images/300x225/l/a/later1.jpg,https://audio.tudienkala.com/audio/l/a/later.mp3
102,nest,/nest/,n,tổ chim,Sparrows building a nest of twigs and dry grass,Những con chim sẻ xây dựng tổ bằng cành cây và cỏ khô,https://audio.tudienkala.com/data/cache/images/300x225/n/e/nest1.jpg,https://audio.tudienkala.com/audio/n/e/nest.mp3
102,packet,/ˈpækɪt/,n,"gói nhỏ, hộp nhỏ",This packet of cigarettes is very expensive.,Gói thuốc lá này rất tốn kém.,https://audio.tudienkala.com/data/cache/images/300x225/p/a/packet1.jpg,https://audio.tudienkala.com/audio/p/a/packet.mp3
103,clap,/klæp/,v,"vỗ, vỗ tay","After each performance, we clapped our hands.","Sau mỗi tiết mục, chúng tôi đều vỗ tay.",https://audio.tudienkala.com/data/cache/images/300x225/c/l/clap1.jpg,https://audio.tudienkala.com/audio/c/l/clap.mp3
103,clerk,/klɑːk/,n,thư kí,A clerk answers the call.,Cô thư ký trả lời điện thoại.,https://audio.tudienkala.com/data/cache/images/300x225/c/l/clerk2.jpg,https://audio.tudienkala.com/audio/c/l/clerk.mp3
103,dare,/deər/,v,"Dám, dám đương đầu với",He didn’t dare (to) say what he thought.,Anh ấy không dám nói điều mà anh ta nghĩ,https://audio.tudienkala.com/data/cache/images/300x225/d/a/dare1.jpg,https://audio.tudienkala.com/audio/d/a/dare.mp3
103,enable,/ɪˈneɪbl/,v,"giúp, cho phép",The knife enabled him to cut open the box.,Con dao giúp anh ta cắt mở hộp.,https://audio.tudienkala.com/data/images_example/300x225/t/h/the_knife__ex1_587727777f8b9af52f8b46b0.jpg,https://audio.tudienkala.com/audio/e/n/enable.mp3
103,engineer,/ˌendʒɪˈnɪə(r)/,n,kỹ sư,My brother is an engineer.,Anh trai tôi là kỹ sư.,https://audio.tudienkala.com/data/cache/images/300x225/e/n/engineer-l61.jpg,https://audio.tudienkala.com/audio/e/n/engineer-l6.mp3
103,farmer,/'fɑ:rmər/,n,nông dân,My uncle is a farmer.,Chú tôi là một nông dân.,https://audio.tudienkala.com/data/cache/images/300x225/f/a/farmer1.png,https://audio.tudienkala.com/audio/f/a/farmer.mp3
103,fashionable,/ˈfaʃ(ə)nəb(ə)l/,adj,"hợp thời trang, theo mốt",Teenagers show great interest in fashionable clothes.,Thanh thiếu niên thể hiện sự quan tâm lớn đối với quần áo hợp thời trang.,https://audio.tudienkala.com/data/cache/images/300x225/f/a/fashionable1.jpg,https://audio.tudienkala.com/audio/f/a/fashionable.mp3
103,fur,/fɜːr /,n,"lông, bộ lông",The cat is licking its fur.,Con mèo đang liếm láp lông của nó.,https://audio.tudienkala.com/data/images_example/300x225/t/h/the_cat_is_ex1_56248d0c7f8b9a000de3cff9.jpg,https://audio.tudienkala.com/audio/f/u/fur.mp3
103,heavily,/ˈhevɪli/,adv,rất lớn; rất nhiều,They are both heavily involved in politics,Họ đều tham gia rất nhiều vào chính trị,https://audio.tudienkala.com/data/images_example/300x225/t/h/they_are_b_ex2_587727787f8b9af52f8b46b2.jpg,https://audio.tudienkala.com/audio/h/e/heavily.mp3
103,insult,/ˈɪnsʌlt/,n,"điều lăng mạ, xúc phạm",The crowd were shouting insults at the police,Đám đông đã hét lên những lời lăng mạ vào cảnh sát,https://audio.tudienkala.com/data/images_example/300x225/t/h/the_crowd__ex2_587727787f8b9af52f8b46b4.jpg,https://audio.tudienkala.com/audio/i/n/insult.mp3
103,interval,/ˈɪntəvəl/,n,khoảng thời gian giữa hai sự kiện,The interval between major earthquakes might be 200 years,Khoảng cách giữa các trận động đất lớn có thể là 200 năm,https://audio.tudienkala.com/data/cache/images/300x225/i/n/interval2.jpg,https://audio.tudienkala.com/audio/i/n/interval.mp3
103,jewellery,/ˈdʒuːəlri/,n,trang sức,She has some lovely pieces of jewellery.,Cô ấy đã có một vài mẫu trang sức rất đẹp.,https://audio.tudienkala.com/data/cache/images/300x225/j/e/jewellery2.png,https://audio.tudienkala.com/audio/j/e/jewellery.mp3
103,life,/laif/,n,cuộc sống,My life is colourful.,Cuộc sống của tôi nhiều màu sắc.,https://audio.tudienkala.com/data/cache/images/300x225/l/i/life1.jpg,https://audio.tudienkala.com/audio/l/i/life.mp3
103,light,/lʌɪt/,adj,sáng sủa,The bedrooms are light and airy.,Các phòng ngủ sáng sủa và thoáng mát.,https://audio.tudienkala.com/data/images_example/300x225/t/h/the_bedroo_ex2_582c2b4f7f8b9aa1078b466e.jpeg,https://audio.tudienkala.com/audio/l/i/light.mp3
103,narrow,/'nærou/,v,"thu hẹp, co lại","This restaurant delivers only pizza and sandwiches, so that certainly narrows down the choices.","Nhà hàng này chỉ giao hàng pizza và sandwich, hẳn nhiên là đã làm thu hẹp các chọn lựa.",https://audio.tudienkala.com/data/cache/images/300x225/n/a/narrow1.png,https://audio.tudienkala.com/audio/n/a/narrow.mp3
103,no one,/noʊ wʌn/,prop,không một ai,No one was at home.,Không một ai ở nhà.,https://audio.tudienkala.com/data/images_example/300x225/n/o/no_one_was_ex2_587727797f8b9af52f8b46ba.jpg,https://audio.tudienkala.com/audio/n/o/no_one.mp3
103,perform,/pəˈfɔːm/,v,"biểu diễn, trình diễn",A water puppet show is performed in a pool.,Chương trình múa rối nước được biểu diễn trong một cái bể nước.,https://audio.tudienkala.com/data/images_example/300x225/a/_/a_water_pu_ex1_56248cf57f8b9af80c012359.jpg,https://audio.tudienkala.com/audio/p/e/perform.mp3
103,pursue,/pә'sju:/,v,"đuổi theo, đi theo, theo đuổi",She wishes to pursue a medical career.,Cô ấy mong muốn theo đuổi ngành y tế,https://audio.tudienkala.com/data/cache/images/300x225/p/u/pursue1.jpg,https://audio.tudienkala.com/audio/p/u/pursue.mp3
103,recent,/'ri:snt/,adj,"gần đây, mới đây",Recent research has shown that the earth is seriously polluted.,Nghiên cứu gần đây đã chỉ ra rằng trái đất đang bị ô nhiễm nghiêm trọng.,https://audio.tudienkala.com/data/cache/images/300x225/r/e/recent1.jpg,https://audio.tudienkala.com/audio/r/e/recent.mp3
103,send,/send/,v,gửi đi,We are sending you flowers for your birthday.,Chúng tôi sẽ gửi cho bạn bó hoa cho ngày sinh nhật của bạn.,https://audio.tudienkala.com/data/cache/images/300x225/s/e/send1.jpg,https://audio.tudienkala.com/audio/s/e/send.mp3
103,seventy,/ˈsevnti/,no,bảy mươi,There are seventy stamps in my stamp collection.,Có bảy mươi con tem trong bộ sưu tập tem của tôi.,https://audio.tudienkala.com/data/images_example/300x225/t/h/there_are__ex1_5822d8a67f8b9aa1078b4578.jpg,https://audio.tudienkala.com/audio/s/e/seventy-l6.mp3
103,sex,/seks/,n,giới tính,Please indicate your sex and date of birth below,Vui lòng cho biết giới tính và ngày sinh của bạn bên dưới,https://audio.tudienkala.com/data/cache/images/300x225/s/e/sex2.jpg,https://audio.tudienkala.com/audio/s/e/sex.mp3
103,shine,/ʃain/,v,Chĩa ánh sáng (đèn pin..) về một hướng nào đó,A light was shining in the distance.,Một ánh sáng đang chiếu sáng ở phía xa.,https://audio.tudienkala.com/data/cache/images/300x225/s/h/shine1.jpg,https://audio.tudienkala.com/audio/s/h/shine.mp3
103,skill,/skil/,n,"kỹ năng, kỹ xảo",The software developer has excellent technical skills and would be an asset to our software programming team.,Người phát triển phần mềm có những kỹ năng chuyên môn xuất săc và là một vốn quý đối với đội ngũ lập trình phần mềm của chúng tôi.,https://audio.tudienkala.com/data/cache/images/300x225/s/k/skill1.jpg,https://audio.tudienkala.com/audio/s/k/skill.mp3
103,somewhat,/ˈsʌmwɒt/,adv,"hơi, một chút",I was somewhat surprised to see him,Tôi đã hơi ngạc nhiên khi thấy anh,https://audio.tudienkala.com/data/cache/images/300x225/s/o/somewhat2.png,https://audio.tudienkala.com/audio/s/o/somewhat.mp3
103,spring,/spriɳ/,n,mùa xuân,It's warm in the spring.,Trời ấm áp vào mùa xuân.,https://audio.tudienkala.com/data/cache/images/300x225/s/p/spring1.jpg,https://audio.tudienkala.com/audio/s/p/spring.mp3
103,still,/stɪl/,adv,"vẫn, vẫn còn",I'm still hungry.,Tôi vẫn còn đói.,https://audio.tudienkala.com/data/cache/images/300x225/s/t/still1.jpg,https://audio.tudienkala.com/audio/s/t/still.mp3
103,agreement,/ə'gri:mənt/,n,"sự đồng ý, thỏa thuận với nhau","According to the agreement, the caterer will also supply the flowers for the event.","Theo như thỏa thuận, nhà cung cấp lương thực thực phẩm cũng sẽ cung cấp hoa cho sự kiện.",https://audio.tudienkala.com/data/cache/images/300x225/a/g/agreement1.png,https://audio.tudienkala.com/audio/a/g/agreement.mp3
103,attached,/əˈtætʃt/,adj,gắn bó với,I've never seen two people so attached to each other,Tôi chưa bao giờ thấy hai người gắn bó với nhau,https://audio.tudienkala.com/data/cache/images/300x225/a/t/attached2.jpg,https://audio.tudienkala.com/audio/a/t/attached.mp3
103,behave,/bɪˈheɪv/,v,ứng xử,Everyone should behave well at Tet.,Mọi người đều nên ứng xử đúng mực trong dịp Tết.,https://audio.tudienkala.com/data/images_example/300x225/e/v/everyone_s_ex1_56248d027f8b9afc0c2983c1.jpg,https://audio.tudienkala.com/audio/b/e/behave.mp3
103,ceremony,/ˈsɛrɪməni/,n,nghi lễ,The graduation ceremony lasted 4 hours.,Nghi lễ tốt nghiệp kéo dài 4 giờ.,https://audio.tudienkala.com/data/cache/images/300x225/c/e/ceremony1.jpg,https://audio.tudienkala.com/audio/c/e/ceremony.mp3
103,challenging,/ˈtʃælɪndʒɪŋ/,adj,"thử thách, có tính thử thách",Teaching is a challenging career.,Dạy học là một nghề có tính thử thách.,https://audio.tudienkala.com/data/cache/images/300x225/c/h/challenging1.jpg,https://audio.tudienkala.com/audio/c/h/challenging.mp3
103,consider,/kən'sidə/,v,xem như,You shouldn't consider marrying a man for his money.,Bạn không nên nghĩ rằng lấy một người đàn ông vì tiền của anh ta.,https://audio.tudienkala.com/data/images_example/300x225/y/o/you_should_ex1_56248d147f8b9a040dc65dc0.png,https://audio.tudienkala.com/audio/c/o/consider.mp3
103,cry,/kraɪ/,v,"kêu, la, hét",I cry hopelessly.,Tô kêu khóc trong tuyệt vọng.,https://audio.tudienkala.com/data/cache/images/300x225/c/r/cry2.jpg,https://audio.tudienkala.com/audio/c/r/cry.mp3
103,disabled,/dɪˈseɪbl d/,adj,"không có khả năng sử dụng chân tay, người tàn tật","Although she is a disabled student, she is always the best student in our class.","Mặc dù cô ấy bị khuyết tật, nhưng cô ấy luôn là học sinh giỏi nhất trong lớp chúng tôi.",https://audio.tudienkala.com/data/images_example/300x225/a/l/although_s_ex1_56248d057f8b9afe0c09d222.jpg,https://audio.tudienkala.com/audio/d/i/disabled.mp3
103,earn,/ɜːrn/,v,kiếm được (tiền...),He earns about $40000 a year.,Ông kiếm được khoảng $ 40.000 một năm.,https://audio.tudienkala.com/data/cache/images/300x225/e/a/earn1.jpg,https://audio.tudienkala.com/audio/e/a/earn.mp3
103,encounter,/ɪnˈkaʊntər/,n,"cuộc chạm trán (đột ngột, bất ngờ hoặc có bạo lực)",The story describes the extraordinary encounter between a boy and a giraffe.,Câu chuyện mô tả cuộc gặp gỡ đặc biệt giữa một người cậu bé và chú hưu cao cổ.,https://audio.tudienkala.com/data/cache/images/300x225/e/n/encounter2.jpg,https://audio.tudienkala.com/audio/e/n/encounter.mp3
103,feeling,/ˈfiːlɪŋ/,n,cảm giác,I've got a tight feeling in my stomach,Tôi đã có cảm giác bồn chồn trong dạ dày,https://audio.tudienkala.com/data/images_example/300x225/i/v/ive_got_a__ex2_587727907f8b9a01308b4571.jpg,https://audio.tudienkala.com/audio/f/e/feeling.mp3
103,happen,/'hæpən/,v,xảy ra,She happened to be out when I called.,Cô ấy đã ra ngoài khi tôi gọi.,https://audio.tudienkala.com/data/images_example/300x225/s/h/she_happen_ex1_581311d37f8b9a529d8b45bf.jpg,https://audio.tudienkala.com/audio/h/a/happen.mp3
103,human,/ˈhjuːmən/,n,"con người, loài người",Dogs can hear much better than humans.,Chó có thể nghe tốt hơn nhiều so với con người.,https://audio.tudienkala.com/data/cache/images/300x225/h/u/human2.jpg,https://audio.tudienkala.com/audio/h/u/human.mp3
103,indication,/ˌɪndɪˈkeɪʃən/,n,"dấu hiệu nhận biết, chỉ báo",There are clear indications that the economy is improving,Có những dấu hiệu rõ ràng rằng nền kinh tế đang được cải thiện,https://audio.tudienkala.com/data/images_example/300x225/t/h/there_are__ex2_587727917f8b9a01308b4575.jpg,https://audio.tudienkala.com/audio/i/n/indication.mp3
103,insulting,/ɪnˈsʌlt̬ɪŋ/,adj,"lăng mạ, xúc phạm",She was really insulting to me,Cô ấy đã thực sự xúc phạm đến tôi,https://audio.tudienkala.com/data/cache/images/300x225/i/n/insulting2.jpg,https://audio.tudienkala.com/audio/i/n/insulting.mp3
103,jeans,/dʒiːnz/,n,quần bò,Jeans are popular among the young.,Quần jean được thanh niên ưa chuộng.,https://audio.tudienkala.com/data/cache/images/300x225/j/e/jeans1.jpg,https://audio.tudienkala.com/audio/j/e/jeans.mp3
103,like,/laɪk/,v,thích,Do you like learning English?,Bạn có thích học tiếng Anh không?,https://audio.tudienkala.com/data/images_example/300x225/d/o/do_you_lik_ex1_56248cee7f8b9af60c142ee7.png,https://audio.tudienkala.com/audio/l/i/like.mp3
103,mid-,/mɪd/,combining form,ở giữa,She's in her mid-thirties.,Cô ấy đang giữa độ tuổi ba mươi.,https://audio.tudienkala.com/data/cache/images/300x225/m/i/mid-2.png,https://audio.tudienkala.com/audio/m/i/mid-.mp3
103,much,/mʌtʃ/,adv,nhiều,He was much loved by all who knew him,Anh ấy được nhiều người yêu thích bởi tất cả những ai biết anh ấy,https://audio.tudienkala.com/data/cache/images/300x225/m/u/much1.png,https://audio.tudienkala.com/audio/m/u/much.mp3
103,occur,/əˈkɜː/,v,xảy ra,The tsunami occurred at about 3.30 p.m.,Vụ sóng thần xảy ra vào lúc khoảng 3:30 chiều.,https://audio.tudienkala.com/data/cache/images/300x225/o/c/occur1.jpg,https://audio.tudienkala.com/audio/o/c/occur.mp3
103,possess,/pəˈzes/,v,"có, sở hữu",He was charged with possessing a shotgun without a licence.,Ông bị buộc tội sở hữu một khẩu súng săn mà không có giấy phép.,https://audio.tudienkala.com/data/images_example/300x225/h/e/he_was_cha_ex1_587727927f8b9a01308b457b.jpg,https://audio.tudienkala.com/audio/p/o/possess.mp3
104,refrigerator,/rɪˈfrɪdʒəreɪtə/,n,tủ lạnh,Put the vegetables in the refrigerator.,Đặt các loại rau vào trong tủ lạnh.,https://audio.tudienkala.com/data/cache/images/300x225/r/e/refrigerator1.jpg,https://audio.tudienkala.com/audio/r/e/refrigerator.mp3
104,respect,/riˈspekt/,n,"tộn trọng, kính trọng, khâm phục",She was respected by everyone she worked with.,Cô ấy tôn trọng tất cả mọi người mà cô ấy làm việc cùng.,https://audio.tudienkala.com/data/images_example/300x225/s/h/she_was_re_ex1_581ad5ba7f8b9ab2078b45ec.jpg,https://audio.tudienkala.com/audio/r/e/respect.mp3
104,rough,/rʌf/,adj,"gồ ghề, nhám, xù xì, lởm chởm",The skin on her hands was hard and rough.,Da trên tay cô ấy cứng và thô.,https://audio.tudienkala.com/data/images_example/300x225/t/h/the_skin_o_ex2_587727927f8b9a01308b457d.jpg,https://audio.tudienkala.com/audio/r/o/rough.mp3
104,seek,/siːk/,v,tìm kiếm,We are seeking for the missing man in the entire county.,Chúng ta đang tìm người đàn ông mất tích trên toàn quốc.,https://audio.tudienkala.com/data/cache/images/300x225/s/e/seek1.jpg,https://audio.tudienkala.com/audio/s/e/seek.mp3
104,smoke,/sməʊk/,v,hút (thuốc),Do you mind if I smoke?,Bạn có phiền nếu tôi hút thuốc?,https://audio.tudienkala.com/data/cache/images/300x225/s/m/smoke1.jpg,https://audio.tudienkala.com/audio/s/m/smoke.mp3
104,stone,/stəʊn/,n,đá cục,Most of the houses are built of stone.,Phần lớn ngôi nhà được xây dựng bằng đá.,https://audio.tudienkala.com/data/cache/images/300x225/s/t/stone1.jpg,https://audio.tudienkala.com/audio/s/t/stone.mp3
104,swallow,/ˈswɒləʊ/,v,"nuốt, tiêu hóa",Always chew food well before swallowing it.,Luôn nhai thức ăn kĩ trước khi nuốt.,https://audio.tudienkala.com/data/cache/images/300x225/s/w/swallow1.png,https://audio.tudienkala.com/audio/s/w/swallow.mp3
104,swearing,/ˈsweərɪŋ/,n,"lời nguyền rủa, chửi rủa",I was shocked at the swearing.,Tôi đã bị sốc với lời chửi rủa.,https://audio.tudienkala.com/data/cache/images/300x225/s/w/swearing2.jpg,https://audio.tudienkala.com/audio/s/w/swearing.mp3
104,unhappy,/ʌnˈhæpi/,adj,"Không hài lòng, không vui",I didn't realize but he was deeply unhappy at that time.,"Tôi thật sự đã không nhận ra, nhưng lúc đó anh ấy đã rất không hài lòng",https://audio.tudienkala.com/data/cache/images/300x225/u/n/unhappy1.png,https://audio.tudienkala.com/audio/u/n/unhappy.mp3
104,afternoon,/ ɑːftəˈnuːn/,n,chiều,Come over on Sunday afternoon.,Hãy ghé qua vào buổi chiều chủ nhật.,https://audio.tudienkala.com/data/cache/images/300x225/a/f/afternoon1.png,https://audio.tudienkala.com/audio/a/f/afternoon.mp3
104,arm,/ɑ:rm/,n,cánh tay,The broken arm makes him uncomfortable.,Cánh tay bị gãy làm anh ấy không thoải mái chút nào.,https://audio.tudienkala.com/data/cache/images/300x225/a/r/arm2.jpg,https://audio.tudienkala.com/audio/a/r/arm.mp3
104,bank,/baŋk/,n,ngân hàng,There is only one bank in this town.,Chỉ có một ngân hàng ở thị trấn này.,https://audio.tudienkala.com/data/cache/images/300x225/b/a/bank-1.jpg,https://audio.tudienkala.com/audio/b/a/bank-.mp3
104,base,/beɪs/,n,"nền, cơ sở",This cream provides an excellent base for your make-up.,Lớp kem này sẽ tạo nên lớp phấn nền hoàn hảo cho việc trang điểm của bạn.,https://audio.tudienkala.com/data/cache/images/300x225/b/a/base1.jpg,https://audio.tudienkala.com/audio/b/a/base.mp3
104,card,/kɑːd/,n,thẻ,She paid for the goods with her card.,Cô đã trả tiền hàng hoá bằng thẻ của mình.,https://audio.tudienkala.com/data/cache/images/300x225/c/a/card1.jpg,https://audio.tudienkala.com/audio/c/a/card-.mp3
104,comedy,/ˈkɒmədi/,n,"hài kịch, phim hài",Mr. Bean is a British comedy television series.,Phim Ngài Bean là một loạt phim hài trên truyền hình của Anh.,https://audio.tudienkala.com/data/cache/images/300x225/c/o/comedy1.jpg,https://audio.tudienkala.com/audio/c/o/comedy.mp3
104,criticize,/ˈkrɪtɪsaɪz/,v,"phê bình, chỉ trích",The government has been criticized.,Chính phủ đã bị chỉ trích.,https://audio.tudienkala.com/data/cache/images/300x225/c/r/criticize2.png,https://audio.tudienkala.com/audio/c/r/criticize.mp3
104,crop,/krɒp/,n,"vụ, mùa, cây trồng",Coffee is the main crop in the highlands.,Cà phê là cây trồng chính ở vùng cao nguyên.,https://audio.tudienkala.com/data/cache/images/300x225/c/r/crop1.png,https://audio.tudienkala.com/audio/c/r/crop.mp3
104,easy,/'i:zi/,adj,dễ,This homework is very easy.,Bài tập này là rất dễ dàng.,https://audio.tudienkala.com/data/cache/images/300x225/e/a/easy1.jpg,https://audio.tudienkala.com/audio/e/a/easy.mp3
104,egg,/eg/,n,trứng,I often have egg for my lunch.,Tôi thường có trứng cho bữa trưa của tôi.,https://audio.tudienkala.com/data/cache/images/300x225/e/g/egg1.png,https://audio.tudienkala.com/audio/e/g/egg.mp3
104,fifty,/ˈfɪfti/,no,năm mươi,I went to fifty countries in the world.,Tôi đã đi năm mươi quốc gia trên thế giới.,https://audio.tudienkala.com/data/cache/images/300x225/f/i/fifty-l61.jpg,https://audio.tudienkala.com/audio/f/i/fifty-l6.mp3
104,ignore,/ig'nɔ:/,v,"bỏ qua, phớt lờ",He ignored all the things she said.,Anh ấy phớt lờ tất cả những gì cô ấy nói.,https://audio.tudienkala.com/data/cache/images/300x225/i/g/ignore1.jpg,https://audio.tudienkala.com/audio/i/g/ignore.mp3
104,impact,/ˈɪmpakt/,n,"sự tác động mạnh, ảnh hưởng mạnh",The story of the presidential scandal had a huge impact on the public.,Bài báo về vụ bê bối của tổng thống đã có tác động to lớn đến công chúng.,https://audio.tudienkala.com/data/cache/images/300x225/i/m/impact1.png,https://audio.tudienkala.com/audio/i/m/impact.mp3
104,instruction,/ɪnˈstrʌkʃən/,n,"lời chỉ dẫn, hướng dẫn",Follow the instructions on the packet carefully.,Thực hiện theo các hướng dẫn trên gói cẩn thận.,https://audio.tudienkala.com/data/cache/images/300x225/i/n/instruction2.jpg,https://audio.tudienkala.com/audio/i/n/instruction.mp3
104,most,/məʊst/,adv,phần lớn,It was the people with the least money who gave most generously.,Những người có tiền ít nhất là những người đã hào phóng nhất.,https://audio.tudienkala.com/data/cache/images/300x225/m/o/most1.jpg,https://audio.tudienkala.com/audio/m/o/most.mp3
104,national,/ˈnæʃənəl/,adj,thuộc về quốc gia,The most popular national television channels in Viet Nam are VTV1 and VTV3.,Kênh truyền hình quốc gia phổ biến nhất tại Việt Nam là VTV1 và VTV3.,https://audio.tudienkala.com/data/cache/images/300x225/n/a/national2.png,https://audio.tudienkala.com/audio/n/a/national.mp3
104,noisy,/ˈnɔɪzi/,adj,ồn ào,The streets here are noisy until midnight.,Những con phố ở đây ồn ào đến tận nửa đêm.,https://audio.tudienkala.com/data/images_example/300x225/t/h/the_street_ex1_56248cee7f8b9af60c142faf.png,https://audio.tudienkala.com/audio/n/o/noisy.mp3
104,pink,/pɪŋk/,n,màu hồng,The bedroom was decorated in pale pink.,Các phòng ngủ được trang trí bằng màu hồng nhạt.,https://audio.tudienkala.com/data/cache/images/300x225/p/i/pink2.jpg,https://audio.tudienkala.com/audio/p/i/pink.mp3
104,ring,/rɪŋ/,n,sàn đấu (boxing),Two men are competing in the boxing ring.,Hai người đàn ông đang thi quyền anh trên sàn đấu .,https://audio.tudienkala.com/data/images_example/300x225/t/w/two_men_ar_ex1_58254b3e7f8b9aa3078b45d4.jpg,https://audio.tudienkala.com/audio/r/i/ring.mp3
104,scream,/skri:m/,v,"kêu thét, la hét",Passengers screamed when the car crashed into a motorbike.,Hành khách la hét khi chiếc ô tô đâm sầm vào chiếc xe máy.,https://audio.tudienkala.com/data/cache/images/300x225/s/c/scream1.jpg,https://audio.tudienkala.com/audio/s/c/scream.mp3
104,solid,/ˈsɒlɪd/,adj,cứng; rắn,The boat bumped against a solid object,Chiếc thuyền đâm sầm vào một vật thể rắn,https://audio.tudienkala.com/data/cache/images/300x225/s/o/solid2.jpg,https://audio.tudienkala.com/audio/s/o/solid.mp3
104,song,/sɒŋ/,n,bài hát,We gathered and sang a song together.,Chúng tôi tập hợp và hát một bài hát với nhau.,https://audio.tudienkala.com/data/cache/images/300x225/s/o/song1.jpg,https://audio.tudienkala.com/audio/s/o/song.mp3
104,swelling,/ˈswelɪŋ/,n,"sự sưng, phồng",Use ice to reduce the swelling.,Sử dụng nước đá để giảm sưng.,https://audio.tudienkala.com/data/cache/images/300x225/s/w/swelling2.jpeg,https://audio.tudienkala.com/audio/s/w/swelling.mp3
104,tape,/teɪp/,n,băng,If you give me a blank tape I'll record it for you.,"Nếu bạn đưa cho tôi một băng cát-xét trống, tôi sẽ ghi lại nó cho bạn.",https://audio.tudienkala.com/data/images_example/300x225/i/f/if_you_giv_ex1_5624becf7f8b9ac711196374.jpg,https://audio.tudienkala.com/audio/t/a/tape.mp3
104,unconscious,/ʌnˈkɒnʃəs/,adj,bất tỉnh,They found him lying unconscious on the floor,Họ tìm thấy anh nằm bất tỉnh trên sàn nhà,https://audio.tudienkala.com/data/images_example/300x225/t/h/they_found_ex2_583fe4387f8b9a28088b4609.jpg,https://audio.tudienkala.com/audio/u/n/unconscious.mp3
104,value,/'vælju:/,v,"đánh giá, định giá","The expert valued the text at $7,000.",Chuyên gia đã định giá nguyên bản/cuốn sách là 7 ngàn đô-la.,https://audio.tudienkala.com/data/cache/images/300x225/v/a/value1.jpg,https://audio.tudienkala.com/audio/v/a/value.mp3
104,warm,/wɔːrm/,adj,"ấm, ấm áp",It’s warm today.,Thời tiết ấm ngày hôm nay.,https://audio.tudienkala.com/data/cache/images/300x225/w/a/warm1.png,https://audio.tudienkala.com/audio/w/a/warm.mp3
104,weapon,/ˈwɛp(ə)n/,n,vũ khí,The police still haven't found the murder weapon.,Cảnh sát vẫn chưa tìm thấy vũ khí giết người,https://audio.tudienkala.com/data/cache/images/300x225/w/e/weapon1.jpg,https://audio.tudienkala.com/audio/w/e/weapon.mp3
104,why,/waɪ/,adv,"tại sao, vì sao",Why is Hoa sad?,Tại sao Hoa lại buồn?,https://audio.tudienkala.com/data/cache/images/300x225/w/h/why1.jpg,https://audio.tudienkala.com/audio/w/h/why.mp3
104,you,/ju:/,pron,"bạn, các bạn, anh, các anh, ông, ...",You are very kind.,Bạn rất hiền.,https://audio.tudienkala.com/data/cache/images/300x225/y/o/you1.gif,https://audio.tudienkala.com/audio/y/o/you.mp3
104,chest,/tʃest/,n,ngực,There is a red spot on his chest.,Có một đốm đỏ trên ngực của anh ấy.,https://audio.tudienkala.com/data/cache/images/300x225/c/h/chest1.png,https://audio.tudienkala.com/audio/c/h/chest.mp3
104,could,/kʊdkəd/,modal verb,có thể,She said that she couldn't come.,Cô ấy nói rằng cô không thể đến.,https://audio.tudienkala.com/data/cache/images/300x225/c/o/could1.jpg,https://audio.tudienkala.com/audio/c/o/could.mp3
104,cream,/kriːm/,n,kem (lấy từ sữa),"An ice cream, please.",Bán cho tôi cây kem.,https://audio.tudienkala.com/data/cache/images/300x225/c/r/cream2.jpg,https://audio.tudienkala.com/audio/c/r/cream.mp3
104,debate,/dɪˈbeɪt/,v,"thảo luận, tranh luận",The question of the origin of the universe is still hotly debated by scientists.,Các câu hỏi về nguồn gốc của vũ trụ vẫn đang được tranh luận sôi nổi bởi các nhà khoa học.,https://audio.tudienkala.com/data/cache/images/300x225/d/e/debate2.jpg,https://audio.tudienkala.com/audio/d/e/debate.mp3
104,degree,/dɪˈgriː/,n,bằng cấp,I have a master's degree in English.,Tôi có bằng thạc sĩ tiếng Anh.,https://audio.tudienkala.com/data/cache/images/300x225/d/e/degree1.png,https://audio.tudienkala.com/audio/d/e/degree.mp3
104,desert,/'dezərt/,n,sa mạc,The Sahara is the hottest desert in the world.,Sahara là sa mạc nóng nhất thế giới.,https://audio.tudienkala.com/data/cache/images/300x225/d/e/desert1.jpg,https://audio.tudienkala.com/audio/d/e/desert.mp3
104,disapprove,/ˌdɪsəˈpruːv/,v,"không tán thành, phản đối","She wants to be an actress, but her parents disapprove.","Cô ấy muốn làm một diễn viên, nhưng cha mẹ cô phản đối.",https://audio.tudienkala.com/data/cache/images/300x225/d/i/disapprove2.jpg,https://audio.tudienkala.com/audio/d/i/disapprove.mp3
104,envelope,/ˈenvələʊp/,n,phong bì,I need an envelope to send this letter.,Tôi cần một phong bì để gửi lá thư này.,https://audio.tudienkala.com/data/cache/images/300x225/e/n/envelope1.png,https://audio.tudienkala.com/audio/e/n/envelope.mp3
104,ex-,/eks/,prefix,trước đây,Peter's getting back with his ex - wife.,Peter sẽ quay về với vợ cũ của mình.,https://audio.tudienkala.com/data/cache/images/300x225/e/x/ex-1.jpg,https://audio.tudienkala.com/audio/e/x/ex-.mp3
105,friendship,/ˈfrendʃɪp/,n,tình bạn,Your friendship is very important to me.,Tình bạn của cậu rất quan trọng đối với tớ.,https://audio.tudienkala.com/data/cache/images/300x225/f/r/friendship1.jpg,https://audio.tudienkala.com/audio/f/r/friendship.mp3
105,make-up,/ˈmeɪkʌp/,n,đồ trang điểm,She never wears make-up.,Cô ấy không bao giờ dùng đồ trang điểm.,https://audio.tudienkala.com/data/cache/images/300x225/m/a/make-up_-1.jpg,https://audio.tudienkala.com/audio/m/a/make-up_-.mp3
105,measure,/ˈmeʒər/,v,đo,Can you measure accurately with this ruler?,Cậu có thể đo chính xác với cái thước này không?,https://audio.tudienkala.com/data/cache/images/300x225/m/e/measure1.png,https://audio.tudienkala.com/audio/m/e/measure.mp3
105,mineral,/ˈmɪnərəl/,n,"khoáng chất, khoáng sản",Your diet should have enough minerals.,Chế độ ăn uống của bạn nên có đủ khoáng chất.,https://audio.tudienkala.com/data/cache/images/300x225/m/i/mineral1.jpg,https://audio.tudienkala.com/audio/m/i/mineral.mp3
105,mostly,/ˈmoʊst li/,adv,"chủ yếu, hầu hết","The band are mostly teenagers, I think.","Ban nhạc chủ yếu là thiếu niên, mình nghĩ thế.",https://audio.tudienkala.com/data/images_example/300x225/t/h/the_band_a_ex1_56248d0d7f8b9a000de3d179.jpg,https://audio.tudienkala.com/audio/m/o/mostly.mp3
105,onto,/ˈɒntuː/,prep,"(dùng với động từ để thể hiện sự chuyển động đến một nơi, vị trí nào)",She stepped down from the train onto the platform.,Cô ấy bước xuống khỏi tàu vào sân ga.,https://audio.tudienkala.com/data/images_example/300x225/s/h/she_steppe_ex2_587727957f8b9a01308b4593.jpg,https://audio.tudienkala.com/audio/o/n/onto.mp3
105,property,/ˈprɒpəti/,n,tài sản,This building is government property.,Tòa nhà này là tài sản của chính phủ.,https://audio.tudienkala.com/data/cache/images/300x225/p/r/property2.jpg,https://audio.tudienkala.com/audio/p/r/property.mp3
105,sack,/sæk/,n,sự sa thải,Four hundred workers face the sack.,Bốn trăm công nhân phải đối mặt với sự sa thải.,https://audio.tudienkala.com/data/cache/images/300x225/s/a/sack1.jpg,https://audio.tudienkala.com/audio/s/a/sack.mp3
105,scene,/siːn/,n,"cảnh tượng, hiện trường",This scene is unbelievable.,Cảnh tượng này thật không thể tin được.,https://audio.tudienkala.com/data/cache/images/300x225/s/c/scene2.jpg,https://audio.tudienkala.com/audio/s/c/scene.mp3
105,sensible,/ˈsensəbl/,adj,khôn ngoan,"I hope that if the boys are drinking, they are sensible enough to take a taxi home.",Tôi hi vọng rằng nếu những anh chàng say xỉn vẫn đủ khôn ngoan để bắt taxi về nhà.,https://audio.tudienkala.com/data/cache/images/300x225/s/e/sensible1.png,https://audio.tudienkala.com/audio/s/e/sensible.mp3
105,sheet,/ʃiːt/,n,khăn trải giường,Have you changed the sheets?,Bạn có thay đổi khăn trải giường chưa?,https://audio.tudienkala.com/data/cache/images/300x225/s/h/sheet1.jpg,https://audio.tudienkala.com/audio/s/h/sheet.mp3
105,son,/sʌn/,n,con trai,My son is fifteen years old.,Con trai tôi 15 tuổi.,https://audio.tudienkala.com/data/cache/images/300x225/s/o/son-l61.jpg,https://audio.tudienkala.com/audio/s/o/son-l6.mp3
105,spiritual,/ˈspɪrɪtʃuəl/,adj,thuộc về tinh thần,We're concerned about your spiritual welfare.,Chúng tôi quan tâm đến phúc lợi tinh thần của bạn.,https://audio.tudienkala.com/data/cache/images/300x225/s/p/spiritual2.jpg,https://audio.tudienkala.com/audio/s/p/spiritual.mp3
105,spoon,/spuːn/,n,cái thìa,I often use spoons to eat soup.,Tớ thường dùng thìa để ăn súp.,https://audio.tudienkala.com/data/images_example/300x225/i/_/i_often_us_ex1_56248cf57f8b9af80c01225d.jpg,https://audio.tudienkala.com/audio/s/p/spoon.mp3
105,star,/stɑː(r),n,ngôi sao,Sirius is the brightest star in the sky.,Sirius là ngôi sao sáng nhất trên bầu trời.,https://audio.tudienkala.com/data/cache/images/300x225/s/t/stars1.png,https://audio.tudienkala.com/audio/s/t/stars.mp3
105,step,/step/,n,bước đi; tiếng bước chân,He missed a step and fell down the stairs.,Anh ta bước hụt một bước và ngã xuống cầu thang.,https://audio.tudienkala.com/data/cache/images/300x225/s/t/step2.jpg,https://audio.tudienkala.com/audio/s/t/step.mp3
105,stress,/strɛs/,v,làm căng thẳng,I try not to stress out when things go wrong.,Tôi cố gắng không căng thẳng khi mọi thứ đi sai hướng,https://audio.tudienkala.com/data/cache/images/300x225/s/t/stress1.jpg,https://audio.tudienkala.com/audio/s/t/stress.mp3
105,sum,/sʌm/,n,"khoản tiền, số tiền",Huge sums have been invested in this project.,Những khoản tiền khổng lồ đã được đầu tư vào dự án này.,https://audio.tudienkala.com/data/images_example/300x225/h/u/huge_sums__ex2_587727977f8b9a01308b459d.jpg,https://audio.tudienkala.com/audio/s/u/sum.mp3
105,the,/ðə/,definite article,"mạo từ xác định, đề cập đến người, vật đã được nhắc trước đó hoặc có thể hiểu được",The nights are getting longer.,Đêm trở nên dài hơn.,https://audio.tudienkala.com/data/cache/images/300x225/t/h/the2.jpg,https://audio.tudienkala.com/audio/t/h/the.mp3
105,though,/ðəʊ/,adv,mặc dù vậy (đặc biệt nằm ở cuối câu),"Though he's the runner - up, he's still very happy.",Mặc dù về nhì nhưng anh ta vẫn rất vui.,https://audio.tudienkala.com/data/cache/images/300x225/t/h/though2.jpg,https://audio.tudienkala.com/audio/t/h/though.mp3
105,ton,/tʌn/,n,"đơn vị đo khối lượng, long ton = 2240 pounds (Anh), short ton = 2000 pounds (Mĩ)","The Ship displaces 4,500 tons, has a length of 133 meters.","Các tàu nặng 4.500 tấn, có chiều dài 133 mét.",https://audio.tudienkala.com/data/cache/images/300x225/t/o/ton2.jpg,https://audio.tudienkala.com/audio/t/o/ton.mp3
105,as,/əz/,conj,khi,As she grew older she gained in confidence.,Khi cô ấy lớn lên cô đã có được sự tự tin.,https://audio.tudienkala.com/data/images_example/300x225/a/s/as_she_gre_ex2_587727997f8b9a01308b45a5.jpg,https://audio.tudienkala.com/audio/a/s/as.mp3
105,car,/kɑ:r/,n,xe ô tô,My father goes to work by car.,Cha tôi đi làm bằng xe hơi.,https://audio.tudienkala.com/data/cache/images/300x225/c/a/car2.jpg,https://audio.tudienkala.com/audio/c/a/car.mp3
105,cent,/sent/,n,đồng xu (1 đô la Mĩ = 100 xu),A call will cost you around 25 cents.,Một cuộc gọi sẽ có giá khoảng 25 xu.,https://audio.tudienkala.com/data/cache/images/300x225/c/e/cent2.jpg,https://audio.tudienkala.com/audio/c/e/cent.mp3
105,cheek,/tʃiːk/,n,má,Oh. There’s something on your cheek.,Ồ. Có gì trên má cậu kìa.,https://audio.tudienkala.com/data/cache/images/300x225/c/h/cheek2.jpg,https://audio.tudienkala.com/audio/c/h/cheek.mp3
105,couple,/ˈkʌpl/,n,"cặp, đôi",I saw a couple of men get out.,Tôi có thấy hai người đàn ông đi ra.,https://audio.tudienkala.com/data/cache/images/300x225/c/o/couple2.jpg,https://audio.tudienkala.com/audio/c/o/couple.mp3
105,extra,/ˈekstrə/,adv,cộng thêm; nhiều hơn nữa,"The rate for a room is £30, but breakfast is extra.","Gía cho một phòng là 30 bảng Anh, nhưng ăn sáng tính thêm.",https://audio.tudienkala.com/data/cache/images/300x225/e/x/extra2.jpg,https://audio.tudienkala.com/audio/e/x/extra.mp3
105,fellow,/ˈfeləʊ/,adj,dùng để chỉ người cùng hoàn cảnh,"I recognized a fellow sufferer, waiting nervously outside the exam room.","Tôi nhận ra một người cùng hoàn cảnh, chờ đợi lo lắng bên ngoài phòng thi.",https://audio.tudienkala.com/data/cache/images/300x225/f/e/fellow2.jpg,https://audio.tudienkala.com/audio/f/e/fellow.mp3
105,greatly,/ˈɡreɪtli/,adv,rất nhiều,Your help would be greatly appreciated.,Giúp đỡ của bạn sẽ được đánh giá cao.,https://audio.tudienkala.com/data/images_example/300x225/y/o/your_help__ex2_5877279b7f8b9a01308b45b1.jpg,https://audio.tudienkala.com/audio/g/r/greatly.mp3
105,hurt,/hɜːrt/,v,"làm bị thương, làm đau",My shoes hurt me because they are too small.,Đôi giày làm tớ đau vì chúng quá nhỏ.,https://audio.tudienkala.com/data/images_example/300x225/m/y/my_shoes_h_ex1_56248cfb7f8b9afa0cb17e1c.jpg,https://audio.tudienkala.com/audio/h/u/hurt.mp3
105,index,/ˈɪndeks/,n,mục lục (Sách thư viện),I am trying to look up a biology book in the index.,Tôi đang cố gắng để tìm một cuốn sách sinh học trong mục lục thư viện.,https://audio.tudienkala.com/data/cache/images/300x225/i/n/index1.jpg,https://audio.tudienkala.com/audio/i/n/index.mp3
105,neighbourhood,/ˈneɪbəhʊd/,n,"hàng xóm, vùng lân cận",People in our neighborhood are really friendly and helpful.,Những người hàng xóm chỗ chúng tôi đều rất thân thiện và hay giúp đỡ.,https://audio.tudienkala.com/data/cache/images/300x225/n/e/neighbourhood2.jpg,https://audio.tudienkala.com/audio/n/e/neighbourhood.mp3
105,note,/nəʊt/,n,lời ghi chú,You need to take note.,Bạn cần ghi chú lại.,https://audio.tudienkala.com/data/cache/images/300x225/n/o/note1.jpg,https://audio.tudienkala.com/audio/n/o/note.mp3
105,pint,/paɪnt/,n,(đơn vị đo chất lỏng và một số hàng hóa khô),Add half a pint of cream.,Thêm một nửa panh kem.,https://audio.tudienkala.com/data/images_example/300x225/a/d/add_half_a_ex2_5877279b7f8b9a01308b45b5.jpg,https://audio.tudienkala.com/audio/p/i/pint.mp3
105,pollution,/pə'lu:ʃn/,n,sự ô nhiễm,Water pollution is becoming more serious now.,Ô nhiễm nguồn nước đang trở thành nghiêm trọng hơn bây giờ.,https://audio.tudienkala.com/data/cache/images/300x225/p/o/pollution1.jpg,https://audio.tudienkala.com/audio/p/o/pollution.mp3
105,sing,/sɪŋ/,v,hát,Now I'd like to sing a song by the Beatles.,Bây giờ tôi muốn hát một bài hát của The Beatles.,https://audio.tudienkala.com/data/cache/images/300x225/s/i/sing1.png,https://audio.tudienkala.com/audio/s/i/sing.mp3
105,struggle,/ˈstrʌɡl/,v,đấu tranh,By this time he'd managed to struggle out of bed.,Lần này anh cố gắng đấu tranh ra khỏi giường.,https://audio.tudienkala.com/data/images_example/300x225/b/y/by_this_ti_ex1_56248cfb7f8b9afa0cb17ddc.png,https://audio.tudienkala.com/audio/s/t/struggle.mp3
105,sufficient,/səˈfɪʃənt/,adj,"đủ, đủ dùng (cho một việc hay mục đích nào đó)",One sip should be sufficient.,Một ngụm chắc là đủ.,https://audio.tudienkala.com/data/images_example/300x225/o/n/one_sip_sh_ex1_5877279c7f8b9a01308b45b7.jpg,https://audio.tudienkala.com/audio/s/u/sufficient.mp3
105,supply,/sə'plai/,n,"‹sự/đồ/nguồn/_› dự trữ, tiếp tế cấp","By making better use of our supply, we can avoid ordering until next month.","Bằng cách dùng tốt hơn đồ dự trữ của mình, chúng tôi khỏi phải đặt hàng cho đến tháng tới.",https://audio.tudienkala.com/data/images_example/300x225/b/y/by_making__ex1_56248d157f8b9a040dc65f4c.jpg,https://audio.tudienkala.com/audio/s/u/supply.mp3
105,totally,/ˈtəʊtəli/,adv,hoàn toàn,This behaviour is totally unacceptable.,Hành vi này là hoàn toàn không thể chấp nhận.,https://audio.tudienkala.com/data/cache/images/300x225/t/o/totally2.jpeg,https://audio.tudienkala.com/audio/t/o/totally.mp3
105,unlike,/ʌnˈlaɪk/,prep,"không giống như, khác với",The sound was not unlike that of birds singing.,Những âm thanh vẫn không khác mấy chim hót.,https://audio.tudienkala.com/data/cache/images/300x225/u/n/unlike2.jpg,https://audio.tudienkala.com/audio/u/n/unlike.mp3
105,virtually,/ˈvɜːtʃuəli/,adv,"gần như, hầu như",Virtually all students will be exempt from the tax.,Hầu như tất cả các sinh viên sẽ được miễn thuế.,https://audio.tudienkala.com/data/cache/images/300x225/v/i/virtually2.png,https://audio.tudienkala.com/audio/v/i/virtually.mp3
105,warning,/'wɔ:niɳ/,n,sự cảnh báo,The red flashing light gives a warning to users that the battery is low.,Ánh sáng nhấp nháy màu đỏ đưa ra sự cảnh báo với người dùng rằng pin bị cạn.,https://audio.tudienkala.com/data/images_example/300x225/t/h/the_red_fl_ex1_56248d157f8b9a040dc65e14.jpg,https://audio.tudienkala.com/audio/w/a/warning.mp3
105,white,/wait/,adj,trắng,I have a white shirt.,Tôi có một chiếc áo sơ mi trắng.,https://audio.tudienkala.com/data/cache/images/300x225/w/h/white2.jpg,https://audio.tudienkala.com/audio/w/h/white.mp3
105,wise,/waiz/,adj,"khôn ngoan, sáng suốt",I'm older and wiser after ten years in the business.,Tôi lớn tuổi hơn và khôn ngoan hơn sau mười năm kinh doanh.,https://audio.tudienkala.com/data/cache/images/300x225/w/i/wise1.jpg,https://audio.tudienkala.com/audio/w/i/wise.mp3
105,wonder,/ˈwʌndər/,n,kỳ quan,I want to visit all the wondersof the world.,Tớ muốn đi thăm hết các kỳ quan của thế giới.,https://audio.tudienkala.com/data/cache/images/300x225/w/o/wonder1.jpg,https://audio.tudienkala.com/audio/w/o/wonder.mp3
105,wonderful,/ˈwʌndəfl/,adj,"tuyệt vời, kỳ diệu, tuyệt diệu",We had a wonderful time last night.,Tối qua chúng tôi đã có một thời gian tuyệt vời,https://audio.tudienkala.com/data/cache/images/300x225/w/o/wonderful1.jpg,https://audio.tudienkala.com/audio/w/o/wonderful.mp3
106,worrying,/ˈwʌriɪŋ/,adj,đáng lo lắng,The most worrying thing is that she won't let us help.,Điều đáng lo lắng nhất đáng là cô ấy sẽ không để chúng tôi giúp.,https://audio.tudienkala.com/data/cache/images/300x225/w/o/worrying2.jpg,https://audio.tudienkala.com/audio/w/o/worrying.mp3
106,zero,/ˈzɪr.oʊ/,number,số không,"Five, four, three, two, one, zero… We have lift-off.","Năm, bốn, ba, hai, một, không ... Chúng tôi rời thang máy.",https://audio.tudienkala.com/data/cache/images/300x225/z/e/zero1.jpg,https://audio.tudienkala.com/audio/z/e/zero.mp3
106,May,/meɪ/,n,tháng Năm,My mother's birthday is in May.,Sinh nhật của mẹ tôi là tháng năm.,https://audio.tudienkala.com/data/cache/images/300x225/m/a/may2.png,https://audio.tudienkala.com/audio/m/a/may.mp3
106,alternatively,/ɔːlˈtɜːnətɪvli/,adv,hoặc là,"Alternatively, you can organize your own transport.","Hoặc là, bạn có thể tổ chức chuyến đi của riêng bạn.",https://audio.tudienkala.com/data/cache/images/300x225/a/l/alternatively2.jpg,https://audio.tudienkala.com/audio/a/l/alternatively.mp3
106,appear,/əˈpɪr/,v,xuất hiện,He suddenly appeared in the doorway,Ông ấy đột nhiên xuất hiện ở ngưỡng cửa.,https://audio.tudienkala.com/data/cache/images/300x225/a/p/appear2.jpg,https://audio.tudienkala.com/audio/a/p/appear.mp3
106,attitude,/'ætitju:d/,n,thái độ,Each person has his or her own attitude towards life.,Mỗi người có thái độ sống riêng.,https://audio.tudienkala.com/data/cache/images/300x225/a/t/attitude1.jpg,https://audio.tudienkala.com/audio/a/t/attitude.mp3
106,camping,/ˈkæmpɪŋ/,n,sự cắm trại,Our camping equipment is old but still usable.,Thiết bị cắm trại của chúng tôi tuy cũ nhưng vẫn còn sử dụng được.,https://audio.tudienkala.com/data/cache/images/300x225/c/a/camping2.jpg,https://audio.tudienkala.com/audio/c/a/camping.mp3
106,efficient,/i'fiʃənt/,adj,"có hiệu quả, có hiệu suất, có năng suất (cao)",The accountant was so efficient in processing the customer receipts that she had the job done before lunch.,Nhân viên kế toán làm việc hiệu quả trong việc xử lý các hóa đơn khách hàng đến nỗi cô ta đã hoàn tất công việc trước bữa trưa.,https://audio.tudienkala.com/data/cache/images/300x225/e/f/efficient1.png,https://audio.tudienkala.com/audio/e/f/efficient.mp3
106,entrance,/ˈentr(ə)ns/,n,"lối vào, cổng",The entrance to the theatre is full of people.,Lối vào rạp hát đông nghẹt người.,https://audio.tudienkala.com/data/cache/images/300x225/e/n/entrance1.png,https://audio.tudienkala.com/audio/e/n/entrance.mp3
106,equal,/ˈiːkwəl/,adj,bằng,10 minus 2 equal 8.,10 – 2 = 8,https://audio.tudienkala.com/data/cache/images/300x225/e/q/equal1.png,https://audio.tudienkala.com/audio/e/q/equal.mp3
106,existence,/ɪɡˈzɪstəns/,n,"sự tồn tại, sự có mặt",I was unaware of his existence until today.,Tôi đã không biết về sự tồn tại của anh ta cho đến ngày hôm nay.,https://audio.tudienkala.com/data/cache/images/300x225/e/x/existence2.jpg,https://audio.tudienkala.com/audio/e/x/existence.mp3
106,fame,/feim/,n,"tiếng tăm, danh tiếng",She went to Hollywood in search of fame and fortune.,Cô ấy đã đến Hollywood để tìm kiếm danh vọng và vận may,https://audio.tudienkala.com/data/cache/images/300x225/f/a/fame1.jpg,https://audio.tudienkala.com/audio/f/a/fame.mp3
106,fishing,/ˈfɪʃɪŋ/,n,câu cá,He often goes fishing twice a week.,Cậu ấy thường đi câu cá 2 lần một tuần.,https://audio.tudienkala.com/data/cache/images/300x225/f/i/fishing1.jpg,https://audio.tudienkala.com/audio/f/i/fishing.mp3
106,football,/ˈfʊtbɔːl/,n,môn bóng đá,Football is considered the king of sports in many countries.,Bóng đá được xem là môn thể thao vua tại nhiều quốc gia.,https://audio.tudienkala.com/data/cache/images/300x225/f/o/football_-1.jpg,https://audio.tudienkala.com/audio/f/o/football.mp3
106,grocery,/ˈgrəʊs(ə)ri/,n,cửa hàng tạp hóa,There is a grocery near my house.,Có một cửa hàng tạp hóa gần nhà tôi.,https://audio.tudienkala.com/data/cache/images/300x225/g/r/grocery1.png,https://audio.tudienkala.com/audio/g/r/grocery.mp3
106,hole,/həʊl/,n,"cái lỗ, cái hố",The dog had dug a hole in the ground.,Con chó đã đào một lỗ trên mặt đất.,https://audio.tudienkala.com/data/cache/images/300x225/h/o/hole1.png,https://audio.tudienkala.com/audio/h/o/hole.mp3
106,increase,/ɪnˈkriːs/,v,tăng,The number of injuries from automobile accidents increases every year.,Số lượng thương vong từ các vụ tai nạn ô tô tăng lên hàng năm.,https://audio.tudienkala.com/data/cache/images/300x225/i/n/increase1.png,https://audio.tudienkala.com/audio/i/n/increase.mp3
106,lead,/liːdled/,v,"dẫn đường, dẫn dắt","If you lead, I'll follow.","Nếu bạn dẫn đường, tôi sẽ theo.",https://audio.tudienkala.com/data/cache/images/300x225/l/e/lead2.jpg,https://audio.tudienkala.com/audio/l/e/lead.mp3
106,model,/ˈmɒdl/,n,"mô hình, mẫu",We would like to have a look at model 321A.,Chúng tôi muốn xem mô hình 321A.,https://audio.tudienkala.com/data/images_example/300x225/w/e/we_would_l_ex1_56248cf47f8b9af80c011fe9.png,https://audio.tudienkala.com/audio/m/o/model.mp3
106,mother,/ˈmʌðə(r)/,n,"mẹ, má",My mother is a teacher.,Mẹ tôi là giáo viên.,https://audio.tudienkala.com/data/images_example/300x225/m/y/my_mother__ex1_5822d6207f8b9aa2078b457a.png,https://audio.tudienkala.com/audio/m/o/mother-l6.mp3
106,obviously,/ˈɒbviəsli/,adv,"‹một cách› rõ ràng, hiển nhiên (clearly, evidently)",Her tardiness was obviously resented by her coworkers.,Sự chậm chạp của cô ta rõ ràng là bị đồng nghiệp bực bội.,https://audio.tudienkala.com/data/cache/images/300x225/o/b/obviously1.jpg,https://audio.tudienkala.com/audio/o/b/obviously.mp3
106,order,/'ɔ:də/,n,đơn đặt hàng,The customer placed an order for ten new chairs.,Người khách hàng đưa đơn đặt hàng 10 cái ghế mới.,https://audio.tudienkala.com/data/images_example/300x225/t/h/the_custom_ex1_56248cf37f8b9af80c011edd.jpg,https://audio.tudienkala.com/audio/o/r/order.mp3
106,pepper,/ˈpepər/,n,hạt tiêu,Beat the eggs together with salt and pepper.,Đánh trứng với muối và hạt tiêu.,https://audio.tudienkala.com/data/cache/images/300x225/p/e/pepper1.png,https://audio.tudienkala.com/audio/p/e/pepper.mp3
106,some,/sʌm/,det,một vài,I have some friends.,Tôi có một vài người bạn.,https://audio.tudienkala.com/data/images_example/300x225/i/_/i_have_som_ex2_5624becf7f8b9ac711196362.jpg,https://audio.tudienkala.com/audio/s/o/some.mp3
106,strain,/streɪn/,n,"gánh nặng, áp lực",Did you find the job a strain?,Bạn có thấy công việc này áp lực không?,https://audio.tudienkala.com/data/cache/images/300x225/s/t/strain2.png,https://audio.tudienkala.com/audio/s/t/strain.mp3
106,superior,/suːˈpɪriər/,n,"người có vị thế, cấp bậc cao hơn; cấp trên",He's my immediate superior.,Anh ấy là cấp trên trực tiếp của tôi.,https://audio.tudienkala.com/data/cache/images/300x225/s/u/superior2.jpg,https://audio.tudienkala.com/audio/s/u/superior.mp3
106,system,/ˈsɪstəm/,n,"hệ thống, chế độ",The airline system covers the entire world with flights.,Hệ thống hàng không trải ra/bao trùm toàn bộ thế giới bằng các chuyến bay.,https://audio.tudienkala.com/data/images_example/300x225/t/h/the_airlin_ex1_56248d167f8b9a040dc6618c.jpg,https://audio.tudienkala.com/audio/s/y/system.mp3
106,task,/tɑːsk/,n,nhiệm vụ,We successfully completed task.,Chúng tôi hoàn thành xuất sắc nhiệm vụ.,https://audio.tudienkala.com/data/cache/images/300x225/t/a/task2.jpg,https://audio.tudienkala.com/audio/t/a/task.mp3
106,teaching,/ˈtiːtʃɪŋ/,n,công việc giảng dạy,She wants to go into teaching.,Cô muốn làm công việc giảng dạy.,https://audio.tudienkala.com/data/cache/images/300x225/t/e/teaching2.jpg,https://audio.tudienkala.com/audio/t/e/teaching.mp3
106,tonne,/tʌn/,n,"tấn (đơn vị đo khối lượng, 1 tấn = 1000 kilogam)",There are 1000 kilograms in a tonne.,Có 1000 kg trong một tấn.,https://audio.tudienkala.com/data/cache/images/300x225/t/o/tonne2.png,https://audio.tudienkala.com/audio/t/o/tonne.mp3
106,trade,/treɪd/,n,thương mại,The trade between the two countries has increased.,Thương mại giữa hai nước đã tăng lên.,https://audio.tudienkala.com/data/cache/images/300x225/t/r/trade1.jpg,https://audio.tudienkala.com/audio/t/r/trade.mp3
106,tradition,/trəˈdɪʃn/,n,truyền thống,Making Chung cake is our tradition at Tet.,Làm bánh chưng là truyền thống của chúng tôi vào dịp Tết.,https://audio.tudienkala.com/data/images_example/300x225/m/a/making_chu_ex1_56248cf57f8b9af80c012429.jpg,https://audio.tudienkala.com/audio/t/r/tradition.mp3
106,alarmed,/əˈlɑːmd/,adj,lo lắng,She was alarmed at the prospect of travelling alone,Cô đang lo lắng trước viễn cảnh đi du lịch một mình,https://audio.tudienkala.com/data/cache/images/300x225/a/l/alarmed1.jpg,https://audio.tudienkala.com/audio/a/l/alarmed.mp3
106,anyone,/ˈeniwʌn/,prop,bất cứ ai,Hardly anyone came.,Hầu như không có ai đến.,https://audio.tudienkala.com/data/cache/images/300x225/a/n/anyone1.jpg,https://audio.tudienkala.com/audio/a/n/anyone.mp3
106,arm,/ɑ:rm/,n,cánh tay,The broken arm makes him uncomfortable.,Cánh tay bị gãy làm anh ấy không thoải mái chút nào.,https://audio.tudienkala.com/data/cache/images/300x225/a/r/arm2.jpg,https://audio.tudienkala.com/audio/a/r/arm.mp3
106,at,/æt/,prep,"ở, tại",We plan to stay at the Sheraton Hotel.,Chúng tôi dự định sẽ ở khách sạn Sheraton.,https://audio.tudienkala.com/data/images_example/300x225/w/e/we_plan_to_ex1_5877279f7f8b9a01308b45cf.jpg,https://audio.tudienkala.com/audio/a/t/at.mp3
106,bring,/briɳ/,v,mang,You should bring the umbrella in case it rains.,Bạn nên mang theo chiếc ô trong trường hợp trời mưa.,https://audio.tudienkala.com/data/images_example/300x225/y/o/you_should_ex1_56248cef7f8b9af60c14329b.jpg,https://audio.tudienkala.com/audio/b/r/bring.mp3
106,candy,/ˈkændi/,n,kẹo,She works at candy store.,Cô ấy làm việc ở cửa hàng kẹo.,https://audio.tudienkala.com/data/cache/images/300x225/c/a/candy1.png,https://audio.tudienkala.com/audio/c/a/candy.mp3
106,capable,/ˈkeɪpəbl/,adj,"có tài, có năng lực giỏi",The human brain is capable of recording over 86 million bits of information daily.,Bộ não con người có khả năng ghi lại được trên 86 triệu thông tin mỗi ngày.,https://audio.tudienkala.com/data/cache/images/300x225/c/a/capable1.jpg,https://audio.tudienkala.com/audio/c/a/capable.mp3
106,characteristic,"/,kæriktə'ristik/",n,"đặc trưng, đặc điểm, đặc thù, cá biệt",One characteristic of the store is that it is slow in mailing refund checks.,Một đặc điểm của cửa hàng là nó chậm chạp trong việc gửi hóa đơn hoàn trả.,https://audio.tudienkala.com/data/images_example/300x225/o/n/one_charac_ex1_580de3767f8b9a3e688b456d.jpg,https://audio.tudienkala.com/audio/c/h/characteristic.mp3
106,charge,/tʃɑːdʒ/,v,tính phí,What did they charge for the repairs?,Họ đã tính phí gì cho việc sửa chữa?,https://audio.tudienkala.com/data/cache/images/300x225/c/h/charge1.png,https://audio.tudienkala.com/audio/c/h/charge.mp3
106,colleague,/ˈkɒliːɡ/,n,đồng nghiệp,We were friends and colleagues for more.,Chúng tôi là bạn bè và hơn nữa là đồng nghiệp.,https://audio.tudienkala.com/data/cache/images/300x225/c/o/colleague1.jpg,https://audio.tudienkala.com/audio/c/o/colleague.mp3
106,entertain,/ˌentəˈteɪn/,v,giải trí,Watching TV is an effective way to entertain.,Xem ti vi là một cách giải trí hiệu quả.,https://audio.tudienkala.com/data/images_example/300x225/w/a/watching_t_ex1_587727a07f8b9a01308b45d1.jpg,https://audio.tudienkala.com/audio/e/n/entertain.mp3
106,factor,/'fæktə/,n,"nhân tố, yếu tố",The result will depend on a number of different factors.,Kết quả sẽ phụ thuộc vào một số lượng những nhân tố khác nhau.,https://audio.tudienkala.com/data/cache/images/300x225/f/a/factor1.png,https://audio.tudienkala.com/audio/f/a/factor.mp3
106,fun,/fʌn/,adj n,"vui, cuộc vui",Have fun!,Chúc vui vẻ!,https://audio.tudienkala.com/data/cache/images/300x225/f/u/fun1.jpg,https://audio.tudienkala.com/audio/f/u/fun.mp3
106,gradual,/ˈɡradʒʊəl/,adj,từ từ,Recovery from the disease is very gradual,Phục hồi từ căn bệnh này rất từ ​​từ,https://audio.tudienkala.com/data/cache/images/300x225/g/r/gradual1.jpg,https://audio.tudienkala.com/audio/g/r/gradual.mp3
106,grey,/ɡreɪ/,n,màu xám,His life is grey.,Cuộc sống của anh ta là một màu xám xịt.,https://audio.tudienkala.com/data/cache/images/300x225/g/r/grey1.jpg,https://audio.tudienkala.com/audio/g/r/grey.mp3
106,hang,/hæŋ/,v,treo,You should hang a new calendar at Tet.,Bạn nên treo lịch mới vào dịp Tết.,https://audio.tudienkala.com/data/images_example/300x225/y/o/you_should_ex1_587727a07f8b9a01308b45d5.jpg,https://audio.tudienkala.com/audio/h/a/hang.mp3
107,hire,/'haiə/,v,"thuê, mướn; tiền trả công",She was hired after her third interview.,Cô ta đã được thuê sau lần phỏng vấn thứ ba.,https://audio.tudienkala.com/data/cache/images/300x225/h/i/hire1.jpg,https://audio.tudienkala.com/audio/h/i/hire.mp3
107,inevitably,/ɪˈnevɪt̬əbli/,adv,chắc chắn,"Inevitably, the press exaggerated the story.","Chắc chắn, báo chí phóng đại những câu chuyện.",https://audio.tudienkala.com/data/images_example/300x225/i/n/inevitably_ex2_587727a17f8b9a01308b45d7.jpg,https://audio.tudienkala.com/audio/i/n/inevitably.mp3
107,innocent,/ˈɪnəsənt/,adj,vô tội,"Someone told your secret, but it wasn't me. I'm innocent.","Có người nói bí mật của bạn, nhưng đó không phải là tôi. Tôi vô tội.",https://audio.tudienkala.com/data/cache/images/300x225/i/n/innocent2.jpg,https://audio.tudienkala.com/audio/i/n/innocent.mp3
107,media,/ˈmiːdɪə/,n,truyền thông,He became a media star for his part in the protests.,Ông ấy đã trở thành một ngôi sao truyền thông bởi sự tham gia của ông trong các cuộc biểu tình.,https://audio.tudienkala.com/data/cache/images/300x225/m/e/media1.jpg,https://audio.tudienkala.com/audio/m/e/media.mp3
107,pig,/pɪɡ/,n,lợn,The pig farming is hard.,Nghề nuôi lợn thì vất vả.,https://audio.tudienkala.com/data/cache/images/300x225/p/i/pig1.png,https://audio.tudienkala.com/audio/p/i/pig.mp3
107,planning,/ˈplænɪŋ/,n,sự hoạch định,Financial planning is critical.,Hoạch định tài chính là rất quan trọng.,https://audio.tudienkala.com/data/cache/images/300x225/p/l/planning2.jpg,https://audio.tudienkala.com/audio/p/l/planning.mp3
107,program,/ˈprəʊɡræm/,v,lập trình,The computer is programmed to warn users before information is deleted.,Các máy tính được lập trình để cảnh báo người dùng trước khi thông tin bị xóa.,https://audio.tudienkala.com/data/images_example/300x225/t/h/the_comput_ex2_587727a27f8b9a01308b45dd.jpg,https://audio.tudienkala.com/audio/p/r/program.mp3
107,progress,/ˈprəʊɡrɛs/,n,"sự tiến bộ, sự tiến triển",The doctor said that he was making good progress after the surgery.,Bác sỹ nói rằng anh ấy đang có tiến triển tốt sau cuộc phẫu thuật.,https://audio.tudienkala.com/data/cache/images/300x225/p/r/progress2.png,https://audio.tudienkala.com/audio/p/r/progress.mp3
107,pub,/pʌb/,n,quán rượu,They've gone down the pub for a drink.,Họ đã đi xuống quán rượu để uống.,https://audio.tudienkala.com/data/cache/images/300x225/p/u/pub2.jpg,https://audio.tudienkala.com/audio/p/u/pub.mp3
107,rush,/rʌʃ/,n,"sự vội vàng, hối hả",I can't stop—I'm in a rush.,Tôi không thể ngừng-Tôi đang vội.,https://audio.tudienkala.com/data/cache/images/300x225/r/u/rush2.jpg,https://audio.tudienkala.com/audio/r/u/rush.mp3
107,strong,/strɔɳ/,adj,"khỏe, mạnh, tốt, bền, kiên cố; đanh thép, kiên quyết; sôi nổi, nhiệt tình...",That boy is very strong.,Cậu bé đó là rất mạnh mẽ.,https://audio.tudienkala.com/data/cache/images/300x225/s/t/strong1.jpg,https://audio.tudienkala.com/audio/s/t/strong.mp3
107,swim,/swɪm/,v,bơi,She can swim very fast.,Chị ấy có thể bơi rất nhanh.,https://audio.tudienkala.com/data/cache/images/300x225/s/w/swim1.png,https://audio.tudienkala.com/audio/s/w/swim.mp3
107,translate,/trænsˈleɪt/,v,"chuyển sang, biến thành",I need to translate from English to German.,Tôi cần dịch từ tiếng Anh sang tiếng Đức.,https://audio.tudienkala.com/data/cache/images/300x225/t/r/translate2.jpg,https://audio.tudienkala.com/audio/t/r/translate.mp3
107,us,/ʌs/,prop,"chúng tôi, chúng ta (tân ngữ, đứng sau động từ, giới từ, động từ ""be"")",We'll take the dog with us.,Chúng tôi sẽ mang con chó đi với chúng tôi.,https://audio.tudienkala.com/data/images_example/300x225/w/e/well_take__ex2_587727a27f8b9a01308b45e3.jpg,https://audio.tudienkala.com/audio/u/s/us.mp3
107,December,/dɪˈsɛmbə/,n,tháng Mười Hai,My parents got married in December.,Cha mẹ tôi đã kết hôn vào tháng Mười Hai.,https://audio.tudienkala.com/data/cache/images/300x225/d/e/december1.png,https://audio.tudienkala.com/audio/d/e/december.mp3
107,bowl,/bəʊl/,n,"cái bát, cái tô",I would like a bowl of noodles.,Tôi muốn một bát mì.,https://audio.tudienkala.com/data/images_example/300x225/i/_/i_would_li_ex1_56248cf57f8b9af80c012201.jpg,https://audio.tudienkala.com/audio/b/o/bowl.mp3
107,broadly,/ˈbrɔːdli/,adv,nói chung,Both workshops followed broadly the same pattern.,Cả hai cuộc hội thảo này nói chung đã đi theo cùng khuôn mẫu.,https://audio.tudienkala.com/data/cache/images/300x225/b/r/broadly2.jpg,https://audio.tudienkala.com/audio/b/r/broadly.mp3
107,candidate,/'kændidit/,n,"ứng cử viên, thí sinh, người dự tuyển",All of the candidates were ready for the competition.,Tất cả các ứng cử viên đã sẵn sàng cho cuộc thi.,https://audio.tudienkala.com/data/cache/images/300x225/c/a/candidate1.jpg,https://audio.tudienkala.com/audio/c/a/candidate.mp3
107,concern,/kənˈsɜːn/,n,"mối quan tâm, lo lắng","Whenever I have health concerns, I call my doctor.","Hễ khi nào tôi có lo ngại về sức khỏe, tôi gọi cho bác sĩ của mình.",https://audio.tudienkala.com/data/images_example/300x225/w/h/whenever_i_ex1_56248cfc7f8b9afa0cb17fd8.jpg,https://audio.tudienkala.com/audio/c/o/concern.mp3
107,content,/kən'tent/,adj,"bằng lòng, hài lòng",He had to be content with third place.,Ông ấy phải bằng lòng với vị trí thứ 3.,https://audio.tudienkala.com/data/cache/images/300x225/c/o/content1.jpg,https://audio.tudienkala.com/audio/c/o/content.mp3
107,curl,/kɜːl/,n,lọn tóc quăn,The baby had dark eyes and blonde curls.,Đứa bé có đôi mắt đen và mái tóc xoăn vàng.,https://audio.tudienkala.com/data/cache/images/300x225/c/u/curl2.jpg,https://audio.tudienkala.com/audio/c/u/curl.mp3
107,dishonest,/dɪˈsɒnɪst/,adj,không trung thực,Beware of dishonest traders in the tourist areas.,Cảnh giác với những thương nhân thiếu trung thực trong các lĩnh vực du lịch.,https://audio.tudienkala.com/data/cache/images/300x225/d/i/dishonest1.png,https://audio.tudienkala.com/audio/d/i/dishonest.mp3
107,downstairs,/ˌdaʊnˈsteəz/,adv,xuống cầu thang,He rushed downstairs and burst into the kitchen.,Cậu ấy vội vã xuống cầu thang và xông vào nhà bếp.,https://audio.tudienkala.com/data/cache/images/300x225/d/o/downstairs1.png,https://audio.tudienkala.com/audio/d/o/downstairs.mp3
107,drunk,/drʌŋk/,adj,say rượu,He was too drunk to remember anything about the party.,Anh ấy đã quá say để nhớ bất cứ điều gì về bữa tiệc.,https://audio.tudienkala.com/data/cache/images/300x225/d/r/drunk1.png,https://audio.tudienkala.com/audio/d/r/drunk.mp3
107,expensive,/ɪkˈspɛnsɪv/,adj,đắt,This cell phone is expensive.,Chiếc điện thoại di động này rất đắt.,https://audio.tudienkala.com/data/cache/images/300x225/e/x/expensive11.jpg,https://audio.tudienkala.com/audio/e/x/expensive1.mp3
107,familiar,/fə'miljə/,adj,"quen thuộc, thông thường",It's nice to see some familiar items on the menu.,Thật là hay khi thấy vài món ăn quen thuộc trong thực đơn.,https://audio.tudienkala.com/data/cache/images/300x225/f/a/familiar2.jpg,https://audio.tudienkala.com/audio/f/a/familiar.mp3
107,fly,/flʌɪ/,n,con ruồi,I hate fly.,Tôi ghét ruồi.,https://audio.tudienkala.com/data/cache/images/300x225/f/l/fly1.jpg,https://audio.tudienkala.com/audio/f/l/fly.mp3
107,gentleman,/ˈdʒentlmən/,n,"người đàn ông phong nhã, quý phái",This gentleman is famous for his wealth.,Quý ông này nổi tiếng vì sự giàu có của mình.,https://audio.tudienkala.com/data/cache/images/300x225/g/e/gentleman2.jpg,https://audio.tudienkala.com/audio/g/e/gentleman.mp3
107,grade,/greɪd/,n,lớp (xét về trình độ),Mary is in grade 6.,Mary học lớp sáu.,https://audio.tudienkala.com/data/cache/images/300x225/g/r/grade-l61.jpg,https://audio.tudienkala.com/audio/g/r/grade-l6.mp3
107,hour,/'aʊə/,n,"giờ, tiếng đồng hồ",I can learn to play chess in an hour.,Tôi có thể học chơi cờ trong một tiếng.,https://audio.tudienkala.com/data/cache/images/300x225/h/o/hour1.png,https://audio.tudienkala.com/audio/h/o/hour-l6.mp3
107,limit,/'limit/,n,"giới hạn, hết hạn dùng",We were reaching the limits of civilization.,Chúng tôi đã đạt đến giới hạn của nền văn minh.,https://audio.tudienkala.com/data/cache/images/300x225/l/i/limit1.png,https://audio.tudienkala.com/audio/l/i/limit.mp3
107,moral,/ˈmɒrəl/,adj,đạo đức,I am interested in moral philosophy. Whose work should I read?,Tôi quan tâm đến triết lý đạo đức. Tôi nên đọc tác phẩm của ai?,https://audio.tudienkala.com/data/cache/images/300x225/m/o/moral2.gif,https://audio.tudienkala.com/audio/m/o/moral.mp3
107,mountain,/'maʊntn/,n,núi,The world’s highest mountain is Mount Everest.,Ngọn núi cao nhất thế giới là đỉnh Everest.,https://audio.tudienkala.com/data/cache/images/300x225/m/o/mountain1.png,https://audio.tudienkala.com/audio/m/o/mountain.mp3
107,no,/nəʊ/,exclam,Không.,A no smoking sign in a place is a notice to say that smoking is forbidden in that place.,"Biển báo cấm hút thuốc có ở một nơi nào đó, nghĩa là để thông báo rằng việc hút thuốc bị cấm ở nơi đó.",https://audio.tudienkala.com/data/cache/images/300x225/n/o/no1.png,https://audio.tudienkala.com/audio/n/o/no.mp3
107,outdoors,/ˈaʊtdɔːz/,adv,"ở ngoài trời, ở ngoài nhà",It’s raining so we can’t eat outdoors.,Trời đang mưa nên chúng tôi không thể ăn ở ngoài trời được.,https://audio.tudienkala.com/data/cache/images/300x225/o/u/outdoors1.jpg,https://audio.tudienkala.com/audio/o/u/outdoors.mp3
107,passing,/ˈpɑːsɪŋ/,adj,"thoáng qua, ngắn ngủi",He makes only a passing reference to the theory in his book.,Ông ấy chỉ dùng một tài liệu tham khảo ngắn ngủi để lý thuyết trong cuốn sách của mình.,https://audio.tudienkala.com/data/cache/images/300x225/p/a/passing2.jpg,https://audio.tudienkala.com/audio/p/a/passing.mp3
107,probably,/´prɔbəbli/,adv,"có thể, có lẽ",The decision to set up a new company is probably his most risky decision.,Quyết định lập công ty là quyết định mạo hiểm nhất của anh ấy.,https://audio.tudienkala.com/data/cache/images/300x225/p/r/probably1.jpg,https://audio.tudienkala.com/audio/p/r/probably.mp3
107,rounded,/ˈraʊndɪd/,adj,có hình tròn,His handwriting was neat and rounded.,Chữ viết của anh ta rất rõ ràng và tròn trịa.,https://audio.tudienkala.com/data/images_example/300x225/h/i/his_handwr_ex2_587727a47f8b9a01308b45ef.jpg,https://audio.tudienkala.com/audio/r/o/rounded.mp3
107,sail,/seɪl/,v,"đi tàu, điều khiển/ lái thuyền buồm",My friends taught me how to sail.,Các bạn tớ đã dạy cách lái thuyền buồm.,https://audio.tudienkala.com/data/cache/images/300x225/s/a/sail1.png,https://audio.tudienkala.com/audio/s/a/sail.mp3
107,stable,/ˈsteɪbl ̩/,adj,ổn định,She seems more stable these days.,Cô ấy có vẻ ổn định hơn trong những ngày này.,https://audio.tudienkala.com/data/images_example/300x225/s/h/she_seems__ex1_56248d127f8b9a020d261ab0.jpg,https://audio.tudienkala.com/audio/s/t/stable.mp3
107,stage,/steɪdʒ/,n,"trình diễn, dàn cảnh; sắp xếp, tổ chức",A historic house can be the perfect site to stage a small reception.,Một ngôi nhà lịch sử có thể là một nơi lý tưởng để tổ chức một cuộc chiêu đãi nhỏ.,https://audio.tudienkala.com/data/cache/images/300x225/s/t/stage1.jpg,https://audio.tudienkala.com/audio/s/t/stage.mp3
107,still,/stɪl/,adv,"vẫn, vẫn còn",I'm still hungry.,Tôi vẫn còn đói.,https://audio.tudienkala.com/data/cache/images/300x225/s/t/still1.jpg,https://audio.tudienkala.com/audio/s/t/still.mp3
107,touch,/tʌtʃ/,v,"đụng, chạm",I touched him lightly on the arm.,Tôi chạm nhẹ vào cánh tay của anh ấy.,https://audio.tudienkala.com/data/cache/images/300x225/t/o/touch1.jpg,https://audio.tudienkala.com/audio/t/o/touch.mp3
107,transfer,/trænsˈfɜːr/,v,chuyển,He has been transferred to a national hospital.,Anh ta đã được chuyển đến một bệnh viện quốc gia.,https://audio.tudienkala.com/data/cache/images/300x225/t/r/transfer1.jpg,https://audio.tudienkala.com/audio/t/r/transfer.mp3
107,a.m.,/ˌeɪ ˈem/,abbreviation,(thời gian) giữa nửa đêm và 12 giờ trưa,The concert starts at 6 a.m.,Buổi hòa nhạc bắt đầu lúc 6 giờ sáng.,https://audio.tudienkala.com/data/cache/images/300x225/a/0/a.m.1.jpg,https://audio.tudienkala.com/audio/a/0/a.m..mp3
107,address,/ə'dres/,v,"nhằm vào, trình bày",Marco's business plan addresses the needs of small business owners.,Kế hoạch kinh doanh của Marco nhằm vào nhu cầu của những chủ doanh nghiệp nhỏ.,https://audio.tudienkala.com/data/images_example/300x225/m/a/marcos_bus_ex1_56248cf37f8b9af80c011d69.jpg,https://audio.tudienkala.com/audio/a/d/address.mp3
107,alive,/əˈlaɪv/,adj,"sống, còn sống","While you are alive, try to achieve great things.","Trong khi bạn còn sống, hãy cố gắng để đạt được những điều tuyệt vời.",https://audio.tudienkala.com/data/cache/images/300x225/a/l/alive2.jpg,https://audio.tudienkala.com/audio/a/l/alive.mp3
107,camera,/'kæmərə/,n,"máy ảnh, máy quay phim",I bought a new camera yesterday.,Tôi đã mua một máy ảnh mới ngày hôm qua.,https://audio.tudienkala.com/data/cache/images/300x225/c/a/camera2.jpg,https://audio.tudienkala.com/audio/c/a/camera.mp3
108,carpet,/ˈkɑːpɪt/,n,thảm,The carpet matches the curtain.,Tấm thảm rất hợp với rèm cửa.,https://audio.tudienkala.com/data/cache/images/300x225/c/a/carpet1.png,https://audio.tudienkala.com/audio/c/a/carpet.mp3
108,cooking,/ˈkʊkɪŋ/,n,nấu nướng,My husband does all the cooking,Chồng của tôi làm tất cả việc nấu ăn,https://audio.tudienkala.com/data/cache/images/300x225/c/o/cooking1.jpg,https://audio.tudienkala.com/audio/c/o/cooking.mp3
108,cotton,/ˈkɒt(ə)n/,n,vải sợi bông,My shirt is made from cotton.,Áo sơ mi của tôi được làm từ chất côt-tông.,https://audio.tudienkala.com/data/cache/images/300x225/c/o/cotton-1.jpg,https://audio.tudienkala.com/audio/c/o/cotton-.mp3
108,decorate,/ˈdekəreɪt/,v,trang trí,You should clean and decorate your house for Tet.,Bạn nên dọn sạch và trang trí nhà cửa để đón Tết.,https://audio.tudienkala.com/data/cache/images/300x225/d/e/decorate1.png,https://audio.tudienkala.com/audio/d/e/decorate.mp3
108,defeat,/dɪˈfiːt/,v,"đánh bại, vượt qua","If we can defeat the Italian team, we'll be through to the final.","Nếu chúng ta có thể đánh bại đội tuyển Ý, chúng ta sẽ đi tiếp vào trận chung kết.",https://audio.tudienkala.com/data/cache/images/300x225/d/e/defeat1.png,https://audio.tudienkala.com/audio/d/e/defeat.mp3
108,different,/ˈdɪfərənt/,adj,khác,It's very different to what I'm used to.,Nó rất khác với cái mà tôi đã quen.,https://audio.tudienkala.com/data/cache/images/300x225/d/i/different1.png,https://audio.tudienkala.com/audio/d/i/different.mp3
108,except,/ɪkˈsept/,prep,ngoại trừ,We work every day except Sunday.,Chúng tôi làm việc mỗi ngày ngoại trừ Chủ Nhật,https://audio.tudienkala.com/data/cache/images/300x225/e/x/except2.jpg,https://audio.tudienkala.com/audio/e/x/except.mp3
108,game,/geɪm/,n,trò chơi,We often play games during recess.,Chúng tôi thường chơi trò chơi trong giờ nghỉ.,https://audio.tudienkala.com/data/cache/images/300x225/g/a/game1.jpg,https://audio.tudienkala.com/audio/g/a/game.mp3
108,garden,/ˈɡɑːrdn/,n,khu vườn,The children are playing in the garden.,Những đứa trẻ đang chơi trong vườn.,https://audio.tudienkala.com/data/cache/images/300x225/g/a/garden1.png,https://audio.tudienkala.com/audio/g/a/garden.mp3
108,gradually,/ˈɡrædʒuəli/,adv,dần dần,"Gradually, the children began to understand.","Dần dần, trẻ con bắt đầu hiểu biết.",https://audio.tudienkala.com/data/cache/images/300x225/g/r/gradually2.jpg,https://audio.tudienkala.com/audio/g/r/gradually.mp3
108,health,/hɛlθ/,n,sức khỏe,Exhaust fumes are bad for your health.,Khí thải có hại cho sức khỏe của bạn.,https://audio.tudienkala.com/data/images_example/300x225/e/x/exhaust_fu_ex2_581c093f7f8b9a24318b45fe.jpg,https://audio.tudienkala.com/audio/h/e/health.mp3
108,horizontal,/ˌhɒrɪˈzɒntəl/,adj,"ngang, nằm ngang",Their boat began to tilt away from the horizontal.,Chiếc tàu của họ bắt đầu nghiêng khỏi mặt phẳng ngang.,https://audio.tudienkala.com/data/cache/images/300x225/h/o/horizontal2.png,https://audio.tudienkala.com/audio/h/o/horizontal.mp3
108,institution,/ˌɪnstɪˈtjuːʃən/,n,"học viện, tổ chức lớn",Peter wants to go to a prestigious institution like Harvard school.,Peter muốn học tại một tổ chức lớn có thanh thế như trường Harvard.,https://audio.tudienkala.com/data/cache/images/300x225/i/n/institution2.jpeg,https://audio.tudienkala.com/audio/i/n/institution.mp3
108,off,/ɔːf/,prep,"ra khỏi, cách xa",They were still 100 metres off the summit.,Họ vẫn còn cách đỉnh núi 100 mét.,https://audio.tudienkala.com/data/cache/images/300x225/o/f/off2.jpg,https://audio.tudienkala.com/audio/o/f/off.mp3
108,patient,/ˈpeɪʃənt/,n,bệnh nhân,I am a patient of Dr. Stephens; could I make an appointment to see her?,"Tôi là một bệnh nhân của bác sĩ Stephens, tôi có thể hẹn gặp bà ấy được không?",https://audio.tudienkala.com/data/cache/images/300x225/p/a/patient1.png,https://audio.tudienkala.com/audio/p/a/patient.mp3
108,photocopy,/ˈfoʊtoʊkɑːpi/,v,"sao chụp, sao chép",You can photocopy the entry form.,Bạn có thể sao chụp biểu mẫu.,https://audio.tudienkala.com/data/cache/images/300x225/p/h/photocopy2.jpg,https://audio.tudienkala.com/audio/p/h/photocopy.mp3
108,population,/pɒpjʊˈleɪʃ(ə)n/,n,"dân số, dân cư",What is the population of your country?,Dân số đất nước của bạn là bao nhiêu?,https://audio.tudienkala.com/data/cache/images/300x225/p/o/population1.jpg,https://audio.tudienkala.com/audio/p/o/population.mp3
108,realize,/ˈriːəlaɪz/,v,"nhận ra, nhận thức",I don't think you realize how important this is to her.,Tôi không nghĩ bạn nhận thức được điều đó quan trọng như thế nào với cô ấy.,https://audio.tudienkala.com/data/cache/images/300x225/r/e/realize1.jpg,https://audio.tudienkala.com/audio/r/e/realize.mp3
108,relatively,/'relətivli/,adv,tương đối,The train is relatively empty for this time of day.,Đoàn tàu hơi vắng khách vào lúc này trong ngày.,https://audio.tudienkala.com/data/images_example/300x225/t/h/the_train__ex1_56248d167f8b9a040dc661a8.jpg,https://audio.tudienkala.com/audio/r/e/relatively.mp3
108,remains,/rɪˈmeɪnz/,n,"phần còn dư, thừa",She fed the remains of her lunch to the dog.,Cô ấy cho con chó phần còn dư bữa trưa của mình.,https://audio.tudienkala.com/data/images_example/300x225/s/h/she_fed_th_ex2_587727a77f8b9a01308b45ff.jpg,https://audio.tudienkala.com/audio/r/e/remains.mp3
108,restriction,/rɪˈstrɪkʃən/,n,"sự hạn chế, giới hạn",There are no restrictions on the amount of money you can withdraw.,Không có sự hạn chế về số tiền bạn có thể rút.,https://audio.tudienkala.com/data/cache/images/300x225/r/e/restriction2.jpg,https://audio.tudienkala.com/audio/r/e/restriction.mp3
108,ruin,/ˈruːɪn/,v,"hủy hoại, phá hỏng",Poor customer service ruined the company's reputation.,Dịch vụ khách hàng tệ hủy hoại danh tiếng của công ty.,https://audio.tudienkala.com/data/images_example/300x225/p/o/poor_custo_ex1_587727a77f8b9a01308b4603.jpg,https://audio.tudienkala.com/audio/r/u/ruin.mp3
108,speaker,/ˈspiːkər/,n,"diễn giả, người diễn thuyết",He was a guest speaker at the conference.,Ông là một diễn giả tại hội nghị.,https://audio.tudienkala.com/data/cache/images/300x225/s/p/speaker1.jpg,https://audio.tudienkala.com/audio/s/p/speaker.mp3
108,take,/teɪk/,v,"đưa, đưa đi, mang theo",We'll take the dog with us.,Chúng tôi sẽ mang con chó với chúng tôi.,https://audio.tudienkala.com/data/cache/images/300x225/t/a/take1.jpg,https://audio.tudienkala.com/audio/t/a/take.mp3
108,tiring,/ˈtaɪərɪŋ/,adj,"mệt mỏi, mệt nhọc",It had been a long tiring day.,Đó là một ngày dài mệt mỏi.,https://audio.tudienkala.com/data/cache/images/300x225/t/i/tiring2.jpg,https://audio.tudienkala.com/audio/t/i/tiring.mp3
108,upside down,/ˈʌpsaɪd daʊn/,adv,"lộn ngược, đảo ngược",The canoe floated upside down on the lake,Các xuồng trôi ngược trên hồ,https://audio.tudienkala.com/data/images_example/300x225/t/h/the_canoe__ex2_587727a87f8b9a01308b4607.jpg,https://audio.tudienkala.com/audio/u/p/upside_down.mp3
108,abuse,/əˈbjuːz/,v,"lạm dụng, sử dụng quá nhiều dẫn đến hại sức khỏe",He systematically abused his body with heroin and cocaine.,Ông ấy đã ngược đãi cơ thể của mình một cách hệ thống với heroin và cocaine.,https://audio.tudienkala.com/data/cache/images/300x225/a/b/abuse2.jpg,https://audio.tudienkala.com/audio/a/b/abuse.mp3
108,coffee,/ˈkɔːfi/,n,cà phê,I often drink a cup of coffee in the morning.,Tôi thường uống một tách cà phê vào buổi sáng.,https://audio.tudienkala.com/data/cache/images/300x225/c/o/coffee1.png,https://audio.tudienkala.com/audio/c/o/coffee.mp3
108,connect,/kəˈnekt/,v,Kết nối,The towns are connected by train and bus services.,Các thị trấn được kết nối với nhau bởi các dịch vụ tàu lửa và xe buýt.,https://audio.tudienkala.com/data/cache/images/300x225/c/o/connect1.jpg,https://audio.tudienkala.com/audio/c/o/connect.mp3
108,deal,/diːl/,n,sự giao dịch,We did a deal with the management on overtime.,Chúng tôi đã có một sự thỏa thuận với ban giám đốc về việc làm thêm giờ.,https://audio.tudienkala.com/data/cache/images/300x225/d/e/deal1.jpg,https://audio.tudienkala.com/audio/d/e/deal.mp3
108,debt,/det/,n,"nợ, món nợ",The banks are worried about your increasing debt.,Các ngân hàng lo lắng về khoản nợ đang gia tăng của anh.,https://audio.tudienkala.com/data/cache/images/300x225/d/e/debt1.jpg,https://audio.tudienkala.com/audio/d/e/debt.mp3
108,display,/dis'plei/,v,"hiển thị, trình bày",The accounting program displays a current balance when opened.,Chương trình kế toán hiển thị một con số cân bằng thu chi khi mở (chương trình đó) ra.,https://audio.tudienkala.com/data/cache/images/300x225/d/i/display1.jpg,https://audio.tudienkala.com/audio/d/i/display.mp3
108,emotional,/ɪˈməʊʃənəl/,adj,"xúc động, dễ cảm động",Adele’s emotional voice makes people cry when they're listening to her songs.,Giọng hát cảm động của Adele khiến khán giả khóc khi nghe cô ấy hát.,https://audio.tudienkala.com/data/cache/images/300x225/e/m/emotional2.jpg,https://audio.tudienkala.com/audio/e/m/emotional.mp3
108,essay,/ˈeseɪ/,n,bài tiểu luận,I want you to write an essay on endangered species.,Thầy muốn em viết một bài luận về các loài vật có nguy cơ bị tuyệt chủng.,https://audio.tudienkala.com/data/cache/images/300x225/e/s/essay1.jpg,https://audio.tudienkala.com/audio/e/s/essay.mp3
108,faucet,/ˈfɔːsɪt/,n,vòi nước (tiếng Anh Mỹ),She always turns off the faucet after washing clothes.,Cô ấy luôn luôn tắt vòi nước sau khi giặt quần áo.,https://audio.tudienkala.com/data/cache/images/300x225/f/a/faucet1.jpg,https://audio.tudienkala.com/audio/f/a/faucet.mp3
108,gallon,/ˈɡælən/,n,"đơn vị đo chất lỏng (ở Anh, Canada và một số nước khác, 1 gallon = 4.5 lít; ở Mĩ 1 gallon = 3.8 lít)",How much is a gallon?,Một ga lông thì bằng bao nhiêu lít?,https://audio.tudienkala.com/data/cache/images/300x225/g/a/gallon2.png,https://audio.tudienkala.com/audio/g/a/gallon.mp3
108,green,/gri:n/,adj,xanh lá cây,My hat is green.,Mũ của tôi là màu xanh lá cây.,https://audio.tudienkala.com/data/cache/images/300x225/g/r/green2.jpg,https://audio.tudienkala.com/audio/g/r/green.mp3
108,hospital,/ˈhɒspɪt(ə)l/,n,bệnh viện,This hospital is very large.,Bệnh viện này là rất lớn.,https://audio.tudienkala.com/data/cache/images/300x225/h/o/hospitals1.jpg,https://audio.tudienkala.com/audio/h/o/hospital.mp3
108,ill,/il/,adj,"Đau yếu, ốm",She was taken ill suddenly.,Đột nhiên cô ấy bị ốm.,https://audio.tudienkala.com/data/cache/images/300x225/i/l/ill1.jpg,https://audio.tudienkala.com/audio/i/l/ill.mp3
108,letter,/'letər/,n,lá thư,Do you often write letters to your friends?,Bạn có thường xuyên viết thư cho bạn bè của bạn không?,https://audio.tudienkala.com/data/cache/images/300x225/l/e/letter1.png,https://audio.tudienkala.com/audio/l/e/letter.mp3
108,level,/'levl/,n,"cấp, cấp bậc, trình độ",We have never had an accountant work at such a sophisticated level before.,Trước đây chúng tôi không bao giờ có một nhân viên kế toán làm với trình độ tinh vi đến thế.,https://audio.tudienkala.com/data/cache/images/300x225/l/e/level1.png,https://audio.tudienkala.com/audio/l/e/level.mp3
108,machinery,/məˈʃiːnəri/,n,máy móc,Machinery is rusty from disuse.,Máy móc bị rỉ do không dùng đến.,https://audio.tudienkala.com/data/cache/images/300x225/m/a/machinery2.jpg,https://audio.tudienkala.com/audio/m/a/machinery.mp3
108,mean,/mi:n/,v,"nghĩa là, có nghĩa là","These words mean ""and so on"".","Những từ này có nghĩa là ""còn nữa"".",https://audio.tudienkala.com/data/images_example/300x225/t/h/these_word_ex1_5624bed17f8b9ac711196704.png,https://audio.tudienkala.com/audio/m/e/mean.mp3
108,mine,/maɪn/,prop,của tôi,She wanted one like mine.,Cô muốn có một cái như của tôi.,https://audio.tudienkala.com/data/cache/images/300x225/m/i/mine1.jpg,https://audio.tudienkala.com/audio/m/i/mine.mp3
108,pipe,/paɪp/,n,ống dẫn,"The pipes in my house are broken, so water covers the floor.","Các đường ống trong nhà của tôi đang bị hỏng, vì vậy nước tràn khắp sàn.",https://audio.tudienkala.com/data/cache/images/300x225/p/i/pipe1.png,https://audio.tudienkala.com/audio/p/i/pipe.mp3
108,pretty,/ˈprɪti/,adv,khá,"The house has four bedrooms, so it's pretty big.","Ngôi nhà có bốn phòng ngủ, vì vậy nó khá rộng.",https://audio.tudienkala.com/data/images_example/300x225/t/h/the_house__ex1_56248cf27f8b9af80c011d49.jpg,https://audio.tudienkala.com/audio/p/r/pretty.mp3
108,prime minister,/praɪm ˈmɪnɪstər/,n,thủ tướng,He is the former prime minister.,Ông ấy là cựu thủ tướng.,https://audio.tudienkala.com/data/cache/images/300x225/p/r/prime_minister2.jpg,https://audio.tudienkala.com/audio/p/r/prime_minister.mp3
108,print,/prɪnt/,v,in ấn,Click on the icon when you want to print.,Nhấn vào biểu tượng khi bạn muốn in.,https://audio.tudienkala.com/data/images_example/300x225/c/l/click_on_t_ex2_587727aa7f8b9a01308b4613.png,https://audio.tudienkala.com/audio/p/r/print.mp3
109,railway,/ˈreɪlweɪ/,n,"đường sắt, đường xe lửa",The railway is still under construction.,Tuyến đường sắt vẫn đang được xây dựng.,https://audio.tudienkala.com/data/cache/images/300x225/r/a/railway2.jpg,https://audio.tudienkala.com/audio/r/a/railway.mp3
109,regarding,/rɪˈɡɑːdɪŋ/,prep,đối với (vấn đề...); về phần,Call me if you have any problems regarding your work.,Hãy gọi cho tôi nếu bạn có bất kỳ vấn đề liên quan đến công việc của bạn.,https://audio.tudienkala.com/data/cache/images/300x225/r/e/regarding2.jpg,https://audio.tudienkala.com/audio/r/e/regarding.mp3
109,role,/rəʊl/,n,"vai, vai trò",The role of the teacher in the classroom.,Vai trò của giáo viên trong lớp học.,https://audio.tudienkala.com/data/cache/images/300x225/r/o/role1.jpg,https://audio.tudienkala.com/audio/r/o/role.mp3
109,secure,/sɪˈkjʊər/,adj,"chắc chắn, an toàn",At last they were able to feel secure about the future.,"Cuối cùng, họ đã có thể cảm thấy chắc chắn về tương lai.",https://audio.tudienkala.com/data/images_example/300x225/a/t/at_last_th_ex2_587727aa7f8b9a01308b4617.jpg,https://audio.tudienkala.com/audio/s/e/secure.mp3
109,shallow,/ˈʃæləʊ/,adj,"cạn, nông, không sâu",These fish are found in shallow waters around the coast.,Những con cá này được tìm thấy trong vùng nước nông xung quanh bờ biển.,https://audio.tudienkala.com/data/cache/images/300x225/s/h/shallow2.jpg,https://audio.tudienkala.com/audio/s/h/shallow.mp3
109,water,/'wɔ:tə(r)/,n,nước,I need some water.,Tôi cần ít nước.,https://audio.tudienkala.com/data/cache/images/300x225/w/a/water1.png,https://audio.tudienkala.com/audio/w/a/water.mp3
109,wear,/weə(r)/,v,"mang, đeo, mặc","Sometimes, she likes to wear a blue jacket.","Thỉnh thoảng, cô ấy thích mặc một chiếc áo khoác xanh dương.",https://audio.tudienkala.com/data/cache/images/300x225/w/e/wear1.png,https://audio.tudienkala.com/audio/w/e/wear.mp3
109,after,/ˈɑːftə(r)/,prep,"sau, sau khi",Let’s meet after 5.,Hãy gặp gỡ sau 5 giờ.,https://audio.tudienkala.com/data/cache/images/300x225/a/f/after-l61.png,https://audio.tudienkala.com/audio/a/f/after-l6.mp3
109,any,/ˈen.i/,determiner,"(dùng với danh từ không đếm được hoặc danh từ số nhiều trong câu phủ định và câu hỏi, sau ""if"" hoặc ""whether"", và sau một số động từ như prevent, ban, forbid,... để đề cập đến một số lượng nào đó, dù nhỏ hay lớn)",I've got hardly any money.,Tôi hầu như không có tiền.,https://audio.tudienkala.com/data/cache/images/300x225/a/n/any2.jpg,https://audio.tudienkala.com/audio/a/n/any.mp3
109,approach,/əˈprəʊtʃ/ /əˈproʊtʃ/,v,"tiếp cận, tiến lại gần","If you look out of the window, you will see the sun approaching.","Nếu bạn nhìn ra cửa sổ, bạn sẽ thấy mặt trời đang tiến lại gần.",https://audio.tudienkala.com/data/cache/images/300x225/a/p/approach1.png,https://audio.tudienkala.com/audio/a/p/approach.mp3
109,ashamed,/əˈʃeɪmd/,adj,"xấu hổ, hổ thẹn",You should be ashamed of yourself for telling such lies.,Bạn nên xấu hổ về bản thân mình vì đã nói dối như vậy.,https://audio.tudienkala.com/data/cache/images/300x225/a/s/ashamed2.jpg,https://audio.tudienkala.com/audio/a/s/ashamed.mp3
109,continuous,/kənˈtɪnjuəs/,adj,"liên tục, không dứt",Stop smoking and you will see a continuous improvement in your health,Ngừng hút thuốc và bạn sẽ thấy một sự cải thiện liên tục trong sức khỏe của mình,https://audio.tudienkala.com/data/cache/images/300x225/c/o/continuous2.jpg,https://audio.tudienkala.com/audio/c/o/continuous.mp3
109,elevator,/ˈelɪveɪtər/,n,thang máy,"It's on the fifth floor, so we'd better take the elevator.","Nó ở trên tầng thứ năm, vì vậy chúng ta nên đi thang máy.",https://audio.tudienkala.com/data/cache/images/300x225/e/l/elevator1.png,https://audio.tudienkala.com/audio/e/l/elevator.mp3
109,firmly,/ˈfɜːrmli/,adv,"một cách chắc chắn, dứt khoát",Make sure that the rope is firmly attached.,Hãy đảm bảo rằng dây thừng được cột một cách chắc chắn.,https://audio.tudienkala.com/data/images_example/300x225/m/a/make_sure__ex1_56248cfb7f8b9afa0cb17e74.jpg,https://audio.tudienkala.com/audio/f/i/firmly.mp3
109,glove,/ɡlʌv/,n,găng tay,The glove fell to the ground.,Găng tay đã rơi xuống sàn.,https://audio.tudienkala.com/data/cache/images/300x225/g/l/glove1.png,https://audio.tudienkala.com/audio/g/l/glove.mp3
109,host,/həʊst/,n,chủ nhà,Dan wrote that a guest never forgets the host who had treated him kindly.,Dan đã viết rằng một vị khách sẽ không bao giờ quên chủ nhà đã đối xử tử tế với họ.,https://audio.tudienkala.com/data/cache/images/300x225/h/o/host1.jpg,https://audio.tudienkala.com/audio/h/o/host.mp3
109,invention,/ɪnˈvenʃn/,n,phát minh,He was given a Nobel prize for his invention.,Anh ấy đã được tặng giải Nobel với phát minh đó.,https://audio.tudienkala.com/data/cache/images/300x225/i/n/invention1.jpg,https://audio.tudienkala.com/audio/i/n/invention.mp3
109,iron,/aɪən/,v,là (quần áo),Can you help me iron this shirt?,Em giúp anh là cái áo này được không?,https://audio.tudienkala.com/data/cache/images/300x225/i/r/iron1.jpg,https://audio.tudienkala.com/audio/i/r/iron.mp3
109,joint,/dʒɔint/,adj,"chung, cùng",They were joint owners of the house (= they owned it together).,Họ là chủ sở hữu chung của ngôi nhà (= họ sở hữu nó với nhau).,https://audio.tudienkala.com/data/cache/images/300x225/j/o/joint1.png,https://audio.tudienkala.com/audio/j/o/joint.mp3
109,knife,/nʌɪf/,n,dao,Use a sharp knife to cut the melon into sections.,Sử dụng một con dao sắc để cắt dưa thành nhiều phần.,https://audio.tudienkala.com/data/cache/images/300x225/k/n/knife1.jpg,https://audio.tudienkala.com/audio/k/n/knife.mp3
109,living,/ˈlɪvɪŋ/,adj,(còn) sống,I like living there.,Tôi thích sống ở đó.,https://audio.tudienkala.com/data/cache/images/300x225/l/i/living2.jpg,https://audio.tudienkala.com/audio/l/i/living.mp3
109,lock,/lɒk/,v,khóa,He locked the confidential documents in his filing cabinet.,Anh ta khóa các tài liệu mật trong tủ đựng tài liệu.,https://audio.tudienkala.com/data/cache/images/300x225/l/o/lock1.png,https://audio.tudienkala.com/audio/l/o/lock.mp3
109,output,/ˈaʊtpʊt/,n,"sản lượng, đầu ra",Manufacturing output has increased by 8%.,Sản lượng sản xuất đã tăng 8%.,https://audio.tudienkala.com/data/cache/images/300x225/o/u/output1.jpg,https://audio.tudienkala.com/audio/o/u/output.mp3
109,person,/ˈpɜrsən/,n,người (một người),He's just the person we need for the job.,Anh ta chỉ là người mà chúng ta cần cho công việc.,https://audio.tudienkala.com/data/cache/images/300x225/p/e/person1.png,https://audio.tudienkala.com/audio/p/e/person.mp3
109,physics,/ˈfɪzɪks /,n,môn Vật Lý,I’m not good at physics.,Tớ không giỏi môn vật lý.,https://audio.tudienkala.com/data/cache/images/300x225/p/h/physics1.png,https://audio.tudienkala.com/audio/p/h/physics.mp3
109,rank,/ræŋk/,n,thứ hạng,Vietnamese athletes compete regionally and internationally and hold high ranks in many sports.,Các vận động viên Việt Nam tranh tài trong khu vực và quốc tế và giữ những thứ hạng cao ở nhiều môn thể thao.,https://audio.tudienkala.com/data/cache/images/300x225/r/a/rank2.png,https://audio.tudienkala.com/audio/r/a/rank.mp3
109,relaxed,/rɪˈlækst/,adj,"thanh thản, thoải mái",He appeared relaxed and confident before the match,Anh ấy xuất hiện thoải mái và tự tin trước trận đấu,https://audio.tudienkala.com/data/cache/images/300x225/r/e/relaxed1.jpg,https://audio.tudienkala.com/audio/r/e/relaxed.mp3
109,shaped,/ʃeɪpt/,adj,có hình dạng,There 're six differently shaped chairs.,Có sáu cái ghế có hình dạng khác nhau.,https://audio.tudienkala.com/data/images_example/300x225/t/h/there_re_s_ex2_587727ad7f8b9a01308b4625.jpg,https://audio.tudienkala.com/audio/s/h/shaped.mp3
109,shut,/ʃʌt/,v,"đóng, gập lại, nhắm (mắt)",Philip went into his room and shut the door behind him.,Philip đã đi vào phòng và đóng cửa lại.,https://audio.tudienkala.com/data/cache/images/300x225/s/h/shut2.jpg,https://audio.tudienkala.com/audio/s/h/shut.mp3
109,soil,/sɔɪl/,n,đất,It is very difficult to grow any plant on this type of soil.,Để phát triển bất kỳ thực vật trên loại đất này là vô cùng khó khăn.,https://audio.tudienkala.com/data/cache/images/300x225/s/o/soil1.png,https://audio.tudienkala.com/audio/s/o/soil.mp3
109,sore,/sɔːr/,adj,đau,His feet were sore after the walk.,Chân của ông đã bị đau sau khi đi bộ.,https://audio.tudienkala.com/data/images_example/300x225/h/i/his_feet_w_ex2_5624bed17f8b9ac711196743.jpg,https://audio.tudienkala.com/audio/s/o/sore.mp3
109,spring,/spriɳ/,n,mùa xuân,It's warm in the spring.,Trời ấm áp vào mùa xuân.,https://audio.tudienkala.com/data/cache/images/300x225/s/p/spring1.jpg,https://audio.tudienkala.com/audio/s/p/spring.mp3
109,surely,/ˈʃɔːli/,adv,chắc chắn,Surely we should do something about it?,Chắc chắn chúng ta nên làm một cái gì đó về nó phải không?,https://audio.tudienkala.com/data/cache/images/300x225/s/u/surely2.jpg,https://audio.tudienkala.com/audio/s/u/surely.mp3
109,tomato,/təˈmeɪtəʊ/,n,cà chua,There are some tomatoes in the fridge.,Có một số cà chua trong tủ lạnh.,https://audio.tudienkala.com/data/cache/images/300x225/t/o/tomato1.png,https://audio.tudienkala.com/audio/t/o/tomato.mp3
109,visible,/ˈvɪzəbl/,adj,có thể nhìn thấy được,The house is clearly visible from the beach.,Ngôi nhà có thể nhìn thấy rõ từ ngoài biển.,https://audio.tudienkala.com/data/cache/images/300x225/v/i/visible1.png,https://audio.tudienkala.com/audio/v/i/visible.mp3
109,willing,/ˈwɪlɪŋ/,adj,"sẵn lòng, sẵn sàng",Would you be willing to help me with my essay?,Bạn có sẵn sàng để giúp tôi với bài luận của tôi?,https://audio.tudienkala.com/data/cache/images/300x225/w/i/willing2.jpg,https://audio.tudienkala.com/audio/w/i/willing.mp3
109,youth,/juːθ/,n,"tuổi trẻ, tuổi xuân","She regrets spending her youth travelling, not studying.",Cô ấy hối tiếc vì đã dành thời gian tuổi trẻ của mình để đi du lịch thay vì học hành.,https://audio.tudienkala.com/data/cache/images/300x225/y/o/youth1.jpg,https://audio.tudienkala.com/audio/y/o/youth.mp3
109,against,/əˈɡenst/,prep,chống lại,She was forced to marry against her will,Cô bị buộc phải kết hôn ngược lại với ý muốn của mình,https://audio.tudienkala.com/data/cache/images/300x225/a/g/against1.jpg,https://audio.tudienkala.com/audio/a/g/against.mp3
109,arise,/əˈraɪz/,v,nảy sinh; phát sinh,A storm has arisen recently.,Một cơn bão xảy ra gần đây.,https://audio.tudienkala.com/data/images_example/300x225/a/_/a_storm_ar_ex1_587726be7f8b9ae72f8b456d.jpg,https://audio.tudienkala.com/audio/a/r/arise.mp3
109,behaviour,/bi'heivjə/,n,"thái độ, hành vi, cách cư xử, cách đối xử, cách ăn ở",Suspicious behaviour in a department store will draw the attention of the security guards.,Thái độ khả nghi ở trong cửa hàng bách hóa sẽ thu hút sự chú ý của nhân viên an ninh.,https://audio.tudienkala.com/data/images_example/300x225/s/u/suspicious_ex1_580de4657f8b9a84688b4597.png,https://audio.tudienkala.com/audio/b/e/behaviour.mp3
109,benefit,/'benifit/,n,lợi ích,The discovery of oil brought many benefits to the country.,Việc phát hiện ra dầu hỏa mang đến nhiều lợi ích cho đất nước đó.,https://audio.tudienkala.com/data/images_example/300x225/t/h/the_discov_ex1_56248d157f8b9a040dc65ecc.jpg,https://audio.tudienkala.com/audio/b/e/benefit.mp3
109,cabinet,/ˈkæbɪnət/,n,"nội các, chính phủ",They are cabinet minister.,Họ là các thành viên chính phủ.,https://audio.tudienkala.com/data/cache/images/300x225/c/a/cabinet2.jpg,https://audio.tudienkala.com/audio/c/a/cabinet.mp3
109,conservative,/kən'sə:vətiv/,adj,bảo thủ,My brother is the most conservative person in my family. He always thinks that his idea is right.,Em trai của tôi là người bảo thủ nhất trong gia đình. Em ấy lúc nào cũng nghĩ rằng quan điểm của em ấy là đúng.,https://audio.tudienkala.com/data/cache/images/300x225/c/o/conservative1.png,https://audio.tudienkala.com/audio/c/o/conservative.mp3
109,core,/kɔːr/,n,"lõi, hạch (trái cây)",Don't throw your apple core on the floor!,Đừng ném lõi táo của bạn trên sàn nhà!,https://audio.tudienkala.com/data/cache/images/300x225/c/o/core2.jpg,https://audio.tudienkala.com/audio/c/o/core.mp3
109,count,/kaʊnt/,v,"đếm, tính",She can count up to 10 in Italian.,Cô bé có thể đếm đến 10 bằng tiếng Ý.,https://audio.tudienkala.com/data/cache/images/300x225/c/o/count1.png,https://audio.tudienkala.com/audio/c/o/count.mp3
109,deal with something,/diːl wɪð ˈsʌmθɪŋ/,v,"giải quyết, thực hiện (nhiệm vụ gì đó,...)",Have you dealt with these letters yet?,Bạn đã giải quyết những bức thư chưa?,https://audio.tudienkala.com/data/cache/images/300x225/d/e/deal_with_something2.jpg,https://audio.tudienkala.com/audio/d/e/deal_with_something.mp3
109,eight,/eɪt/,cardinal no,số tám,My father has 8 brothers.,Cha tôi có 8 người anh em.,https://audio.tudienkala.com/data/cache/images/300x225/e/i/eight1.png,https://audio.tudienkala.com/audio/e/i/eight.mp3
110,emerge,/ɪˈmɜːdʒ/,v,"đi ra từ một nơi tối, hạn hẹp hay ẩn; nổi lên, hiện ra",Several possible candidates have emerged.,Một số ứng viên tiềm năng đã xuất hiện.,https://audio.tudienkala.com/data/images_example/300x225/s/e/several_po_ex1_587727af7f8b9a01308b4633.png,https://audio.tudienkala.com/audio/e/m/emerge.mp3
110,fetch,/fetʃ/,v,"tìm về, mang về","Could you fetch my glasses from my room for me, please?",Bạn có thể lấy giúp mình cặp kính ở trong phòng của mình được không?,https://audio.tudienkala.com/data/cache/images/300x225/f/e/fetch1.gif,https://audio.tudienkala.com/audio/f/e/fetch.mp3
110,hot,/hɔt/,adj,nóng,It's very hot today.,Ngày hôm nay rất nóng.,https://audio.tudienkala.com/data/images_example/300x225/i/t/its_very_h_ex1_56248cef7f8b9af60c143263.png,https://audio.tudienkala.com/audio/h/o/hot.mp3
110,liquid,/ˈlɪkwɪd/,n,chất lỏng,Water is a kind of liquid.,Nước là một dạng chất lỏng.,https://audio.tudienkala.com/data/cache/images/300x225/l/i/liquid1.png,https://audio.tudienkala.com/audio/l/i/liquid.mp3
110,matching,/ˈmætʃɪŋ/,adj,"đồng bộ, xứng nhau (về màu sắc, kiểu dáng, ...)",The man at the gate wore a matching uniform.,Người đàn ông ở cổng mặc đồng phục giống vậy.,https://audio.tudienkala.com/data/cache/images/300x225/m/a/matching2.jpg,https://audio.tudienkala.com/audio/m/a/matching.mp3
110,mental,/ˈmentəl/,adj,(thuộc về) trí óc,They are mental terrorists.,Họ là những kẻ khủng bố tinh thần.,https://audio.tudienkala.com/data/cache/images/300x225/m/e/mental2.jpg,https://audio.tudienkala.com/audio/m/e/mental.mp3
110,neat,/niːt/,adj,"gọn gàng; được làm, sắp xếp một cách cẩn thận",They sat in her neat and tidy kitchen.,Họ ngồi trong nhà bếp gọn gàng và ngăn nắp của mình.,https://audio.tudienkala.com/data/cache/images/300x225/n/e/neat2.jpeg,https://audio.tudienkala.com/audio/n/e/neat.mp3
110,next to,/ nɛkst tu/,prep,bên cạnh,The girl is standing next to the table.,Cô bé đang đứng cạnh cái bàn.,https://audio.tudienkala.com/data/images_example/300x225/t/h/the_girl_i_ex1_58252c3e7f8b9aa2078b45b8.jpg,https://audio.tudienkala.com/audio/n/e/next_to.mp3
110,pause,/pɑːz/,n,"sự tạm nghỉ, ngưng",There was a long pause before she answered.,Một khoảng lặng rất lâu trước khi cô trả lời.,https://audio.tudienkala.com/data/cache/images/300x225/p/a/pause2.jpg,https://audio.tudienkala.com/audio/p/a/pause.mp3
110,president,/ˈprezɪdənt/,n,"hiệu trưởng, chủ tịch",Mr. Trung is the president of my school.,Ông Trung là hiệu trưởng của trường tôi.,https://audio.tudienkala.com/data/cache/images/300x225/p/r/president1.png,https://audio.tudienkala.com/audio/p/r/president.mp3
110,seven,/ˈsɛv(ə)n/,cardinal no,số bảy,My younger sister is 7 years old.,Em gái tôi 7 tuổi.,https://audio.tudienkala.com/data/cache/images/300x225/s/e/seven1.png,https://audio.tudienkala.com/audio/s/e/seven.mp3
110,short,/ʃɔ:t/,adj,"thấp, ngắn",He is short and fat.,Ông ấy thấp và béo.,https://audio.tudienkala.com/data/cache/images/300x225/s/h/short1.png,https://audio.tudienkala.com/audio/s/h/short.mp3
110,significantly,/sɪɡˈnɪf.ɪ.kənt.li/,adv,"nhiều, to lớn, quan trọng",Profits have increased significantly over the past few years.,Lợi nhuận đã tăng đáng kể trong vài năm qua.,https://audio.tudienkala.com/data/cache/images/300x225/s/i/significantly2.jpg,https://audio.tudienkala.com/audio/s/i/significantly.mp3
110,space,/speɪs/,n,không gian,Is there any space for my clothes in that cupboard?,Còn chỗ nào cho quần áo của mình trong chiếc tủ đó không?,https://audio.tudienkala.com/data/cache/images/300x225/s/p/space1.jpg,https://audio.tudienkala.com/audio/s/p/space.mp3
110,suited,/ˈsuː.t̬ɪd/,adj,phù hợp,This diet is suited to anyone who wants to lose weight fast.,Chế độ ăn này là phù hợp với những ai muốn giảm cân nhanh.,https://audio.tudienkala.com/data/images_example/300x225/t/h/this_diet__ex2_587727b27f8b9a01308b463f.jpg,https://audio.tudienkala.com/audio/s/u/suited.mp3
110,tax,/tæks/,n,thuế,Tax evasion is illegal.,Trốn thuế là bất hợp pháp.,https://audio.tudienkala.com/data/cache/images/300x225/t/a/tax1.jpg,https://audio.tudienkala.com/audio/t/a/tax.mp3
110,threatening,/ˈθret.ən.ɪŋ/,adj,gây đe dọa,The house seemed less threatening in the cold light of day.,Ngôi nhà dường như ít đe dọa trong ánh sáng lạnh ban ngày.,https://audio.tudienkala.com/data/cache/images/300x225/t/h/threatening2.jpg,https://audio.tudienkala.com/audio/t/h/threatening.mp3
110,wet,/wet/,adj,ướt,Her hair was still dripping wet.,Tóc cô ất vẫn còn ướt sũng.,https://audio.tudienkala.com/data/images_example/300x225/h/e/her_hair_w_ex2_5624bed17f8b9ac7111967e5.jpg,https://audio.tudienkala.com/audio/w/e/wet.mp3
110,your,/jɔ:/,poss adj,"của bạn, của các bạn, của anh ...",Your pen is very nice.,Bút của bạn rất đẹp.,https://audio.tudienkala.com/data/cache/images/300x225/y/o/your1.jpg,https://audio.tudienkala.com/audio/y/o/your.mp3
110,annual,/ˈænjuəl/,adj,hàng năm,That is their annual test.,Đó là bài kiểm tra hàng năm của họ.,https://audio.tudienkala.com/data/cache/images/300x225/a/n/annual2.png,https://audio.tudienkala.com/audio/a/n/annual.mp3
110,assistance,/ə´sistəns/,n,"sự giúp đỡ, hỗ trợ",The work was completed with the assistance of carpenters,Công việc đã được hoàn thành với sự trợ giúp của người thợ mộc,https://audio.tudienkala.com/data/cache/images/300x225/a/s/assistance1.jpg,https://audio.tudienkala.com/audio/a/s/assistance.mp3
110,boss,/bɒs/,n,chủ,I like being my own boss.,Tôi thích là ông chủ của riêng tôi.,https://audio.tudienkala.com/data/cache/images/300x225/b/o/boss1.png,https://audio.tudienkala.com/audio/b/o/boss.mp3
110,design,/dɪˈzaɪn/,n,"kiểu dáng, thiết kế",This dress has a beautiful design.,Trang phục này có một thiết kế đẹp.,https://audio.tudienkala.com/data/images_example/300x225/t/h/this_dress_ex1_56248d007f8b9afc0c298055.jpg,https://audio.tudienkala.com/audio/d/e/design.mp3
110,equipment,/ɪˈkwɪpmənt/,n,thiết bị,"The company is in need of new office equipment such as computers, printers and photocopiers.","Công ty đang cần các thiết bị văn phòng mới như máy tính, máy in và máy photocopy.",https://audio.tudienkala.com/data/cache/images/300x225/e/q/equipment1.png,https://audio.tudienkala.com/audio/e/q/equipment.mp3
110,flu,/fluː/,n,"cúm, bệnh cúm",The whole family has the flu.,Cả nhà đều bị cúm.,https://audio.tudienkala.com/data/cache/images/300x225/f/l/flu1.png,https://audio.tudienkala.com/audio/f/l/flu.mp3
110,intended,/ɪnˈtendɪd/,adj,được mong đợi,The bullet missed its intended target.,Viên đạn bỏ lỡ mục tiêu dự định của nó.,https://audio.tudienkala.com/data/cache/images/300x225/i/n/intended2.jpg,https://audio.tudienkala.com/audio/i/n/intended.mp3
110,mail,/meɪl/,v,gửi thư,Could you mail it to me?,Bạn có thể gửi nó cho tôi không?,https://audio.tudienkala.com/data/cache/images/300x225/m/a/mail1.jpg,https://audio.tudienkala.com/audio/m/a/mail.mp3
110,night,/naɪt/,n,đêm,The trip was for ten nights.,Chuyến đi trong mười đêm.,https://audio.tudienkala.com/data/cache/images/300x225/n/i/night1.jpg,https://audio.tudienkala.com/audio/n/i/night.mp3
110,occupy,/'ɔkjupai/,v,"chiếm giữ, ở, cư ngụ",Our company has occupied this office for more than five years.,Công ty chúng tôi đã ở văn phòng này hơn 5 năm.,https://audio.tudienkala.com/data/cache/images/300x225/o/c/occupy1.jpg,https://audio.tudienkala.com/audio/o/c/occupy.mp3
110,opposite,/ˈɒpəzɪt/,prep,đối diện,Two women are sitting opposite each other.,Hai người phụ nữ đang ngồi đối diện nhau.,https://audio.tudienkala.com/data/images_example/300x225/t/w/two_women__ex1_56248cee7f8b9af60c142f0f.jpg,https://audio.tudienkala.com/audio/o/p/opposite.mp3
110,quarter,/ˈkwɔːrtə(r)/,n,"1/4, 15 phút",It's a quarter past five.,Bây giờ là 5 giờ 15 phút.,https://audio.tudienkala.com/data/cache/images/300x225/q/u/quarter-l61.png,https://audio.tudienkala.com/audio/q/u/quarter-l6.mp3
110,representative,/ˌreprɪˈzentətɪv/,n,"người đại diện, đại diện",The conference was attended by representatives from many countries.,Buổi hội thảo có sự góp mặt của các đại diện đến từ nhiều nước.,https://audio.tudienkala.com/data/cache/images/300x225/r/e/representative1.jpg,https://audio.tudienkala.com/audio/r/e/representative.mp3
110,rise,/raɪz/,v,"mọc (mặt trời), nhô lên",The Sun rises in the East.,Mặt trời mọc ở hướng Đông.,https://audio.tudienkala.com/data/cache/images/300x225/r/i/rise1.png,https://audio.tudienkala.com/audio/r/i/rise.mp3
110,section,/ˈsekʃən/,n,"bộ phận, phòng, ban",He's the director of the finance section.,Ông là giám đốc bộ phận tài chính.,https://audio.tudienkala.com/data/images_example/300x225/h/e/hes_the_di_ex1_587726db7f8b9ae72f8b4617.jpg,https://audio.tudienkala.com/audio/s/e/section.mp3
110,shame,/ʃeɪm/,n,"sự xấu hổ, hổ thẹn",He could not live with the shame of other people knowing the truth.,Anh không thể sống với sự xấu hổ khi người khác biết sự thật.,https://audio.tudienkala.com/data/cache/images/300x225/s/h/shame2.jpg,https://audio.tudienkala.com/audio/s/h/shame.mp3
110,shout,/ʃaʊt/,v,"la hét, reo hò",I shouted for help but nobody came.,Tôi hét lên cầu cứu nhưng không ai đến.,https://audio.tudienkala.com/data/cache/images/300x225/s/h/shout1.png,https://audio.tudienkala.com/audio/s/h/shout.mp3
110,sincere,/sɪnˈsɪər/,adj,chân thành,That's the sincere friendship.,Đó là một tình bạn chân thành.,https://audio.tudienkala.com/data/cache/images/300x225/s/i/sincere2.jpg,https://audio.tudienkala.com/audio/s/i/sincere.mp3
110,start,/stɑːrt/,v,bắt đầu,It started to rain.,Trời bắt đầu mưa.,https://audio.tudienkala.com/data/images_example/300x225/i/t/it_started_ex1_56248cf37f8b9af80c011dd1.jpg,https://audio.tudienkala.com/audio/s/t/start.mp3
110,test,/test/,v,"kiểm tra, thử nghiệm","Children are tested on core subjects at ages 7, 11 and 14.","Trẻ em được thử nghiệm trên các môn học chính ở các độ tuổi 7, 11 và 14.",https://audio.tudienkala.com/data/cache/images/300x225/t/e/test1.png,https://audio.tudienkala.com/audio/t/e/test.mp3
110,than,/ðən/,conj,hơn,I'm older than her.,Tôi lớn tuổi hơn cô ấy.,https://audio.tudienkala.com/data/cache/images/300x225/t/h/than1.jpg,https://audio.tudienkala.com/audio/t/h/than.mp3
110,thickness,/ˈθɪknəs/,n,độ dày,Use wood of at least 12 mm thickness.,Sử dụng gỗ có độ dày ít nhất 12 mm.,https://audio.tudienkala.com/data/cache/images/300x225/t/h/thickness2.jpg,https://audio.tudienkala.com/audio/t/h/thickness.mp3
110,topic,/ˈtɒpɪk/,n,chủ đề,The main topic of conversation was Tom's new girlfriend.,Chủ đề chính của cuộc hội thoại là bạn gái mới của Tom.,https://audio.tudienkala.com/data/cache/images/300x225/t/o/topic2.jpg,https://audio.tudienkala.com/audio/t/o/topic.mp3
110,total,/ˈtəʊtl/,adj n,tổng cộng,"We made $700 in total, over three days of trading.",Chúng tớ đã kiếm ra tổng số hơn 700 đô la trong hơn 3 ngày bán hàng.,https://audio.tudienkala.com/data/cache/images/300x225/t/o/total1.jpg,https://audio.tudienkala.com/audio/t/o/total.mp3
110,unimportant,/ˌʌnɪmˈpɔːtənt/,adj,không quan trọng,The chairman dismissed his suggestion as unimportant.,Ông chủ tịch đã gạt bỏ đề nghị của anh ta vì không quan trọng.,https://audio.tudienkala.com/data/cache/images/300x225/u/n/unimportant2.jpg,https://audio.tudienkala.com/audio/u/n/unimportant.mp3
110,urge,/ə:dʒ/,v,"thúc giục, khuyến cáo",His mother urged him to study the piano.,Mẹ anh ta đã thúc giục anh ta học đàn piano.,https://audio.tudienkala.com/data/cache/images/300x225/u/r/urge1.png,https://audio.tudienkala.com/audio/u/r/urge.mp3
110,urgent,/ˈɜːdʒənt/,adj,"cấp bách, khẩn cấp",Building schools and hospitals is most urgent.,Xây dựng trường học và bệnh viện là điều cấp bách nhất.,https://audio.tudienkala.com/data/cache/images/300x225/u/r/urgent1.jpg,https://audio.tudienkala.com/audio/u/r/urgent.mp3
110,usual,/ˈjuːʒuəl/,adj,thường lệ,He came home later than usual.,Ông trở về nhà muộn hơn thường lệ.,https://audio.tudienkala.com/data/cache/images/300x225/u/s/usual2.jpg,https://audio.tudienkala.com/audio/u/s/usual.mp3
111,western,/ˈwestɚn/,adj,ở phía tây,They are interested in Western culture.,Họ quan tâm đến văn hóa phương Tây.,https://audio.tudienkala.com/data/cache/images/300x225/w/e/western2.jpg,https://audio.tudienkala.com/audio/w/e/western.mp3
111,wrong,/rɒŋ/,adv,sai,What am I doing wrong?,Tôi đang làm gì sai?,https://audio.tudienkala.com/data/cache/images/300x225/w/r/wrong1.png,https://audio.tudienkala.com/audio/w/r/wrong.mp3
111,alphabet,/ˈalfəbɛt/,n,bảng chữ cái,Alpha is the first letter of the Greek alphabet,Alpha là chữ cái đầu tiên của bảng chữ cái Hy Lạp,https://audio.tudienkala.com/data/cache/images/300x225/a/l/alphabet1.png,https://audio.tudienkala.com/audio/a/l/alphabet.mp3
111,business,/ˈbɪznəs/,n,kinh doanh,It's been a pleasure to do business with you,Thật vui khi làm kinh doanh với bạn,https://audio.tudienkala.com/data/cache/images/300x225/b/u/business1.jpg,https://audio.tudienkala.com/audio/b/u/business.mp3
111,by,/bʌɪ/,prep,bên cạnh,The girl is standing by the table.,Cô bé đang đứng cạnh cái bàn.,https://audio.tudienkala.com/data/images_example/300x225/t/h/the_girl_i_ex1_585115ec7f8b9a36088b4582.jpg,https://audio.tudienkala.com/audio/b/y/by.mp3
111,chop,/tʃɒp/,v,băm nhỏ,Chop the carrots up into small pieces,Cắt cà rốt thành miếng nhỏ,https://audio.tudienkala.com/data/cache/images/300x225/c/h/chop1.jpg,https://audio.tudienkala.com/audio/c/h/chop.mp3
111,closed,/kləʊzd/,adj,đã đóng,Keep the door closed.,Giữ cho cánh cửa đóng lại.,https://audio.tudienkala.com/data/cache/images/300x225/c/l/closed1.jpg,https://audio.tudienkala.com/audio/c/l/closed.mp3
111,complaint,/kəmˈpleɪnt/,n,"lời than phiền, đơn khiếu nại",You have no grounds for complaint.,Bạn không có căn cứ để khiếu nại.,https://audio.tudienkala.com/data/cache/images/300x225/c/o/complaint1.jpg,https://audio.tudienkala.com/audio/c/o/complaint.mp3
111,cough,/kɒf/,v,ho,He caught a cold and has been coughing for three days.,Anh bị cảm lạnh và ho trong ba ngày.,https://audio.tudienkala.com/data/cache/images/300x225/c/o/cough1.png,https://audio.tudienkala.com/audio/c/o/cough.mp3
111,cousin,/ˈkʌzən/,n,"anh, chị, em họ",She's my cousin.,Cô ấy là người em họ của tôi.,https://audio.tudienkala.com/data/cache/images/300x225/c/o/cousin2.jpg,https://audio.tudienkala.com/audio/c/o/cousin.mp3
111,dark,/dɑːk/,adj,tối,It was dark outside and I couldn't see much.,Ngoài trời rất tối và tôi không thấy gì cả.,https://audio.tudienkala.com/data/cache/images/300x225/d/a/dark1.jpg,https://audio.tudienkala.com/audio/d/a/dark.mp3
111,early,/ˈɜːrli/,adv,sớm,The best rooms go to those who book earliest.,Các phòng tốt nhất cho những người đặt sớm nhất.,https://audio.tudienkala.com/data/cache/images/300x225/e/a/early1.jpg,https://audio.tudienkala.com/audio/e/a/early.mp3
111,forward,/ˈfɔːwəd/,v,phía trước,I put ‘please forward’ on the envelope.,Tôi đặt 'Đề nghị gửi chuyển tiếp' trên phong bì.,https://audio.tudienkala.com/data/cache/images/300x225/f/o/forward2.jpg,https://audio.tudienkala.com/audio/f/o/forward.mp3
111,freeze,/friːz/,v,"(làm) đóng băng, đông lại",It's so cold that even the river has frozen.,Trời lạnh thậm chí những dòng sông đã đóng băng.,https://audio.tudienkala.com/data/cache/images/300x225/f/r/freeze2.jpeg,https://audio.tudienkala.com/audio/f/r/freeze.mp3
111,mixture,/ˈmɪkstʃər/,n,"sự pha trộn, kết hợp",Their latest CD is a mixture of new and old songs.,Đĩa đơn mới nhất của họ là sự kết hợp của những bài hát xưa và nay.,https://audio.tudienkala.com/data/cache/images/300x225/m/i/mixture1.png,https://audio.tudienkala.com/audio/m/i/mixture.mp3
111,our,/ˈaʊə/,poss adj,của chúng tôi,Our school is very nice.,Trường chúng tôi rất là đẹp.,https://audio.tudienkala.com/data/cache/images/300x225/o/u/our1.jpg,https://audio.tudienkala.com/audio/o/u/our.mp3
111,past,/pɑ:st/,past,qua (khi nói giờ),It's half past seven.,Bây giờ là bảy giờ rưỡi.,https://audio.tudienkala.com/data/images_example/300x225/i/t/its_half_p_ex1_56248cee7f8b9af60c142e33.jpg,https://audio.tudienkala.com/audio/p/a/past.mp3
111,personally,/ˈpɜːsənəli/,adv,theo ý kiến cá nhân tôi,"Personally, I prefer the second option.","Cá nhân tôi, tôi thích sự lựa chọn thứ hai.",https://audio.tudienkala.com/data/cache/images/300x225/p/e/personally2.png,https://audio.tudienkala.com/audio/p/e/personally.mp3
111,pitch,/pɪtʃ/,n,sân (thể thao),The rugby tour was a disaster both on and off the pitch.,Các tour du lịch bóng bầu dục là một thảm họa cả trong và ngoài sân cỏ.,https://audio.tudienkala.com/data/cache/images/300x225/p/i/pitch2.jpg,https://audio.tudienkala.com/audio/p/i/pitch.mp3
111,relax,/rɪˈlæks/,v,thư giãn,Just relax and enjoy the vacation.,Hãy thư giãn và thưởng thức kỳ nghỉ.,https://audio.tudienkala.com/data/cache/images/300x225/r/e/relax1.png,https://audio.tudienkala.com/audio/r/e/relax.mp3
111,respect,/riˈspekt/,n,"tộn trọng, kính trọng, khâm phục",She was respected by everyone she worked with.,Cô ấy tôn trọng tất cả mọi người mà cô ấy làm việc cùng.,https://audio.tudienkala.com/data/images_example/300x225/s/h/she_was_re_ex1_581ad5ba7f8b9ab2078b45ec.jpg,https://audio.tudienkala.com/audio/r/e/respect.mp3
111,result,/ri'zʌlt/,n,"kết quả, đáp số",The scientific results prove that the new procedure is not significantly safer than the traditional one.,Các kết quả khoa học đã chứng minh rằng thủ tục mới không an toàn hơn đáng kể so với thủ tục truyền thống.,https://audio.tudienkala.com/data/cache/images/300x225/r/e/result1.png,https://audio.tudienkala.com/audio/r/e/result.mp3
111,right,/raɪt/,n,bên phải,My bag is on your right.,Túi của tôi là ở bên phải của bạn.,https://audio.tudienkala.com/data/cache/images/300x225/r/i/right1.jpg,https://audio.tudienkala.com/audio/r/i/right.mp3
111,summary,/ˈsʌməri/,n,"(bài, bản) tóm tắt",What is job summary?,Tóm tắt công việc là gì?,https://audio.tudienkala.com/data/cache/images/300x225/s/u/summary2.jpg,https://audio.tudienkala.com/audio/s/u/summary.mp3
111,tendency,/ˈtendənsi/,n,"xu hướng, khuynh hướng",I have a tendency to talk too much when I'm nervous.,Tôi có xu hướng nói quá nhiều khi tôi lo lắng.,https://audio.tudienkala.com/data/cache/images/300x225/t/e/tendency2.jpg,https://audio.tudienkala.com/audio/t/e/tendency.mp3
111,threaten,/ˈθretən/,v,đe doạ,The mugger threatened to kill him.,Người chủ mưu đe dọa giết anh ta.,https://audio.tudienkala.com/data/cache/images/300x225/t/h/threaten2.jpg,https://audio.tudienkala.com/audio/t/h/threaten.mp3
111,timetable,/'taɪmteɪbl/,n,thời khóa biểu,This is a new timetable.,Đây là thời khóa biểu mới.,https://audio.tudienkala.com/data/cache/images/300x225/t/i/timetable-l61.png,https://audio.tudienkala.com/audio/t/i/timetable-l6.mp3
111,tool,/tuːl/,n,dụng cụ,Always select the right tool for the job.,Luôn luôn chọn đúng công cụ cho công việc.,https://audio.tudienkala.com/data/cache/images/300x225/t/o/tool1.jpg,https://audio.tudienkala.com/audio/t/o/tool.mp3
111,unit,/ˈjuːnɪt/,n,đơn vị,The basic unit of society is the family.,Đơn vị cơ bản của xã hội là gia đình.,https://audio.tudienkala.com/data/cache/images/300x225/u/n/unit2.png,https://audio.tudienkala.com/audio/u/n/unit.mp3
111,version,/ˈvɜːʃən/,n,phiên bản,That singing contest has different versions all over the world.,Cuộc thi ca hát đó có nhiều phiên bản khác nhau trên toàn thế giới.,https://audio.tudienkala.com/data/cache/images/300x225/v/e/version2.jpg,https://audio.tudienkala.com/audio/v/e/version.mp3
111,vision,/ˈvɪʒən/,n,tầm nhìn,"The bloc motto is: 'One vision, One identity, One community.'","Khẩu hiệu của khối là 'Một tầm nhìn, Một bản sắc, Một cộng đồng.'",https://audio.tudienkala.com/data/cache/images/300x225/v/i/vision2.jpg,https://audio.tudienkala.com/audio/v/i/vision.mp3
111,yeah,/jeə/,exclamation,vâng,"Yeah, that's life.","Vâng, đó là cuộc sống .",https://audio.tudienkala.com/data/cache/images/300x225/y/e/yeah2.png,https://audio.tudienkala.com/audio/y/e/yeah.mp3
111,angle,/ˈæŋɡl/,n,góc,Let's look at it from another angle.,Chúng ta hay nhìn nó từ góc độ khác.,https://audio.tudienkala.com/data/cache/images/300x225/a/n/angle1.png,https://audio.tudienkala.com/audio/a/n/angle.mp3
111,climate,/ˈklaɪmət/,n,khí hậu,Viet Nam has a tropical climate.,Việt Nam có khí hậu nhiệt đới.,https://audio.tudienkala.com/data/cache/images/300x225/c/l/climate1.jpg,https://audio.tudienkala.com/audio/c/l/climate.mp3
111,cycling,/ˈsʌɪklɪŋ/,n,đạp xe đạp,Cycling attracts many people in the world.,Đạp xe đạp thu hút nhiều người trên thế giới.,https://audio.tudienkala.com/data/cache/images/300x225/c/y/cycling-1.jpg,https://audio.tudienkala.com/audio/c/y/cycling.mp3
111,depressed,/dɪˈprest/,adj,"chán nản, thất vọng",She became deeply depressed when her husband died.,Bà ấy thất vọng nặng nề khi chồng mất.,https://audio.tudienkala.com/data/cache/images/300x225/d/e/depressed1.png,https://audio.tudienkala.com/audio/d/e/depressed.mp3
111,diamond,/ˈdaɪəmənd/,n,kim cương,Diamonds are extremely expensive.,Kim cương cực kì đắt.,https://audio.tudienkala.com/data/images_example/300x225/d/i/diamonds_a_ex1_56248d0c7f8b9a000de3d151.jpeg,https://audio.tudienkala.com/audio/d/i/diamond.mp3
111,disagree,/ˌdɪsəˈɡriː/,v,"không đồng ý, bất đồng",Few would disagree that students learn best.,Rất ít người đồng ý rằng học sinh học là tốt nhất.,https://audio.tudienkala.com/data/cache/images/300x225/d/i/disagree2.png,https://audio.tudienkala.com/audio/d/i/disagree.mp3
111,disappoint,"/,disə'pɔint/",v,làm thất vọng,Leila was disappointed to discover that no rental cars were available the weekend she wished to travel.,Leila thất vọng khi phát hiện ra rằng không có xe thuê vào dịp cuối tuần mà cô muốn đi du lịch.,https://audio.tudienkala.com/data/cache/images/300x225/d/i/disappoint1.png,https://audio.tudienkala.com/audio/d/i/disappoint.mp3
111,everywhere,/ˈevriwer/,adv,ở mọi nơi; khắp nơi,He follows me everywhere.,Cậu ấy theo tôi khắp mọi nơi.,https://audio.tudienkala.com/data/cache/images/300x225/e/v/everywhere2.jpg,https://audio.tudienkala.com/audio/e/v/everywhere.mp3
111,following,/ˈfɒləʊɪŋ/,prep,theo sau; là kết quả của một sự kiện gì,He took charge of the family business following his father's death.,Anh ấy đã phụ trách việc kinh doanh của gia đình sau cái chết của cha mình.,https://audio.tudienkala.com/data/cache/images/300x225/f/o/following2.png,https://audio.tudienkala.com/audio/f/o/following.mp3
111,forever,/fərˈevə(r)/,adv,"mãi mãi, vĩnh viễn",I'll love you forever!,Mẹ sẽ yêu con mãi mãi!,https://audio.tudienkala.com/data/cache/images/300x225/f/o/forever1.png,https://audio.tudienkala.com/audio/f/o/forever.mp3
111,government,/ˈgʌv(ə)nˌm(ə)nt/,n,chính phủ,The government is urged to create more jobs.,Chính phủ bị hối thúc tạo thêm nhiều việc làm.,https://audio.tudienkala.com/data/cache/images/300x225/g/o/government1.jpg,https://audio.tudienkala.com/audio/g/o/government.mp3
111,her,/hɜː/,poss adj,"của cô ấy, của bà ấy, của em ấy,...",Her pen is very nice.,Bút của cô ấy rất đẹp.,https://audio.tudienkala.com/data/cache/images/300x225/h/e/her1.jpg,https://audio.tudienkala.com/audio/h/e/her.mp3
111,highlight,/ˈhaɪlaɪt/,v,làm nổi bật,Your résumé should highlight your skills and achievements.,Sơ yếu lý lịch của bạn nên làm nổi bật các kỹ năng và thành tích của bạn.,https://audio.tudienkala.com/data/cache/images/300x225/h/i/highlight1.png,https://audio.tudienkala.com/audio/h/i/highlight.mp3
111,identify,/aɪˈdentɪfaɪ/,v,"nhận diện, nhận biết, xác định",The tiny bracelets identified each baby in the nursery.,Những cái vòng tay bé xíu nhận diện từng em bé ở trong phòng dành riêng cho trẻ nhỏ.,https://audio.tudienkala.com/data/images_example/300x225/t/h/the_tiny_b_ex1_56248cf57f8b9af80c01238d.jpg,https://audio.tudienkala.com/audio/i/d/identify.mp3
111,infection,/ɪnˈfekʃən/,n,sự nhiễm bệnh,My computer has a virus infection.,Máy tính của tôi bị nhiễm vi rút.,https://audio.tudienkala.com/data/cache/images/300x225/i/n/infection2.jpg,https://audio.tudienkala.com/audio/i/n/infection.mp3
111,instrument,/'instrumənt/,n,"dụng cụ, công cụ",The senior physician carried his instruments in a black leather bag.,Người thầy thuốc thâm niên mang những dụng cụ của mình trong một cái túi da màu đen.,https://audio.tudienkala.com/data/images_example/300x225/t/h/the_senior_ex1_56248d167f8b9a040dc6624c.jpg,https://audio.tudienkala.com/audio/i/n/instrument.mp3
112,photograph,/ˈfəʊtəɡrɑːf/,n,"ảnh chụp, bức ảnh",Do you want to take a photograph?,Bạn có muốn chụp một bức ảnh không?,https://audio.tudienkala.com/data/cache/images/300x225/p/h/photograph1.jpg,https://audio.tudienkala.com/audio/p/h/photograph.mp3
112,presentation,/ˌprezənˈteɪʃən/,n,bài trình bày,The speaker gave an interesting presentation on conservation of the environment .,Người phát biểu đã có một bài trình bày thú vị về bảo vệ môi trường.,https://audio.tudienkala.com/data/cache/images/300x225/p/r/presentation1.jpeg,https://audio.tudienkala.com/audio/p/r/presentation.mp3
112,root,/ruːt/,n,rễ cây,Tree roots can cause damage to buildings.,Rễ cây có thể gây ra thiệt hại cho các tòa nhà.,https://audio.tudienkala.com/data/cache/images/300x225/r/o/root2.png,https://audio.tudienkala.com/audio/r/o/root.mp3
112,route,/ruːt/ or /raʊt/,n,tuyến đường,He has been on this route hundreds of times.,Anh ta đã đi trên tuyến đường này hàng trăm lần.,https://audio.tudienkala.com/data/cache/images/300x225/r/o/route1.jpg,https://audio.tudienkala.com/audio/r/o/route.mp3
112,sorry,/ˈsɒri/,adj,"xin lỗi, tiếc",We're sorry to hear that your father's in hospital again.,Chúng tôi rất tiếc khi biết rằng cha bạn vào trong bệnh viện một lần nữa.,https://audio.tudienkala.com/data/cache/images/300x225/s/o/sorry1.png,https://audio.tudienkala.com/audio/s/o/sorry.mp3
112,successful,/səkˈsesfəl/,adj,thành công,We congratulated them on the successful completion of the project.,Chúng tôi chúc mừng họ về sự hoàn thành thành công của dự án.,https://audio.tudienkala.com/data/cache/images/300x225/s/u/successful2.jpeg,https://audio.tudienkala.com/audio/s/u/successful.mp3
112,supporter,/səˈpɔːtər/,n,"người ủng hộ (một đảng chính trị, một ý tưởng,...)",The name of this school is named after its first financial supporter.,Tên của trường này được đặt theo tên của người hỗ trợ tài chính đầu tiên cho nó.,https://audio.tudienkala.com/data/cache/images/300x225/s/u/supporter2.jpg,https://audio.tudienkala.com/audio/s/u/supporter.mp3
112,surrounding,/səˈraʊndɪŋ/,adj,"bao quanh, vây quanh",A lot of the children at the school come from the surrounding countryside.,Nhiều học sinh trong trường đó đến từ vùng nông thôn xung quanh.,https://audio.tudienkala.com/data/cache/images/300x225/s/u/surrounding1.jpg,https://audio.tudienkala.com/audio/s/u/surrounding.mp3
112,truly,/ˈtruːli/,adv,thực sự,I'm truly sorry that things had to end like this.,Tôi thực sự xin lỗi rằng sự việc đã phải kết thúc như thế này.,https://audio.tudienkala.com/data/cache/images/300x225/t/r/truly2.jpg,https://audio.tudienkala.com/audio/t/r/truly.mp3
112,uniform,/ˈjuːnɪfɔːrm/,n,đồng phục,Students in Torah school have to wear uniform from Monday to Friday.,Học sinh ở trường Torah phải mặc đồng phục từ thứ Hai đến thứ Sáu.,https://audio.tudienkala.com/data/cache/images/300x225/u/n/uniform1.png,https://audio.tudienkala.com/audio/u/n/uniform.mp3
112,united,/juːˈnaɪtɪd/,adj,"liên hợp, liên minh",It's the United Nations environment report.,Đó là báo cáo môi trường của Liên Hiệp Quốc.,https://audio.tudienkala.com/data/cache/images/300x225/u/n/united2.jpg,https://audio.tudienkala.com/audio/u/n/united.mp3
112,unusually,/ʌnˈjuːʒuəli/,adv,khác thường,The turnout was unusually low.,Cử tri đi bầu thấp bất thường.,https://audio.tudienkala.com/data/cache/images/300x225/u/n/unusually2.jpg,https://audio.tudienkala.com/audio/u/n/unusually.mp3
112,vital,/ˈvaɪtəl/,adj,"thiết yếu, mang tính quyết định",The presence of oceans is vital for optimal climate stability and habitability.,Sự hiện diện của các đại dương là rất quan trọng cho sự ổn định khí hậu tối ưu và các loài sinh sống.,https://audio.tudienkala.com/data/images_example/300x225/t/h/the_presen_ex1_5877294a7f8b9a6c308b4669.jpg,https://audio.tudienkala.com/audio/v/i/vital.mp3
112,waiter,/ˈweɪtə/,n,phục vụ nam,I'll ask the waiter for the bill.,Tôi sẽ hỏi người phục vụ hóa đơn.,https://audio.tudienkala.com/data/cache/images/300x225/w/a/waiter1.jpg,https://audio.tudienkala.com/audio/w/a/waiter.mp3
112,accent,/ˈæksənt/,n,giọng (phát âm),He has an American accent.,Anh ấy nói giọng Mỹ.,https://audio.tudienkala.com/data/cache/images/300x225/a/c/accent2.jpg,https://audio.tudienkala.com/audio/a/c/accent.mp3
112,assistant,/əˈsɪstənt/,n,"người giúp đỡ, người phụ tá",She is a dentist assistant.,Cô là một trợ lý của nha sĩ.,https://audio.tudienkala.com/data/cache/images/300x225/a/s/assistant1.png,https://audio.tudienkala.com/audio/a/s/assistant.mp3
112,background,/'bækgraund/,n,"kiến thức, kinh nghiệm",Your background in the publishing industry is a definite asset for this job.,Kiến thức của anh trong công nghiệp xuất bản là một vốn quý rõ ràng cho công việc này.,https://audio.tudienkala.com/data/cache/images/300x225/b/a/background1.jpg,https://audio.tudienkala.com/audio/b/a/background.mp3
112,blank,/blæŋk/,n,"khoảng trống (trên mẫu văn bản, để điền thông tin)",Please fill in the blanks.,Xin vui lòng điền vào chỗ trống.,https://audio.tudienkala.com/data/images_example/300x225/p/l/please_fil_ex2_5877294a7f8b9a6c308b466d.jpg,https://audio.tudienkala.com/audio/b/l/blank.mp3
112,coast,/kəʊst/,n,bờ biển,Do you want to explore the coast by boat?,Bạn có muốn khám phá bờ biển bằng thuyền không?,https://audio.tudienkala.com/data/cache/images/300x225/c/o/coast1.png,https://audio.tudienkala.com/audio/c/o/coast.mp3
112,decay,/dɪˈkeɪ/,v,"thối rữa (thực phẩm); sâu, mục (răng, xương, lá...)",Candy can cause tooth decay.,Kẹo có thể gây sâu răng.,https://audio.tudienkala.com/data/images_example/300x225/r/a/raisins_ca_ex2_5877294b7f8b9a6c308b466f.png,https://audio.tudienkala.com/audio/d/e/decay.mp3
112,explosion,/ɪkˈspləʊʒən/,n,vụ nổ,300 people were injured in the explosion.,300 người bị thương trong vụ nổ.,https://audio.tudienkala.com/data/cache/images/300x225/e/x/explosion2.jpg,https://audio.tudienkala.com/audio/e/x/explosion.mp3
112,father,/ˈfɑːðə(r)/,n,"bố, ba, cha,...",My father is a doctor.,Ba tôi là bác sĩ.,https://audio.tudienkala.com/data/cache/images/300x225/f/a/father1.png,https://audio.tudienkala.com/audio/f/a/father.mp3
112,fork,/fɔːk/,n,nĩa,The fork is on the table.,Cái nĩa đang ở trên bàn.,https://audio.tudienkala.com/data/cache/images/300x225/f/o/fork2.jpg,https://audio.tudienkala.com/audio/f/o/fork.mp3
112,forty,/ˈfɔːrti/,no,bốn mươi,My father is forty years old.,Ba tôi bốn mươi tuổi.,https://audio.tudienkala.com/data/cache/images/300x225/f/o/forty-l61.jpg,https://audio.tudienkala.com/audio/f/o/forty-l6.mp3
112,hope,/həʊp/,n,hy vọng,They have given up hope of finding any more survivors.,Họ đã từ bỏ hy vọng tìm thấy người sống sót nhiều hơn.,https://audio.tudienkala.com/data/cache/images/300x225/h/o/hope1.jpg,https://audio.tudienkala.com/audio/h/o/hope.mp3
112,impossible,/ɪmˈpɑːsəbl/,adj,không thể,It was almost impossible to keep up with him.,Hầu như không thể theo kịp anh ta.,https://audio.tudienkala.com/data/cache/images/300x225/i/m/impossible1.png,https://audio.tudienkala.com/audio/i/m/impossible.mp3
112,inform,/ɪnˈfɔːrm/,v,báo tin cho; cho biết; cung cấp tin tức,We regret to inform you that your account has been suspended.,Chúng tôi rất tiếc phải thông báo rằng tài khoản của bạn đã bị treo.,https://audio.tudienkala.com/data/cache/images/300x225/i/n/inform1.jpg,https://audio.tudienkala.com/audio/i/n/inform.mp3
112,many,/ˈmɛni/,adj,nhiều,There are many toys in my room.,Có nhiều đồ chơi trong phòng tôi.,https://audio.tudienkala.com/data/cache/images/300x225/m/a/many1.png,https://audio.tudienkala.com/audio/m/a/many.mp3
112,minimum,/ˈmɪnɪməm/,n,mức tối thiểu,The class needs a minimum of six students to continue.,Các lớp cần tối thiểu là sáu học sinh để tiếp tục.,https://audio.tudienkala.com/data/cache/images/300x225/m/i/minimum2.png,https://audio.tudienkala.com/audio/m/i/minimum.mp3
112,mount,/maʊnt/,n,"ngọn núi, đỉnh núi",He climbed Mount Everest last year.,Ông ấy đã leo lên đỉnh Everest vào năm ngoái.,https://audio.tudienkala.com/data/cache/images/300x225/m/o/mount1.jpg,https://audio.tudienkala.com/audio/m/o/mount.mp3
112,noticeable,/ˈnəʊtɪsəbl/,adj,dễ nhận thấy; rõ ràng,Her scars are hardly noticeable now.,Vết sẹo của cô hầu như bây giờ không dễ nhận thấy.,https://audio.tudienkala.com/data/cache/images/300x225/n/o/noticeable2.jpg,https://audio.tudienkala.com/audio/n/o/noticeable.mp3
112,organization,/ˌɔːɡənaɪˈzeɪʃən/,n,"tổ chức (kinh doanh, tình nguyện,...)",He's the president of a large international organization.,Ông ấy là chủ tịch của một tổ chức quốc tế lớn.,https://audio.tudienkala.com/data/cache/images/300x225/o/r/organization2.jpg,https://audio.tudienkala.com/audio/o/r/organization.mp3
112,pressure,/ˈpreʃər/,n,"sức ép, áp lực",He put too much pressure on the door handle and it snapped.,Anh ta đặt quá nhiều áp lực lên tay nắm cửa và nó bị gãy.,https://audio.tudienkala.com/data/cache/images/300x225/p/r/pressure1.jpg,https://audio.tudienkala.com/audio/p/r/pressure.mp3
112,pure,/pjʊər/,adj,"tinh khiết, nguyên chất, thuần túy",Classical dance in its purest form requires symmetry and balance.,Khiêu vũ cổ điển ở dạng thuần túy nhất của nó đòi hỏi phải có tính đối xứng và cân bằng.,https://audio.tudienkala.com/data/images_example/300x225/c/l/classical__ex2_5877294c7f8b9a6c308b4679.jpg,https://audio.tudienkala.com/audio/p/u/pure.mp3
112,security,/sɪˈkjʊərɪti/,n,"an ninh, sự an toàn",The insurance policy gave the family security.,Chính sách bảo hiểm đó đã mang lại cho gia đình sự an toàn.,https://audio.tudienkala.com/data/cache/images/300x225/s/e/security1.jpg,https://audio.tudienkala.com/audio/s/e/security.mp3
112,senator,/ˈsenətər/,n,thượng nghị sĩ,He has served as a Democratic senator for North Carolina since 2009.,Ông đã phục vụ như một thượng nghị sĩ Dân chủ cho Bắc Carolina từ năm 2009.,https://audio.tudienkala.com/data/cache/images/300x225/s/e/senator2.jpg,https://audio.tudienkala.com/audio/s/e/senator.mp3
112,serve,/sɜːrv/,v,"múc, xới, gắp ra để ăn",You can serve spring rolls with some vegetables.,Bạn có thể ăn nem rán kèm với một chút rau.,https://audio.tudienkala.com/data/cache/images/300x225/s/e/serve1.jpg,https://audio.tudienkala.com/audio/s/e/serve.mp3
112,sexual,/ˈsekʃʊəl/,adj,liên quan đến tình dục,They were not having a sexual relationship at the time.,Họ không có mối quan hệ tình dục vào thời điểm đó.,https://audio.tudienkala.com/data/cache/images/300x225/s/e/sexual2.jpg,https://audio.tudienkala.com/audio/s/e/sexual.mp3
112,similar,/ˈsɪmɪlər/,adj,tương tự,My teaching style is similar to that of most other teachers.,Phong cách giảng dạy của tôi là tương tự như của hầu hết các giáo viên khác.,https://audio.tudienkala.com/data/images_example/300x225/m/y/my_teachin_ex2_5877294d7f8b9a6c308b467f.jpg,https://audio.tudienkala.com/audio/s/i/similar.mp3
112,spare,/sper/,adj,"thừa, dư",Have you got a spare pen?,Cậu có cái bút nào dư không?,https://audio.tudienkala.com/data/images_example/300x225/h/a/have_you_g_ex1_56248d0d7f8b9a000de3d1b9.jpg,https://audio.tudienkala.com/audio/s/p/spare.mp3
112,stamp,/stamp/,n,tem,The Post Office has issued a commemorative stamp to mark the event.,Bưu điện đã phát hành một con tem kỷ niệm để đánh dấu sự kiện.,https://audio.tudienkala.com/data/cache/images/300x225/s/t/stamp1.png,https://audio.tudienkala.com/audio/s/t/stamp.mp3
112,store,/stɔ:(r)/,n,cửa hàng,My grandmother has a small store.,Bà tôi có một cửa hàng nhỏ.,https://audio.tudienkala.com/data/cache/images/300x225/s/t/store-n1.png,https://audio.tudienkala.com/audio/s/t/store-n.mp3
112,themselves,/ðəmˈselvz/,prop,chính họ,They've bought themselves a new car.,Họ đã mua cho mình một chiếc xe mới.,https://audio.tudienkala.com/data/cache/images/300x225/t/h/themselves1.jpg,https://audio.tudienkala.com/audio/t/h/themselves.mp3
112,turn,/tɜːrn/,v,"rẽ, quẹo",We cannot turn right.,Chúng tôi không thể rẽ phải.,https://audio.tudienkala.com/data/cache/images/300x225/t/u/turn1.png,https://audio.tudienkala.com/audio/t/u/turn.mp3
112,Mr,/ˈmɪstər/,abbreviation,"(đứng trước họ, tên đầy đủ của một người đàn ông)",Mr. and Mrs. Smith live in a farm.,Ông bà Smith sống ở trang trại.,https://audio.tudienkala.com/data/cache/images/300x225/m/r/mr1.jpg,https://audio.tudienkala.com/audio/m/r/Mr.mp3
112,September,/sɛpˈtɛmbə/,n,tháng Chín,School starts in September.,Trường học bắt đầu vào tháng Chín.,https://audio.tudienkala.com/data/cache/images/300x225/s/e/september1.png,https://audio.tudienkala.com/audio/s/e/september.mp3
112,almost,/ˈɔːlməʊst/,adv,hầu như,Their house is almost opposite ours.,Nhà của họ gần như đối diện nhà của chúng tôi.,https://audio.tudienkala.com/data/cache/images/300x225/a/l/almost1.jpg,https://audio.tudienkala.com/audio/a/l/almost.mp3
112,along,/əˈlɒŋ/,adv,"tiến lên, về phía trước",He pointed out various landmarks as we drove along.,Ông ấy chỉ ra cột mốc khác nhau khi chúng tôi lái xe về phía trước.,https://audio.tudienkala.com/data/cache/images/300x225/a/l/along2.jpg,https://audio.tudienkala.com/audio/a/l/along.mp3
