topic,word,pronunciation,word_type,meaning,example_en,example_vi,image_url,audio_url
167,accordance,/əˈkɔːdns/,n,"theo như, đúng như",in accordance with legal requirements,theo như các yêu cầu pháp lý,https://audio.tudienkala.com/data/cache/images/300x225/a/c/accordance1.jpg,https://audio.tudienkala.com/audio/a/c/accordance.mp3
167,acute,/əˈkjuːt/,adj,"nghiêm trọng, nhức nhối (cơn đau)",The government has tried to give many explanations to hide its acute embarrassment.,Chính phủ đã cố gắng đưa ra nhiều lời giải thích để che giấu sự bối rối nghiêm trọng của nó.,https://audio.tudienkala.com/data/images_example/300x225/t/h/the_govern_ex2_587729cc7f8b9a8e308b4569.jpg,https://audio.tudienkala.com/audio/a/c/acute.mp3
167,address,/ə'dres/,v,"nhằm vào, trình bày",Marco's business plan addresses the needs of small business owners.,Kế hoạch kinh doanh của Marco nhằm vào nhu cầu của những chủ doanh nghiệp nhỏ.,https://audio.tudienkala.com/data/images_example/300x225/m/a/marcos_bus_ex1_56248cf37f8b9af80c011d69.jpg,https://audio.tudienkala.com/audio/a/d/address.mp3
167,adequate,/ˈædɪkwət /,adj,đầy đủ,Make sure that the lighting is adequate so that the guests can see what they are eating.,"Hãy đảm bảo đủ ánh sáng, để khách khứa có thể nhìn thấy rõ là họ đang ăn những gì.",https://audio.tudienkala.com/data/images_example/300x225/m/a/make_sure__ex1_56248cfb7f8b9afa0cb17da8.jpg,https://audio.tudienkala.com/audio/a/d/adequate.mp3
167,adopt,/əˈdɑːpt/,v,"chọn, áp dụng, chấp nhận và làm theo",The couple have decided to adopt a foreign child.,Cặp vợ chồng đã quyết định nhận nuôi một đứa trẻ ngoại quốc.,https://audio.tudienkala.com/data/cache/images/300x225/a/d/adopt1.jpg,https://audio.tudienkala.com/audio/a/d/adopt.mp3
167,affection,/əˈfekʃən/,n,tình yêu thương,Children need lots of love and affection.,Trẻ em cần nhiều tình yêu thương và tình cảm.,https://audio.tudienkala.com/data/cache/images/300x225/a/f/affection2.png,https://audio.tudienkala.com/audio/a/f/affection.mp3
167,affluent,/ˈæfluənt/,adj,giàu có,affluent Western countries,các nước phương Tây giàu có,https://audio.tudienkala.com/data/cache/images/300x225/a/f/affluent1.jpg,https://audio.tudienkala.com/audio/a/f/affluent.mp3
167,aggressive,/əˈɡresɪv/,adj,"hay gây sự, hung hăng",She gets aggressive when she's drunk.,Cô ta hay gây sự khi cô ấy say rượu.,https://audio.tudienkala.com/data/cache/images/300x225/a/g/aggressive2.jpg,https://audio.tudienkala.com/audio/a/g/aggressive.mp3
167,allocate,/ˈæləkeɪt/,v,"cấp cho, phân phối",The office manager did not allocate enough money to purchase software.,Người quản lý văn phòng không cấp đủ tiền để mua sắm phần mềm.,https://audio.tudienkala.com/data/cache/images/300x225/a/l/allocate1.png,https://audio.tudienkala.com/audio/a/l/allocate.mp3
167,allot,/əˈlɒt/,v,"phân công, giao (tiền bạc, thời gian, công việc,...)",I completed the test within the time allotted.,Tôi hoàn thành bài kiểm tra trong thời gian được giao.,https://audio.tudienkala.com/data/cache/images/300x225/a/l/allot1.jpg,https://audio.tudienkala.com/audio/a/l/allot.mp3
167,alter,/ˈɔːltər/,v,thay đổi; làm cho cái gì đó thay đổi,Prices did not alter significantly during 2015.,Giá cả không thay đổi đáng kể trong suốt năm 2015.,https://audio.tudienkala.com/data/cache/images/300x225/a/l/alter2.jpg,https://audio.tudienkala.com/audio/a/l/alter.mp3
167,alternative,/ɔ:l'tə:nətiv/,adj,"xen kẽ, thay thế, luân phiên",Have you thought of an alternative plan?,Bạn đã nghĩ đến kế hoạch thay thế chưa?,https://audio.tudienkala.com/data/cache/images/300x225/a/l/alternative.jpg,https://audio.tudienkala.com/audio/a/l/alternative.mp3
167,amount,/əˈmaʊnt/,n,"số lượng, khối lượng",He paid regular amounts of money to a charity.,Anh ấy đã góp số lượng tiền thường xuyên cho một quỹ từ thiện.,https://audio.tudienkala.com/data/cache/images/300x225/a/m/amount1.jpg,https://audio.tudienkala.com/audio/a/m/amount.mp3
167,angle,/ˈæŋɡl/,n,góc,Let's look at it from another angle.,Chúng ta hay nhìn nó từ góc độ khác.,https://audio.tudienkala.com/data/cache/images/300x225/a/n/angle1.png,https://audio.tudienkala.com/audio/a/n/angle.mp3
167,anticipate,/ænˈtɪsɪpeɪt/,v,"đoán trước, liệu trước",They anticipate moving to bigger premises by the end of the year.,Họ dự kiến sẽ di chuyển đến các cơ sở lớn hơn vào cuối năm nay.,https://audio.tudienkala.com/data/images_example/300x225/w/e/we_dont_an_ex2_587728e17f8b9a5f308b45ee.jpg,https://audio.tudienkala.com/audio/a/n/anticipate.mp3
167,apparent,/əˈpærənt/,adj,rõ ràng,"Then, for no apparent reason, the train suddenly stopped.","Sau đó, không có lý do rõ ràng, tàu đột nhiên dừng lại.",https://audio.tudienkala.com/data/cache/images/300x225/a/p/apparent2.jpg,https://audio.tudienkala.com/audio/a/p/apparent.mp3
167,apparently,/əˈpærəntli/,adv,hình như,"I thought she had retired, but apparently she hasn't.","Tôi nghĩ rằng bà ấy đã về hưu, nhưng hình như bà ấy chưa.",https://audio.tudienkala.com/data/images_example/300x225/i/_/i_thought__ex2_5877292b7f8b9a6c308b45c7.jpg,https://audio.tudienkala.com/audio/a/p/apparently.mp3
167,appetite,/ˈæpɪtaɪt/,n,"sự ngon miệng, sự thèm ăn",He suffered from headaches and loss of appetite.,Ông gánh chịu những cơn đau đầu và cảm giác chán ăn.,https://audio.tudienkala.com/data/cache/images/300x225/a/p/appetite1.jpg,https://audio.tudienkala.com/audio/a/p/appetite.mp3
167,appreciation,"/ə,pri:ʃi'eiʃn/",n,sự cảm kích,She shows little appreciation of good music.,Cô ấy cho thấy một chút sự đánh giá cao về thẩm mỹ âm nhạc tốt.,https://audio.tudienkala.com/data/cache/images/300x225/a/p/appreciation2.jpg,https://audio.tudienkala.com/audio/a/p/appreciation.mp3
167,associate,/əˈsəʊsiət/,n,"cộng tác, đồng sự","I'd like you to meet an associate of mine, Mr. Dave.",Tôi muốn bạn gặp một cộng sự của tôi là Ông Dave.,https://audio.tudienkala.com/data/images_example/300x225/i/d/id_like_yo_ex2_587726e77f8b9ae72f8b464f.jpg,https://audio.tudienkala.com/audio/a/s/associate.mp3
167,attempt,/əˈtempt/,v,cố gắng; thử,I will attempt to answer all your questions.,Tôi sẽ cố gắng trả lời tất cả các câu hỏi của bạn.,https://audio.tudienkala.com/data/cache/images/300x225/a/t/attempt2.jpg,https://audio.tudienkala.com/audio/a/t/attempt.mp3
167,attitude,/'ætitju:d/,n,thái độ,Each person has his or her own attitude towards life.,Mỗi người có thái độ sống riêng.,https://audio.tudienkala.com/data/cache/images/300x225/a/t/attitude1.jpg,https://audio.tudienkala.com/audio/a/t/attitude.mp3
167,attribute,/ˈætrɪbjuːt/,n,"đức tính, đặc tính",Patience is one of the most important attributes in a teacher.,Kiên nhẫn là một trong những đức tính quan trọng nhất trong một giáo viên.,https://audio.tudienkala.com/data/images_example/300x225/p/a/patience_i_ex2_587729cd7f8b9a8e308b4571.jpg,https://audio.tudienkala.com/audio/a/t/attribute.mp3
167,audit,/'ɔ:dit/,v,kiểm toán,The independent accountants audited the company's books.,Những kế toán viên độc lập đã kiểm toán sổ sách kế toán của công ty.,https://audio.tudienkala.com/data/cache/images/300x225/a/u/audit1.png,https://audio.tudienkala.com/audio/a/u/audit.mp3
167,avail,/əˈveɪl/,n,không thành công,The doctors tried everything to keep him alive but to no avail.,Các bác sĩ đã cố gắng mọi cách để giữ anh ta còn sống nhưng không thành công.,https://audio.tudienkala.com/data/cache/images/300x225/a/v/avail1.jpg,https://audio.tudienkala.com/audio/a/v/avail.mp3
167,benefit,/'benifit/,n,lợi ích,The discovery of oil brought many benefits to the country.,Việc phát hiện ra dầu hỏa mang đến nhiều lợi ích cho đất nước đó.,https://audio.tudienkala.com/data/images_example/300x225/t/h/the_discov_ex1_56248d157f8b9a040dc65ecc.jpg,https://audio.tudienkala.com/audio/b/e/benefit.mp3
167,bias,/ˈbaɪəs/,n,"thành kiến, thiên vị",Some institutions still have a strong bias against women.,Một số tổ chức vẫn còn có thành kiến mạnh mẽ chống lại phụ nữ.,https://audio.tudienkala.com/data/images_example/300x225/s/e/sexual_ori_ex2_587729ce7f8b9a8e308b4575.jpg,https://audio.tudienkala.com/audio/b/i/bias.mp3
167,boom,/buːm/,v,"phất lên (công việc buôn bán...), phát đạt",The booming economy still cannot help iron ore manufacturers.,Bùng nổ nền kinh tế vẫn không thể giúp các nhà sản xuất quặng sắt.,https://audio.tudienkala.com/data/cache/images/300x225/b/o/boom1.jpg,https://audio.tudienkala.com/audio/b/o/boom.mp3
167,boost,/buːst/,v,thúc đẩy,Garlic can help boost the immune system in winter.,Tỏi có thể giúp thúc đẩy hệ thống miễn dịch vào mùa đông.,https://audio.tudienkala.com/data/cache/images/300x225/b/o/boost1.jpg,https://audio.tudienkala.com/audio/b/o/boost.mp3
167,brilliant,/ˈbrɪliənt/,adj,"hay, ấn tượng",What a brilliant idea!,Thật là một ý tưởng tuyệt vời!,https://audio.tudienkala.com/data/cache/images/300x225/b/r/brilliant2.jpg,https://audio.tudienkala.com/audio/b/r/brilliant.mp3
167,broad-minded,/brɔːdˈmaɪndɪd/,adj,"có tư tưởng rộng rãi, khoáng đạt",At 70 she was surprisingly broad-minded.,"Ở tuổi 70, thật ngạc nhiên bà có tư tưởng rộng rãi.",https://audio.tudienkala.com/data/cache/images/300x225/b/r/broad-minded1.jpg,https://audio.tudienkala.com/audio/b/r/broad-minded.mp3
167,capture,/ˈkæptʃər/,v,"bắt, đoạt được, chiếm được",The island was captured by Australian forces in 1914.,Hòn đảo bị chiếm bởi lực lượng Úc vào năm 1914.,https://audio.tudienkala.com/data/cache/images/300x225/c/a/capture1.jpg,https://audio.tudienkala.com/audio/c/a/capture.mp3
167,censor,/ˈsensər/,v,kiểm duyệt,The news reports had been heavily censored.,Các bản tin đã được kiểm duyệt nặng nề.,https://audio.tudienkala.com/data/images_example/300x225/t/h/the_news_r_ex2_587729cf7f8b9a8e308b457d.jpg,https://audio.tudienkala.com/audio/c/e/censor.mp3
167,champion,/ˈtʃæmpiən/,n,"nhà vô địch, quán quân",She is the world champion for the third year in succession.,Cô ấy dành chức vô địch thế giới năm thứ ba liên tiếp.,https://audio.tudienkala.com/data/cache/images/300x225/c/h/champion1.jpg,https://audio.tudienkala.com/audio/c/h/champion.mp3
167,characterise,/ˈkærəktəraɪz/,v,đặc trưng hóa,The city is characterised by its hundreds of tall offices and apartment buildings.,Thành phố được đặc trưng hóa bởi hàng trăm tòa nhà văn phòng và căn hộ rất cao.,https://audio.tudienkala.com/data/cache/images/300x225/c/h/characterise1.jpg,https://audio.tudienkala.com/audio/c/h/characterise.mp3
167,chronic,/ˈkrɒnɪk/,adj,"kinh niên (y học), ăn sâu",Those with chronic bronchitis and heart disease should take the necessary precautions to reduce their chances of exposure to the dust.,Những người có bệnh viêm phế quản mãn tính và bệnh tim nên có những biện pháp phòng ngừa cần thiết để giảm nguy cơ tiếp xúc với bụi.,https://audio.tudienkala.com/data/images_example/300x225/t/h/those_with_ex2_587729cf7f8b9a8e308b457f.jpg,https://audio.tudienkala.com/audio/c/h/chronic.mp3
167,circumstance,/'sə:kəmstəns/,n,"trường hợp, hoàn cảnh, tình huống","Under the current economic circumstances, they will not be able to purchase the property.","Trong tình cảnh kinh tế hiện tại, họ không có khả năng mua sắm tài sản.",https://audio.tudienkala.com/data/cache/images/300x225/c/i/circumstance2.png,https://audio.tudienkala.com/audio/c/i/circumstance.mp3
167,cite,/saɪt/,v,trích dẫn,to cite a verse from a poem by Xuan Quynh,trích dẫn một câu thơ trong một bài thơ của Xuan Quynh,https://audio.tudienkala.com/data/cache/images/300x225/c/i/cite2.jpg,https://audio.tudienkala.com/audio/c/i/cite.mp3
167,classify,/ˈklæsɪfaɪ/,v,phân loại,The books in the library are classified by subject.,Sách trong thư viện được phân loại theo môn học.,https://audio.tudienkala.com/data/images_example/300x225/t/h/the_books__ex1_56248d0d7f8b9a000de3d189.jpg,https://audio.tudienkala.com/audio/c/l/classify.mp3
167,clause,/klɔːz/,n,điều khoản (trong văn bản pháp luật),There is a clause in the contract forbidding tenants to sublet.,Có một điều khoản trong hợp đồng cấm người thuê cho thuê lại.,https://audio.tudienkala.com/data/cache/images/300x225/c/l/clause1.png,https://audio.tudienkala.com/audio/c/l/clause.mp3
167,cliche,/ˈkliːʃeɪ/,n,"lời nói sáo rỗng, câu nói rập khuôn",She trotted out the old cliché that ‘a trouble shared is a trouble halved.’,"Cô giải thích câu nói cũ ""một rắc rối được chia sẻ là giảm một nửa rắc rối"".",https://audio.tudienkala.com/data/cache/images/300x225/c/l/cliche1.jpg,https://audio.tudienkala.com/audio/c/l/cliche.mp3
167,coincide,"/,kouin'said/",v,trùng hợp,"My cousin's wedding coincided with a holiday weekend, so it was a perfect time to rent a car and go for a drive.","Đám cưới của người anh/em bà con của tôi trùng với kỳ nghỉ lễ cuối tuần, vậy nó là một dịp lý tưởng để thuê ô-tô và đi chơi bằng xe.",https://audio.tudienkala.com/data/cache/images/300x225/c/o/coincide1.png,https://audio.tudienkala.com/audio/c/o/coincide.mp3
167,combat,/ˈkɒmbæt/,n,"trận đánh, trận chiến đấu",He was killed in combat.,Ông đã bị giết chết trong trận đánh.,https://audio.tudienkala.com/data/cache/images/300x225/c/o/combat1.jpg,https://audio.tudienkala.com/audio/c/o/combat.mp3
167,commit,/kə'mit/,v,"gửi, giao, giao phó, ủy nhiệm, ủy thác",It is a good idea to commit a certain percentage of your income to investments.,Ý tưởng tốt là đem một vài % nào đó thu nhập của bạn để đầu tư.,https://audio.tudienkala.com/data/cache/images/300x225/c/o/commit2.jpg,https://audio.tudienkala.com/audio/c/o/commit.mp3
167,commodity,/kəˈmɑːdəti/,n,(Kinh tế) hàng hóa,Crude oil is the world's most important commodity.,Dầu thô là hàng hóa quan trọng nhất của thế giới.,https://audio.tudienkala.com/data/images_example/300x225/c/r/crude_oil__ex2_587726727f8b9acf2f8b45e0.jpg,https://audio.tudienkala.com/audio/c/o/commodity.mp3
167,compatible,/kəm'pætəbl/,adj,"tương thích, hợp nhau","Because my girlfriend and I listen to the same music artists, we have compatible tastes in music.","Vì tôi và bạn gái tôi cùng nghe nhạc của những nghệ sĩ giống nhau, nên chúng tôi hợp nhau về thị hiếu âm nhạc.",https://audio.tudienkala.com/data/images_example/300x225/b/e/because_my_ex1_56248d157f8b9a040dc65e00.jpg,https://audio.tudienkala.com/audio/c/o/compatible.mp3
167,complement,/ˈkɒmplɪment/,v,bổ sung,Children should be complemented vitamin D daily.,Trẻ em nên được bổ sung vitamin D mỗi ngày.,https://audio.tudienkala.com/data/cache/images/300x225/c/o/complement1.jpg,https://audio.tudienkala.com/audio/c/o/complement.mp3
167,compromise,/'kɔmprəmaiz/,n,sự thoả hiệp,After lengthy talks the two sides finally reached a compromise.,Sau cuộc đàm phán kéo dài hai bên cuối cùng đã đạt đến một thỏa hiệp.,https://audio.tudienkala.com/data/cache/images/300x225/c/o/compromise2.jpg,https://audio.tudienkala.com/audio/c/o/compromise.mp3
167,condemn,/kənˈdem/,v,"lên án, chỉ trích",The government issued a statement condemning the killings.,Chính phủ đã ban hành một tuyên bố lên án các vụ giết người.,https://audio.tudienkala.com/data/cache/images/300x225/c/o/condemn1.jpg,https://audio.tudienkala.com/audio/c/o/condemn.mp3
168,consent,/kən'sent/,v,"đồng ý, tán thành",He consented to a search by a detective.,Ông ấy tán thành để thám tử tìm kiếm.,https://audio.tudienkala.com/data/cache/images/300x225/c/o/consent1.jpg,https://audio.tudienkala.com/audio/c/o/consent.mp3
168,consequent,/ˈkɒnsɪkwənt/,adj,"theo sau, hệ quả",the lowering of taxes and the consequent increase in spending,việc giảm thuế và hệ quả tăng trong chi tiêu,https://audio.tudienkala.com/data/cache/images/300x225/c/o/consequent1.jpg,https://audio.tudienkala.com/audio/c/o/consequent.mp3
168,conservative,/kən'sə:vətiv/,adj,bảo thủ,My brother is the most conservative person in my family. He always thinks that his idea is right.,Em trai của tôi là người bảo thủ nhất trong gia đình. Em ấy lúc nào cũng nghĩ rằng quan điểm của em ấy là đúng.,https://audio.tudienkala.com/data/cache/images/300x225/c/o/conservative1.png,https://audio.tudienkala.com/audio/c/o/conservative.mp3
168,consistent,/kənˈsɪstənt/,adj,"kiên định, nhất quán",The university has a consistent approach to addressing sexual violence on campuses.,Trường đại học có cách tiếp cận kiên định để giải quyết bạo lực tình dục tại các trường.,https://audio.tudienkala.com/data/images_example/300x225/t/h/the_univer_ex2_587729d27f8b9a8e308b458d.jpg,https://audio.tudienkala.com/audio/c/o/consistent.mp3
168,constitute,/'kɔnstitju:t/,v,"cấu thành, tạo thành, thành lập",What constitutes success?,Điều gì tạo nên thành công?,https://audio.tudienkala.com/data/cache/images/300x225/c/o/constitute1.png,https://audio.tudienkala.com/audio/c/o/constitute.mp3
168,consult,/kən'sʌlt/,v,"tham khảo, hỏi ý kiến, quan tâm","If the pain continues, consult your doctor.","Nếu cơn đau vẫn tiếp tục, thì bạn tham khảo ý kiến bác sĩ của bạn.",https://audio.tudienkala.com/data/cache/images/300x225/c/o/consult1.png,https://audio.tudienkala.com/audio/c/o/consult.mp3
168,contemporary,/kənˈtem.pə.rer.i/,adj,"cùng thời, đương thời",He was contemporary with Ho Chi Minh President.,Ông ấy ở cùng thời với Bác Hồ.,https://audio.tudienkala.com/data/cache/images/300x225/c/o/contemporary1.jpg,https://audio.tudienkala.com/audio/c/o/contemporary.mp3
168,contradict,/ˌkɒntrəˈdɪkt/,v,"mâu thuẫn với, trái với",The statements of the witnesses contradict each other.,Lời khai của các nhân chứng mâu thuẫn nhau.,https://audio.tudienkala.com/data/cache/images/300x225/c/o/contradict1.jpg,https://audio.tudienkala.com/audio/c/o/contradict.mp3
168,contrary,/ˈkɒntrəri/,adj,khác với; ngược với,"Well contrary to popular belief, many cats dislike milk.","Trái ngược với niềm tin phổ biến, nhiều mèo không thích sữa.",https://audio.tudienkala.com/data/images_example/300x225/w/e/well_contr_ex2_587729d37f8b9a8e308b4591.jpg,https://audio.tudienkala.com/audio/c/o/contrary.mp3
168,controversial,/ˌkɒntrəˈvɜːʃəl/,adj,"có thể gây ra tranh luận, có thể bàn cãi được (vấn đề...)","It is, however, a highly controversial measure.","Tuy nhiên, đó là một biện pháp gây nhiều tranh cãi.",https://audio.tudienkala.com/data/images_example/300x225/i/t/it_is_howe_ex2_587729d37f8b9a8e308b4593.png,https://audio.tudienkala.com/audio/c/o/controversial.mp3
168,controversy,/ˈkɒntrəvɜːsi/,n,"tranh cãi, tranh luận",to cause controversy,nguyên nhân gây tranh cãi,https://audio.tudienkala.com/data/cache/images/300x225/c/o/controversy1.jpg,https://audio.tudienkala.com/audio/c/o/controversy.mp3
168,convey,/kənˈveɪ/,v,"chuyển tải, thể hiện (ý tưởng, cảm xúc đến ai)",Colours like red convey a sense of energy and strength.,Các màu như đỏ thể hiện cảm giác năng lượng và sức mạnh.,https://audio.tudienkala.com/data/cache/images/300x225/c/o/convey2.jpg,https://audio.tudienkala.com/audio/c/o/convey.mp3
168,correspondence,/ˌkɒrɪˈspɒndəns/,n,"sự tương ứng, sự phù hợp",There is a close correspondence between the two extracts.,Có một sự tương ứng chặt chẽ giữa hai chiết xuất.,https://audio.tudienkala.com/data/cache/images/300x225/c/o/correspondence1.jpg,https://audio.tudienkala.com/audio/c/o/correspondence.mp3
168,corresponding,/ˌkɒrɪˈspɒndɪŋ/,adj,tương ứng với,A change in the money supply brings a corresponding change in expenditure.,Một sự thay đổi trong cung tiền mang lại một sự thay đổi tương ứng trong chi tiêu.,https://audio.tudienkala.com/data/cache/images/300x225/c/o/corresponding1.jpg,https://audio.tudienkala.com/audio/c/o/corresponding.mp3
168,corrupt,/kəˈrʌpt/,adj,tham nhũng,I call on people to report any corrupt and illegal conduct concerning an election.,Tôi kêu gọi người dân để báo cáo bất cứ hành vi tham nhũng và bất hợp pháp liên quan đến cuộc bầu cử.,https://audio.tudienkala.com/data/cache/images/300x225/c/o/corrupt1.jpg,https://audio.tudienkala.com/audio/c/o/corrupt.mp3
168,critical,/ˈkrɪtɪkəl/,adj,chỉ trích; chê bai,The supervisor is always very critical.,Các giám sát viên luôn luôn chê bai.,https://audio.tudienkala.com/data/cache/images/300x225/c/r/critical2.jpg,https://audio.tudienkala.com/audio/c/r/critical.mp3
168,crucial,/'kru:ʃjəl/,adj,"cốt yếu, chủ yếu, có tính quyết định",Inventory is a crucial process and must be taken seriously by all staff.,Kiểm kê là một quá trình cốt yếu và phải được thực hiện nghiêm túc bởi mọi nhân viên.,https://audio.tudienkala.com/data/cache/images/300x225/c/r/crucial1.png,https://audio.tudienkala.com/audio/c/r/crucial.mp3
168,dedication,"/,dedi'keiʃn/",n,"‹sự› cống hiến, hiến dâng, tận tâm, tận tụy",The director's dedication to a high-quality product has motivated many of his employees.,Sự cống hiến của giám đốc cho một sản phẩm chất lượng cao đã thúc đẩy nhiều nhân viên.,https://audio.tudienkala.com/data/cache/images/300x225/d/e/dedication1.jpg,https://audio.tudienkala.com/audio/d/e/dedication.mp3
168,demanding,/dɪˈmɑːndɪŋ/,adj,"khó khăn, đòi hỏi khắt khe",Her songs are technically more demanding than other contestants'.,Các ca khúc của cô ấy đòi hỏi nhiều hơn về mặt kỹ thuật so với của những thí sinh khác.,https://audio.tudienkala.com/data/cache/images/300x225/d/e/demanding1.jpg,https://audio.tudienkala.com/audio/d/e/demanding.mp3
168,demeanour,/dɪˈmiːnər/,n,"cách xử sự, cử chỉ, thái độ",He maintained a professional demeanour throughout.,Ông duy trì một cử chỉ chuyên nghiệp xuyên suốt.,https://audio.tudienkala.com/data/images_example/300x225/h/e/he_maintai_ex2_587729d57f8b9a8e308b459f.jpg,https://audio.tudienkala.com/audio/d/e/demeanour.mp3
168,demographic,/ˌdem.əˈɡræf.ɪk/,n,nhân khẩu (học),the demographics of radio listeners,bảng nhân khẩu số người nghe đài,https://audio.tudienkala.com/data/cache/images/300x225/d/e/demographic1.jpg,https://audio.tudienkala.com/audio/d/e/demographic.mp3
168,depict,/dɪˈpɪkt/,v,"mô tả, phản ánh",a painting depicting the Virgin and Child,một bức tranh mô tả Đức Trinh Nữ và Đứa Trẻ,https://audio.tudienkala.com/data/cache/images/300x225/d/e/depict2.jpg,https://audio.tudienkala.com/audio/d/e/depict.mp3
168,deprive,/dɪˈpraɪv/,v,"lấy đi, tước đoạt","Rather than deprive yourself of snacks, you should make healthier choices about them.","Thay vì đánh mất chính mình vì đồ ăn nhẹ, bạn nên có những lựa chọn lành mạnh hơn về chúng.",https://audio.tudienkala.com/data/cache/images/300x225/d/e/deprive1.jpg,https://audio.tudienkala.com/audio/d/e/deprive.mp3
168,desert,/'dezərt/,n,sa mạc,The Sahara is the hottest desert in the world.,Sahara là sa mạc nóng nhất thế giới.,https://audio.tudienkala.com/data/cache/images/300x225/d/e/desert1.jpg,https://audio.tudienkala.com/audio/d/e/desert.mp3
168,deter,/dɪˈtɜːr/,v,"ngăn cản, cản trở","I told him I wasn't interested, but he wasn't deterred.","Tôi trả lời rằng tôi không quan tâm, nhưng ông không nản chí.",https://audio.tudienkala.com/data/cache/images/300x225/d/e/deter1.jpg,https://audio.tudienkala.com/audio/d/e/deter.mp3
168,determination,"/di,tə:mi'neiʃn/",n,sự quyết tâm,I admire her determination to get the best result in every exam.,Tôi ngưỡng mộ sự quyết tâm của cô ấy để đạt được kết quả tốt nhất trong mọi kỳ thi.,https://audio.tudienkala.com/data/cache/images/300x225/d/e/determination1.jpg,https://audio.tudienkala.com/audio/d/e/determination.mp3
168,devote,/dɪˈvəʊt/,v,"dâng, dành hết cho",She devoted herself to her career.,Cô cống hiến bản thân cho sự nghiệp.,https://audio.tudienkala.com/data/cache/images/300x225/d/e/devote1.png,https://audio.tudienkala.com/audio/d/e/devote.mp3
168,devotion,/dɪˈvəʊʃn/,n,sự tận tâm,Her devotion to the job left her with very little free time.,Sự cống hiến của cô ấy với công việc khiến cô ấy còn ít thời gian rảnh.,https://audio.tudienkala.com/data/cache/images/300x225/d/e/devotion1.png,https://audio.tudienkala.com/audio/d/e/devotion.mp3
168,differentiate,/ˌdɪfəˈrenʃieɪt/,v,phân biệt,It's difficult to differentiate between the two varieties.,Thật khó để phân biệt giữa hai loại.,https://audio.tudienkala.com/data/cache/images/300x225/d/i/differentiate1.jpg,https://audio.tudienkala.com/audio/d/i/differentiate.mp3
168,dilemma,/dʌɪˈlɛmə/,n,tình trạng khó xử,I have to face a dilemma.,Tôi phải đối mặt với một tình thế khó xử.,https://audio.tudienkala.com/data/cache/images/300x225/d/i/dilemma1.jpg,https://audio.tudienkala.com/audio/d/i/dilemma.mp3
168,diligent,/ˈdɪlɪdʒənt/,adj,"cần cù, chăm chỉ","She is a diligent and committed officer, who goes far beyond the call of duty as treasurer.","Cô là một nhân viên chăm chỉ và tận tụy, những người mà làm hơn nhiệm vụ thủ quỹ đơn thuần.",https://audio.tudienkala.com/data/cache/images/300x225/d/i/diligent1.jpg,https://audio.tudienkala.com/audio/d/i/diligent.mp3
168,disadvantaged,/dɪsədˈvɑːntɪdʒd/,adj,"thiệt thòi, có hoàn cảnh khó khăn",We visited disadvantaged children in this village.,Chúng tôi đã đi thăm các em nhỏ có hoàn cảnh khó khăn trong ngôi làng này.,https://audio.tudienkala.com/data/cache/images/300x225/d/i/disadvantaged1.jpg,https://audio.tudienkala.com/audio/d/i/disadvantaged.mp3
168,disastrous,/dɪˈzɑːstrəs/,adj,"tai hại, thảm khốc",a disastrous harvest,một vụ thu hoạch thảm khốc,https://audio.tudienkala.com/data/cache/images/300x225/d/i/disastrous1.jpg,https://audio.tudienkala.com/audio/d/i/disastrous.mp3
168,discourage,/dɪˈskʌrɪdʒ/,v,làm nản chí,Telling that story before an exam might discourage our children.,Kể câu chuyện đó trước kì thi có thể làm nản chí các con của chúng ta.,https://audio.tudienkala.com/data/cache/images/300x225/d/i/discourage1.jpg,https://audio.tudienkala.com/audio/d/i/discourage.mp3
168,discriminate,/dɪˈskrɪmɪneɪt/,v,phân biệt,She felt she had been discriminated against because of her age.,Cô cảm thấy mình bị phân biệt do tuổi tác của mình.,https://audio.tudienkala.com/data/cache/images/300x225/d/i/discriminate1.jpg,https://audio.tudienkala.com/audio/d/i/discriminate.mp3
168,dispute,/ˈdɪspjuːt/,n,"cuộc tranh luận, cuộc tranh chấp",We have been unable to resolve the dispute over working conditions.,Chúng tôi không thể giải quyết được những tranh chấp về điều kiện làm việc.,https://audio.tudienkala.com/data/cache/images/300x225/d/i/dispute1.jpg,https://audio.tudienkala.com/audio/d/i/dispute.mp3
168,distinct,/dɪˈstɪŋkt/,adj,"riêng biệt, khác biệt",The two concepts are quite distinct from each other.,Hai khái niệm khá khác biệt với nhau.,https://audio.tudienkala.com/data/cache/images/300x225/d/i/distinct1.png,https://audio.tudienkala.com/audio/d/i/distinct.mp3
168,distinguish,/dis'tiɳgwiʃ/,v,"phân biệt, nhận ra, nhận biết; phân thành, chia thành, xếp thành loại",We must distinguish between two kinds of holidays.,Chúng ta phải phân biệt giữa hai loại lễ.,https://audio.tudienkala.com/data/cache/images/300x225/d/i/distinguish2.jpg,https://audio.tudienkala.com/audio/d/i/distinguish.mp3
168,distort,/dɪˈstɔːt/,v,"xuyên tạc, bóp méo",The bard will exaggerate or distort his story.,Các thi sĩ sẽ phóng đại hoặc bóp méo câu chuyện của mình.,https://audio.tudienkala.com/data/cache/images/300x225/d/i/distort1.jpg,https://audio.tudienkala.com/audio/d/i/distort.mp3
168,divert,/daɪˈvɜːt/,v,"hướng (sự chú ý,...) sang chuyện khác",The course of the stream has now been diverted.,Dòng chảy của con suối đã được chuyển hướng.,https://audio.tudienkala.com/data/cache/images/300x225/d/i/divert1.jpg,https://audio.tudienkala.com/audio/d/i/divert.mp3
168,double-edged,/ˌdʌb.l̩ˈedʒd/,adj,hai lưỡi (vừa lợi vừa hại cho mình như dao hai lưỡi),Their exploitation is double-edged - both by the factories and by the contractors.,Việc khai thác của họ mang tính hai lưỡi - từ cả các nhà máy và các nhà thầu.,https://audio.tudienkala.com/data/cache/images/300x225/d/o/double-edged1.jpg,https://audio.tudienkala.com/audio/d/o/double-edged.mp3
168,drawback,/ˈdrɔːbæk/,n,khuyết điểm,Samsung smartphones have certain drawbacks.,Điện thoại thông minh của Samsung có một số khuyết điểm nhất định.,https://audio.tudienkala.com/data/cache/images/300x225/d/r/drawback1.jpg,https://audio.tudienkala.com/audio/d/r/drawback.mp3
168,drive,/draɪv/,v,lái xe (ô tô),Can you drive?,Bạn có thể lái xe không?,https://audio.tudienkala.com/data/cache/images/300x225/d/r/drive1.jpg,https://audio.tudienkala.com/audio/d/r/drive.mp3
168,due,/djuː/,adj,bởi vì,The team's success was largely due to her efforts.,Sự thành công của nhóm phần lớn là do những nỗ lực của cô ấy.,https://audio.tudienkala.com/data/cache/images/300x225/d/u/due2.jpg,https://audio.tudienkala.com/audio/d/u/due.mp3
168,dynamic,/daɪˈnæmɪk/,adj,năng động,a dynamic leader,một nhà lãnh đạo năng động,https://audio.tudienkala.com/data/cache/images/300x225/d/y/dynamic1.jpg,https://audio.tudienkala.com/audio/d/y/dynamic.mp3
168,eligible,/ˈɛlɪdʒɪb(ə)l/,adj,"thích hợp, đủ tư cách, đủ tiêu chuẩn; có thể chọn được",Who is eligible to become president?,Ai sẽ đủ tiêu chuẩn để trở thành tổng thống?,https://audio.tudienkala.com/data/cache/images/300x225/e/l/eligible2.jpg,https://audio.tudienkala.com/audio/e/l/eligible.mp3
168,eliminate,/ɪˈlɪmɪneɪt/,v,loại ra,Two contestants were eliminated from last night’s show.,Hai thí sinh đã bị loại khỏi buổi biểu diễn tối qua.,https://audio.tudienkala.com/data/cache/images/300x225/e/l/eliminate1.png,https://audio.tudienkala.com/audio/e/l/eliminate.mp3
168,eloquent,/ˈeləkwənt/,adj,"hùng biện, hùng hồn",People would listen to him only because of his eloquent expressions.,Mọi người sẽ lắng nghe anh ta chỉ vì những biểu hùng hồn của anh ấy.,https://audio.tudienkala.com/data/cache/images/300x225/e/l/eloquent1.jpg,https://audio.tudienkala.com/audio/e/l/eloquent.mp3
168,embark,/ɪmˈbɑːk/,v,bắt đầu làm điều gì mới và khó khăn,She is about to embark on a diplomatic career.,Cô ấy sẽ bắt đầu tham gia vào sự nghiệp ngoại giao.,https://audio.tudienkala.com/data/cache/images/300x225/e/m/embark1.jpg,https://audio.tudienkala.com/audio/e/m/embark.mp3
168,embrace,/im'breis/,v,"ôm, ôm ấp",He rushed to embrace me at the airport.,Anh ta lao tới ôm tôi ở sân bay.,https://audio.tudienkala.com/data/cache/images/300x225/e/m/embrace1.jpg,https://audio.tudienkala.com/audio/e/m/embrace.mp3
169,emerge,/ɪˈmɜːdʒ/,v,"đi ra từ một nơi tối, hạn hẹp hay ẩn; nổi lên, hiện ra",Several possible candidates have emerged.,Một số ứng viên tiềm năng đã xuất hiện.,https://audio.tudienkala.com/data/images_example/300x225/s/e/several_po_ex1_587727af7f8b9a01308b4633.png,https://audio.tudienkala.com/audio/e/m/emerge.mp3
169,emit,/ɪˈmɪt/,v,"tỏa ra, phát ta (ánh sáng, nhiệt, âm thanh, khí,...)",The metal container began to emit a clicking sound.,Các thùng kim loại bắt đầu phát ra âm thanh lách cách.,https://audio.tudienkala.com/data/cache/images/300x225/e/m/emit1.jpg,https://audio.tudienkala.com/audio/e/m/emit.mp3
169,encounter,/ɪnˈkaʊntər/,n,"cuộc chạm trán (đột ngột, bất ngờ hoặc có bạo lực)",The story describes the extraordinary encounter between a boy and a giraffe.,Câu chuyện mô tả cuộc gặp gỡ đặc biệt giữa một người cậu bé và chú hưu cao cổ.,https://audio.tudienkala.com/data/cache/images/300x225/e/n/encounter2.jpg,https://audio.tudienkala.com/audio/e/n/encounter.mp3
169,endeavour,/ɪnˈdevər/,n,"(sự) cố gắng, nỗ lực",Please make every endeavour to arrive on time.,Hãy thực hiện mọi nỗ lực để đến đúng giờ.,https://audio.tudienkala.com/data/cache/images/300x225/e/n/endeavour1.jpg,https://audio.tudienkala.com/audio/e/n/endeavour.mp3
169,endorse,/ɪnˈdɔːrs/,v,"xác nhận, chứng thực chất lượng được quảng cáo (của món hàng...)",I wholeheartedly endorse his remarks.,Tôi hết lòng tán thành ý kiến phát biểu của anh ấy.,https://audio.tudienkala.com/data/cache/images/300x225/e/n/endorse1.png,https://audio.tudienkala.com/audio/e/n/endorse.mp3
169,enduring,/ɪnˈdjʊərɪŋ/,adj,"lâu dài, bền vững",What is the reason for the game's enduring appeal?,Lý do sự hấp dẫn lâu dài của trò chơi này là gì?,https://audio.tudienkala.com/data/cache/images/300x225/e/n/enduring1.jpg,https://audio.tudienkala.com/audio/e/n/enduring.mp3
169,enforce,/ɪnˈfɔːrs/,v,làm cho có hiệu lực; bắt tuân theo; đem thi hành (luật lệ),It's the job of the police to enforce the law.,Đó là công việc của cảnh sát thực thi pháp luật.,https://audio.tudienkala.com/data/cache/images/300x225/e/n/enforce1.jpg,https://audio.tudienkala.com/audio/e/n/enforce.mp3
169,enhance,/in'hɑ:ns/,v,"nâng cao, tăng cường",This is an opportunity to enhance the reputation of the company.,Đây là cơ hội để nâng cao danh tiếng của công ty.,https://audio.tudienkala.com/data/cache/images/300x225/e/n/enhance2.png,https://audio.tudienkala.com/audio/e/n/enhance.mp3
169,enormous,/ɪˈnɔːrməs/,adj,"nhiều, to lớn",He earns an enormous salary.,Anh ta kiếm được lương rất cao.,https://audio.tudienkala.com/data/cache/images/300x225/e/n/enormous1.jpg,https://audio.tudienkala.com/audio/e/n/enormous.mp3
169,enterprise,/'entəpraiz/,n,"hãng, công ty, xí nghiệp",The new enterprise quickly established an account with the office supply store.,"Công ty mới thiết lập một cách nhanh chóng bản thanh toán với cửa hàng đồ dùng văn phòng (bàn ghế, văn phòng phẩm, máy fax...).",https://audio.tudienkala.com/data/cache/images/300x225/e/n/enterprise1.jpg,https://audio.tudienkala.com/audio/e/n/enterprise.mp3
169,entitle,/ɪnˈtaɪt(ə)l/,v,cho phép làm cái gì,"During the holiday rush, a train ticket entitled the passenger to a ride, but not necessarily a seat.","Trong suốt mùa cao điểm nghỉ lễ, vé xe lửa cho phép hành khách lên tàu tàu, nhưng không nhất thiết có một chỗ ngồi.",https://audio.tudienkala.com/data/images_example/300x225/d/u/during_the_ex1_56248d007f8b9afc0c2980c9.jpg,https://audio.tudienkala.com/audio/e/n/entitle.mp3
169,equivalent,/i'kwivələnt/,adj,tương đương,The food the airline serves in business class is equivalent to that served in first class.,Đồ ăn mà hãng hàng không phục vụ cho vé hạng thường thì tương đương với đồ ăn được phục vụ cho vé hạng nhất.,https://audio.tudienkala.com/data/images_example/300x225/t/h/the_food_t_ex1_56248d167f8b9a040dc66170.png,https://audio.tudienkala.com/audio/e/q/equivalent.mp3
169,eradicate,/ɪˈrædɪkeɪt/,v,tiêu hủy,The government claims to be doing all it can to eradicate corruption.,Chính phủ tuyên bố sẽ làm tất cả những gì có thể để diệt trừ tham nhũng.,https://audio.tudienkala.com/data/cache/images/300x225/e/r/eradicate1.jpg,https://audio.tudienkala.com/audio/e/r/eradicate.mp3
169,erode,/ɪˈrəʊd/,v,"xói mòn, ăn mòn",The cliff face has been steadily eroded by the sea.,Bề mặt vách đá bị bào mòn dần dần bởi sóng biển.,https://audio.tudienkala.com/data/cache/images/300x225/e/r/erode1.jpg,https://audio.tudienkala.com/audio/e/r/erode.mp3
169,essential,/ɪˈsenʃəl/,adj,"cần thiết, quan trọng",A map is essential for this trip to explore the forest.,Một chiếc bản đồ là cần thiết cho chuyến đi khám phá khu rừng này.,https://audio.tudienkala.com/data/images_example/300x225/a/_/a_map_is_e_ex1_587727f77f8b9a0d308b4628.png,https://audio.tudienkala.com/audio/e/s/essential.mp3
169,ethnic,/ˈeθnɪk/,adj,thuộc về dân tộc,Vietnam has 54 ethnic groups with a population of 86 million people.,Việt Nam có 54 dân tộc với dân số 86 triệu người.,https://audio.tudienkala.com/data/cache/images/300x225/e/t/ethnic1.jpg,https://audio.tudienkala.com/audio/e/t/ethnic.mp3
169,evaluate,/i'væljueit/,v,"đánh giá, định giá; ước lượng",It's important to evaluate your competition when making a business plan.,Đánh giá sức cạnh tranh của bạn là việc quan trọng khi lập một kế hoạch kinh doanh.,https://audio.tudienkala.com/data/cache/images/300x225/e/v/evaluate1.png,https://audio.tudienkala.com/audio/e/v/evaluate.mp3
169,exaggerate,/ɪɡˈzædʒəreɪt/,v,"phóng đại, cường điệu",He tends to exaggerate the difficulties.,Anh ta có xu hướng phóng đại những khó khăn.,https://audio.tudienkala.com/data/cache/images/300x225/e/x/exaggerate2.jpg,https://audio.tudienkala.com/audio/e/x/exaggerate.mp3
169,exceed,/ɪkˈsiːd/,v,vượt trội,The price will not exceed £100.,Giá sẽ không vượt quá 100 £.,https://audio.tudienkala.com/data/images_example/300x225/t/h/the_price__ex1_5861e2d97f8b9a639c8b58dc.jpg,https://audio.tudienkala.com/audio/e/x/exceed.mp3
169,exceptional,/ɪkˈsepʃənəl/,adj,"xuất chúng, đặc biệt",At the age of five he showed exceptional talent as a musician.,Vào năm năm tuổi ông đã cho thấy tài năng đặc biệt như một nhạc sĩ.,https://audio.tudienkala.com/data/cache/images/300x225/e/x/exceptional1.jpg,https://audio.tudienkala.com/audio/e/x/exceptional.mp3
169,exercise,/ˈeksəsaɪz/,n,"các hoạt động thể lực, tinh thần để rèn luyện sức khỏe; sự tập luyện, bài thể dục",Swimming is a good exercise.,Bơi lội là môn thể dục tốt.,https://audio.tudienkala.com/data/images_example/300x225/s/w/swimming_i_ex2_587727537f8b9af52f8b45c5.jpg,https://audio.tudienkala.com/audio/e/x/exercise.mp3
169,expose,/iks'pouz/,v,"phơi bày, bộc lộ",He did not want to expose his fears and insecurity to anyone.,Anh ấy không muốn để lộ sự sợ hãi và bất an của mình cho bất cứ ai.,https://audio.tudienkala.com/data/images_example/300x225/h/e/he_did_not_ex1_56248d157f8b9a040dc65e3c.png,https://audio.tudienkala.com/audio/e/x/expose.mp3
169,exposure,/ɪkˈspəʊʒə/,n,"việc được đề cập, bàn luận nhiều (trên tivi, báo chí...)",Her new movie has had a lot of exposure in the media.,Bộ phim mới của cô đã được bàn luận nhiều trên các phương tiện truyền thông.,https://audio.tudienkala.com/data/images_example/300x225/h/e/her_new_mo_ex2_58786eca7f8b9a90078b4572.jpg,https://audio.tudienkala.com/audio/e/x/exposure-n1.mp3
169,external,/ɪkˈstɜːnəl/,adj,"ở ngoài, bên ngoài",We shouldn't judge people by their external appearances.,Chúng ta không nên đánh giá mọi người qua vẻ bề ngoài của họ.,https://audio.tudienkala.com/data/images_example/300x225/w/e/we_shouldn_ex1_587729dc7f8b9a8e308b45c5.jpg,https://audio.tudienkala.com/audio/e/x/external.mp3
169,extraordinary,/ɪkˈstrɔːdənəri/,adj,"lạ thường, khác thường",It's extraordinary that he managed to sleep through the party.,Thật là lạ thường khi anh ta vẫn tiếp tục ngủ trong suốt bữa tiệc.,https://audio.tudienkala.com/data/cache/images/300x225/e/x/extraordinary1.jpg,https://audio.tudienkala.com/audio/e/x/extraordinary.mp3
169,faculty,/ˈfækəlti/,n,năng lực,"It is said that with fading age, the physical and mental faculties do not remain as strong.","Người ta nói rằng khi lớn tuổi dần, năng lực thể chất và trí óc không còn khỏe mạnh.",https://audio.tudienkala.com/data/cache/images/300x225/f/a/faculty-n11.jpg,https://audio.tudienkala.com/audio/f/a/faculty-n1.mp3
169,fatal,/ˈfeɪtəl/,adj,"gây tử vong, gây chết người",The result of a fatal accident inquiry into her death is due later this year.,Kết quả cuộc điều tra tai nạn chết người của cô ấy hoàn tất vào cuối năm nay.,https://audio.tudienkala.com/data/cache/images/300x225/f/a/fatal1.jpg,https://audio.tudienkala.com/audio/f/a/fatal.mp3
169,fertile,/ˈfəːtʌɪl/,adj,màu mỡ,The soil in my garden is so fertile.,Đất trong vườn mình rất màu mỡ.,https://audio.tudienkala.com/data/cache/images/300x225/f/e/fertile1.jpg,https://audio.tudienkala.com/audio/f/e/fertile.mp3
169,finely,/ˈfaɪnli/,adv,"thành những hạt, miếng nhỏ",Give me finely minced kilo of lean beef.,Cho tôi một kí lô thịt bò cắt nhỏ.,https://audio.tudienkala.com/data/images_example/300x225/g/i/give_me_fi_ex2_587728457f8b9a22308b461b.jpg,https://audio.tudienkala.com/audio/f/i/finely.mp3
169,flexible,/ˈfleksəbl/,adj,"linh động, linh hoạt",You need to be more flexible and imaginative in your approach.,Bạn cần phải linh hoạt hơn và giàu trí tưởng tượng trong cách tiếp cận của mình.,https://audio.tudienkala.com/data/cache/images/300x225/f/l/flexible1.jpg,https://audio.tudienkala.com/audio/f/l/flexible.mp3
169,fluctuate,/´flʌktʃu¸eit/,v,"dao động, thay đổi bất thường",No one is very comfortable making a large investment while the currency values fluctuate almost daily.,Không ai thấy thật yên tâm thực hiện một đầu tư lớn trong khi giá trị tiền tệ dao động như cơm bữa.,https://audio.tudienkala.com/data/cache/images/300x225/f/l/fluctuate2.jpg,https://audio.tudienkala.com/audio/f/l/fluctuate.mp3
169,fundamental,"/,fʌndə'mentl/",adj,"cơ bản, chủ yếu",I need to go to the fundamental food store to buy vegan foods.,Tôi cần đến cửa hàng thực phẩm cơ bản để mua thực phẩm chay.,https://audio.tudienkala.com/data/cache/images/300x225/f/u/fundamental1.jpg,https://audio.tudienkala.com/audio/f/u/fundamental.mp3
169,generate,/'dʤenəreit/,v,"làm ra, tạo ra, phát ra",The new training program generated a lot of interest among employees.,Chương trình huấn luyện mới đã tạo ra nhiều lợi ích cho mỗi nhân viên.,https://audio.tudienkala.com/data/cache/images/300x225/g/e/generate1.png,https://audio.tudienkala.com/audio/g/e/generate.mp3
169,genuine,/´dʒenjuin/,adj,"chân thực, xác thực",a very genuine person,một người rất chân thật,https://audio.tudienkala.com/data/cache/images/300x225/g/e/genuine1.jpg,https://audio.tudienkala.com/audio/g/e/genuine.mp3
169,greedy,/ˈɡriːdi/,adj,tham lam,He is greedy for power.,Ông ta tham lam quyền lực.,https://audio.tudienkala.com/data/cache/images/300x225/g/r/greedy1.png,https://audio.tudienkala.com/audio/g/r/greedy.mp3
169,grumble,/ˈɡrʌmbl/,v,cằn nhằn,She's always grumbling to me about how badly she's treated at work.,Cô ấy luôn luôn phàn nàn với tôi về việc cô ấy bị đối xử tệ thế nào tại nơi làm việc.,https://audio.tudienkala.com/data/cache/images/300x225/g/r/grumble1.jpg,https://audio.tudienkala.com/audio/g/r/grumble.mp3
169,harsh,/hɑːʃ/,adj,"cay nghiệt, cay độc",The punishment was harsh and unfair.,Các hình phạt là khắc nghiệt và bất công.,https://audio.tudienkala.com/data/cache/images/300x225/h/a/harsh1.jpg,https://audio.tudienkala.com/audio/h/a/harsh.mp3
169,hazard,/ˈhæzəd/,n,"mối nguy, rủi ro",The doctor delivered a speech on the hazards of smoking.,Các bác sĩ đã phát biểu về các mối nguy hiểm của việc hút thuốc.,https://audio.tudienkala.com/data/cache/images/300x225/h/a/hazard1.jpg,https://audio.tudienkala.com/audio/h/a/hazard.mp3
169,headway,/ˈhedweɪ/,n,"tiến bộ, tiến triển",We are making little headway with the negotiations.,Chúng ta đang thực hiện rất ít tiến triển với những cuộc đàm phán.,https://audio.tudienkala.com/data/images_example/300x225/w/e/we_are_mak_ex2_587729de7f8b9a8e308b45cf.jpg,https://audio.tudienkala.com/audio/h/e/headway.mp3
169,high-rise,/ˈhaɪˌraɪz/,adj,cao ngất (nhà nhiều tầng),Several high-rise office buildings near the embassy were heavily damaged.,Nhiều tòa nhà văn phòng cao tầng gần sứ quán đã bị hư hại nặng nề.,https://audio.tudienkala.com/data/cache/images/300x225/h/i/high-rise1.jpg,https://audio.tudienkala.com/audio/h/i/high-rise.mp3
169,hygienic,/haɪˈdʒiːnɪk/,adj,(hợp) vệ sinh,Food must be prepared in hygienic conditions.,Thực phẩm phải được chuẩn bị trong điều kiện vệ sinh.,https://audio.tudienkala.com/data/cache/images/300x225/h/y/hygienic1.jpg,https://audio.tudienkala.com/audio/h/y/hygienic.mp3
169,hypothesis,/haɪˈpɒθəsɪs/,n,giả thuyết,to confirm a hypothesis,xác nhận một giả thuyết,https://audio.tudienkala.com/data/cache/images/300x225/h/y/hypothesis1.jpg,https://audio.tudienkala.com/audio/h/y/hypothesis.mp3
169,identical,/aɪˈdentɪkəl/,adj,giống nhau,a row of identical houses,một dãy nhà giống hệt nhau,https://audio.tudienkala.com/data/cache/images/300x225/i/d/identical1.jpg,https://audio.tudienkala.com/audio/i/d/identical.mp3
169,ideology,/ˌaɪdiˈɒlədʒi/,n,"ý thức hệ, hệ tư tưởng",capitalist ideology,hệ tư tưởng tư bản chủ nghĩa,https://audio.tudienkala.com/data/cache/images/300x225/i/d/ideology1.jpg,https://audio.tudienkala.com/audio/i/d/ideology.mp3
169,ignorance,/ˈɪgnərəns/,n,sự phớt lờ,She was kept in ignorance of her husband's activities.,Cô ấy vẫn giữ sự phớt lờ đối với những hành động của chồng cô ấy.,https://audio.tudienkala.com/data/cache/images/300x225/i/g/ignorance1.jpg,https://audio.tudienkala.com/audio/i/g/ignorance.mp3
169,illiterate,/ɪˈlɪtərət/,adj,"không biết về, mù mờ về chữ",His parents were illiterate.,Cha mẹ anh không biết chữ.,https://audio.tudienkala.com/data/cache/images/300x225/i/l/illiterate1.jpg,https://audio.tudienkala.com/audio/i/l/illiterate.mp3
169,immerse,/ɪˈmɜːs/,v,"trở nên, khiến ai hoàn toàn mải mê điều gì",She immersed herself in her work.,Cô đắm mình trong công việc của mình.,https://audio.tudienkala.com/data/images_example/300x225/s/h/she_immers_ex2_587729e27f8b9a8e308b45dd.jpg,https://audio.tudienkala.com/audio/i/m/immerse.mp3
169,immigrate,/ˈɪm.ɪ.ɡreɪt/,v,nhập cư,About 6.6 million people immigrated to the United States in the 1970s.,"Khoảng 6,6 triệu người di cư đến Hoa Kỳ vào năm 1970.",https://audio.tudienkala.com/data/cache/images/300x225/i/m/immigrate1.jpg,https://audio.tudienkala.com/audio/i/m/immigrate.mp3
169,imminent,/ˈɪmɪnənt/,adj,sắp xảy ra,the imminent threat of invasion,mối đe dọa sắp xảy ra cuộc xâm lược,https://audio.tudienkala.com/data/cache/images/300x225/i/m/imminent1.jpg,https://audio.tudienkala.com/audio/i/m/imminent.mp3
169,immortal,/ɪˈmɔːtəl/,adj,"bất tử, sống mãi",The soul is immortal.,Linh hồn là bất tử.,https://audio.tudienkala.com/data/images_example/300x225/t/h/the_soul_i_ex2_587729e37f8b9a8e308b45e3.jpg,https://audio.tudienkala.com/audio/i/m/immortal.mp3
170,impartial,/ɪmˈpɑːʃəl/,adj,"công bằng, không thiên vị","As chairman, I must remain impartial.","Như một người chủ tịch, tôi vẫn phải công bằng.",https://audio.tudienkala.com/data/cache/images/300x225/i/m/impartial1.jpg,https://audio.tudienkala.com/audio/i/m/impartial.mp3
170,impose,/im'pouz/,v,"bắt chịu, bắt gánh vác",The company will impose a surcharge for any items returned.,Công ty phải chịu một khoản phí tổn thêm với bất kỳ sản phẩm nào bị trả lại.,https://audio.tudienkala.com/data/cache/images/300x225/i/m/impose1.png,https://audio.tudienkala.com/audio/i/m/impose.mp3
170,impoverished,/ɪmˈpɒvərɪʃt/,adj,rất nghèo,impoverished peasants,nông dân nghèo khó,https://audio.tudienkala.com/data/cache/images/300x225/i/m/impoverished1.jpg,https://audio.tudienkala.com/audio/i/m/impoverished.mp3
170,incline,/ɪnˈklaɪn/,v,"(làm cho ai) có ý thiên về, có khuynh hướng",I incline to the view that we should take no action at this stage.,Tôi nghiêng về quan điểm rằng chúng ta không nên có hành động trong giai đoạn này.,https://audio.tudienkala.com/data/cache/images/300x225/i/n/incline1.jpg,https://audio.tudienkala.com/audio/i/n/incline.mp3
170,individual,"/,indi'vidjuəl/",adj,"cá nhân, riêng biệt",We had the delivery man mark the contents of each individual order.,Chúng tôi đã được người giao hàng đánh dấu nội dung cho mỗi đơn hàng riêng biệt.,https://audio.tudienkala.com/data/cache/images/300x225/i/n/individual1.png,https://audio.tudienkala.com/audio/i/n/individual.mp3
170,infectious,/ɪnˈfekʃəs/,adj,"dễ lây, lan truyền",These special hospitals isolate highly infectious patients from the general population.,Những bệnh viện đặc biệt cô lập bệnh nhân lây nhiễm cao khỏi người dân.,https://audio.tudienkala.com/data/cache/images/300x225/i/n/infectious2.png,https://audio.tudienkala.com/audio/i/n/infectious.mp3
170,influential,/ˌɪnfluˈenʃl/,adj,có ảnh hưởng,She wanted to work for a bigger and more influential newspaper.,Cô ấy muốn làm việc cho một tờ báo to hơn và có ảnh hưởng hơn.,https://audio.tudienkala.com/data/cache/images/300x225/i/n/influential1.jpg,https://audio.tudienkala.com/audio/i/n/influential.mp3
170,initiate,/ɪˈnɪʃieɪt/,v,khởi đầu,The program was initiated by the state government.,Chương trình này được khởi xướng bởi các chính quyền tiểu bang.,https://audio.tudienkala.com/data/cache/images/300x225/i/n/initiate1.png,https://audio.tudienkala.com/audio/i/n/initiate.mp3
170,initiative,/i'niʃiətiv/,n,"bước khởi đầu, sự khởi xướng",Take the initiative and engage your classmates in friendly conversation.,Hãy khởi xướng và thu hút các bạn cùng lớp tham gia vào một cuộc nói chuyện thân thiện.,https://audio.tudienkala.com/data/images_example/300x225/t/a/take_the_i_ex1_56248d127f8b9a020d261a10.jpg,https://audio.tudienkala.com/audio/i/n/initiative.mp3
170,innovate,/ˈɪnəveɪt/,v,"sáng kiến, đổi mới",We must constantly adapt and innovate to ensure success in a growing market.,Chúng tôi liên tục phải thích nghi và đổi mới để đảm bảo thành công trong một thị trường đang phát triển.,https://audio.tudienkala.com/data/cache/images/300x225/i/n/innovate2.jpg,https://audio.tudienkala.com/audio/i/n/innovate.mp3
170,insight,/ˈɪnsaɪt/,n,"sự thấu hiểu, sự hiểu biết sâu sắc",The book gives us fascinating insights into life in Mexico.,Cuốn sách cung cấp cho chúng ta những hiểu biết thú vị về cuộc sống ở Mexico.,https://audio.tudienkala.com/data/images_example/300x225/t/h/the_book_g_ex1_587729e47f8b9a8e308b45eb.jpg,https://audio.tudienkala.com/audio/i/n/insight.mp3
170,insomnia,/ɪnˈsɒmniə/,n,chứng mất ngủ,to suffer from insomnia,chịu đựng chứng mất ngủ,https://audio.tudienkala.com/data/cache/images/300x225/i/n/insomnia1.jpg,https://audio.tudienkala.com/audio/i/n/insomnia.mp3
170,inspirational,/ˌɪn.spɪˈreɪ.ʃən.əl/,adj,truyền cảm hứng,His favourite kind of music is inspirational songs.,Loại nhạc yêu thích nhất của anh ấy là các ca khúc truyền cảm hứng.,https://audio.tudienkala.com/data/cache/images/300x225/i/n/inspirational1.jpg,https://audio.tudienkala.com/audio/i/n/inspirational.mp3
170,integral,/'intigrəl/,adj,"cần thiết, không thể thiếu",The battery is an integral part of a watch and without it you would not know the time.,Pin là một phần không thể thiếu của đồng hồ và nếu không có nó bạn sẽ không biết được thời gian.,https://audio.tudienkala.com/data/images_example/300x225/t/h/the_batter_ex1_56248d157f8b9a040dc65f3c.jpg,https://audio.tudienkala.com/audio/i/n/integral.mp3
170,integrate,/ˈɪntɪgreɪt/,v,"hòa nhập, hội nhập","We need to help disabled students to become independent, integrate in the community and achieve success at school.","Chúng ta cần giúp đỡ các học sinh khuyết tật trở nên độc lập, hòa nhập vào cộng đồng và đạt được thành công ở trường.",https://audio.tudienkala.com/data/cache/images/300x225/i/n/integrate1.png,https://audio.tudienkala.com/audio/i/n/integrate.mp3
170,integrity,/in´tegriti/,n,"tính toàn bộ, tính toàn vẹn",upholding territorial integrity and national sovereignty,giữ gìn toàn vẹn lãnh thổ và chủ quyền quốc gia,https://audio.tudienkala.com/data/images_example/300x225/u/p/upholding__ex2_581ab64d7f8b9a529d8b45e8.jpg,https://audio.tudienkala.com/audio/i/n/integrity.mp3
170,intent,/ɪnˈtent/,n,"ý định, mục đích",She denies possessing the drug with intent to supply.,Cô phủ nhận việc sở hữu thuốc với ý định cung cấp.,https://audio.tudienkala.com/data/cache/images/300x225/i/n/intent1.jpg,https://audio.tudienkala.com/audio/i/n/intent.mp3
170,interpretation,/ɪnˌtɜːprɪˈteɪʃən/,n,"cách hiểu, giải thích",Her evidence suggests a different interpretation of the events.,Bằng chứng của cô ấy cho thấy một cách giải thích khác của các sự việc.,https://audio.tudienkala.com/data/cache/images/300x225/i/n/interpretation2.png,https://audio.tudienkala.com/audio/i/n/interpretation.mp3
170,irreparable,/ɪˈrepərəbl/,adj,"không thể bù đắp, không thể khắc phục",to cause irreparable harm to your health,gây tổn thương không thể khắc phục đối với sức khỏe của bạn,https://audio.tudienkala.com/data/cache/images/300x225/i/r/irreparable1.jpg,https://audio.tudienkala.com/audio/i/r/irreparable.mp3
170,irritated,/ˈɪrɪteɪtɪd/,adj,"bực mình, tức giận",She was getting more and more irritated at his comments,Cô đã nhận được nhiều hơn và nhiều hơn nữa kích thích ở ý kiến ​​của mình,https://audio.tudienkala.com/data/cache/images/300x225/i/r/irritated2.jpg,https://audio.tudienkala.com/audio/i/r/irritated.mp3
170,isolate,/ˈaɪsəleɪt/,v,"cách li, cô lập",Patients with the disease should be isolated.,Bệnh nhân bị bệnh nên được cách ly.,https://audio.tudienkala.com/data/images_example/300x225/p/a/patients_w_ex1_587729e67f8b9a8e308b45f5.png,https://audio.tudienkala.com/audio/i/s/isolate.mp3
170,jeopardy,/ˈdʒepədi/,n,tình trạng nguy hiểm,The civil war has put thousands of lives in jeopardy.,Cuộc nội chiến đã đưa hàng ngàn mạng sống vào mối nguy hiểm.,https://audio.tudienkala.com/data/images_example/300x225/t/h/the_civil__ex2_587729e77f8b9a8e308b45f7.jpg,https://audio.tudienkala.com/audio/j/e/jeopardy.mp3
170,law-abiding,/ˈlɔːəˌbaɪdɪŋ/,adj,"tôn trọng, tuân theo luật pháp",law-abiding citizens,những công dân tuân thủ theo luật pháp,https://audio.tudienkala.com/data/cache/images/300x225/l/a/law-abiding1.jpg,https://audio.tudienkala.com/audio/l/a/law-abiding.mp3
170,lay-off,/leɪ ɒf/,n,"sự tạm giãn thợ (vì không có việc), sự sa thải",lay-offs in the factory,sa thải nhân viên trong nhà máy,https://audio.tudienkala.com/data/cache/images/300x225/l/a/lay-off1.jpg,https://audio.tudienkala.com/audio/l/a/lay-off.mp3
170,likewise,/ˈlaɪkwaɪz/,adv,tương tự như thế,He voted for the change and he expected his colleagues to do likewise.,Ông đã bỏ phiếu cho sự thay đổi và ông hy vọng các đồng nghiệp của mình sẽ làm như vậy.,https://audio.tudienkala.com/data/cache/images/300x225/l/i/likewise1.jpg,https://audio.tudienkala.com/audio/l/i/likewise.mp3
170,mainstream,/ˈmeɪnstriːm/,n,"xu thế chủ đạo, chính quy",His radical views place him outside the mainstream of American politics.,Quan điểm cấp tiến của anh đặt anh ta bên ngoài xu thế chính thống của nền chính trị Mỹ.,https://audio.tudienkala.com/data/images_example/300x225/h/i/his_radica_ex1_587729e87f8b9a8e308b45fd.jpg,https://audio.tudienkala.com/audio/m/a/mainstream.mp3
170,margin,/ˈmɑːdʒɪn/,n,"phần rìa (không quan trọng) của một nhóm người, việc gì",people living on the margins of society,những người sống bên lề của xã hội,https://audio.tudienkala.com/data/cache/images/300x225/m/a/margin1.jpg,https://audio.tudienkala.com/audio/m/a/margin.mp3
170,matching,/ˈmætʃɪŋ/,adj,"đồng bộ, xứng nhau (về màu sắc, kiểu dáng, ...)",The man at the gate wore a matching uniform.,Người đàn ông ở cổng mặc đồng phục giống vậy.,https://audio.tudienkala.com/data/cache/images/300x225/m/a/matching2.jpg,https://audio.tudienkala.com/audio/m/a/matching.mp3
170,materialistic,/məˌtɪəriəˈlɪstɪk/,adj,thực dụng,Children today are so materialistic.,Trẻ em ngày nay rất thực dụng.,https://audio.tudienkala.com/data/cache/images/300x225/m/a/materialistic1.jpg,https://audio.tudienkala.com/audio/m/a/materialistic.mp3
170,matter,/'mætə/,n,"chủ đề, vấn đề, việc, chuyện",What's the matter with you?,Có chuyện gì với bạn vậy?,https://audio.tudienkala.com/data/cache/images/300x225/m/a/matter3.png,https://audio.tudienkala.com/audio/m/a/matter.mp3
170,maturity,/məˈtjʊərəti/,n,"sự chín chắn, trưởng thành",The fish takes 35 years to reach maturity.,Loài cá mất 35 năm để trưởng thành.,https://audio.tudienkala.com/data/images_example/300x225/t/h/the_fish_t_ex2_587729e97f8b9a8e308b4601.jpg,https://audio.tudienkala.com/audio/m/a/maturity.mp3
170,mediate,/ˈmiːdieɪt/,v,"làm trung gian hòa giải, dàn xếp",The Secretary-General was asked to mediate in the dispute.,Tổng thư ký đã được yêu cầu dàn xếp cuộc tranh chấp.,https://audio.tudienkala.com/data/cache/images/300x225/m/e/mediate2.jpg,https://audio.tudienkala.com/audio/m/e/mediate.mp3
170,merit,/'merit/,n,"công lao, công trạng",Employees are evaluated on their merit and not on seniority.,Nhân viên được đánh giá theo công lao của họ và không theo thâm niên.,https://audio.tudienkala.com/data/cache/images/300x225/m/e/merit1.jpg,https://audio.tudienkala.com/audio/m/e/merit.mp3
170,meticulous,/məˈtɪkjələs/,adj,"tỉ mỉ, kỹ càng",Their room had been prepared with meticulous care.,Phòng của họ đã được chuẩn bị cẩn thận tỉ mỉ.,https://audio.tudienkala.com/data/cache/images/300x225/m/e/meticulous1.jpg,https://audio.tudienkala.com/audio/m/e/meticulous.mp3
170,minimal,/ˈmɪnɪməl/,adj,"tối thiểu, rất ít",The work was carried out at minimal cost.,Công trình này được thực hiện với chi phí tối thiểu.,https://audio.tudienkala.com/data/cache/images/300x225/m/i/minimal1.jpg,https://audio.tudienkala.com/audio/m/i/minimal.mp3
170,misleading,/mɪsˈliːdɪŋ/,adj,"gây hiểu nhầm, sai lầm",misleading information/advertisements,thông tin sai lệch / quảng cáo sai lệch,https://audio.tudienkala.com/data/cache/images/300x225/m/i/misleading1.jpg,https://audio.tudienkala.com/audio/m/i/misleading.mp3
170,motive,/ˈmoʊtɪv/,n,"cớ, lý do, động cơ (của một hành động)",There seemed to be no motive for the murder.,Có vẻ như không có động cơ cho vụ giết người này.,https://audio.tudienkala.com/data/images_example/300x225/t/h/there_seem_ex1_587726837f8b9acf2f8b4644.jpg,https://audio.tudienkala.com/audio/m/o/motive.mp3
170,narrow-minded,/ˌnærəʊˈmaɪndɪd/,adj,"hẹp hòi, nhỏ nhen",He had been narrow-minded before he took this volunteer trip.,Cậu ấy từng là người hẹp hòi trước khi tham gia chuyến đi tình nguyện này.,https://audio.tudienkala.com/data/images_example/300x225/h/e/he_had_bee_ex1_587729ea7f8b9a8e308b4607.jpg,https://audio.tudienkala.com/audio/n/a/narrow-minded.mp3
170,nurture,/ˈnɜːtʃər/,v,"nuôi dưỡng, bồi dưỡng",It's important to nurture a good working relationship.,Nuôi dưỡng một mối quan hệ làm việc tốt là điều quan trọng.,https://audio.tudienkala.com/data/cache/images/300x225/n/u/nurture1.jpg,https://audio.tudienkala.com/audio/n/u/nurture.mp3
170,obsess,/əbˈses/,v,ám ảnh,She's obsessed by computers.,Cô bị ám ảnh về các máy tính.,https://audio.tudienkala.com/data/images_example/300x225/s/e/ses_obsess_ex2_587729ea7f8b9a8e308b460b.jpg,https://audio.tudienkala.com/audio/o/b/obsess.mp3
170,obsolete,/ˈɒbsəliːt/,adj,"lỗi thời, lạc hậu",With technological changes many traditional skills have become obsolete.,Với những thay đổi của công nghệ nhiều kỹ năng truyền thống đã trở nên lỗi thời.,https://audio.tudienkala.com/data/cache/images/300x225/o/b/obsolete1.jpg,https://audio.tudienkala.com/audio/o/b/obsolete.mp3
170,ornament,/ˈɔːnəmənt/,n,"đồ trang hoàng, trang trí",tables covered with ornaments and books,bàn bao phủ với những món đồ trang trí và sách,https://audio.tudienkala.com/data/cache/images/300x225/o/r/ornament1.jpg,https://audio.tudienkala.com/audio/o/r/ornament.mp3
170,outbreak,/ˈaʊtbreɪk/,n,"sự bùng nổ, sự bùng phát",the outbreak of war,sự bùng nổ của chiến tranh,https://audio.tudienkala.com/data/images_example/300x225/t/h/the_outbre_ex1_587729eb7f8b9a8e308b4611.jpg,https://audio.tudienkala.com/audio/o/u/outbreak.mp3
170,outstanding,/aut'stændiɳ/,adj,"còn tồn tại, chưa giải quyết xong, chưa trả nợ",She has outstanding debts of over £500.,Cô ấy còn khoản nợ hơn 500 triệu bảng Anh.,https://audio.tudienkala.com/data/cache/images/300x225/o/u/outstanding1.jpg,https://audio.tudienkala.com/audio/o/u/outstanding.mp3
170,outweigh,/ˌaʊtˈweɪ/,v,"vượt trội, nhiều hơn",The advantages of watching TV outweigh its disadvantages.,Những lợi ích của việc xem ti vi thì nhiều hơn những bất lợi mà nó mang lại.,https://audio.tudienkala.com/data/cache/images/300x225/o/u/outweigh1.jpg,https://audio.tudienkala.com/audio/o/u/outweigh.mp3
170,overlap,/ˌəʊvəˈlæp/,v,chồng chéo (lên nhau),A fish's scales overlap each other.,Các vảy cá gối đè lên nhau.,https://audio.tudienkala.com/data/images_example/300x225/a/_/a_fishs_sc_ex2_587729ec7f8b9a8e308b4615.jpg,https://audio.tudienkala.com/audio/o/v/overlap.mp3
170,overwhelming,/ˌəʊvəˈwelmɪŋ/,adj,rất lớn và mạnh; áp đảo,The evidence against him was overwhelming.,Bằng chứng chống lại anh ấy vô cùng áp đảo.,https://audio.tudienkala.com/data/cache/images/300x225/o/v/overwhelming1.jpg,https://audio.tudienkala.com/audio/o/v/overwhelming.mp3
170,paradox,/ˈpærədɒks/,n,"nghịch lí, mâu thuẫn",He was a paradox—a loner who loved to chat to strangers.,"Ông là một người mâu thuẫn, một người cô độc thích trò chuyện với người lạ.",https://audio.tudienkala.com/data/images_example/300x225/h/e/he_was_a_p_ex1_587729ed7f8b9a8e308b4619.jpg,https://audio.tudienkala.com/audio/p/a/paradox.mp3
170,perceive,/pəˈsiːv/,v,"nhận thấy, để ý",I perceived a change in his behaviour.,Tôi nhận thấy một sự thay đổi trong hành vi của anh ta.,https://audio.tudienkala.com/data/cache/images/300x225/p/e/perceive1.jpg,https://audio.tudienkala.com/audio/p/e/perceive.mp3
170,perception,/pəˈsepʃən/,n,nhận thức,"Due to differences in perception, parents and children sometimes conflict with each other over trivial things.",Do sự khác biệt về nhận thức nên cha mẹ và con cái đôi khi tranh cãi với nhau về những điều nhỏ nhặt.,https://audio.tudienkala.com/data/cache/images/300x225/p/e/perception1.jpg,https://audio.tudienkala.com/audio/p/e/perception.mp3
171,persist,/pəˈsɪst/,v,"kiên trì, kiên định, khăng khăng",The reporter persisted with his questioning.,Phóng viên vẫn kiên trì với câu hỏi của mình.,https://audio.tudienkala.com/data/images_example/300x225/t/h/the_report_ex2_587729ee7f8b9a8e308b461f.jpg,https://audio.tudienkala.com/audio/p/e/persist.mp3
171,perspective,/pə'spektiv/,n,"góc nhìn, khía cạnh",Parents and children usually see things from different perspectives.,"Cha mẹ và con cái thường quan sát sự vật, sự việc từ góc nhìn khác nhau.",https://audio.tudienkala.com/data/images_example/300x225/p/a/parents_an_ex1_580de47b7f8b9a84688b45c0.jpg,https://audio.tudienkala.com/audio/p/e/perspective.mp3
171,pervade,/pəˈveɪd/,v,"toả khắp, tràn ngập khắp",a pervading mood of fear,một tâm trạng tràn ngập sự sợ hãi,https://audio.tudienkala.com/data/images_example/300x225/a/_/a_pervadin_ex2_587729ef7f8b9a8e308b4621.png,https://audio.tudienkala.com/audio/p/e/pervade.mp3
171,phenomenon,/fɪˈnɒmɪnən/,n,hiện tượng,"Interestingly, the song has quickly become a phenomenon among the young.",Thật thú vị khi ca khúc đó nhanh chóng trở thành hiện tượng với giới trẻ.,https://audio.tudienkala.com/data/images_example/300x225/i/n/interestin_ex1_587729ef7f8b9a8e308b4623.jpg,https://audio.tudienkala.com/audio/p/h/phenomenon.mp3
171,pitfall,/ˈpɪtfɔːl/,n,"nguy hiểm, cạm bẫy",Her $70 billion acquisition comes with several potential pitfalls.,Mua lại 70 tỷ $ của cô ta đi kèm với nhiều cạm bẫy tiềm năng.,https://audio.tudienkala.com/data/cache/images/300x225/p/i/pitfall1.jpg,https://audio.tudienkala.com/audio/p/i/pitfall.mp3
171,plot,/plɒt/,n,"cốt truyện, nội dung chính",The plot of the film is about the life of a servant girl.,Nội dung chính của bộ phim là về cuộc đời của một cô hầu gái.,https://audio.tudienkala.com/data/cache/images/300x225/p/l/plot2.jpg,https://audio.tudienkala.com/audio/p/l/plot.mp3
171,practitioner,/prækˈtɪʃənər/,n,"thầy thuốc, luật sư đang hành nghề",She was a medical practitioner before she entered politics.,Cô ấy là một bác sĩ trước khi bước vào lĩnh vực chính trị.,https://audio.tudienkala.com/data/cache/images/300x225/p/r/practitioner1.jpg,https://audio.tudienkala.com/audio/p/r/practitioner.mp3
171,prejudice,/ˈpredʒədɪs/,n,"định kiến, thành kiến",Governmental programs must be administered without prejudice.,Các chương trình của Chính phủ phải được quản lý mà không có thành kiến.,https://audio.tudienkala.com/data/cache/images/300x225/p/r/prejudice1.jpg,https://audio.tudienkala.com/audio/p/r/prejudice.mp3
171,prerequisite,/'pri:'rekwizit/,adj,"(điều/điều kiện) tiên quyết, cần trước hết, đòi hỏi trước hết",Here are the prerequisites that you need to purchase before coming to class.,Đây là những thứ đòi hỏi trước hết mà bạn cần phải sắm trước khi vào lớp học.,https://audio.tudienkala.com/data/images_example/300x225/h/e/here_are_t_ex1_580de4687f8b9a84688b459f.jpg,https://audio.tudienkala.com/audio/p/r/prerequisite.mp3
171,preserve,/prɪˈzɜːv/,v,"gìn giữ, bảo tồn",He was anxious to preserve his reputation.,Ông ta lo lắng giữ gìn danh tiếng của mình.,https://audio.tudienkala.com/data/cache/images/300x225/p/r/preserve1.jpg,https://audio.tudienkala.com/audio/p/r/preserve.mp3
171,pressing,/ˈpresɪŋ/,adj,cấp bách,I'm afraid I have some pressing business to attend to.,Tôi sợ rằng tôi có một số công việc cấp bách phải làm.,https://audio.tudienkala.com/data/cache/images/300x225/p/r/pressing1.jpg,https://audio.tudienkala.com/audio/p/r/pressing.mp3
171,pressurize,/ˈpreʃəraɪz/,/ˈpreʃəraɪz/,"gây sức ép, nén",A pump is used to pressurize the fuel.,Một máy bơm được sử dụng để tạo lực nén bơm nhiên liệu.,https://audio.tudienkala.com/data/cache/images/300x225/p/r/pressurize1.jpg,https://audio.tudienkala.com/audio/p/r/pressurize.mp3
171,presumably,/prɪˈzjuːməbli/,adv,có lẽ,This is presumably where the accident happened.,Có lẽ đây là nơi tai nạn xảy ra.,https://audio.tudienkala.com/data/images_example/300x225/p/r/presumably_ex2_587727467f8b9af52f8b4571.jpg,https://audio.tudienkala.com/audio/p/r/presumably.mp3
171,presume,/prɪˈzjuːm/,v,"đoán, cho rằng","They are very expensive, I presume?","Chúng rất đắt phải không, tôi đoán vậy?",https://audio.tudienkala.com/data/cache/images/300x225/p/r/presume1.jpg,https://audio.tudienkala.com/audio/p/r/presume.mp3
171,prevalent,/ˈprevələnt/,adj,phổ biến,The disease is even more prevalent in Latin America.,Dịch bệnh này thậm chí còn phổ biến hơn ở các nước Mỹ Latinh.,https://audio.tudienkala.com/data/images_example/300x225/t/h/the_diseas_ex1_587729f07f8b9a8e308b462b.jpg,https://audio.tudienkala.com/audio/p/r/prevalent.mp3
171,prime,/praɪm/,adj,chính; quan trọng nhất; cơ bản,My prime concern is to protect my property.,Mối quan tâm chính của tôi là bảo vệ tài sản của tôi.,https://audio.tudienkala.com/data/cache/images/300x225/p/r/prime1.jpg,https://audio.tudienkala.com/audio/p/r/prime.mp3
171,principal,/ˈprɪnsɪpəl/,n,hiệu trưởng,I presented an action plan to the school principal when I was at the meeting.,Tôi đã trình bày một kế hoạch hành động với thầy/cô hiệu trưởng khi tôi ở cuộc họp.,https://audio.tudienkala.com/data/cache/images/300x225/p/r/principal1.jpg,https://audio.tudienkala.com/audio/p/r/principal.mp3
171,privilege,/ˈprɪvəlɪdʒ/,n,"ưu tiên, đặc quyền",You can enjoy all the benefits and privileges of club membership.,Bạn có thể tận hưởng tất cả các lợi ích và đặc quyền của thành viên câu lạc bộ.,https://audio.tudienkala.com/data/cache/images/300x225/p/r/privilege2.jpg,https://audio.tudienkala.com/audio/p/r/privilege.mp3
171,proceed,/prəʊ ˈsiːd/,v,"tiếp tục, tiếp diễn",Preparations for the festival are now proceeding smoothly.,Việc chuẩn bị cho lễ hội đang diễn ra tốt đẹp.,https://audio.tudienkala.com/data/cache/images/300x225/p/r/proceed1.jpg,https://audio.tudienkala.com/audio/p/r/proceed.mp3
171,productive,/prəˈdʌktɪv/,adj,"có năng suất, hiệu quả",The managers had a very productive meeting and were able to solve many of the problems.,Người trưởng phòng có một cuộc họp rất hiệu quả và đã có thể làm sáng tỏ nhiều vấn đề.,https://audio.tudienkala.com/data/cache/images/300x225/p/r/productive1.png,https://audio.tudienkala.com/audio/p/r/productive.mp3
171,proficient,/prəˈfɪʃnt/,adj,"tài giỏi, thành thạo",I'm a reasonably proficient driver.,Tôi là một lái xe khá thành thạo.,https://audio.tudienkala.com/data/images_example/300x225/i/m/im_a_reaso_ex2_587726857f8b9acf2f8b4652.jpg,https://audio.tudienkala.com/audio/p/r/proficient.mp3
171,profound,/prəˈfaʊnd/,adj,rất lớn; sâu sắc,profound changes in the earth's climate,sự thay đổi rất lớn trong khí hậu của trái đất,https://audio.tudienkala.com/data/images_example/300x225/p/r/profound_c_ex1_587729f17f8b9a8e308b4631.jpg,https://audio.tudienkala.com/audio/p/r/profound.mp3
171,protocol,/ˈproʊtəkɔːl/,n,"(Tin học) giao thức, định chuẩn","Network protocols like HTTP, TCP/IP, and SMTP provide a foundation that much of the Internet is built on.","Mạng lưới giao thức như HTTP, TCP / IP, SMTP và cung cấp một nền tảng cho nhiều ứng dụng của Internet được xây dựng.",https://audio.tudienkala.com/data/cache/images/300x225/p/r/protocol2.jpg,https://audio.tudienkala.com/audio/p/r/protocol.mp3
171,publicity,/pʌbˈlɪsəti/,n,dư luận,"Despite a wealth of bad publicity, pyramid selling is very much alive.",Mặc dù dư luận không tốt nhưng bán hàng đa cấp vẫn đang rất nhộn nhịp.,https://audio.tudienkala.com/data/cache/images/300x225/p/u/publicity2.jpg,https://audio.tudienkala.com/audio/p/u/publicity.mp3
171,pursue,/pә'sju:/,v,"đuổi theo, đi theo, theo đuổi",She wishes to pursue a medical career.,Cô ấy mong muốn theo đuổi ngành y tế,https://audio.tudienkala.com/data/cache/images/300x225/p/u/pursue1.jpg,https://audio.tudienkala.com/audio/p/u/pursue.mp3
171,radical,/ˈrædɪkəl/,adj,"liên quan đến những phần cơ bản và quan trọng nhất; hoàn toàn, triệt để",the need for radical changes in education,sự cần thiết các thay đổi căn bản trong giáo dục,https://audio.tudienkala.com/data/images_example/300x225/t/h/the_need_f_ex1_587729f27f8b9a8e308b4633.jpg,https://audio.tudienkala.com/audio/r/a/radical.mp3
171,rational,/ˈræʃənəl/,adj,"hợp lí, dựa trên lí trí",a rational argument,một cuộc tranh luận dựa trên lí trí,https://audio.tudienkala.com/data/cache/images/300x225/r/a/rational1.jpg,https://audio.tudienkala.com/audio/r/a/rational.mp3
171,reap,/riːp/,v,gặt hái (nghĩa bóng),They are now reaping the rewards of all their hard work.,Hiện tại họ đang gặt hái những phần thưởng từ tất cả công việc chăm chỉ của họ.,https://audio.tudienkala.com/data/cache/images/300x225/r/e/reap2.jpg,https://audio.tudienkala.com/audio/r/e/reap.mp3
171,reflect,/ri'flekt/,v,"phản chiếu, phản hồi","In fact, they provide a great new opportunity for us to publish works that reflect the reality around us.","Thực tế, họ cung cấp một cơ hội tuyệt vời mới cho chúng tôi xuất bản tác phẩm phản ánh thực tại xung quanh chúng ta.",https://audio.tudienkala.com/data/cache/images/300x225/r/e/reflect1.jpg,https://audio.tudienkala.com/audio/r/e/reflect.mp3
171,regime,/reɪˈʒiːm/,n,chế độ,socialist regime,chế độ xã hội chủ nghĩa,https://audio.tudienkala.com/data/cache/images/300x225/r/e/regime1.jpg,https://audio.tudienkala.com/audio/r/e/regime.mp3
171,regulate,/ˈregjʊleɪt/,v,điều chỉnh,The activities of credit companies are regulated by law.,Các hoạt động của các công ty tín dụng được điều chỉnh bởi pháp luật.,https://audio.tudienkala.com/data/cache/images/300x225/r/e/regulate1.jpg,https://audio.tudienkala.com/audio/r/e/regulate.mp3
171,resemblance,/rɪˈzembləns/,n,sự giống nhau,He bears a resemblance to someone I used to know.,Ông giống với một người mà tôi đã từng biết.,https://audio.tudienkala.com/data/cache/images/300x225/r/e/resemblance1.jpg,https://audio.tudienkala.com/audio/r/e/resemblance.mp3
171,resistance,/rɪˈzɪstəns/,n,"sức đề kháng, sức bền",A weak body has lower resistance to diseases.,Một cơ thể yếu có sức đề kháng kém hơn đối với bệnh tật.,https://audio.tudienkala.com/data/cache/images/300x225/r/e/resistance2.jpg,https://audio.tudienkala.com/audio/r/e/resistance.mp3
171,resort,/rɪˈzɔːt/,n,khu nghỉ dưỡng,They are going to build a resort here.,Họ chuẩn bị xây dựng một khu nghỉ mát ở đây.,https://audio.tudienkala.com/data/cache/images/300x225/r/e/resort1.jpg,https://audio.tudienkala.com/audio/r/e/resort.mp3
171,revenue,/ˈrevənuː/,n,thu nhập (quốc gia),Advertising revenue finances the commercial television channels.,Doanh thu quảng cáo tài trợ cho các kênh truyền hình thương mại.,https://audio.tudienkala.com/data/cache/images/300x225/r/e/revenue1.jpg,https://audio.tudienkala.com/audio/r/e/revenue.mp3
171,revolutionize,/ˌrevəlˈuːʃənaɪz/,v,"thay đổi hoàn toàn, cách mạng hóa",Aerial photography has revolutionized the study of archaeology.,Chụp ảnh trên không đã thay đổi hoàn toàn việc nghiên cứu khảo cổ học.,https://audio.tudienkala.com/data/images_example/300x225/a/e/aerial_pho_ex2_587729f37f8b9a8e308b463d.jpg,https://audio.tudienkala.com/audio/r/e/revolutionize.mp3
171,rigid,/ˈrɪdʒɪd/,adj,"cứng nhắc, không linh hoạt",The curriculum was too narrow and too rigid.,Chương trình đào tạo thì quá hẹp và quá cứng nhắc.,https://audio.tudienkala.com/data/cache/images/300x225/r/i/rigid1.jpg,https://audio.tudienkala.com/audio/r/i/rigid.mp3
171,root,/ruːt/,n,rễ cây,Tree roots can cause damage to buildings.,Rễ cây có thể gây ra thiệt hại cho các tòa nhà.,https://audio.tudienkala.com/data/cache/images/300x225/r/o/root2.png,https://audio.tudienkala.com/audio/r/o/root.mp3
171,rotate,/rəʊˈteɪt/,v,"xoay vòng, luân phiên nhau",The EU presidency rotates among the members.,Chủ tịch EU luân phiên nhau giữa các thành viên.,https://audio.tudienkala.com/data/cache/images/300x225/r/o/rotate1.jpg,https://audio.tudienkala.com/audio/r/o/rotate.mp3
171,rough,/rʌf/,adj,"gồ ghề, nhám, xù xì, lởm chởm",The skin on her hands was hard and rough.,Da trên tay cô ấy cứng và thô.,https://audio.tudienkala.com/data/images_example/300x225/t/h/the_skin_o_ex2_587727927f8b9a01308b457d.jpg,https://audio.tudienkala.com/audio/r/o/rough.mp3
171,ruin,/ˈruːɪn/,v,"hủy hoại, phá hỏng",Poor customer service ruined the company's reputation.,Dịch vụ khách hàng tệ hủy hoại danh tiếng của công ty.,https://audio.tudienkala.com/data/images_example/300x225/p/o/poor_custo_ex1_587727a77f8b9a01308b4603.jpg,https://audio.tudienkala.com/audio/r/u/ruin.mp3
171,scenario,/sɪˈnɑːriəʊ/,n,viễn cảnh,Let me suggest a possible scenario.,Tôi xin gợi ý một viễn cảnh tốt.,https://audio.tudienkala.com/data/cache/images/300x225/s/c/scenario1.jpg,https://audio.tudienkala.com/audio/s/c/scenario.mp3
171,sceptical,/ˈskeptɪkəl/,adj,"hoài nghi, ngờ vực","When I said I'd finished my homework early, Mom looked sceptical.","Khi tôi nói rằng tôi sẽ hoàn thành bài tập về nhà sớm, mẹ có vẻ không tin.",https://audio.tudienkala.com/data/cache/images/300x225/s/c/sceptical1.jpg,https://audio.tudienkala.com/audio/s/c/sceptical.mp3
171,scope,/skəʊp/,n,"phạm vi, giới hạn",Our powers are limited in scope.,Quyền hạn của chúng tôi bị giới hạn trong phạm vi.,https://audio.tudienkala.com/data/cache/images/300x225/s/c/scope1.jpg,https://audio.tudienkala.com/audio/s/c/scope.mp3
171,seek,/siːk/,v,tìm kiếm,We are seeking for the missing man in the entire county.,Chúng ta đang tìm người đàn ông mất tích trên toàn quốc.,https://audio.tudienkala.com/data/cache/images/300x225/s/e/seek1.jpg,https://audio.tudienkala.com/audio/s/e/seek.mp3
171,sequence,/ˈsiːkwəns/,n,chuỗi,He described the sequence of events leading up to the robbery.,Ông mô tả một chuỗi các sự kiện dẫn đến các vụ cướp.,https://audio.tudienkala.com/data/cache/images/300x225/s/e/sequence1.jpg,https://audio.tudienkala.com/audio/s/e/sequence.mp3
171,serve,/sɜːrv/,v,"múc, xới, gắp ra để ăn",You can serve spring rolls with some vegetables.,Bạn có thể ăn nem rán kèm với một chút rau.,https://audio.tudienkala.com/data/cache/images/300x225/s/e/serve1.jpg,https://audio.tudienkala.com/audio/s/e/serve.mp3
171,shelter,/ˈʃeltər/,v,cho ai chỗ ở; bảo vệ,Trees shelter the house from the wind.,Những cái cây che chở cho ngôi nhà khỏi cơn gió.,https://audio.tudienkala.com/data/cache/images/300x225/s/h/shelter2.jpg,https://audio.tudienkala.com/audio/s/h/shelter.mp3
171,short sighted,/ˌʃɔːtˈsaɪtɪd/,adj,thiển cận (không suy nghĩ cẩn thận về những gì sẽ xảy ra),a short sighted policy,một chính sách thiển cận,https://audio.tudienkala.com/data/cache/images/300x225/s/h/short-sighted1.jpg,https://audio.tudienkala.com/audio/s/h/short-sighted.mp3
171,smash,/smæʃ/,v,đập vỡ,Several windows have been smashed.,Một số cửa sổ đã bị đập vỡ.,https://audio.tudienkala.com/data/images_example/300x225/s/e/several_wi_ex2_587728597f8b9a22308b4696.jpg,https://audio.tudienkala.com/audio/s/m/smash.mp3
172,smooth,/smu:ð/,adj,"hòa nhã, lễ độ",Her smooth manner won her the appreciation of the manager but not her colleagues.,"Thái độ hòa nhã của cô ta đã thu được sự đánh giá cao của giám đốc, nhưng không (thu phục) được đồng nghiệp.",https://audio.tudienkala.com/data/cache/images/300x225/s/m/smooth1.jpg,https://audio.tudienkala.com/audio/s/m/smooth.mp3
172,so-called,/ˌsəʊˈkɔːld/,adj,"cái, người được cho là",the opinion of a so-called ‘expert’,ý kiến của một người cho là 'chuyên gia',https://audio.tudienkala.com/data/images_example/300x225/t/h/the_opinio_ex1_587729f67f8b9a8e308b464d.jpg,https://audio.tudienkala.com/audio/s/o/so-called.mp3
172,specification,/ˌspesɪfɪˈkeɪʃən/,n,bản mô tả chi tiết đặc điểm kỹ thuật...,"If you look at the types of buildings that are being put up now, they're technically more complex and built to a very high specification.","Nếu bạn nhìn vào các loại của các tòa nhà đang được đặt ngay bây giờ, về mặt kỹ thuật chúng phức tạp hơn và được xây dựng với đặc điểm kỹ thuật rất cao.",https://audio.tudienkala.com/data/cache/images/300x225/s/p/specification1.jpg,https://audio.tudienkala.com/audio/s/p/specification.mp3
172,specify,/ˈspesɪfaɪ/,v,"ghi rõ, chỉ rõ",The contract clearly does specify who can operate the machinery.,Hợp đồng chỉ rõ những người có thể vận hành máy móc.,https://audio.tudienkala.com/data/cache/images/300x225/s/p/specify2.png,https://audio.tudienkala.com/audio/s/p/specify.mp3
172,spiritual,/ˈspɪrɪtʃuəl/,adj,thuộc về tinh thần,We're concerned about your spiritual welfare.,Chúng tôi quan tâm đến phúc lợi tinh thần của bạn.,https://audio.tudienkala.com/data/cache/images/300x225/s/p/spiritual2.jpg,https://audio.tudienkala.com/audio/s/p/spiritual.mp3
172,spontaneous,/spɒnˈteɪniəs/,adj,"ngẫu hứng, tự phát","They just do it, and it's beautiful and creative and spontaneous.","Họ chỉ làm điều đó, và nó đẹp và sáng tạo và ngẫu hứng.",https://audio.tudienkala.com/data/cache/images/300x225/s/p/spontaneous1.jpg,https://audio.tudienkala.com/audio/s/p/spontaneous.mp3
172,stable,/ˈsteɪbl ̩/,adj,ổn định,She seems more stable these days.,Cô ấy có vẻ ổn định hơn trong những ngày này.,https://audio.tudienkala.com/data/images_example/300x225/s/h/she_seems__ex1_56248d127f8b9a020d261ab0.jpg,https://audio.tudienkala.com/audio/s/t/stable.mp3
172,stick,/stɪk/,v,dính,I tried to stick the pieces together with some glue.,Tôi đã cố dùng keo để dán dính các mảnh lại với nhau.,https://audio.tudienkala.com/data/cache/images/300x225/s/t/stick2.jpg,https://audio.tudienkala.com/audio/s/t/stick.mp3
172,stiff,/stɪf/,adj,"cứng (không dễ uốn, gấp)",The windows were stiff and she couldn't get them open.,Các cửa sổ cứng và cô không thể mở được chúng.,https://audio.tudienkala.com/data/cache/images/300x225/s/t/stiff2.jpg,https://audio.tudienkala.com/audio/s/t/stiff.mp3
172,stifle,/ˈstaɪfl/,v,"kìm nén, đàn áp",She managed to stifle a yawn.,Cô xoay sở kiềm chế cơn ngáp.,https://audio.tudienkala.com/data/images_example/300x225/s/h/she_manage_ex2_587729f87f8b9a8e308b4653.jpg,https://audio.tudienkala.com/audio/s/t/stifle.mp3
172,stimulating,/ˈstɪmjəleɪtɪŋ/,adj,"thú vị, hào hứng; khuyến khích",We have very stimulating conversations.,Chúng tôi có những cuộc trò chuyện thú vị.,https://audio.tudienkala.com/data/cache/images/300x225/s/t/stimulating1.png,https://audio.tudienkala.com/audio/s/t/stimulating.mp3
172,straightforward,/ˌstreɪtˈfɔːwəd/,adj,"dễ thực hiện, dễ hiểu; đơn giản",a straightforward process,một quá trình đơn giản,https://audio.tudienkala.com/data/cache/images/300x225/s/t/straightforward1.png,https://audio.tudienkala.com/audio/s/t/straightforward.mp3
172,streamline,/ˈstriːmlaɪn/,v,"tinh giản một hệ thống, một tổ chức (đặt biệt là để tiết kiệm chi phí)",The production process is to be streamlined.,Quy trình sản xuất phải được tinh giản hệ thống hợp lý.,https://audio.tudienkala.com/data/cache/images/300x225/s/t/streamline1.jpg,https://audio.tudienkala.com/audio/s/t/streamline.mp3
172,subject,/ˈsʌbdʒɪkt/,n,môn học,"I love all subjects in high school, but if only I could choose what I want to take.","Tôi yêu tất cả các môn học ở trường trung học, nhưng giá như tôi có thể chọn những môn tôi muốn.",https://audio.tudienkala.com/data/cache/images/300x225/s/u/subject1.png,https://audio.tudienkala.com/audio/s/u/subject.mp3
172,subordinate,/səˈbɔːdənət/,adj,"có địa vị, cấp bậc thấp hơn",In many societies women are subordinate to men.,Nhiều phụ nữ trong xã hội có địa vị thấp hơn đàn ông.,https://audio.tudienkala.com/data/cache/images/300x225/s/u/subordinate1.png,https://audio.tudienkala.com/audio/s/u/subordinate.mp3
172,subsidy,/ˈsʌbsɪdi/,n,"bao cấp, trợ cấp",The government is planning to abolish subsidy to farmers.,Chính phủ đang có kế hoạch bãi bỏ trợ cấp cho nông dân.,https://audio.tudienkala.com/data/cache/images/300x225/s/u/subsidy1.png,https://audio.tudienkala.com/audio/s/u/subsidy.mp3
172,substantial,/səbˈstænʃəl/,adj,"lớn, đáng kể",She inherited a substantial fortune from her grandmother.,Cô ấy thừa hưởng một gia tài lớn từ bà ngoại.,https://audio.tudienkala.com/data/cache/images/300x225/s/u/substantial1.jpg,https://audio.tudienkala.com/audio/s/u/substantial.mp3
172,successive,/sək'sesiv/,adj,"kế tiếp, liên tiếp",This was their fourth successive win.,Đây là chiến thắng thứ tư liên tiếp của họ.,https://audio.tudienkala.com/data/images_example/300x225/t/h/this_was_t_ex1_56248d167f8b9a040dc661fc.jpg,https://audio.tudienkala.com/audio/s/u/successive.mp3
172,succumb,/səˈkʌm/,v,"chịu thua, không cưỡng lại được",The town succumbed after a short siege.,Thị trấn chịu thua sau một cuộc bao vây ngắn.,https://audio.tudienkala.com/data/images_example/300x225/t/h/the_town_s_ex2_587729f97f8b9a8e308b465d.jpg,https://audio.tudienkala.com/audio/s/u/succumb.mp3
172,sufficient,/səˈfɪʃənt/,adj,"đủ, đủ dùng (cho một việc hay mục đích nào đó)",One sip should be sufficient.,Một ngụm chắc là đủ.,https://audio.tudienkala.com/data/images_example/300x225/o/n/one_sip_sh_ex1_5877279c7f8b9a01308b45b7.jpg,https://audio.tudienkala.com/audio/s/u/sufficient.mp3
172,superficial,/ˌsupərˈfɪʃəl/,adj,"nông cạn, hời hợt",a superficial friendship,một mối quan hệ hời hợt,https://audio.tudienkala.com/data/cache/images/300x225/s/u/superficial1.jpg,https://audio.tudienkala.com/audio/s/u/superficial.mp3
172,surplus,/ˈsɜːpləs/,adj,"dư, thừa",The government has authorized the army to sell its surplus weapons.,Chính phủ đã cho phép quân đội bán vũ khí dư của họ.,https://audio.tudienkala.com/data/cache/images/300x225/s/u/surplus1.jpg,https://audio.tudienkala.com/audio/s/u/surplus.mp3
172,susceptible,/səˈseptəbl/,adj,"dễ bị (ảnh hưởng, tổn thương,...)",He's highly susceptible to flattery.,Anh ấy rất dễ bị ảnh hưởng.,https://audio.tudienkala.com/data/images_example/300x225/h/e/hes_highly_ex1_587729fa7f8b9a8e308b4661.jpg,https://audio.tudienkala.com/audio/s/u/susceptible.mp3
172,suspicious,/səˈspɪʃəs/,adj,đầy nghi ngờ,They became suspicious of his behaviour and contacted the police.,Họ trở nên nghi ngờ về hành vi của anh ta và đã báo cảnh sát.,https://audio.tudienkala.com/data/cache/images/300x225/s/u/suspicious2.jpg,https://audio.tudienkala.com/audio/s/u/suspicious.mp3
172,tackle,/ˈtækl/,v,"giải quyết, xử lí",Police promise new ways to tackle crime.,Cảnh sát hứa những cách thức mới để xử lí tội phạm.,https://audio.tudienkala.com/data/cache/images/300x225/t/a/tackle1.jpg,https://audio.tudienkala.com/audio/t/a/tackle.mp3
172,takeover,/ˈteɪkˌəʊvər/,n,sự tiếp quản,a takeover bid for the company,lời chào mua tiếp quản công ty,https://audio.tudienkala.com/data/cache/images/300x225/t/a/takeover1.jpg,https://audio.tudienkala.com/audio/t/a/takeover.mp3
172,taste,/teist/,n,"vị giác, nếm, sở thích, thị hiếu",He has very good taste in music.,Anh ấy rất biết thưởng thức âm nhạc.,https://audio.tudienkala.com/data/cache/images/300x225/t/a/taste1.png,https://audio.tudienkala.com/audio/t/a/taste.mp3
172,tense,/tens/,adj,"hay lo lắng, căng thẳng",He's a very tense person.,Anh ấy là một người rất căng thẳng.,https://audio.tudienkala.com/data/cache/images/300x225/t/e/tense1.jpg,https://audio.tudienkala.com/audio/t/e/tense.mp3
172,therapy,/ˈθerəpi/,n,"liệu pháp, trị liệu",We can apply herbal therapy to treat her disease.,Chúng ta có thể sử dụng liệu pháp thảo dược để trị bệnh của cô ấy.,https://audio.tudienkala.com/data/cache/images/300x225/t/h/therapy1.jpg,https://audio.tudienkala.com/audio/t/h/therapy.mp3
172,thick,/θɪk/,adj,dày,That's a thick book.,Đó là một cuốn sách dày.,https://audio.tudienkala.com/data/cache/images/300x225/t/h/thick1.jpg,https://audio.tudienkala.com/audio/t/h/thick.mp3
172,trait,/treɪt/,n,đức tính,One of her brother's more admirable personality traits was his general lack of prejudice.,Một trong những đức tính đáng ngưỡng mộ hơn của anh trai cô ấy là tính không định kiến.,https://audio.tudienkala.com/data/cache/images/300x225/t/r/trait1.png,https://audio.tudienkala.com/audio/t/r/trait.mp3
172,transcend,/trænˈsend/,v,"vượt qua, hơn",The best films are those which transcend national or cultural barriers.,Những bộ phim hay nhất là những phim vượt qua rào cản quốc gia hay văn hóa.,https://audio.tudienkala.com/data/cache/images/300x225/t/r/transcend1.jpg,https://audio.tudienkala.com/audio/t/r/transcend.mp3
172,transition,/trænˈzɪʃən/,n,"giai đoạn, quá trình chuyển tiếp, chuyển giao",the transition from school to full-time work,sự chuyển tiếp từ trường học đến công việc toàn thời gian,https://audio.tudienkala.com/data/cache/images/300x225/t/r/transition1.jpg,https://audio.tudienkala.com/audio/t/r/transition.mp3
172,tremendous,/trɪˈmendəs/,adj,rất lớn,There is tremendous need for innovation in these days.,Có nhu cầu to lớn cho sự đổi mới trong những ngày này.,https://audio.tudienkala.com/data/images_example/300x225/t/h/there_is_t_ex2_587729fd7f8b9a8e308b466f.png,https://audio.tudienkala.com/audio/t/r/tremendous.mp3
172,triumph,/ˈtraɪəmf/,n,"thành tựu, chiến thắng",one of the greatest triumphs of modern science,một trong những thành tựu lớn nhất của khoa học hiện đại,https://audio.tudienkala.com/data/cache/images/300x225/t/r/triumph1.jpg,https://audio.tudienkala.com/audio/t/r/triumph.mp3
172,trivial,/ˈtrɪviəl/,adj,"nhỏ nhặt, lặt vặt",My younger brother and I used to have some arguments about trivial things.,Trước đây em trai tôi và tôi hay tranh cãi nhau về những chuyện nhỏ nhặt.,https://audio.tudienkala.com/data/images_example/300x225/m/y/my_younger_ex1_587729fe7f8b9a8e308b4673.jpg,https://audio.tudienkala.com/audio/t/r/trivial.mp3
172,turnover,/ˈtɜːnəʊvə(r)/,n,"doanh số, doanh thu",An annual turnover of $75 million.,Doanh thu hàng năm là $ 75.000.000.,https://audio.tudienkala.com/data/cache/images/300x225/t/u/turnover1.jpg,https://audio.tudienkala.com/audio/t/u/turnover.mp3
172,unbiased,/ʌnˈbaɪəst/,adj,"công bằng, không thiên vị",unbiased advice,lời khuyên công bằng,https://audio.tudienkala.com/data/cache/images/300x225/u/n/unbiased1.png,https://audio.tudienkala.com/audio/u/n/unbiased.mp3
172,undergo,/ˌʌndəˈɡəʊ/,v,trải qua,He was lucky enough to undergo a life-saving brain operation.,Ông đã may mắn trải qua một ca phẫu thuật não cứu sống tính mạng.,https://audio.tudienkala.com/data/images_example/300x225/h/e/he_underwe_ex2_587729fe7f8b9a8e308b4677.jpg,https://audio.tudienkala.com/audio/u/n/undergo.mp3
172,underlie,/ʌndəˈlaɪ/,v,"là nền tảng, nguyên nhân của",These ideas underlie much of his work.,Những ý tưởng này là nền tảng cho nhiều công việc của anh ta.,https://audio.tudienkala.com/data/cache/images/300x225/u/n/underlie1.jpg,https://audio.tudienkala.com/audio/u/n/underlie.mp3
172,uninhabitable,/ˌʌnɪnˈhæbɪtəbl/,adj,"không thể ở, cư trú được",The building was totally uninhabitable.,Tòa nhà hoàn toàn không thể cư trú được.,https://audio.tudienkala.com/data/cache/images/300x225/u/n/uninhabitable1.jpg,https://audio.tudienkala.com/audio/u/n/uninhabitable.mp3
172,unprecedented,/ʌnˈpresɪdəntɪd/,adj,chưa từng có/xảy ra trước đây,The situation is unprecedented in modern times.,Tình huống này là chưa từng xảy ra trước đây trong thời hiện đại.,https://audio.tudienkala.com/data/cache/images/300x225/u/n/unprecedented1.jpg,https://audio.tudienkala.com/audio/u/n/unprecedented.mp3
172,upbringing,/ˈʌpˌbrɪŋɪŋ/,n,"sự giáo dục, sự dạy dỗ (trẻ con)",He had a Christian upbringing.,Ông đã có một nền giáo dục theo Kitô giáo.,https://audio.tudienkala.com/data/cache/images/300x225/u/p/upbringing1.jpg,https://audio.tudienkala.com/audio/u/p/upbringing.mp3
172,upmarket,/ˌʌpˈmɑːkɪt/,adj,"(thị trường) cao cấp, hạng sang",an upmarket restaurant,một nhà hàng hạng sang,https://audio.tudienkala.com/data/cache/images/300x225/u/p/upmarket1.jpg,https://audio.tudienkala.com/audio/u/p/upmarket.mp3
172,visual,/ˈvɪʒ(j)ʊəl/,adj,"(thuộc về) thị giác, có liên quan đến thị giác",The castle makes a tremendous visual impact.,Tòa lâu đài tạo nên một ấn tượng trực quan kỳ vĩ.,https://audio.tudienkala.com/data/cache/images/300x225/v/i/visual1.jpg,https://audio.tudienkala.com/audio/v/i/visual.mp3
172,visualize,/ˈvɪʒuəlaɪz/,v,"hình dung, tưởng tượng",Try to visualize him as an old man.,Hãy thử hình dung anh ta như một người đàn ông lớn tuổi.,https://audio.tudienkala.com/data/cache/images/300x225/v/i/visualize1.jpg,https://audio.tudienkala.com/audio/v/i/visualize.mp3
172,voluntary,/ˈvɑːlənteri/,adj,"tự nguyện, tình nguyện",I do some voluntary work at the local hospital.,Tôi làm một số công việc tình nguyện ở bệnh viện địa phương.,https://audio.tudienkala.com/data/cache/images/300x225/v/o/voluntary1.png,https://audio.tudienkala.com/audio/v/o/voluntary.mp3
172,white-collar,/ˌwaɪtˈkɒlər/,adj,"(nói về công việc, người lao động...) không làm bằng chân tay; lao động trí óc; công chức",white-collar workers,nhân viên lao động trí óc,https://audio.tudienkala.com/data/cache/images/300x225/w/h/white-collar1.jpg,https://audio.tudienkala.com/audio/w/h/white-collar.mp3
172,wise,/waiz/,adj,"khôn ngoan, sáng suốt",I'm older and wiser after ten years in the business.,Tôi lớn tuổi hơn và khôn ngoan hơn sau mười năm kinh doanh.,https://audio.tudienkala.com/data/cache/images/300x225/w/i/wise1.jpg,https://audio.tudienkala.com/audio/w/i/wise.mp3
172,withhold,/wi 'hould/,v,"Giấu, kìm lại, giữ lại",Do not withhold any information from your accountant or he will not be able to prepare your tax form correctly.,Đừng giấu diếm bất kỳ thông tin nào với người kế toán của bạn kẻo không anh ta không thể chuẩn bị biểu mẫu thuế cho bạn chính xác được.,https://audio.tudienkala.com/data/cache/images/300x225/w/i/withhold1.png,https://audio.tudienkala.com/audio/w/i/withhold.mp3
173,abate,/əˈbeɪt/,v,"(làm) dịu đi, yếu đi, giảm bớt",The storm showed no signs of abating.,Các cơn bão cho thấy không có dấu hiệu giảm bớt.,https://audio.tudienkala.com/data/cache/images/300x225/a/b/abate1.jpg,https://audio.tudienkala.com/audio/a/b/abate.mp3
173,abhor,/əbˈhɔːr/,v,ghê tởm; ghét cay ghét đắng,I abhor all forms of racism.,Tôi ghét cay ghét đắng tất cả các hình thức phân biệt chủng tộc.,https://audio.tudienkala.com/data/cache/images/300x225/a/b/abhor1.jpg,https://audio.tudienkala.com/audio/a/b/abhor.mp3
173,abomination,/əbɒmɪˈneɪʃən/,n,"việc ghê tởm, đáng ghét","People in both countries, must be sickened by these abominations.","Người dân ở cả hai quốc gia, ắt hẳn phát bệnh với những việc ghê tởm này.",https://audio.tudienkala.com/data/cache/images/300x225/a/b/abomination1.jpg,https://audio.tudienkala.com/audio/a/b/abomination.mp3
173,acclimatize,/əˈklaɪmətaɪz/,v,"thích nghi với môi trường, khí hậu",You should arrive two days early in order to acclimatize.,Bạn nên đến hai ngày sớm hơn để thích nghi với môi trường.,https://audio.tudienkala.com/data/images_example/300x225/y/o/you_should_ex2_58772a027f8b9a8e308b468d.jpg,https://audio.tudienkala.com/audio/a/c/acclimatize.mp3
173,accumulate,/ə'kju:mjuleit/,v,"tích lũy, tích góp, gom góp",They have accumulated more than enough information.,Họ đã tích lũy nhiều hơn mức thông tin đủ dùng.,https://audio.tudienkala.com/data/cache/images/300x225/a/c/accumulate1.png,https://audio.tudienkala.com/audio/a/c/accumulate.mp3
173,acquisition,/ˌækwɪˈzɪʃən/,n,"sự giành được, đạt được",The young woman collected an acquisition of paintings from her deceased uncle.,Người phụ nữ trẻ đã thu thập lại những bức tranh từ người chú quá cố của mình.,https://audio.tudienkala.com/data/images_example/300x225/t/h/the_young__ex2_58772a037f8b9a8e308b468f.jpg,https://audio.tudienkala.com/audio/a/c/acquisition.mp3
173,adjacent,/ə'dʤeizənt/,adj,"kế bên, liền kề, sát cạnh",My office is adjacent to the receptionist area on the third floor.,Văn phòng của tôi ở bên cạnh khu vực tiếp tân ở tầng ba.,https://audio.tudienkala.com/data/cache/images/300x225/a/d/adjacent2.png,https://audio.tudienkala.com/audio/a/d/adjacent.mp3
173,admonish,/ədˈmɒnɪʃ/,v,"khiển trách, la rầy",She was admonished for chewing gum in class.,Cô đã bị khiển trách vì nhai kẹo cao su trong lớp.,https://audio.tudienkala.com/data/cache/images/300x225/a/d/admonish1.jpg,https://audio.tudienkala.com/audio/a/d/admonish.mp3
173,adorn,/əˈdɔːn/,v,"tô điểm, trang trí",Gold rings adorned his fingers.,Nhẫn vàng trang trí những ngón tay của anh ta.,https://audio.tudienkala.com/data/images_example/300x225/g/o/gold_rings_ex2_58772a047f8b9a8e308b4693.jpg,https://audio.tudienkala.com/audio/a/d/adorn.mp3
173,advocate,/ˈædvəkeɪt/,v,"chủ trương, tán thành",He advocates human rights.,Ông ấy ủng hộ nhân quyền.,https://audio.tudienkala.com/data/cache/images/300x225/a/d/advocate1.png,https://audio.tudienkala.com/audio/a/d/advocate.mp3
173,affable,/ˈæfəbl/,adj,"lịch sự, hoà nhã; niềm nở, ân cần",He greeted everyone in the same relaxed and affable manner.,Anh ấy chào đón tất cả mọi người đều thoải mái và niềm nở.,https://audio.tudienkala.com/data/cache/images/300x225/a/f/affable2.png,https://audio.tudienkala.com/audio/a/f/affable.mp3
173,affliction,/əˈflɪk.ʃən/,n,"nỗi đau đớn, khổ sở; tai hoạ",Malnutrition is one of the common afflictions of the poor.,Suy dinh dưỡng là một trong những nỗi khổ sở phổ biến của người nghèo.,https://audio.tudienkala.com/data/images_example/300x225/m/a/malnutriti_ex2_58772a057f8b9a8e308b4697.jpg,https://audio.tudienkala.com/audio/a/f/affliction.mp3
173,aggravate,/ˈæɡrəveɪt/,v,"làm trầm trọng, xấu thêm",Pollution can aggravate asthma.,Ô nhiễm có thể làm bệnh hen suyễn trầm trọng thêm.,https://audio.tudienkala.com/data/images_example/300x225/p/o/pollution__ex2_58772a057f8b9a8e308b4699.jpg,https://audio.tudienkala.com/audio/a/g/aggravate.mp3
173,aggregate,/ˈæɡrɪɡeɪt/,v,"tập hợp lại, kết hợp",The scores were aggregated with the first round totals to decide the winner.,Các điểm số được tổng hợp với tổng số vòng đầu tiên để quyết định người chiến thắng.,https://audio.tudienkala.com/data/cache/images/300x225/a/g/aggregate1.jpg,https://audio.tudienkala.com/audio/a/g/aggregate.mp3
173,agitate,/ˈædʒɪteɪt/,v,"tranh luận, vận động",Political groups agitate for social change.,Nhóm chính trị vận động vì sự thay đổi xã hội.,https://audio.tudienkala.com/data/cache/images/300x225/a/g/agitate1.jpg,https://audio.tudienkala.com/audio/a/g/agitate.mp3
173,airy,/ˈeəri/,adj,"hời hợt, thiếu nghiêm túc",her airy unconcern for economy,sự vô tư hời hợt của cô ta với nền kinh tế,https://audio.tudienkala.com/data/cache/images/300x225/a/i/airy1.jpg,https://audio.tudienkala.com/audio/a/i/airy.mp3
173,albeit,/ɔːlˈbiːɪt/,conjunction,mặc dù,"He finally agreed, albeit reluctantly, to help us.","Cuối cùng anh đồng ý, mặc dù miễn cưỡng, giúp chúng tôi.",https://audio.tudienkala.com/data/cache/images/300x225/a/l/albeit1.jpg,https://audio.tudienkala.com/audio/a/l/albeit.mp3
173,alleviate,/əˈliːvieɪt/,v,"giảm bớt, xoa dịu",A number of measures were taken to alleviate the problem.,Nhiều biện pháp đã được thực hiện để giảm bớt vấn đề.,https://audio.tudienkala.com/data/cache/images/300x225/a/l/alleviate1.jpg,https://audio.tudienkala.com/audio/a/l/alleviate.mp3
173,amend,/əˈmend/,v,"sửa đổi, thay đổi nhỏ (văn kiện pháp lý)",He asked to see the amended version.,Ông hỏi xem phiên bản đã sửa đổi.,https://audio.tudienkala.com/data/cache/images/300x225/a/m/amend1.jpg,https://audio.tudienkala.com/audio/a/m/amend.mp3
173,amenity,/əˈmiːnəti/,n,tiện nghi,The camp site is close to all local amenity.,Khu vực cắm trại gần tất cả các tiện nghi tại địa phương.,https://audio.tudienkala.com/data/cache/images/300x225/a/m/amenity1.jpg,https://audio.tudienkala.com/audio/a/m/amenity.mp3
173,amiable,/ˈeɪmiəbl/,adj,"dễ thương, thân thiện",Her parents seemed very amiable.,Bố mẹ của cô ấy dường như rất tốt bụng.,https://audio.tudienkala.com/data/cache/images/300x225/a/m/amiable1.jpg,https://audio.tudienkala.com/audio/a/m/amiable.mp3
173,analogy,/əˈnælədʒi/,n,"sự so sánh những đặc điểm tương tự; sự tương tự, sự giống nhau",He drew an analogy between the brain and a vast computer.,Anh ta đã đưa ra sự giống nhau giữa bộ não và một máy tính khổng lồ.,https://audio.tudienkala.com/data/cache/images/300x225/a/n/analogy1.jpg,https://audio.tudienkala.com/audio/a/n/analogy.mp3
173,appease,/əˈpiːz/,v,"làm dịu, xoa dịu",The move was widely seen as an attempt to appease critics of the regime.,Động thái này được nhiều người coi là một nỗ lực nhằm xoa dịu những người chỉ trích chế độ.,https://audio.tudienkala.com/data/images_example/300x225/t/h/the_move_w_ex2_58772a087f8b9a8e308b46ad.jpg,https://audio.tudienkala.com/audio/a/p/appease.mp3
173,append,/əˈpend/,v,thêm vào cuối (văn bản),Footnotes have been appended to the document.,Chú thích đã được thêm vào cuối tài liệu.,https://audio.tudienkala.com/data/cache/images/300x225/a/p/append1.jpg,https://audio.tudienkala.com/audio/a/p/append.mp3
173,arbitrary,/ˈɑːbɪtrəri/,adj,"chuyên quyền, độc đoán",It lacks an independent court system capable of overturning arbitrary decisions.,Thiếu một hệ thống tòa án có khả năng bác bỏ các quyết định tùy ý.,https://audio.tudienkala.com/data/cache/images/300x225/a/r/arbitrary1.jpg,https://audio.tudienkala.com/audio/a/r/arbitrary.mp3
173,arcane,/ɑːˈkeɪn/,adj,"bí ẩn, kì lạ, phức tạp",He was the only person who understood all the arcane details of the agreement.,Ông ta là người duy nhất hiểu rõ tất cả các chi tiết bí ẩn trong bản hợp đồng.,https://audio.tudienkala.com/data/cache/images/300x225/a/r/arcane1.jpg,https://audio.tudienkala.com/audio/a/r/arcane.mp3
173,arduous,/ˈɑːdjuəs/,adj,"khó khăn, gian khổ",This is an arduous journey across the Andes.,Đây là một cuộc hành trình gian khổ qua dãy Andes.,https://audio.tudienkala.com/data/cache/images/300x225/a/r/arduous1.jpg,https://audio.tudienkala.com/audio/a/r/arduous.mp3
173,assimilate,/əˈsɪmɪleɪt/,v,"trở thành (hoặc làm cho ai đó trở thành) một phần của một cộng đồng, một đất nước thay vì là một nhóm riêng biệt; hòa nhập (làm cho ai đó hòa nhập)",The older generation is more difficult to assimilate.,Thế hệ trước có nhiều khó khăn hơn trong việc hòa nhập.,https://audio.tudienkala.com/data/images_example/300x225/t/h/the_older__ex2_58772a0a7f8b9a8e308b46b7.jpg,https://audio.tudienkala.com/audio/a/s/assimilate.mp3
173,asteroid,/ˈæstərɔɪd/,n,(thiên văn học) hành tinh nhỏ,NASA has narrowed the list of candidates down to three space rocks for an ambitious mission to capture an asteroid and tow it to the moon.,NASA đã thu hẹp danh sách các ứng cử viên xuống đến ba loại đá không gian cho một nhiệm vụ đầy tham vọng để nắm bắt một tiểu hành tinh và kéo nó đến mặt trăng.,https://audio.tudienkala.com/data/cache/images/300x225/a/s/asteroid1.jpg,https://audio.tudienkala.com/audio/a/s/asteroid.mp3
173,avarice,/ˈævərɪs/,n,"tính hám lợi, tính tham lam",My husband is full of avarice.,Chồng tôi thì đầy lòng tham lam.,https://audio.tudienkala.com/data/cache/images/300x225/a/v/avarice1.jpg,https://audio.tudienkala.com/audio/a/v/avarice.mp3
173,betting,/ˈbet̬ɪŋ/,n,hành vi cá cược,There is some interesting betting on Saturday's semi-finals.,Có một số cá cược thú vị vào bán kết hôm thứ Bảy.,https://audio.tudienkala.com/data/cache/images/300x225/b/e/betting2.jpg,https://audio.tudienkala.com/audio/b/e/betting.mp3
173,brazen,/ˈbreɪzən/,adj,"vô liêm sỉ, trắng trợn",She had become brazen about the whole affair.,Cô trở nên ngang ngược về toàn bộ sự việc.,https://audio.tudienkala.com/data/images_example/300x225/s/h/she_had_be_ex2_58772a0b7f8b9a8e308b46bd.jpg,https://audio.tudienkala.com/audio/b/r/brazen.mp3
173,brusque,/bruːsk/,adj,"lỗ mãng, cộc cằn",The doctor spoke in a brusque tone.,Các bác sĩ nói bằng một giọng lỗ mãng.,https://audio.tudienkala.com/data/cache/images/300x225/b/r/brusque1.jpg,https://audio.tudienkala.com/audio/b/r/brusque.mp3
173,callous,/ˈkæləs/,adj,nhẫn tâm,"It might sound callous, but I don't care if he's homeless. He's not living with me!","Nó có vẻ nhẫn tâm, nhưng tôi không quan tâm anh ấy có vô gia cư hay không. Anh ấy không có sống với tôi.",https://audio.tudienkala.com/data/cache/images/300x225/c/a/callous1.jpg,https://audio.tudienkala.com/audio/c/a/callous.mp3
173,cajole,/kəˈdʒəʊl/,v,"dụ dỗ, nịnh nọt",He cajoled me into agreeing to do the work.,Anh ta dụ dỗ tôi đồng ý làm việc.,https://audio.tudienkala.com/data/cache/images/300x225/c/a/cajole2.png,https://audio.tudienkala.com/audio/c/a/cajole.mp3
173,candour,/ˈkændər/,n,"tính thật thà, ngay thẳng","""We really don't know what to do about it,"" she said with surprising candour.","""Chúng tôi thực sự không biết phải làm gì về nó,"" cô ấy nói thẳng thắn một cách đáng ngạc nhiên.",https://audio.tudienkala.com/data/cache/images/300x225/c/a/candour1.jpg,https://audio.tudienkala.com/audio/c/a/candour.mp3
173,caveat,/ˈkæviæt/,n,sự báo trước,Any discussion of legal action must be preceded by a caveat on costs.,Bất kỳ cuộc thảo luận về hành động pháp lý phải được đi trước bởi một cảnh báo về chi phí.,https://audio.tudienkala.com/data/cache/images/300x225/c/a/caveat1.jpg,https://audio.tudienkala.com/audio/c/a/caveat.mp3
173,cease,/si:s/,v,"dừng, ngừng",You never cease to amaze me.,Bạn chưa bao giờ ngưng làm tôi ngạc nhiên.,https://audio.tudienkala.com/data/cache/images/300x225/c/e/cease1.jpg,https://audio.tudienkala.com/audio/c/e/cease.mp3
173,circumspect,/ˈsɜːkəmspekt/,adj,thận trọng,He was very circumspect in his financial affairs.,Anh ấy đã rất thận trọng trong vấn đề tài chính của mình.,https://audio.tudienkala.com/data/cache/images/300x225/c/i/circumspect1.jpg,https://audio.tudienkala.com/audio/c/i/circumspect.mp3
173,circumvent,/ˌsɜːkəmˈvent/,v,tìm cách tránh một khó khăn hoặc một quy định nào đó; lách (luật),They found a way of circumventing the law.,Họ đã tìm ra một cách để lách luật.,https://audio.tudienkala.com/data/cache/images/300x225/c/i/circumvent1.png,https://audio.tudienkala.com/audio/c/i/circumvent.mp3
173,cluttered,/ˈklʌtəd/,adj,"lộn xộn, bừa bộn",a cluttered room/desk,phòng lộn xộn / bàn lộn xộn,https://audio.tudienkala.com/data/cache/images/300x225/c/l/cluttered1.jpg,https://audio.tudienkala.com/audio/c/l/cluttered.mp3
173,coerce,/kəʊˈɜːs/,v,"buộc, ép buộc",They were coerced into negotiating a settlement.,Họ bị buộc phải đàm phán một vụ hòa giải.,https://audio.tudienkala.com/data/cache/images/300x225/c/o/coerce1.jpg,https://audio.tudienkala.com/audio/c/o/coerce.mp3
173,cognitive,/ˈkɒɡnətɪv/,adj,liên quan đến nhận thức,There are students suffering from cognitive problems in the school we visited two months ago.,"Ở ngôi trường mà chúng tôi đi thăm hai tháng trước, có những học sinh gặp phải những vấn đề về nhận thức.",https://audio.tudienkala.com/data/cache/images/300x225/c/o/cognitive1.jpg,https://audio.tudienkala.com/audio/c/o/cognitive.mp3
173,cohesive,/kəʊˈhiːsɪv/,adj,"gắn kết chặt chẽ, dính liền",Family life can be a cohesive force in society.,Cuộc sống gia đình có thể là một động lực gắn kết trong xã hội.,https://audio.tudienkala.com/data/cache/images/300x225/c/o/cohesive1.jpg,https://audio.tudienkala.com/audio/c/o/cohesive.mp3
173,collateral,/kəˈlætərəl/,adj,phụ thêm,collateral benefits,lợi ích phụ thêm,https://audio.tudienkala.com/data/cache/images/300x225/c/o/collateral1.jpg,https://audio.tudienkala.com/audio/c/o/collateral.mp3
173,compartmentalise,/ˌkɒmpɑːtˈmentəlaɪz/,v,chia thành ngăn,Life today is rigidly compartmentalised into work and leisure.,Cuộc sống ngày nay cứng nhắc chia thành làm việc và giải trí.,https://audio.tudienkala.com/data/cache/images/300x225/c/o/compartmentalise1.jpg,https://audio.tudienkala.com/audio/c/o/compartmentalise.mp3
173,complacency,/kəmˈpleɪ.sən.si/,n,"tính tự mãn, sự thoả mãn","Despite signs of an improvement in the economy, there is no room for complacency.","Mặc dù có những dấu hiệu cải thiện trong nền kinh tế, nhưng không có chỗ cho sự tự mãn.",https://audio.tudienkala.com/data/images_example/300x225/d/e/despite_si_ex1_58772a5c7f8b9a9d308b4577.jpg,https://audio.tudienkala.com/audio/c/o/complacency.mp3
173,complicate,/ˈkɒmplɪkeɪt/,v,"làm phức tạp, làm rắc rối",The issue is complicated by the fact that a vital document is missing.,Vấn đề trở nên phức tạp bởi thực tế là một tài liệu quan trọng bị mất.,https://audio.tudienkala.com/data/cache/images/300x225/c/o/complicate2.jpg,https://audio.tudienkala.com/audio/c/o/complicate.mp3
173,conceive,/kənˈsiːv/,v,"hình thành một ý tưởng, kế hoạch trong đầu; tưởng tượng",He conceived the idea of transforming the old power station into an arts centre.,Ông ra ý tưởng về việc biến các nhà máy điện cũ thành một trung tâm nghệ thuật.,https://audio.tudienkala.com/data/cache/images/300x225/c/o/conceive1.jpg,https://audio.tudienkala.com/audio/c/o/conceive.mp3
173,concoct,/kənˈkɒkt/,v,"bịa ra một câu chuyện, lí do cho việc gì,...",She concocted some elaborate story to explain her absence.,Cô bịa ra một câu chuyện phức tạp để giải thích sự vắng mặt của cô ấy.,https://audio.tudienkala.com/data/cache/images/300x225/c/o/concoct1.jpg,https://audio.tudienkala.com/audio/c/o/concoct.mp3
174,concurrent,/kənˈkʌrənt/,adj,"tồn tại, xảy ra cùng một thời gian",He was imprisoned for two concurrent terms of 30 months and 18 months.,Ông bị giam trong hai nhiệm đồng thời hạn là 30 tháng và 18 tháng.,https://audio.tudienkala.com/data/images_example/300x225/h/e/he_was_imp_ex2_58772a5d7f8b9a9d308b457d.jpg,https://audio.tudienkala.com/audio/c/o/concurrent.mp3
174,conducive,/kənˈdjuːsɪv/,adj,"có ích, có lợi",The soft lights and music were conducive to a relaxed atmosphere.,Các đèn chiếu sáng nhẹ và nhạc sẽ có ích cho một bầu không khí thoải mái.,https://audio.tudienkala.com/data/images_example/300x225/t/h/the_soft_l_ex1_56248d167f8b9a040dc66044.jpg,https://audio.tudienkala.com/audio/c/o/conducive.mp3
174,confer,/kənˈfɜːr/,v,"hỏi ý kiến, hội ý",He wanted to confer with his colleagues before reaching a decision.,Ông muốn trao đổi với các đồng nghiệp của mình trước khi đi đến một quyết định.,https://audio.tudienkala.com/data/cache/images/300x225/c/o/confer1.jpg,https://audio.tudienkala.com/audio/c/o/confer.mp3
174,confidant,/ˈkɒnfɪdænt/,n,"bạn tâm tình, tri kỉ",John didn't have any close friends or confidants.,John không có bất cứ người bạn thân hay bạn tri kỉ nào.,https://audio.tudienkala.com/data/cache/images/300x225/c/o/confidant1.jpg,https://audio.tudienkala.com/audio/c/o/confidant.mp3
174,confine,/kənˈfaɪn/,v,"hạn chế, giới hạn",The work will not be confined to the Glasgow area.,Công việc sẽ không bị giới hạn trong khu vực Glasgow.,https://audio.tudienkala.com/data/cache/images/300x225/c/o/confine2.jpg,https://audio.tudienkala.com/audio/c/o/confine.mp3
174,connive,/kəˈnaɪv/,v,thông đồng,The government was accused of having connived with the security forces to permit murder.,Chính phủ đã bị buộc tội đã thông đồng với các lực lượng an ninh cho phép giết người.,https://audio.tudienkala.com/data/images_example/300x225/t/h/the_govern_ex2_58772a5e7f8b9a9d308b4583.jpg,https://audio.tudienkala.com/audio/c/o/connive.mp3
174,constrain,/kənˈstreɪn/,v,ép buộc,Research has been constrained by a lack of funds.,Việc nghiên cứu đã bị kìm hãm do thiếu vốn.,https://audio.tudienkala.com/data/cache/images/300x225/c/o/constrain1.jpg,https://audio.tudienkala.com/audio/c/o/constrain.mp3
174,construe,/kənˈstruː/,v,"hiểu, giải thích (câu, từ, hành động)",He considered how the remark was to be construed.,Ông xem xét cách lời nhận xét được hiểu như thế nào.,https://audio.tudienkala.com/data/cache/images/300x225/c/o/construe2.png,https://audio.tudienkala.com/audio/c/o/construe.mp3
174,contrive,/kənˈtraɪv/,v,"xoay xở, lo liệu",She contrived to spend a couple of hours with him every Sunday evening.,Cô định ra một vài giờ dành cho anh ấy vào mỗi tối chủ nhật.,https://audio.tudienkala.com/data/images_example/300x225/s/h/she_contri_ex2_58772a5f7f8b9a9d308b4589.jpg,https://audio.tudienkala.com/audio/c/o/contrive.mp3
174,convene,/kənˈviːn/,v,"triệu tập, thu xếp (một cuộc họp)",to convene a meeting,triệu tập một cuộc họp,https://audio.tudienkala.com/data/cache/images/300x225/c/o/convene1.jpg,https://audio.tudienkala.com/audio/c/o/convene.mp3
174,conversant,/kənˈvɜːsənt/,adj,"biết; giỏi, thạo (việc gì)",You need to become fully conversant with the company's procedures.,Bạn cần phải trở nên hoàn toàn thông thạo với các thủ tục của công ty.,https://audio.tudienkala.com/data/cache/images/300x225/c/o/conversant1.jpg,https://audio.tudienkala.com/audio/c/o/conversant.mp3
174,converse,/kənˈvɜːs/,v,"nói chuyện, trò chuyện với",She conversed with the Romanians in French.,Cô trò chuyện với người Romania bằng tiếng Pháp.,https://audio.tudienkala.com/data/cache/images/300x225/c/o/converse2.png,https://audio.tudienkala.com/audio/c/o/converse.mp3
174,craving,/ˈkreɪ.vɪŋ/,n,"sự thèm muốn, lòng khao khát","Hunger cravings are very powerful, and trying to resist them is a constant struggle.","Sự thèm ăn là vô cùng mạnh mẽ, và việc cố gắng để chống lại chúng là một cuộc đấu tranh liên tục.",https://audio.tudienkala.com/data/cache/images/300x225/c/r/craving1.jpg,https://audio.tudienkala.com/audio/c/r/craving.mp3
174,credibility,/ˌkredəˈbɪləti/,n,sự tín nhiệm; sự đáng tin,the government's loss of credibility,sự mất mát của chính phủ về sự tín nhiệm,https://audio.tudienkala.com/data/cache/images/300x225/c/r/credibility1.jpg,https://audio.tudienkala.com/audio/c/r/credibility.mp3
174,crux,/krʌks/,n,"(điểm) mấu chốt, then chốt",Now we come to the crux of the matter.,Bây giờ chúng ta đi đến mấu chốt của vấn đề.,https://audio.tudienkala.com/data/cache/images/300x225/c/r/crux1.jpg,https://audio.tudienkala.com/audio/c/r/crux.mp3
174,cumulative,/ˈkjuːmjələtɪv/,adj,tích lũy,Learning is a cumulative process.,Học tập là một quá trình tích luỹ.,https://audio.tudienkala.com/data/images_example/300x225/l/e/learning_i_ex1_58772a627f8b9a9d308b4597.png,https://audio.tudienkala.com/audio/c/u/cumulative.mp3
174,curt,/kɜːt/,adj,"cộc lốc, cụt ngủn",a curt reply,bài trả lời cộc lốc,https://audio.tudienkala.com/data/cache/images/300x225/c/u/curt1.jpg,https://audio.tudienkala.com/audio/c/u/curt.mp3
174,debase,/dɪˈbeɪs/,v,"làm xấu đi, làm giảm giá trị",Sport is being debased by commercial sponsorship.,Thể thao đang bị giảm chất lượng do tài trợ thương mại.,https://audio.tudienkala.com/data/images_example/300x225/s/p/sport_is_b_ex2_58772a627f8b9a9d308b459b.jpg,https://audio.tudienkala.com/audio/d/e/debase.mp3
174,decry,/dɪˈkraɪ/,v,chê bai; công khai chỉ trích (ai),The measures were decried as useless.,Các biện pháp này bị chỉ trích là vô dụng.,https://audio.tudienkala.com/data/cache/images/300x225/d/e/decry1.jpg,https://audio.tudienkala.com/audio/d/e/decry.mp3
174,deduce,/dɪˈdjuːs/,v,"suy ra, luận ra",We can deduce a lot from what people choose to buy.,Chúng ta có thể suy ra được rất nhiều từ những gì mọi người chọn mua.,https://audio.tudienkala.com/data/cache/images/300x225/d/e/deduce1.jpg,https://audio.tudienkala.com/audio/d/e/deduce.mp3
174,deferential,/ˌdefəˈrenʃl/,n,"cung kính, tôn kính",He was always deferential towards his mentor.,Anh ấy luôn luôn tôn kính người thầy của mình.,https://audio.tudienkala.com/data/cache/images/300x225/d/e/deferential2.png,https://audio.tudienkala.com/audio/d/e/deferential.mp3
174,deficit,/ˈdefɪsɪt/,n,"(tài chính) số tiền thiếu hụt (do chi lớn hơn thu), sự thâm hụt",The trade deficit narrowed to $39 billion in November.,Bội chi thương mại giảm xuống còn 39 triệu đô la trong tháng 11.,https://audio.tudienkala.com/data/cache/images/300x225/d/e/deficit1.jpg,https://audio.tudienkala.com/audio/d/e/deficit.mp3
174,demure,/dɪˈmjʊər/,adj,"kín đáo; nghiêm trang, từ tốn",She was a demure young lady.,Cô ta là một quý bà trẻ đoan trang.,https://audio.tudienkala.com/data/cache/images/300x225/d/e/demure1.jpg,https://audio.tudienkala.com/audio/d/e/demure.mp3
174,denote,/dɪˈnəʊt/,v,"biểu hiện, biểu thị",A very high temperature often denotes a serious illness.,Nhiệt độ rất cao thường biểu thị một căn bệnh nghiêm trọng.,https://audio.tudienkala.com/data/images_example/300x225/a/_/a_very_hig_ex2_58772a647f8b9a9d308b45a7.jpg,https://audio.tudienkala.com/audio/d/e/denote.mp3
174,deplete,/dɪˈpliːt/,v,"cạn kiệt, suy yếu",Food supplies were severely depleted.,Nguồn cung cấp lương thực đã cạn kiệt nghiêm trọng.,https://audio.tudienkala.com/data/images_example/300x225/f/o/food_suppl_ex2_58772a657f8b9a9d308b45a9.jpg,https://audio.tudienkala.com/audio/d/e/deplete.mp3
174,deride,/dɪˈraɪd/,v,"cười nhạo, chế giễu",His views were derided as old-fashioned.,Những quan điểm của ông đã bị chế giễu là lỗi thời.,https://audio.tudienkala.com/data/cache/images/300x225/d/e/deride1.jpg,https://audio.tudienkala.com/audio/d/e/deride.mp3
174,despot,/ˈdespɒt/,n,kẻ chuyên quyền; kẻ bạo ngược,an enlightened despot (= one who tries to use his/her power in a good way),một bạo chúa giác ngộ (= một người cố gắng sử dụng quyền lực của ông/bà ta một cách tốt),https://audio.tudienkala.com/data/cache/images/300x225/d/e/despot1.jpg,https://audio.tudienkala.com/audio/d/e/despot.mp3
174,deteriorate,/dɪˈtɪəriəreɪt/,v,"trở nên xấu đi, suy giảm","Her health deteriorated rapidly, and she died shortly afterwards.","Sức khỏe của bà xấu đi nhanh chóng, và bà ấy đã chết không lâu sau đó.",https://audio.tudienkala.com/data/cache/images/300x225/d/e/deteriorate1.jpg,https://audio.tudienkala.com/audio/d/e/deteriorate.mp3
174,detrimental,/detrɪˈmentəl/,adj,có hại,the sun's detrimental effect on skin,ảnh hưởng gây hại của ánh nắng mặt trời trên da,https://audio.tudienkala.com/data/cache/images/300x225/d/e/detrimental1.jpg,https://audio.tudienkala.com/audio/d/e/detrimental.mp3
174,deviate,/ˈdiːvieɪt/,v,"đổi hướng, xa rời",The bus had to deviate from its usual route because of a road closure.,Xe buýt đã đổi hướng so với thường lệ vì một con đường đã đóng cửa.,https://audio.tudienkala.com/data/cache/images/300x225/d/e/deviate1.jpg,https://audio.tudienkala.com/audio/d/e/deviate.mp3
174,discrete,/dɪˈskriːt/,adj,riêng biệt,The organisms can be divided into discrete categories.,Các sinh vật có thể được chia thành các loại riêng biệt.,https://audio.tudienkala.com/data/cache/images/300x225/d/i/discrete1.jpg,https://audio.tudienkala.com/audio/d/i/discrete.mp3
174,disparity,/dɪˈspærəti/,n,"sự cách biệt, sự chênh lệch",the wide disparity between rich and poor,sự chênh lệch lớn giữa người giàu và người nghèo,https://audio.tudienkala.com/data/cache/images/300x225/d/i/disparity1.jpg,https://audio.tudienkala.com/audio/d/i/disparity.mp3
174,disposition,/ˌdɪspəˈzɪʃən/,n,tính khí,He was a man of decisive action and an calm disposition.,Anh ấy là một người có hành động kiên quyết và khí chất điềm đạm.,https://audio.tudienkala.com/data/cache/images/300x225/d/i/disposition2.png,https://audio.tudienkala.com/audio/d/i/disposition.mp3
174,docile,/ˈdəʊsaɪl/,adj,"dễ bảo, ngoan ngoãn",a docile child/horse,một đứa trẻ/con ngựa dễ bảo,https://audio.tudienkala.com/data/cache/images/300x225/d/o/docile2.png,https://audio.tudienkala.com/audio/d/o/docile.mp3
174,dubious,/ˈdjuːbiəs/,adj,không chắc chắn; nghi ngờ,I was rather dubious about the whole idea.,Tôi đã khá nghi ngờ về toàn bộ ý tưởng này.,https://audio.tudienkala.com/data/cache/images/300x225/d/u/dubious2.png,https://audio.tudienkala.com/audio/d/u/dubious.mp3
174,dumbfound,/dʌmˈfaʊnd/,v,làm chết lặng đi; làm điếng người,His reply dumbfounded me.,Trả lời của anh ta khiến tôi chết lặng.,https://audio.tudienkala.com/data/cache/images/300x225/d/u/dumbfound1.jpg,https://audio.tudienkala.com/audio/d/u/dumbfound.mp3
174,dwindle,/ˈdwɪndl/,v,"nhỏ lại, suy giảm; thu nhỏ lại",Love fades and dwindles in the hurly-burly of life.,Tình yêu phai nhạt dần và ngày càng suy giảm trong cuộc sống vội vã.,https://audio.tudienkala.com/data/cache/images/300x225/d/w/dwindle1.jpg,https://audio.tudienkala.com/audio/d/w/dwindle.mp3
174,earnest,/ˈɜːnɪst/,adj,"đứng đắn, nghiêm chỉnh",an earnest young man,một người đàn ông trẻ nghiêm chỉnh,https://audio.tudienkala.com/data/cache/images/300x225/e/a/earnest1.jpg,https://audio.tudienkala.com/audio/e/a/earnest.mp3
174,eclectic,/ekˈlektɪk/,adj,(triết học) chiết trung; không bị gò bó vào một nguồn tư tưởng... mà chọn lựa và sử dụng từ một phạm vi rộng,She has very eclectic tastes in literature.,Cô có sở thích rất chiết trung trong văn học.,https://audio.tudienkala.com/data/cache/images/300x225/e/c/eclectic1.jpg,https://audio.tudienkala.com/audio/e/c/eclectic.mp3
174,efface,/ɪˈfeɪs/,v,xoá bỏ,The whole country had tried to efface the memory of the old dictatorship.,Cả nước đã cố gắng xóa bỏ ký ức về chế độ cũ.,https://audio.tudienkala.com/data/cache/images/300x225/e/f/efface1.jpg,https://audio.tudienkala.com/audio/e/f/efface.mp3
174,elated,/ɪˈleɪtɪd/,adj,"phấn chấn, phấn khởi",They were elated at the result.,Họ đã phấn khởi trước kết quả.,https://audio.tudienkala.com/data/cache/images/300x225/e/l/elated1.jpg,https://audio.tudienkala.com/audio/e/l/elated.mp3
174,elucidate,/ɪˈluːsɪdeɪt/,v,làm sáng tỏ; giải thích,He elucidated a point of grammar.,Cậu ấy đã làm sáng tỏ là một điểm của ngữ pháp.,https://audio.tudienkala.com/data/cache/images/300x225/e/l/elucidate2.png,https://audio.tudienkala.com/audio/e/l/elucidate.mp3
174,embezzle,/ɪmˈbezl/,v,"biển thủ, tham ô (tiền...)",He was found guilty of embezzling $150000 of public funds.,Ông bị kết tội biển thủ 150.000 $ tiền công quỹ.,https://audio.tudienkala.com/data/cache/images/300x225/e/m/embezzle1.jpg,https://audio.tudienkala.com/audio/e/m/embezzle.mp3
174,empathy,/ˈempəθi/,n,"sự thấu cảm, sự cảm thông",the writer's imaginative empathy with his subject,sự cảm thông giàu trí tưởng tượng của nhà văn với chủ đề của mình,https://audio.tudienkala.com/data/cache/images/300x225/e/m/empathy1.jpg,https://audio.tudienkala.com/audio/e/m/empathy.mp3
174,empirical,/ɪmˈpɪrɪkəl/,adj,"theo kinh nghiệm, thực tiễn",empirical evidence,bằng chứng thực tiễn,https://audio.tudienkala.com/data/images_example/300x225/e/m/empirical__ex1_58772a6c7f8b9a9d308b45d1.jpg,https://audio.tudienkala.com/audio/e/m/empirical.mp3
174,enchant,/ɪnˈtʃɑːnt/,v,"làm say mê, vui thích",The happy family scene had enchanted him.,Cảnh gia đình hạnh phúc đã mê hoặc anh ấy.,https://audio.tudienkala.com/data/cache/images/300x225/e/n/enchant1.jpg,https://audio.tudienkala.com/audio/e/n/enchant.mp3
174,enmity,/ˈenməti/,n,"sự thù hằn, sự thù hận",personal enmity and political conflict,sự thù hằn cá nhân và các cuộc xung đột chính trị,https://audio.tudienkala.com/data/cache/images/300x225/e/n/enmity1.jpg,https://audio.tudienkala.com/audio/e/n/enmity.mp3
174,enthral,/ɪnˈθrɔːl/,v,"mê hoặc, làm mê mệt","The child watched, and was enthralled by the bright moving images.","Bọn trẻ đã xem, và bị mê hoặc bởi những hình ảnh sáng chuyển động.",https://audio.tudienkala.com/data/cache/images/300x225/e/n/enthral1.jpg,https://audio.tudienkala.com/audio/e/n/enthral.mp3
174,entity,/ˈentɪti/,n,"thực thể, đơn vị",The unit has become part of a larger department and no longer exists as a separate entity.,Các đơn vị đã trở thành một phần của một bộ phận lớn hơn và không còn tồn tại như một thực thể riêng biệt.,https://audio.tudienkala.com/data/cache/images/300x225/e/n/entity1.jpg,https://audio.tudienkala.com/audio/e/n/entity.mp3
174,equable,/ˈek.wə.bl̩/,adj,"điềm đạm, điềm tĩnh",He has an equable temperament.,Anh ta có khí chất điềm đạm.,https://audio.tudienkala.com/data/cache/images/300x225/e/q/equable1.jpg,https://audio.tudienkala.com/audio/e/q/equable.mp3
175,erudite,/ˈer.ʊ.daɪt/,adj,"học rộng, uyên bác",She could turn any conversation into an erudite discussion.,Cô ấy có thể biến bất kỳ cuộc trò chuyện nào thành một cuộc thảo luận uyên bác.,https://audio.tudienkala.com/data/cache/images/300x225/e/r/erudite2.png,https://audio.tudienkala.com/audio/e/r/erudite.mp3
175,escalate,/ˈeskəleɪt/,v,leo thang (nghĩa bóng),The fighting escalated into a full-scale war.,Cuộc giao tranh leo thang thành một cuộc chiến tranh toàn diện.,https://audio.tudienkala.com/data/cache/images/300x225/e/s/escalate1.jpg,https://audio.tudienkala.com/audio/e/s/escalate.mp3
175,esteem,/ɪˈstiːm/,n,"sự kính mến, sự quý trọng",She is held in high esteem by her colleagues.,Cô được quý trọng nhiều từ các đồng nghiệp của mình.,https://audio.tudienkala.com/data/images_example/300x225/s/h/she_is_hel_ex2_58772a6e7f8b9a9d308b45df.jpg,https://audio.tudienkala.com/audio/e/s/esteem.mp3
175,exacerbate,/ɪɡˈzæsəbeɪt/,v,"làm tăng, làm trầm trọng thêm (bệnh, sự tức giận, sự đau đớn)",His aggressive reaction only exacerbated the situation.,Phản ứng hung hăng của anh ta chỉ làm trầm trọng thêm tình hình.,https://audio.tudienkala.com/data/cache/images/300x225/e/x/exacerbate2.png,https://audio.tudienkala.com/audio/e/x/exacerbate.mp3
175,excavation,/ˌekskəˈveɪʃn/,n,sự khai quật,They decided to continue with the excavation.,Họ đã quyết định tiếp tục khai quật.,https://audio.tudienkala.com/data/cache/images/300x225/e/x/excavation1.jpg,https://audio.tudienkala.com/audio/e/x/excavation.mp3
175,exert,/ɪɡˈzɜːt/,v,"gây, tác động (để ảnh hưởng ai, cái gì)",He exerted all his authority to make them accept the plan.,Ông gây tác động lên tất cả chính quyền của mình để làm cho họ chấp nhận kế hoạch.,https://audio.tudienkala.com/data/cache/images/300x225/e/x/exert1.jpg,https://audio.tudienkala.com/audio/e/x/exert.mp3
175,exhibit,/ɪɡˈzɪbɪt/,n,vật trưng bày; vật triển lãm,The museum contains some interesting exhibits on Spanish rural life.,Các bảo tàng có chứa một số vật triển lãm thú vị về cuộc sống nông thôn Tây Ban Nha.,https://audio.tudienkala.com/data/cache/images/300x225/e/x/exhibit2.jpg,https://audio.tudienkala.com/audio/e/x/exhibit.mp3
175,exhort,/ɪɡˈzɔːt/,v,"hô hào, cổ vũ, khích lệ",The party leader exhorted his members to start preparing for government.,Các lãnh đạo đảng hô hào các thành viên của mình bắt đầu chuẩn bị cho chính phủ.,https://audio.tudienkala.com/data/cache/images/300x225/e/x/exhort1.jpg,https://audio.tudienkala.com/audio/e/x/exhort.mp3
175,exorbitant,/ɪɡˈzɔːbɪtənt/,adj,"quá cao, cắt cổ (giá...)",Some hotels charge exorbitant rates for phone calls.,Một số khách sạn tính giá cắt cổ cho các cuộc gọi điện thoại.,https://audio.tudienkala.com/data/images_example/300x225/s/o/some_hotel_ex2_58772a707f8b9a9d308b45e9.jpg,https://audio.tudienkala.com/audio/e/x/exorbitant.mp3
175,exotic,/ɪɡˈzɒtɪk/,adj,ở nước ngoài đưa vào; kỳ lạ,brightly-coloured exotic flowers,loài hoa sáng màu kì lạ,https://audio.tudienkala.com/data/images_example/300x225/b/r/brightly-c_ex2_58772a717f8b9a9d308b45eb.jpg,https://audio.tudienkala.com/audio/e/x/exotic.mp3
175,expatriate,/ˌeksˈpætriət/,adj,người sinh sống ở một nước không phải là nơi mình sinh ra,American expatriates in Paris.,Việt kiều Mỹ ở Paris.,https://audio.tudienkala.com/data/cache/images/300x225/e/x/expatriate1.jpg,https://audio.tudienkala.com/audio/e/x/expatriate.mp3
175,explicit,/ɪkˈsplɪsɪt/,adj,"rõ ràng, dễ hiểu",He gave me very explicit directions on how to get there.,Ông ấy đã hướng dẫn đường đi đến đó rất rõ ràng.,https://audio.tudienkala.com/data/cache/images/300x225/e/x/explicit1.jpg,https://audio.tudienkala.com/audio/e/x/explicit.mp3
175,extinguish,/ɪkˈstɪŋɡwɪʃ/,v,"dập tắt (lửa), làm tắt (ánh sáng)",Firefighters tried to extinguish the flames.,Các nhân viên cứu hỏa cố gắng dập tắt ngọn lửa.,https://audio.tudienkala.com/data/cache/images/300x225/e/x/extinguish1.jpg,https://audio.tudienkala.com/audio/e/x/extinguish.mp3
175,extol,/ɪkˈstəʊl/,v,"tán dương, khen ngợi",Doctors often extol the virtues of eating less fat.,Các bác sĩ thường khen ngợi tác dụng của việc ăn ít chất béo;,https://audio.tudienkala.com/data/images_example/300x225/d/o/doctors_of_ex2_58772a727f8b9a9d308b45f3.jpg,https://audio.tudienkala.com/audio/e/x/extol.mp3
175,fabricate,/ˈfæbrɪkeɪt/,v,bịa đặt,The evidence was totally fabricated.,Bằng chứng được bịa đặt hoàn toàn.,https://audio.tudienkala.com/data/cache/images/300x225/f/a/fabricate1.jpg,https://audio.tudienkala.com/audio/f/a/fabricate.mp3
175,facilitate,/fə'siliteit/,v,"làm cho dễ dàng, làm cho thuận tiện",The computer program facilitated the scheduling of appointments.,Chương trình máy tính làm cho việc lập lịch các buổi hẹn được thuận tiện.,https://audio.tudienkala.com/data/cache/images/300x225/f/a/facilitate1.png,https://audio.tudienkala.com/audio/f/a/facilitate.mp3
175,falter,/ˈfɔːltər/,v,"dao động, chùn bước, nao núng",The economy shows no signs of faltering.,Nền kinh tế cho thấy không có dấu hiệu chững lại.,https://audio.tudienkala.com/data/cache/images/300x225/f/a/falter1.jpg,https://audio.tudienkala.com/audio/f/a/falter.mp3
175,flimsy,/ˈflɪmzi/,adj,"không bền, không chắc chắn",a flimsy table,cái bàn không chắc chắn,https://audio.tudienkala.com/data/images_example/300x225/a/_/a_flimsy_t_ex2_58772a737f8b9a9d308b45f9.jpg,https://audio.tudienkala.com/audio/f/l/flimsy.mp3
175,forsake,/fəˈseɪk/,v,"bỏ rơi, từ bỏ",He had made it clear to his wife that he would never forsake her.,Anh đã nói rõ với vợ rằng anh sẽ không bao giờ bỏ rơi cô.,https://audio.tudienkala.com/data/cache/images/300x225/f/o/forsake1.jpg,https://audio.tudienkala.com/audio/f/o/forsake.mp3
175,fractious,/ˈfræk.ʃəs/,adj,"hay cau có, hay phát khùng",Children often get fractious and tearful when tired.,Trẻ em thường hay cau có và đầy nước mắt khi mệt mỏi.,https://audio.tudienkala.com/data/images_example/300x225/c/h/children_o_ex2_58772a747f8b9a9d308b45fd.jpg,https://audio.tudienkala.com/audio/f/r/fractious.mp3
175,furtive,/ˈfɜːtɪv/,adj,"lén lút, bí mật",She cast a furtive glance over her shoulder.,Cô liếc trộm qua vai cô.,https://audio.tudienkala.com/data/cache/images/300x225/f/u/furtive1.jpg,https://audio.tudienkala.com/audio/f/u/furtive.mp3
175,futuristic,/ˌfjuːtʃəˈrɪstɪk/,adj,"cực kì mới lạ, hiện đại",They are also designing futuristic homes for the Qatari royal family.,Họ cũng đang thiết kế những ngôi nhà hiện đại cho gia đình hoàng gia Qatar.,https://audio.tudienkala.com/data/cache/images/300x225/f/u/futuristic1.jpg,https://audio.tudienkala.com/audio/f/u/futuristic.mp3
175,gaudy,/ˈɡɔːdi/,adj,loè loẹt,gaudy clothes/colours,quần áo lòe loẹt / màu lòe loẹt,https://audio.tudienkala.com/data/cache/images/300x225/g/a/gaudy1.jpg,https://audio.tudienkala.com/audio/g/a/gaudy.mp3
175,ghastly,/ˈɡɑːstli/,adj,"ghê sợ, khủng khiếp",a ghastly scenery,cảnh tượng rùng rợn,https://audio.tudienkala.com/data/cache/images/300x225/g/h/ghastly1.jpg,https://audio.tudienkala.com/audio/g/h/ghastly.mp3
175,gluttony,/ˈɡlʌtəni/,n,"tính háu ăn, thói tham ăn",They treat Christmas as just another excuse for gluttony.,Họ xem Giáng sinh như chỉ là một cái cớ khác để thỏa thói tham ăn.,https://audio.tudienkala.com/data/cache/images/300x225/g/l/gluttony1.jpg,https://audio.tudienkala.com/audio/g/l/gluttony.mp3
175,gratuitous,/ɡrəˈtjuːɪtəs/,adj,"không có lí do, mục đích gì, không cần thiết",gratuitous violence on television,bạo lực không cần thiết trên truyền hình,https://audio.tudienkala.com/data/images_example/300x225/g/r/gratuitous_ex2_58772a767f8b9a9d308b4609.jpg,https://audio.tudienkala.com/audio/g/r/gratuitous.mp3
175,gruelling,/ˈɡruːəlɪŋ/,adj,"khó khăn, mệt mỏi","The work week was six days, and each work day was a grueling 12 hours.","Tuần làm việc đã sáu ngày, và mỗi ngày làm việc là 12 giờ mệt mỏi.",https://audio.tudienkala.com/data/images_example/300x225/t/h/the_work_w_ex2_58772a777f8b9a9d308b460b.jpg,https://audio.tudienkala.com/audio/g/r/gruelling.mp3
175,harass,/ˈhærəs/,v,quấy rầy và làm phiền ai liên tục,He has complained of being harassed by the police.,Ông than phiền đã bị quấy rối bởi cảnh sát.,https://audio.tudienkala.com/data/images_example/300x225/h/e/he_has_com_ex2_587726fb7f8b9ae72f8b46bb.jpg,https://audio.tudienkala.com/audio/h/a/harass.mp3
175,harness,/ˈhɑːnɪs/,v,"khai thác, sử dụng tiềm năng",attempts to harness the sun's rays as a source of energy,những nỗ lực để khai thác ánh nắng mặt trời như một nguồn năng lượng,https://audio.tudienkala.com/data/images_example/300x225/a/t/attempts_t_ex1_58772a777f8b9a9d308b460d.jpg,https://audio.tudienkala.com/audio/h/a/harness.mp3
175,haughty,/ˈhɔːti/,adj,"kiêu căng, ngạo mạn",He replied with haughty disdain.,Ông ta trả lời với thái độ khinh thị ngạo mạn.,https://audio.tudienkala.com/data/cache/images/300x225/h/a/haughty1.jpg,https://audio.tudienkala.com/audio/h/a/haughty.mp3
175,heretic,/ˈherətɪk/,n,người mắc tội không tuân theo nguyên tắc của một tôn giáo nào đó,"If you don't share there faith, you are a heretic.","Nếu bạn không chia sẻ đức tin đó, bạn là một kẻ dị giáo.",https://audio.tudienkala.com/data/cache/images/300x225/h/e/heretic1.jpg,https://audio.tudienkala.com/audio/h/e/heretic.mp3
175,hierarchy,/ˈhaɪərɑːki/,n,hệ thống cấp bậc,She's quite high up in the management hierarchy.,Cô ấy có vị trí khá là cao trong hệ thống phân cấp quản lý.,https://audio.tudienkala.com/data/cache/images/300x225/h/i/hierarchy1.jpg,https://audio.tudienkala.com/audio/h/i/hierarchy.mp3
175,impair,/ɪmˈpeər/,v,"làm suy yếu, phá hỏng",His age impaired his chances of finding a new job.,Tuổi của anh ấy đã làm giảm cơ hội tìm một công việc mới.,https://audio.tudienkala.com/data/cache/images/300x225/i/m/impair1.jpg,https://audio.tudienkala.com/audio/i/m/impair.mp3
175,impart,/ɪmˈpɑːt/,v,"truyền đạt, phổ biến",to impart the bad news,truyền đạt các tin tức xấu,https://audio.tudienkala.com/data/cache/images/300x225/i/m/impart1.jpg,https://audio.tudienkala.com/audio/i/m/impart.mp3
175,impeccable,/ɪmˈpekəbl/,adj,"hoàn hảo, không chê vào đâu được, không tỳ vết (đồ vật...)",Her written English is impeccable.,Kỹ năng viết tiếng anh của cô ấy không thể chê vào đâu được.,https://audio.tudienkala.com/data/images_example/300x225/h/e/her_writte_ex2_58772a797f8b9a9d308b4617.jpg,https://audio.tudienkala.com/audio/i/m/impeccable.mp3
175,impediment,/ɪmˈpedɪmənt/,n,"trở ngại, cản trở",The level of inflation is a serious impediment to economic recovery.,Mức độ lạm phát là một trở ngại nghiêm trọng để phục hồi kinh tế.,https://audio.tudienkala.com/data/cache/images/300x225/i/m/impediment1.jpg,https://audio.tudienkala.com/audio/i/m/impediment.mp3
175,impertinent,/ɪmˈpɜːtɪnənt/,adj,"láo xược, xấc xược",an impertinent question/child,một câu hỏi xấc láo / một đứa trẻ láo xược,https://audio.tudienkala.com/data/cache/images/300x225/i/m/impertinent1.jpg,https://audio.tudienkala.com/audio/i/m/impertinent.mp3
175,implacable,/ɪmˈplækəbl/,adj,không thể thay đổi được,He's my an implacable enemy.,Anh ta là một kẻ thù không đội trời chung của tôi.,https://audio.tudienkala.com/data/images_example/300x225/a/n/an_implaca_ex2_58772a7a7f8b9a9d308b461d.jpg,https://audio.tudienkala.com/audio/i/m/implacable.mp3
175,implicate,/ˈɪmplɪkeɪt/,v,làm liên lụy,He tried to avoid saying anything that would implicate him further.,Anh đã cố gắng tránh nói bất cứ điều gì mà sẽ làm liên lụy anh hơn nữa.,https://audio.tudienkala.com/data/cache/images/300x225/i/m/implicate1.jpg,https://audio.tudienkala.com/audio/i/m/implicate.mp3
175,implication,/ˌɪmplɪˈkeɪʃən/,n,"hậu quả, ảnh hưởng",They failed to consider the wider implications of their actions.,Họ không xem xét những hậu quả về các hành động của mình.,https://audio.tudienkala.com/data/cache/images/300x225/i/m/implication2.jpg,https://audio.tudienkala.com/audio/i/m/implication.mp3
175,implicit,/ɪmˈplɪsɪt/,adj,"ngầm, ẩn ý",The handshake between the two men was their implicit agreement to the terms of the contract.,Việc bắt tay giữa hai người là sự đồng thuận ngầm của họ với các điều khoản của hợp đồng.,https://audio.tudienkala.com/data/images_example/300x225/t/h/the_handsh_ex2_58772a7a7f8b9a9d308b4621.jpg,https://audio.tudienkala.com/audio/i/m/implicit.mp3
175,impracticable,/ɪmˈpræk.tɪ.kə.bl̩/,adj,"viễn vông, không thực tế",It would be impracticable for each member to be consulted on every occasion.,Điều đó sẽ không thực tế cho từng thành viên để được tư vấn vào tất cả các dịp.,https://audio.tudienkala.com/data/cache/images/300x225/i/m/impracticable1.jpg,https://audio.tudienkala.com/audio/i/m/impracticable.mp3
175,impudent,/ˈɪm.pjʊ.dənt/,adj,"láo xược, hỗn xược",an impudent young fellow,một người trẻ láo xược,https://audio.tudienkala.com/data/cache/images/300x225/i/m/impudent1.jpg,https://audio.tudienkala.com/audio/i/m/impudent.mp3
175,impulse,/ˈɪmpʌls/,n,mong muốn bất chợt,He had a sudden impulse to stand up and sing.,Anh đã có một mong muốn bất chợt đứng lên và hát.,https://audio.tudienkala.com/data/cache/images/300x225/i/m/impulse1.jpg,https://audio.tudienkala.com/audio/i/m/impulse.mp3
175,inalienable,/ɪˈneɪ.li.ə.nə.bl̩/,adj,bất khả xâm phạm,the inalienable right to decide your own future,sự bất khả xâm phạm quyền quyết định tương lai của mình,https://audio.tudienkala.com/data/cache/images/300x225/i/n/inalienable1.jpg,https://audio.tudienkala.com/audio/i/n/inalienable.mp3
175,incidence,/ˈɪnsɪdəns/,n,mức độ,an area with a high incidence of crime,một khu vực có tỷ lệ tội phạm cao,https://audio.tudienkala.com/data/cache/images/300x225/i/n/incidence1.jpg,https://audio.tudienkala.com/audio/i/n/incidence.mp3
175,incident,/ˈɪnsɪdənt/,n,"sự cố, việc bất ngờ xảy ra",One particular incident sticks in my mind.,Một việc bất ngờ xảy ra đã in đậm trong tâm trí tôi.,https://audio.tudienkala.com/data/cache/images/300x225/i/n/incident2.png,https://audio.tudienkala.com/audio/i/n/incident.mp3
175,incipient,/ɪnˈsɪpiənt/,adj,"chớm nở, mới bắt đầu",signs of incipient unrest,dấu hiệu mới bắt đầu của tình trạng bất ổn định,https://audio.tudienkala.com/data/cache/images/300x225/i/n/incipient1.jpg,https://audio.tudienkala.com/audio/i/n/incipient.mp3
175,incisive,/ɪnˈsaɪsɪv/,adj,"sắc sảo, sâu sắc",I admire those who have an incisive mind.,Tôi ngưỡng mộ những ai có trí óc sắc sảo.,https://audio.tudienkala.com/data/images_example/300x225/a/n/an_incisiv_ex2_58772a7d7f8b9a9d308b462f.jpg,https://audio.tudienkala.com/audio/i/n/incisive.mp3
175,incoherent,/ˌɪnkəʊˈhɪərənt/,adj,"rời rạc, không mạch lạc",an incoherent policy,một chính sách rời rạc,https://audio.tudienkala.com/data/cache/images/300x225/i/n/incoherent1.jpg,https://audio.tudienkala.com/audio/i/n/incoherent.mp3
176,incorporate,/in'kɔ:pərit/,v,kết hợp chặt chẽ; hợp thành tổ chức/đoàn thể,Here are the fresh greens for you to incorporate into a salad.,Đây là rau tươi cho anh để kết hợp thành một món salad (rau trộn).,https://audio.tudienkala.com/data/cache/images/300x225/i/n/incorporate2.png,https://audio.tudienkala.com/audio/i/n/incorporate.mp3
176,incur,/in'kə:/,v,"gánh chịu,bị",I incurred substantial expenses that my health plan does not cover.,Tôi phải gánh những chi phí phát sinh mà dự án chăm sóc sức khỏe của tôi không bao gồm.,https://audio.tudienkala.com/data/cache/images/300x225/i/n/incur1.png,https://audio.tudienkala.com/audio/i/n/incur.mp3
176,indigenous,/ɪnˈdɪdʒɪnəs/,adj,"bản địa, vốn thuộc về một nơi nào đó",the indigenous peoples/languages of the area,các dân tộc bản địa / ngôn ngữ bản địa của khu vực,https://audio.tudienkala.com/data/cache/images/300x225/i/n/indigenous1.jpg,https://audio.tudienkala.com/audio/i/n/indigenous.mp3
176,induce,/ɪnˈdjuːs/,v,"khiến, xui khiến",Nothing would induce me to take the job.,Không có gì khiến tôi nhận công việc đó.,https://audio.tudienkala.com/data/cache/images/300x225/i/n/induce1.jpg,https://audio.tudienkala.com/audio/i/n/induce.mp3
176,inept,/ɪˈnept/,adj,"không có khả năng, vụng về; ngu ngốc",She was left feeling inept and inadequate.,Cô bị bỏ lại cảm thấy ngu ngốc và không đầy đủ.,https://audio.tudienkala.com/data/cache/images/300x225/i/n/inept1.jpg,https://audio.tudienkala.com/audio/i/n/inept.mp3
176,inequality,/ˌɪnɪˈkwɒləti/,n,"sự không bình đẳng, sự không đồng đều",The free market program implemented by successive governments has widened social inequality to an unprecedented degree.,Chương trình thị trường tự do được thực hiện bởi chính phủ kế nhiệm đã mở rộng sự bất bình đẳng xã hội ở một mức độ chưa từng thấy.,https://audio.tudienkala.com/data/cache/images/300x225/i/n/inequality2.png,https://audio.tudienkala.com/audio/i/n/inequality.mp3
176,inexorable,/ɪˈneksərəbl/,adj,"không thể ngăn cản, thay đổi được",the inexorable rise of crime,sự gia tăng tội phạm không thể ngăn cản,https://audio.tudienkala.com/data/images_example/300x225/t/h/the_inexor_ex2_58772a7f7f8b9a9d308b463b.jpg,https://audio.tudienkala.com/audio/i/n/inexorable.mp3
176,infamy,/ˈɪn.fə.mi/,n,"điều độc ác, điều ô nhục",scenes of horror and infamy,những cảnh kinh dị và độc ác,https://audio.tudienkala.com/data/cache/images/300x225/i/n/infamy1.jpg,https://audio.tudienkala.com/audio/i/n/infamy.mp3
176,influx,/'inflʌks/,n,"sự chảy vào, sự tràn vào","Due to the rise in popularity of cooking as a career, cooking schools report an influx of applications.","Vì việc gia tăng sự phổ biến của nghề nấu ăn, các trường dạy nấu ăn báo cáo một dòng chảy các đơn xin nhập học.",https://audio.tudienkala.com/data/cache/images/300x225/i/n/influx1.png,https://audio.tudienkala.com/audio/i/n/influx.mp3
176,inhibit,/ɪnˈhɪbɪt/,v,"ngăn chặn, kiềm chế",A lack of oxygen may inhibit brain development in the unborn child.,Việc thiếu oxy có thể cản trở sự phát triển não bộ ở thai nhi.,https://audio.tudienkala.com/data/cache/images/300x225/i/n/inhibit1.jpg,https://audio.tudienkala.com/audio/i/n/inhibit.mp3
176,innate,/ɪˈneɪt/,adj,bẩm sinh,Animals always have the innate ability to learn.,Động vật luôn có khả năng học hỏi bẩm sinh.,https://audio.tudienkala.com/data/cache/images/300x225/i/n/innate1.jpg,https://audio.tudienkala.com/audio/i/n/innate.mp3
176,innumerate,/ɪˈnjuː.mər.ət/,adj,không biết đếm hay làm các phép toán đơn giản,an old innumerate lady,một bà lão không biết đếm,https://audio.tudienkala.com/data/cache/images/300x225/i/n/innumerate1.jpg,https://audio.tudienkala.com/audio/i/n/innumerate.mp3
176,insatiable,/ɪnˈseɪʃəbl/,adj,"không thể thoả mãn được, không chán","He was accused of sacrificing all, including justice, to his insatiable ambition.","Ông bị cáo buộc hy sinh tất cả, kể cả công lý, cho tham vọng vô độ của mình.",https://audio.tudienkala.com/data/cache/images/300x225/i/n/insatiable1.jpg,https://audio.tudienkala.com/audio/i/n/insatiable.mp3
176,insoluble,/ɪnˈsɒljəbl/,adj,không thể giải quyết được,The problem is insoluble.,Vấn đề này không thể giải quyết được.,https://audio.tudienkala.com/data/images_example/300x225/t/h/the_proble_ex2_58772a827f8b9a9d308b4647.jpg,https://audio.tudienkala.com/audio/i/n/insoluble.mp3
176,insular,/ˈɪnsjələr/,adj,"chỉ quan tâm đến đất nước, ý tưởng,...của mình và không quan tâm gì đến cái ở ngoài (của nước khác, của người khác)",The British are often accused of being insular.,Người Anh thường bị cáo buộc là chỉ quan tâm đến đất nước của mình.,https://audio.tudienkala.com/data/cache/images/300x225/i/n/insular1.jpg,https://audio.tudienkala.com/audio/i/n/insular.mp3
176,insulate,/ˈɪnsjəleɪt/,v,"cô lập, cách ly",Home owners are being encouraged to insulate their homes to save energy.,Chủ nhà đang được khuyến khích ngăn cách nhà họ để tiết kiệm năng lượng.,https://audio.tudienkala.com/data/cache/images/300x225/i/n/insulate1.jpg,https://audio.tudienkala.com/audio/i/n/insulate.mp3
176,interject,/ɪntəˈdʒekt/,v,xen vào (lời nhận xét...),"‘You're wrong,’ interjected Susan.","'Anh sai rồi "", Susan xen vào.",https://audio.tudienkala.com/data/cache/images/300x225/i/n/interject1.jpg,https://audio.tudienkala.com/audio/i/n/interject.mp3
176,intervene,/ˌɪntəˈviːn/,v,"xen vào, can thiệp",The teacher intervened in the quarrel between the two students.,Giáo viên đã can thiệp vào cuộc cãi vả giữa hai học sinh.,https://audio.tudienkala.com/data/images_example/300x225/t/h/the_teache_ex1_58772a837f8b9a9d308b464f.png,https://audio.tudienkala.com/audio/i/n/intervene.mp3
176,intimidating,/ɪnˈtɪmɪdeɪtɪŋ/,adj,đáng sợ,an intimidating manner,một nhân cách đáng sợ,https://audio.tudienkala.com/data/images_example/300x225/a/n/an_intimid_ex2_58772a847f8b9a9d308b4651.jpg,https://audio.tudienkala.com/audio/i/n/intimidating.mp3
176,intrepid,/ɪnˈtrepɪd/,adj,"gan dạ, dũng cảm",He used to be an intrepid explorer.,Anh ta từng là một nhà thám hiểm dũng cảm.,https://audio.tudienkala.com/data/cache/images/300x225/i/n/intrepid1.jpg,https://audio.tudienkala.com/audio/i/n/intrepid.mp3
176,intricate,/ˈɪntrɪkət/,adj,phức tạp,The watch mechanism is extremely intricate and very difficult to repair.,Cơ chế của chiếc đồng hồ là cực kỳ phức tạp và rất khó để sửa chữa.,https://audio.tudienkala.com/data/images_example/300x225/t/h/the_watch__ex2_58772a847f8b9a9d308b4655.jpg,https://audio.tudienkala.com/audio/i/n/intricate.mp3
176,intrinsic,/ɪnˈtrɪnsɪk/,adj,"nội tại, thực chất bên trong",The intrinsic value of a diamond has nothing to do with its selling price.,Giá trị thực chất của một viên kim cương không liên quan gì đến giá bán của nó.,https://audio.tudienkala.com/data/images_example/300x225/t/h/the_intrin_ex2_58772a857f8b9a9d308b4657.png,https://audio.tudienkala.com/audio/i/n/intrinsic.mp3
176,inveterate,/ɪnˈvetərət/,adj,"thâm căn cố đế, ăn sâu (tật...); lâu năm (bệnh)","He was a congenital reformer, an inveterate crusader.","Ông là một nhà cải cách bẩm sinh, một thập tự chinh thâm căn cố đế.",https://audio.tudienkala.com/data/images_example/300x225/h/e/he_was_a_c_ex2_58772a857f8b9a9d308b4659.jpg,https://audio.tudienkala.com/audio/i/n/inveterate.mp3
176,invoke,/ɪnˈvəʊk/,v,"viện đến, dẫn chứng (luật, quy tắc...)",The defendant decided to invoke his right to remain silent.,Bị cáo quyết định dẫn ra quyền của mình để giữ im lặng.,https://audio.tudienkala.com/data/cache/images/300x225/i/n/invoke1.jpg,https://audio.tudienkala.com/audio/i/n/invoke.mp3
176,itinerary,/aɪˈtɪnərəri/,n,lộ trình,I had to change my itinerary when I decided to add two more countries to my vacation.,Tôi đã phải đổi lộ trình khi tôi đã quyết định thêm vào 2 quốc gia nữa cho kỳ nghỉ của tôi.,https://audio.tudienkala.com/data/images_example/300x225/t/h/the_tour_o_ex2_56248cfc7f8b9afa0cb17f4c.jpg,https://audio.tudienkala.com/audio/i/t/itinerary.mp3
176,jubilant,/ˈdʒuːbɪlənt/,adj,"vui sướng, mừng rỡ",The fans were in jubilant mood after the victory.,Các fan hâm mộ ở trong tâm trạng hân hoan sau chiến thắng.,https://audio.tudienkala.com/data/cache/images/300x225/j/u/jubilant1.jpg,https://audio.tudienkala.com/audio/j/u/jubilant.mp3
176,justify,/ˈdʒʌstɪfʌɪ/,v,giải trình,How can they justify paying such huge salaries?,Làm thế nào họ có thể giải trình cho việc trả lương rất lớn như vậy?,https://audio.tudienkala.com/data/cache/images/300x225/j/u/justify1.jpg,https://audio.tudienkala.com/audio/j/u/justify.mp3
176,levy,/ˈlev.i/,n,tiền thuế,to put/impose a levy on oil imports,đặt / áp đặt thuế vào nhập khẩu dầu,https://audio.tudienkala.com/data/cache/images/300x225/l/e/levy1.jpg,https://audio.tudienkala.com/audio/l/e/levy.mp3
176,liability,"/,laiə'biliti/",n,"nguy cơ, điều gây khó khăn trở ngại",The slippery steps were a terrible liability for the store.,Những bậc thềm trơn trượt là một nguy cơ tệ hại cho cửa hàng.,https://audio.tudienkala.com/data/cache/images/300x225/l/i/liability1.png,https://audio.tudienkala.com/audio/l/i/liability.mp3
176,liable,/ˈlaɪəbl/,adj,"dễ bị (chấn thương, bệnh,...)",You are more liable to injury if you exercise infrequently.,Bạn dễ bị chấn thương hơn nếu bạn tập thể dục không thường xuyên.,https://audio.tudienkala.com/data/cache/images/300x225/l/i/liable2.png,https://audio.tudienkala.com/audio/l/i/liable.mp3
176,linger,/ˈlɪŋɡər/,v,"nấn ná, chần chừ; mất nhiều thời gian làm gì",The faint smell of her perfume lingered in the room.,Mùi nước hoa mờ nhạt của cô vẫn còn nán lại trong phòng.,https://audio.tudienkala.com/data/cache/images/300x225/l/i/linger2.png,https://audio.tudienkala.com/audio/l/i/linger.mp3
176,lucrative,/ˈluːkrətɪv/,adj,"có lợi, sinh lợi, béo bở",Croatia could be a potentially lucrative market for political consultants.,Croatia có thể là một thị trường tiềm năng sinh lợi cho các nhà tư vấn chính trị.,https://audio.tudienkala.com/data/cache/images/300x225/l/u/lucrative2.png,https://audio.tudienkala.com/audio/l/u/lucrative.mp3
176,lurid,/ˈlʊərɪd/,adj,màu quá sáng (theo một cách không cuốn hút),She was wearing a lurid orange and green blouse.,Cô mặc một chiếc áo màu cam và màu xanh lá cây quá sáng.,https://audio.tudienkala.com/data/cache/images/300x225/l/u/lurid1.jpg,https://audio.tudienkala.com/audio/l/u/lurid.mp3
176,malicious,/məˈlɪʃəs/,adj,"hiểm độc, có ác tâm",malicious gossip/lies/rumours,lời đồn / lời nói dối / tin đồn hiểm độc,https://audio.tudienkala.com/data/cache/images/300x225/m/a/malicious1.jpg,https://audio.tudienkala.com/audio/m/a/malicious.mp3
176,malign,/məˈlaɪn/,v,nói xấu một cách công khai,She feels she has been much maligned by the press.,Cô cảm thấy cô đã bị nói xấu nhiều bởi báo chí.,https://audio.tudienkala.com/data/cache/images/300x225/m/a/malign1.jpg,https://audio.tudienkala.com/audio/m/a/malign.mp3
176,malignant,/məˈlɪɡnənt/,adj,(y học) ác tính,malignant cells,các tế bào ác tính,https://audio.tudienkala.com/data/cache/images/300x225/m/a/malignant1.jpg,https://audio.tudienkala.com/audio/m/a/malignant.mp3
176,manipulate,/məˈnɪpjəleɪt/,v,"lôi kéo, vận động (bằng mánh khoé)",She uses her charm to manipulate people.,Cô ta sử dụng sức quyến rũ của mình để thao túng con người.,https://audio.tudienkala.com/data/cache/images/300x225/m/a/manipulate1.jpg,https://audio.tudienkala.com/audio/m/a/manipulate.mp3
176,maverick,/ˈmævərɪk/,n,"người cư xử hoặc suy nghĩ không như người khác, nhưng có những ý kiến độc lập, khác lạ.",a political maverick,một chính trị gia có chính kiến riêng,https://audio.tudienkala.com/data/cache/images/300x225/m/a/maverick1.jpg,https://audio.tudienkala.com/audio/m/a/maverick.mp3
176,meddle,/ˈmedl/,v,"xen vào, can thiệp (vào việc, điều gì không liên quan đến mình)",He had no right to meddle in her affairs.,Ông không có quyền can thiệp vào công việc của cô.,https://audio.tudienkala.com/data/cache/images/300x225/m/e/meddle1.jpg,https://audio.tudienkala.com/audio/m/e/meddle.mp3
176,migrate,/maɪˈɡreɪt/,v,"di trú, di cư, di chuyển",Thousands were forced to migrate from rural to urban areas in search of work.,Hàng nghìn người buộc phải di cư từ nông thôn ra thành thị tìm việc làm.,https://audio.tudienkala.com/data/cache/images/300x225/m/i/migrate1.jpg,https://audio.tudienkala.com/audio/m/i/migrate.mp3
176,monotonous,/məˈnɒtənəs/,adj,"đều đều, đơn điệu, buồn tẻ",New secretaries came and went with monotonous regularity.,Các bí thư mới đến và đi đều đều.,https://audio.tudienkala.com/data/images_example/300x225/n/e/new_secret_ex2_58772a8b7f8b9a9d308b4675.jpg,https://audio.tudienkala.com/audio/m/o/monotonous.mp3
176,myriad,/ˈmɪr.i.əd/,n,"vô số, rất nhiều",Designs are available in a myriad of colours.,Thiết kế có sẵn có vô số màu sắc.,https://audio.tudienkala.com/data/cache/images/300x225/m/y/myriad1.jpg,https://audio.tudienkala.com/audio/m/y/myriad.mp3
176,nadir,/ˈneɪdɪər/,n,"điểm thấp nhất, vận rủi",The party had made little headway since the nadir of 2002.,Đảng đã đạt được ít tiến triển kể từ vận rủi năm 2002.,https://audio.tudienkala.com/data/cache/images/300x225/n/a/nadir1.jpg,https://audio.tudienkala.com/audio/n/a/nadir.mp3
176,negate,/nɪˈɡeɪt/,v,"phủ nhận, bác bỏ",Alcohol negates the effects of the drug.,Rượu làm vô hiệu hóa tác dụng của thuốc.,https://audio.tudienkala.com/data/cache/images/300x225/n/e/negate1.jpg,https://audio.tudienkala.com/audio/n/e/negate.mp3
176,nevertheless,/ˌnevəðəˈles/,adv,tuy nhiên,"There was no hope ; nevertheless, he went on hoping.","Đã chẳng có hy vọng gì, tuy thế, anh ta vẫn tiếp tục hy vọng.",https://audio.tudienkala.com/data/cache/images/300x225/n/e/nevertheless2.jpg,https://audio.tudienkala.com/audio/n/e/nevertheless.mp3
176,nocturnal,/nɒkˈtɜːnəl/,adj,(hoạt động) về đêm,Most bats are nocturnal.,Hầu hết các con dơi thì hoạt động về đêm.,https://audio.tudienkala.com/data/images_example/300x225/m/o/most_bats__ex2_58772a8c7f8b9a9d308b467d.jpg,https://audio.tudienkala.com/audio/n/o/nocturnal.mp3
176,nonetheless,/ˌnʌnðəˈles/,adv,tuy nhiên,"The book is too long but, nonetheless, informative and entertaining.","Cuốn sách quá dài, nhưng dù sao, cũng mang thông tin và giải trí.",https://audio.tudienkala.com/data/cache/images/300x225/n/o/nonetheless1.jpg,https://audio.tudienkala.com/audio/n/o/nonetheless.mp3
176,norm,/nɔːm/,n,"chuẩn mực, quy tắc",The helmet norm compulsory is implemented.,Luật bắt buộc đội mũ bảo hiểm tiêu chuẩn đã được thi hành.,https://audio.tudienkala.com/data/images_example/300x225/t/h/the_helmet_ex1_58772a8d7f8b9a9d308b4681.jpg,https://audio.tudienkala.com/audio/n/o/norm.mp3
176,notion,/ˈnəʊʃən/,n,"ý nghĩ, ý niệm, cách hiểu",Your head is full of silly notions.,Đầu óc cậu đầy những ý nghĩ ngớ ngẩn.,https://audio.tudienkala.com/data/images_example/300x225/y/o/your_head__ex2_58772a8d7f8b9a9d308b4683.jpg,https://audio.tudienkala.com/audio/n/o/notion.mp3
176,notwithstanding,/ˌnɒtwɪθˈstændɪŋ/,preposition,không bị ảnh hưởng bởi; bất chấp,"He's overworking and has got a lot on his mind, doctor's orders notwithstanding.","Anh ấy đang làm việc quá sức và suy nghĩ nhiều, bất chấp lời chỉ dẫn của bác sĩ.",https://audio.tudienkala.com/data/images_example/300x225/h/e/hes_overwo_ex2_58772a8e7f8b9a9d308b4685.png,https://audio.tudienkala.com/audio/n/o/notwithstanding.mp3
177,nuance,/ˈnjuːɑːns/,n,sắc thái,He changed his nuance of expression when he heard this news.,Anh ấy đã thay đổi sắc thái biểu cảm khi nghe thông tin này.,https://audio.tudienkala.com/data/images_example/300x225/h/e/he_changed_ex1_58772a8e7f8b9a9d308b4687.jpg,https://audio.tudienkala.com/audio/n/u/nuance.mp3
177,obesity,/əʊˈbiːsɪti/,n,béo phì,Eating too much fast food can cause obesity.,Ăn quá nhiều đồ ăn nhanh có thể gây béo phì.,https://audio.tudienkala.com/data/cache/images/300x225/o/b/obesity1.jpg,https://audio.tudienkala.com/audio/o/b/obesity.mp3
177,oblivious,/əˈblɪviəs/,adj,không chú ý đến,"He drove off, oblivious of the damage he had caused.","Ông ta lái xe đi, không chú ý đến những thiệt hại mà ông đã gây ra.",https://audio.tudienkala.com/data/images_example/300x225/h/e/he_drove_o_ex2_58772a8f7f8b9a9d308b468b.jpg,https://audio.tudienkala.com/audio/o/b/oblivious.mp3
177,obtuse,/əbˈtjuːs/,adj,"chậm hiểu, không muốn hiểu",Are you being deliberately obtuse?,Bạn đang cố tình chậm hiểu phải không?,https://audio.tudienkala.com/data/images_example/300x225/a/r/are_you_be_ex2_58772a8f7f8b9a9d308b468d.jpg,https://audio.tudienkala.com/audio/o/b/obtuse.mp3
177,offset,/'ɔ:fset/,v,"bù lại, đền bù",The high cost of the hotel room offset the savings we made by taking the train instead of the plane.,Chi phí cao của khách sạn bù lại khoản tiết kiệm mà chúng tôi đã có bằng cách đi xe lửa thay vì máy bay.,https://audio.tudienkala.com/data/cache/images/300x225/o/f/offset1.jpg,https://audio.tudienkala.com/audio/o/f/offset.mp3
177,onset,/ˈɒnset/,n,sự bắt đầu (đặc biệt là điều gì gây khó chịu),These drugs could be developed into an effective intervention strategy that eliminates liver stage malaria parasites before the onset of disease.,Những loại thuốc này có thể được phát triển thành một chiến lược can thiệp có hiệu quả nhằm loại bỏ ký sinh trùng sốt rét giai đoạn gan trước khi khởi phát bệnh.,https://audio.tudienkala.com/data/images_example/300x225/t/h/these_drug_ex1_58772a8f7f8b9a9d308b468f.jpg,https://audio.tudienkala.com/audio/o/n/onset.mp3
177,onus,/ˈəʊnəs/,n,"nhiệm vụ, trách nhiệm",The onus is on employers to follow health and safety laws.,Trách nhiệm những người sử dụng lao động là tuân theo pháp luật về sức khỏe và an toàn.,https://audio.tudienkala.com/data/images_example/300x225/t/h/the_onus_i_ex2_58772a907f8b9a9d308b4691.jpg,https://audio.tudienkala.com/audio/o/n/onus.mp3
177,opportune,/ˈɒpətjuːn/,adj,"thích hợp, đúng lúc",The offer could not have come at a more opportune moment.,Lời đề nghị không thể đến vào thời điểm thích hợp hơn nữa.,https://audio.tudienkala.com/data/cache/images/300x225/o/p/opportune1.jpg,https://audio.tudienkala.com/audio/o/p/opportune.mp3
177,orient,/ˈɔːrient/,v,định hướng,Our students are oriented towards science subjects.,Sinh viên của chúng tôi đang được hướng tới các môn khoa học.,https://audio.tudienkala.com/data/cache/images/300x225/o/r/orient1.jpg,https://audio.tudienkala.com/audio/o/r/orient.mp3
177,overt,/əʊˈvɜːt/,adj,công khai,There was little overt support for the project.,Có rất ít sự ủng hộ công khai cho dự án.,https://audio.tudienkala.com/data/cache/images/300x225/o/v/overt1.jpg,https://audio.tudienkala.com/audio/o/v/overt.mp3
177,panacea,/ˌpænəˈsiːə/,n,"thuốc bách bệnh, thần dược",There is no single panacea for the problem of unemployment.,Không có thần dược duy nhất nào cho vấn đề thất nghiệp cả.,https://audio.tudienkala.com/data/images_example/300x225/t/h/there_is_n_ex2_58772a917f8b9a9d308b4697.jpg,https://audio.tudienkala.com/audio/p/a/panacea.mp3
177,paradigm,/ˈpærədaɪm/,n,"mẫu, mô hình",He need to provide a paradigm for students to copy.,Anh ấy cần cung cấp một mô hình cho sinh viên sao chép.,https://audio.tudienkala.com/data/cache/images/300x225/p/a/paradigm2.png,https://audio.tudienkala.com/audio/p/a/paradigm.mp3
177,parameter,/pəˈræmɪtə(r)/,n,giới hạn,Parameters for the experiment must be clearly defined before we can begin.,Các thông số thí nghiệm phải được xác định rõ ràng trước khi chúng ta có thể bắt đầu.,https://audio.tudienkala.com/data/cache/images/300x225/p/a/parameter2.png,https://audio.tudienkala.com/audio/p/a/parameter.mp3
177,paramount,/ˈpærəmaʊnt/,adj,quan trọng nhất,This matter is of paramount importance.,Vấn đề này là hết sức quan trọng.,https://audio.tudienkala.com/data/cache/images/300x225/p/a/paramount1.jpg,https://audio.tudienkala.com/audio/p/a/paramount.mp3
177,penchant,/ˈpɒnʃɒŋ/,n,"thiên hướng thích cái gì, sở thích",She has a penchant for champagne.,Cô có thiên hướng thích sâm-panh.,https://audio.tudienkala.com/data/images_example/300x225/s/h/she_has_a__ex2_58772a927f8b9a9d308b469f.jpg,https://audio.tudienkala.com/audio/p/e/penchant.mp3
177,perpetrate,/ˈpɜːpɪtreɪt/,v,"phạm, gây ra",to perpetrate a crime/fraud/massacre,phạm tội / phạm tội gian lận / gây ra thảm sát,https://audio.tudienkala.com/data/cache/images/300x225/p/e/perpetrate1.jpg,https://audio.tudienkala.com/audio/p/e/perpetrate.mp3
177,peruse,/pəˈruːz/,v,"đọc kỹ, nghiên cứu",A copy of the report is available for you to peruse at your leisure.,Một bản sao của báo cáo có sẵn cho bạn để nghiên cứu vào lúc bạn rãnh rỗi.,https://audio.tudienkala.com/data/cache/images/300x225/p/e/peruse1.jpg,https://audio.tudienkala.com/audio/p/e/peruse.mp3
177,placid,/ˈplæsɪd/,adj,"bình thản, điềm tĩnh",It's the same in the fishing hamlets by this now calm and placid sea.,Lúc này các xóm chài tại biển bình lặng và yên tĩnh như nhau.,https://audio.tudienkala.com/data/images_example/300x225/i/t/its_the_sa_ex2_58772a937f8b9a9d308b46a5.jpg,https://audio.tudienkala.com/audio/p/l/placid.mp3
177,plethora,/ˈpleθərə/,n,"(tình trạng) quá thừa, quá nhiều",The report contained a plethora of detail.,Bản báo cáo chứa quá nhiều các chi tiết.,https://audio.tudienkala.com/data/cache/images/300x225/p/l/plethora1.jpg,https://audio.tudienkala.com/audio/p/l/plethora.mp3
177,precede,/prɪˈsiːd/,v,đi trước,It would be helpful if you were to precede the way.,Nếu bạn đi trước dẫn đường thì sẽ rất hữu ích.,https://audio.tudienkala.com/data/cache/images/300x225/p/r/precede1.png,https://audio.tudienkala.com/audio/p/r/precede.mp3
177,predate,/ˌpriːˈdeɪt/,v,"(hoặc antedate) có trước, xảy ra trước",Few of the town's fine buildings predate the earthquake of 1755.,Rất ít tòa nhà tốt trong thị trấn có trước trận động đất năm 1755.,https://audio.tudienkala.com/data/cache/images/300x225/p/r/predate1.jpg,https://audio.tudienkala.com/audio/p/r/predate.mp3
177,predominant,/prɪˈdɒmɪnənt/,adj,ưu thế,Research is the predominant part of my job.,Nghiên cứu là một phần chiếm ưu thế trong nghề nghiệp của tôi.,https://audio.tudienkala.com/data/images_example/300x225/r/e/research_i_ex1_5833b5bd7f8b9ac7938b46a5.jpg,https://audio.tudienkala.com/audio/p/r/predominant.mp3
177,preliminary,/prɪˈlɪmɪnəri/,adj,"sơ bộ, ban đầu",After a few preliminary remarks he announced the winners.,"Sau một vài nhận xét sơ bộ, ông ấy đã tuyên bố những người chiến thắng.",https://audio.tudienkala.com/data/images_example/300x225/a/f/after_a_fe_ex2_58772a957f8b9a9d308b46ab.png,https://audio.tudienkala.com/audio/p/r/preliminary.mp3
177,presumptuous,/prɪˈzʌmptʃuəs/,adj,"tự phụ, quá tự tin",Would it be presumptuous of me to ask to borrow your car?,Việc tôi hỏi mượn xe của bạn có tự phụ hay không?,https://audio.tudienkala.com/data/cache/images/300x225/p/r/presumptuous1.jpg,https://audio.tudienkala.com/audio/p/r/presumptuous.mp3
177,pristine,/ˈprɪstiːn/,adj,"nguyên sơ, còn mới nguyên; tươi, sạch sẽ như mới",The car is in pristine condition.,Chiếc xe trong tình trạng còn mới nguyên.,https://audio.tudienkala.com/data/images_example/300x225/t/h/the_car_is_ex2_58772a957f8b9a9d308b46af.jpg,https://audio.tudienkala.com/audio/p/r/pristine.mp3
177,probable,/ˈprɒbəbl/,adj,"có thể (xảy ra, tồn tại, đúng)",He is a probable winner.,Ông ấy là người có thể chiến thắng.,https://audio.tudienkala.com/data/cache/images/300x225/p/r/probable2.jpg,https://audio.tudienkala.com/audio/p/r/probable.mp3
177,profuse,/prəˈfjuːs/,adj,rất nhiều,profuse apologies/thanks,xin lỗi rất nhiều / cảm ơn rất nhiều,https://audio.tudienkala.com/data/cache/images/300x225/p/r/profuse1.jpg,https://audio.tudienkala.com/audio/p/r/profuse.mp3
177,profusion,/prəˈfjuːʒən/,n,"sự phong phú, sự dồi dào",a profusion of colours,sự phong phú màu sắc,https://audio.tudienkala.com/data/cache/images/300x225/p/r/profusion1.jpg,https://audio.tudienkala.com/audio/p/r/profusion.mp3
177,prominent,/ˈprɒmɪnənt/,adj,"quan trọng, nổi tiếng",Music is a prominent part in my life.,Âm nhạc là một phần quan trọng trong cuộc sống của tôi.,https://audio.tudienkala.com/data/cache/images/300x225/p/r/prominent1.jpg,https://audio.tudienkala.com/audio/p/r/prominent.mp3
177,prompt,/prɒm(p)t/,v,nhanh chóng (trịnh trọng),The discovery of the bomb prompted an increase in security,Sự khám phá ra quả bom đã thúc đẩy một sự gia tăng an ninh,https://audio.tudienkala.com/data/cache/images/300x225/p/r/prompt1.png,https://audio.tudienkala.com/audio/p/r/prompt.mp3
177,propel,/prəˈpel/,v,"khiến, thúc đẩy ai đi theo một hướng hay lâm vào tình trạng nào đó",mechanically propelled vehicles,xe cơ đẩy,https://audio.tudienkala.com/data/cache/images/300x225/p/r/propel1.jpg,https://audio.tudienkala.com/audio/p/r/propel.mp3
177,provoke,/prəˈvəʊk/,v,"gây ra (một phản ứng, kết quả, ...)",Facing eyeball to eyeball is sure to provoke a fight.,Mắt đối mắt chắc chắn sẽ kích động một cuộc chiến.,https://audio.tudienkala.com/data/images_example/300x225/f/a/facing_eye_ex1_58772a977f8b9a9d308b46b9.jpg,https://audio.tudienkala.com/audio/p/r/provoke.mp3
177,proximity,/prɔk´simiti/,n,"sắp xỉ, sự gần gũi",The fans were worried by the proximity of the storm clouds.,Những người hâm mộ lo lắng bởi đám mây báo bão đến gần.,https://audio.tudienkala.com/data/cache/images/300x225/p/r/proximity1.jpg,https://audio.tudienkala.com/audio/p/r/proximity.mp3
177,quaint,/kweɪnt/,adj,"gây thu hút bởi tính kì lạ, cổ xưa",quaint old customs,phong tục cũ kỳ lạ,https://audio.tudienkala.com/data/cache/images/300x225/q/u/quaint1.jpg,https://audio.tudienkala.com/audio/q/u/quaint.mp3
177,qualitative,/ˈkwɒlɪtətɪv/,adj,"định tính, về chất lượng",qualitative analysis/research,phân tích định tính / nghiên cứu định tính,https://audio.tudienkala.com/data/cache/images/300x225/q/u/qualitative1.jpg,https://audio.tudienkala.com/audio/q/u/qualitative.mp3
177,quench,/kwentʃ/,v,giải khát,"When it's hot, it's best to quench your thirst with water.","Khi trời nóng, tốt nhất làm dịu cơn khát của bạn là với nước.",https://audio.tudienkala.com/data/cache/images/300x225/q/u/quench1.jpg,https://audio.tudienkala.com/audio/q/u/quench.mp3
177,rebellious,/rɪˈbeliəs/,adj,"nổi loạn, hay chống đối",rebellious teenagers,thanh thiếu niên nổi loạn,https://audio.tudienkala.com/data/cache/images/300x225/r/e/rebellious1.jpg,https://audio.tudienkala.com/audio/r/e/rebellious.mp3
177,refine,/rɪˈfaɪn/,v,cải thiện (thông qua những thay đổi nhỏ),She has refined her playing technique over the years.,Cô đã cải thiện kỹ thuật chơi của mình trong những năm qua.,https://audio.tudienkala.com/data/cache/images/300x225/r/e/refine1.jpg,https://audio.tudienkala.com/audio/r/e/refine.mp3
177,refurbish,/ˌriːˈfɜːrbɪʃ/,v,"tân trang lại, trang hoàng lại",The theatre has been extensively refurbished.,Nhà hát đã được tân trang lại rộng rãi.,https://audio.tudienkala.com/data/cache/images/300x225/r/e/refurbish1.jpg,https://audio.tudienkala.com/audio/r/e/refurbish.mp3
177,regress,/rɪˈɡres/,v,"thoái bộ, thoái lui (mức độ phát triển)",She suffered brain damage from the car accident and regressed to the mental age of a five-year-old.,Cô bị tổn thương não sau tai nạn xe hơi và thoái bộ đến tuổi về tinh thần của một đứa trẻ năm tuổi.,https://audio.tudienkala.com/data/cache/images/300x225/r/e/regress1.jpg,https://audio.tudienkala.com/audio/r/e/regress.mp3
177,reinforce,"/,ri:in'fɔ:s/",v,"tăng cường, củng cố",Employees reinforced their learning with practice in the workplace.,Các nhân viên củng cố kiến thức của mình bằng việc thực hành ở nơi làm việc.,https://audio.tudienkala.com/data/images_example/300x225/e/m/employees__ex1_56248d157f8b9a040dc65e44.jpg,https://audio.tudienkala.com/audio/r/e/reinforce.mp3
177,rejoicing,/rɪˈdʒɔɪsɪŋ/,n,"sự hoan hỉ, vui mừng",a time of great rejoicing,thời gian của niềm vui lớn lao,https://audio.tudienkala.com/data/cache/images/300x225/r/e/rejoicing1.jpg,https://audio.tudienkala.com/audio/r/e/rejoicing.mp3
177,reluctant,/rɪˈlʌktənt/,adj,miễn cưỡng,reluctant agreement,thỏa thuận miễn cưỡng,https://audio.tudienkala.com/data/cache/images/300x225/r/e/reluctant1.jpg,https://audio.tudienkala.com/audio/r/e/reluctant.mp3
177,remit,/rɪˈmɪt/,v,"gửi, chuyển (tiền...) (đến một người hoặc nơi nào đó)",to remit funds,chuyển tiền,https://audio.tudienkala.com/data/cache/images/300x225/r/e/remit1.jpg,https://audio.tudienkala.com/audio/r/e/remit.mp3
177,render,/ˈrendər/,v,"làm, khiến (ai lâm vào tình trạng nào)",The virus rendered the computer useless.,Virus khiến cho máy tính vô dụng.,https://audio.tudienkala.com/data/images_example/300x225/t/h/the_virus__ex1_58772a9b7f8b9a9d308b46cd.jpg,https://audio.tudienkala.com/audio/r/e/render.mp3
177,resilience,/rɪˈzɪliəns/,n,"sự kiên cường, bền bỉ",He showed great courage and resilience in fighting back from a losing position to win the game.,Ông đã cho thấy sự can đảm tuyệt vời và sự kiên cường trong cuộc phản chiến từ một vị trí thua đến giành chiến thắng trận đấu.,https://audio.tudienkala.com/data/images_example/300x225/h/e/he_showed__ex2_58772a9b7f8b9a9d308b46cf.jpg,https://audio.tudienkala.com/audio/r/e/resilience.mp3
177,restrain,/rɪˈstreɪn/,v,ngăn cản,The prisoner had to be restrained by the police.,Các tù nhân phải được ngăn cản bởi cảnh sát.,https://audio.tudienkala.com/data/images_example/300x225/t/h/the_prison_ex2_58772a9b7f8b9a9d308b46d1.png,https://audio.tudienkala.com/audio/r/e/restrain.mp3
177,revere,/rɪˈvɪər/,v,"tôn kính, kính trọng",I revere my mother the most for I've seen her burn the midnight oil in order to finance my education.,Tôi kính trọng mẹ tôi nhất vi tôi đã nhìn thấy bà đốt dầu vào nửa đêm để kím tiền cho tôi học hành.,https://audio.tudienkala.com/data/images_example/300x225/i/_/i_revere_m_ex2_58772a9c7f8b9a9d308b46d3.jpg,https://audio.tudienkala.com/audio/r/e/revere.mp3
177,rife,/raɪf/,adj,"hoành hành, lan tràn",It is a country where corruption is rife.,Đó là một đất nước mà tham nhũng hoành hành.,https://audio.tudienkala.com/data/images_example/300x225/i/t/it_is_a_co_ex2_58772a9c7f8b9a9d308b46d5.jpg,https://audio.tudienkala.com/audio/r/i/rife.mp3
177,robust,/rəʊˈbʌst/,adj,khoẻ mạnh,"She was almost 90, but still very robust.",Cô ấy gần 90 tuổi những vẫn rất khỏe mạnh.,https://audio.tudienkala.com/data/cache/images/300x225/r/o/robust2.png,https://audio.tudienkala.com/audio/r/o/robust.mp3
178,rocket,/ˈrɒkɪt/,v,tăng vùn vụt,"Sales rocketed from 1,000 units last week to 5,000 units this week.",Doanh số vọt từ 1.000 đơn vị tuần trước lên 5.000 đơn vị trong tuần này.,https://audio.tudienkala.com/data/images_example/300x225/s/a/sales_rock_ex1_58772a9d7f8b9a9d308b46d9.jpg,https://audio.tudienkala.com/audio/r/o/rocket.mp3
178,rub,/rʌb/,v,"cọ xát, chà xát",Rub the surface with sandpaper before painting.,Chà xát bề mặt bằng giấy nhám trước khi sơn.,https://audio.tudienkala.com/data/images_example/300x225/r/u/rub_the_su_ex2_587728b17f8b9a41308b46bd.jpg,https://audio.tudienkala.com/audio/r/u/rub.mp3
178,sabbatical,/səˈbætɪkəl/,n,kì nghỉ phép,to take a year's sabbatical,nhận kỳ nghỉ phép một năm,https://audio.tudienkala.com/data/cache/images/300x225/s/a/sabbatical1.jpg,https://audio.tudienkala.com/audio/s/a/sabbatical.mp3
178,salient,/ˈseɪliənt/,adj,"quan trọng, nổi bật","The comments come amid heated debate over immigration, which is particularly salient in Italy.","Các ý kiến đưa ra giữa lúc cuộc tranh luận sôi nổi về vấn đề nhập cư, trong đó đặc biệt nổi bật ở Ý.",https://audio.tudienkala.com/data/cache/images/300x225/s/a/salient1.jpg,https://audio.tudienkala.com/audio/s/a/salient.mp3
178,salvage,/ˈsælvɪdʒ/,v,"cứu nguy, cứu vãn",What can I do to salvage my reputation? (= get a good reputation again),Tôi có thể làm gì để cứu vãn danh tiếng của tôi? (= Có được một danh tiếng tốt một lần nữa),https://audio.tudienkala.com/data/cache/images/300x225/s/a/salvage1.jpg,https://audio.tudienkala.com/audio/s/a/salvage.mp3
178,savvy,/ˈsævi/,n,"hiểu biết, am hiểu",political savvy,hiểu biết chính trị,https://audio.tudienkala.com/data/cache/images/300x225/s/a/savvy1.jpg,https://audio.tudienkala.com/audio/s/a/savvy.mp3
178,scrupulous,/ˈskruːpjələs/,adj,"đắn đo, thận trọng",He was scrupulous in all his business dealings.,Ông thận trọng trong tất cả các giao dịch kinh doanh của mình.,https://audio.tudienkala.com/data/cache/images/300x225/s/c/scrupulous1.jpg,https://audio.tudienkala.com/audio/s/c/scrupulous.mp3
178,sedentary,/ˈsedəntəri/,adj,"ở một chỗ, ít đi chỗ khác, ít vận động",a sedentary job/occupation/lifestyle,một công việc ít vận động / việc làm ít vận động / lối sống ít vận động,https://audio.tudienkala.com/data/cache/images/300x225/s/e/sedentary1.jpg,https://audio.tudienkala.com/audio/s/e/sedentary.mp3
178,serendipity,/ˌserənˈdɪpəti/,n,"sự may mắn, vận may","Meeting her like that, and there of all places, was true serendipity!","Gặp cô ấy như thế, và ở tất cả mọi nơi, đó thật là điều may mắn!",https://audio.tudienkala.com/data/images_example/300x225/m/e/meeting_he_ex2_58772a9f7f8b9a9d308b46e7.jpg,https://audio.tudienkala.com/audio/s/e/serendipity.mp3
178,shun,/ʃʌn/,v,"tránh, xa lánh",She was shunned by her family when she remarried.,Cô bị xa lánh bởi gia đình khi cô tái hôn.,https://audio.tudienkala.com/data/cache/images/300x225/s/h/shun1.jpg,https://audio.tudienkala.com/audio/s/h/shun.mp3
178,simulate,/ˈsɪmjəleɪt/,v,"bắt chước, mô phỏng",Computer software can be used to simulate conditions on the seabed.,Phần mềm máy tính có thể được sử dụng để mô phỏng các điều kiện ở đáy biển.,https://audio.tudienkala.com/data/cache/images/300x225/s/i/simulate1.jpg,https://audio.tudienkala.com/audio/s/i/simulate.mp3
178,sketchy,/ˈsketʃi/,adj,"sơ sài, không đầy đủ",He gave us a very sketchy account of his visit.,Ông đã cho chúng tôi thông tin sơ sài về chuyến thăm của ông.,https://audio.tudienkala.com/data/cache/images/300x225/s/k/sketchy1.jpg,https://audio.tudienkala.com/audio/s/k/sketchy.mp3
178,sprawl,/sprɔːl/,n,vùng mở rộng lộn xộn; đống ngổn ngang (nhất là các toà nhà),attempts to control the fast-growing urban sprawl,những nỗ lực kiểm soát vùng đô thị phát triển nhanh lộn xộn,https://audio.tudienkala.com/data/cache/images/300x225/s/p/sprawl2.png,https://audio.tudienkala.com/audio/s/p/sprawl.mp3
178,stagnate,/stæɡˈneɪt/,v,"trì trệ, đình đốn",Profits have stagnated.,Lợi nhuận đã chững lại.,https://audio.tudienkala.com/data/cache/images/300x225/s/t/stagnate1.jpg,https://audio.tudienkala.com/audio/s/t/stagnate.mp3
178,staid,/steɪd/,adj,trầm tính; ù lì; phẳng lặng,The museum is trying to get rid of its staid image.,Bảo tàng đang cố gắng để thoát khỏi hình ảnh trầm tính của nó.,https://audio.tudienkala.com/data/cache/images/300x225/s/t/staid2.png,https://audio.tudienkala.com/audio/s/t/staid.mp3
178,steep,/stiːp/,adj,"nhanh (tăng, giảm)",Gas prices are expected to take steep climb next week.,Giá gas được dự kiến sẽ tăng nhanh vào tuần tới.,https://audio.tudienkala.com/data/images_example/300x225/g/a/gas_prices_ex1_587728ff7f8b9a5f308b46a8.jpg,https://audio.tudienkala.com/audio/s/t/steep.mp3
178,steer,/stɪər/,v,"lái (tàu thuỷ, ô tô..)",He steered the boat into the harbour.,Ông ấy lái thuyền vào bến cảng.,https://audio.tudienkala.com/data/cache/images/300x225/s/t/steer2.jpg,https://audio.tudienkala.com/audio/s/t/steer.mp3
178,stroke,/strəʊk/,v,vuốt ve,He's a beautiful dog.Can I stroke him?,Nó là một con chó đẹp. Tôi có thể vuốt ve nó không?,https://audio.tudienkala.com/data/images_example/300x225/h/e/hes_a_beau_ex2_587727767f8b9af52f8b46aa.jpg,https://audio.tudienkala.com/audio/s/t/stroke.mp3
178,stutter,/ˈstʌtər/,v,nói lắp,‘W-w-what?’ he stuttered.,"'C-ái-gì? ""Anh lắp bắp.",https://audio.tudienkala.com/data/cache/images/300x225/s/t/stutter1.jpg,https://audio.tudienkala.com/audio/s/t/stutter.mp3
178,superfluous,/suːˈpɜːfluəs/,adj,"thừa thãi, không cần thiết",The report was marred by a mass of superfluous detail.,Bản báo cáo bị ảnh hưởng bởi một loạt các chi tiết thừa thãi.,https://audio.tudienkala.com/data/cache/images/300x225/s/u/superfluous1.jpg,https://audio.tudienkala.com/audio/s/u/superfluous.mp3
178,surpass,/səˈpɑːs/,v,"vượt qua, vượt xa",The book's success surpassed everyone's expectations.,Sự thành công của cuốn sách đã vượt qua sự mong đợi của tất cả mọi người.,https://audio.tudienkala.com/data/cache/images/300x225/s/u/surpass1.png,https://audio.tudienkala.com/audio/s/u/surpass.mp3
178,suspend,/səˈspend/,v,tạm ngừng; đình chỉ,Production has been suspended while safety checks are carried out.,Sản xuất đã bị tạm ngưng trong khi kiểm tra an toàn được thực hiện.,https://audio.tudienkala.com/data/cache/images/300x225/s/u/suspend1.jpg,https://audio.tudienkala.com/audio/s/u/suspend.mp3
178,sycophant,/ˈsɪkəfænt/,n,"người nịnh hót, người bợ đỡ",The prime minister is surrounded by sycophants.,Thủ tướng được bao quanh bởi những người nịnh hót.,https://audio.tudienkala.com/data/cache/images/300x225/s/y/sycophant1.jpg,https://audio.tudienkala.com/audio/s/y/sycophant.mp3
178,tantamount,/ˈtæntəmaʊnt/,adj,"đồng nghĩa với, tương đương với",If he resigned it would be tantamount to admitting that he was guilty.,"Nếu ông từ chức, nó sẽ tương đương với việc thừa nhận rằng ông đã phạm tội.",https://audio.tudienkala.com/data/images_example/300x225/i/f/if_he_resi_ex2_58772aa47f8b9a9d308b46fd.jpg,https://audio.tudienkala.com/audio/t/a/tantamount.mp3
178,tedious,/'ti:djəs/,adj,"chán ngắt, tẻ nhạt, nhạt nhẽo, buồn tẻ",Counting merchandise all weekend is the most tedious job I can imagine.,Kiểm đếm hàng suốt kỳ nghỉ cuối tuần là một công việc tẻ nhạt nhất tôi có thể hình dung.,https://audio.tudienkala.com/data/cache/images/300x225/t/e/tedious1.png,https://audio.tudienkala.com/audio/t/e/tedious.mp3
178,tempt,/tempt/,v,"xúi giục, cám dỗ",I am tempted by the idea of driving across the country instead of flying.,Tôi bị cám dỗ bởi ý tưởng lái xe xuyên qua đất nước thay vì đi máy bay.,https://audio.tudienkala.com/data/cache/images/300x225/t/e/tempt1.png,https://audio.tudienkala.com/audio/t/e/tempt.mp3
178,tentative,/ˈtentətɪv/,adj,tạm thời,I have tentative plans to take a trip to Seattle in July.,Tôi có kế hoạch tạm thời về một chuyến đi đến Seattle vào tháng Bảy.,https://audio.tudienkala.com/data/cache/images/300x225/t/e/tentative1.jpg,https://audio.tudienkala.com/audio/t/e/tentative.mp3
178,terminate,/ˈtɜːmɪneɪt/,v,"chấm dứt, kết thúc",The agreement was terminated immediately.,Thỏa thuận này đã được chấm dứt ngay lập tức.,https://audio.tudienkala.com/data/cache/images/300x225/t/e/terminate1.jpg,https://audio.tudienkala.com/audio/t/e/terminate.mp3
178,thereby,/ˌðeəˈbaɪ/,adv,do đó,"Regular exercise strengthens the heart, thereby reducing the risk of heart attack.","Tập thể dục thường xuyên tăng cường tim, do đó làm giảm nguy cơ đau tim.",https://audio.tudienkala.com/data/cache/images/300x225/t/h/thereby1.jpg,https://audio.tudienkala.com/audio/t/h/thereby.mp3
178,torpid,/ˈtɔːpɪd/,adj,"uể oải; thiếu năng lượng, sức sống","If you have a sudden loss of cabin pressure at 20,000 feet, passengers will become torpid and then lose consciousness.","Nếu bạn có một sự mất đột ngột của áp suất cabin tại 20.000 feet, hành khách sẽ trở nên uể oải và sau đó mất ý thức.",https://audio.tudienkala.com/data/cache/images/300x225/t/o/torpid1.jpg,https://audio.tudienkala.com/audio/t/o/torpid.mp3
178,trauma,/ˈtrɔːmə/,n,"chấn thương tâm lí, tổn thương",the effects of trauma and stress on the body,những ảnh hưởng của chấn thương và căng thẳng trên cơ thể,https://audio.tudienkala.com/data/cache/images/300x225/t/r/trauma1.jpg,https://audio.tudienkala.com/audio/t/r/trauma.mp3
178,treacherous,/ˈtretʃərəs/,adj,"dối trá, xảo quyệt","He was weak, cowardly and treacherous.","Anh ta yếu đuối, hèn nhát và dối trá.",https://audio.tudienkala.com/data/cache/images/300x225/t/r/treacherous1.jpg,https://audio.tudienkala.com/audio/t/r/treacherous.mp3
178,tremor,/ˈtremər/,n,cơn động đất nhẹ; sự rung động nhẹ,an earth tremor,một cơn chấn động đất,https://audio.tudienkala.com/data/cache/images/300x225/t/r/tremor1.jpg,https://audio.tudienkala.com/audio/t/r/tremor.mp3
178,trigger,/ˈtrɪɡər/,n,nguyên nhân thúc đẩy (đặc biệt là một điều tồi tệ xảy ra),The trigger for the strike was the closure of another factory.,Nguyên nhân cuộc đình công là việc đóng cửa nhà máy khác.,https://audio.tudienkala.com/data/images_example/300x225/t/h/the_trigge_ex2_58772aa87f8b9a9d308b470b.jpg,https://audio.tudienkala.com/audio/t/r/trigger.mp3
178,twist,/twɪst/,n,"sự vặn, xoay",She gave the lid another twist and it came off.,Cô ấy đã vặn cái nắp một lần nữa và nó rơi ra.,https://audio.tudienkala.com/data/images_example/300x225/s/h/she_gave_t_ex2_587727567f8b9af52f8b45d7.png,https://audio.tudienkala.com/audio/t/w/twist.mp3
178,undertake,/ˌʌndɚˈteɪk/,v,thực hiện,Students are required to undertake simple experiments.,Sinh viên được yêu cầu thực hiện những thí nghiệm đơn giản.,https://audio.tudienkala.com/data/cache/images/300x225/u/n/undertake1.jpg,https://audio.tudienkala.com/audio/u/n/undertake.mp3
178,unify,/ˈjuːnɪfaɪ/,v,"thống nhất, hợp nhất",The new leader hopes to unify the country.,Các nhà lãnh đạo mới hy vọng thống nhất đất nước.,https://audio.tudienkala.com/data/cache/images/300x225/u/n/unify1.jpg,https://audio.tudienkala.com/audio/u/n/unify.mp3
178,upbeat,/ˈʌpˌbiːt/,adj,"lạc quan, khả quan",The tone of the speech was upbeat.,Giọng điệu của bài phát biểu lạc quan.,https://audio.tudienkala.com/data/cache/images/300x225/u/p/upbeat1.jpg,https://audio.tudienkala.com/audio/u/p/upbeat.mp3
178,uproar,/ˈʌprɔːr/,n,"sự náo động, sự phản ứng",The room was in (an) uproar.,Căn phòng ở trong sự náo động.,https://audio.tudienkala.com/data/cache/images/300x225/u/p/uproar1.jpg,https://audio.tudienkala.com/audio/u/p/uproar.mp3
178,vanity,/ˈvænəti/,n,"tính kiêu căng, tự cao tự đại",She had no personal vanity (= about her appearance).,Cô không có tính tự cao tự đại (= về ngoại hình của cô).,https://audio.tudienkala.com/data/cache/images/300x225/v/a/vanity1.jpg,https://audio.tudienkala.com/audio/v/a/vanity.mp3
178,varsity,/ˈvɑː.sə.ti/,adj,"được sử dụng để mô tả các hoạt động của các trường đại học Oxford và Cambridge, đặc biệt là các cuộc thi thể thao",the varsity match,trận đấu Varsity giữa Oxford và Cambridge,https://audio.tudienkala.com/data/images_example/300x225/t/h/the_varsit_ex2_58772aaa7f8b9a9d308b4715.jpg,https://audio.tudienkala.com/audio/v/a/varsity.mp3
178,vehement,/ˈviːəmənt/,adj,"kịch liệt, dữ dội","a vehement denial/attack/protest, etc.","từ chối kịch liệt / tấn công kịch liệt / chống đối kịch liệt, vv",https://audio.tudienkala.com/data/cache/images/300x225/v/e/vehement1.jpg,https://audio.tudienkala.com/audio/v/e/vehement.mp3
178,venerable,/ˈvenərəbl/,adj,đáng tôn kính,a venerable old man,một ông lão đáng tôn kính,https://audio.tudienkala.com/data/cache/images/300x225/v/e/venerable2.png,https://audio.tudienkala.com/audio/v/e/venerable.mp3
178,versatile,/ˈvɜːsətaɪl/,adj,"đa năng, nhiều công dụng",This food processor is versatile. You can mix or chop up wet and dry foods.,Máy xay đa năng này rất đa năng. Bạn có thể trộn hoặc nghiền cả đồ ướt và đồ khô.,https://audio.tudienkala.com/data/images_example/300x225/t/h/this_food__ex1_58772aab7f8b9a9d308b471b.jpg,https://audio.tudienkala.com/audio/v/e/versatile.mp3
178,vex,/veks/,adj,"khiên ai bực, lo lắng",The memory of their conversation still vexed him.,Ký ức về cuộc nói chuyện của họ vẫn làm anh bực.,https://audio.tudienkala.com/data/cache/images/300x225/v/e/vex1.jpg,https://audio.tudienkala.com/audio/v/e/vex.mp3
178,viable,/ˈvaɪəbl/,adj,có tính khả thi,I am afraid your plan is not viable.,Tôi e rằng kế hoạch của bạn không có tính khả thi.,https://audio.tudienkala.com/data/images_example/300x225/_/i/_i_am_afra_ex1_58772aac7f8b9a9d308b471f.png,https://audio.tudienkala.com/audio/v/i/viable.mp3
178,vigilant,/ˈvɪdʒɪlənt/,adj,"cảnh giác, thận trọng","Although this highway is a beautiful drive, you have to stay vigilant for deer and other animals in the road.",Mặc dù đường cao tốc là một quãng đường lái xe đẹp nhưng bạn vẫn phải cảnh giác với các con nai và các động vật khác trên đường.,https://audio.tudienkala.com/data/images_example/300x225/a/l/although_t_ex2_58772aac7f8b9a9d308b4721.jpg,https://audio.tudienkala.com/audio/v/i/vigilant.mp3
178,vindicate,/ˈvɪndɪkeɪt/,v,"chứng minh, bào chữa, minh oan",I have every confidence that this decision will be fully vindicated.,Tôi có mọi sự tự tin rằng quyết định này sẽ được bào chữa hoàn toàn.,https://audio.tudienkala.com/data/images_example/300x225/i/_/i_have_eve_ex2_58772aac7f8b9a9d308b4723.jpg,https://audio.tudienkala.com/audio/v/i/vindicate.mp3
178,virtual,/ˈvɜːtʃuəl/,adj,thực sự,A virtual state of war exists between the two countries.,Tình trạng chiến tranh thực sự vẫn tồn tại giữa hai nước.,https://audio.tudienkala.com/data/cache/images/300x225/v/i/virtual1.jpg,https://audio.tudienkala.com/audio/v/i/virtual.mp3
178,zenith,/ˈzenɪθ/,n,"cực điểm, tột đỉnh","In the 1860s, Tolstoy was at the zenith of his achievement.","Trong những năm 1860, Tolstoy đã ở đỉnh cao trong sự nghiệp của mình.",https://audio.tudienkala.com/data/images_example/300x225/i/n/in_the_186_ex2_58772aad7f8b9a9d308b4727.jpg,https://audio.tudienkala.com/audio/z/e/zenith.mp3
